koi_period,koi_duration,koi_depth,koi_prad,koi_impact,koi_model_snr,koi_teq,koi_insol,koi_steff,koi_slogg,koi_srad,koi_disposition,kepid
19.89913995,1.7822,10829.0,14.6,0.969,76.3,638.0,39.3,5853.0,4.544,0.868,CANDIDATE,10811496
40.4195037,3.362,6256.0,7.51,0.911,36.9,467.0,11.29,5446.0,4.507,0.781,CANDIDATE,11818800
7.2406612,0.558,556.4,19.45,1.198,13.7,734.0,68.63,5005.0,4.595,0.765,CANDIDATE,11918099
3.43591631,3.133,23.2,0.55,0.624,8.7,1272.0,617.61,5779.0,4.339,1.087,CANDIDATE,9579641
10.181584004,3.5089,5741.1,7.73,0.92,183.6,812.0,102.91,5988.0,4.541,0.836,CANDIDATE,3115833
19.620346923,2.0038,21724.6,13.6,0.458,340.5,643.0,40.39,5710.0,4.492,0.905,CANDIDATE,3453214
34.84398644,2.9315,4523.6,7.61,0.934,76.8,511.0,16.1,5509.0,4.482,0.871,CANDIDATE,4544670
4.64090031,35.512,2450.6,30.09,1.28,296.9,1155.0,421.08,6463.0,4.5,0.826,CANDIDATE,4936180
1.028436523,1.8606,8098.0,72.77,1.5734,89.6,1947.0,3400.48,6228.0,4.428,0.99,CANDIDATE,5115978
235.9986399,8.2284,20714.6,10.59,0.778,271.8,188.0,0.29,4245.0,4.627,0.657,CANDIDATE,6867155
39.74893077,7.3051,15178.9,14.21,0.881,561.1,552.0,21.87,6122.0,4.487,0.964,CANDIDATE,6526710
13.61014819,2.594,5732.9,19.02,1.081,184.1,733.0,68.29,5697.0,4.46,0.903,CANDIDATE,6599919
119.0207044,8.1405,7430.5,8.98,0.076,223.5,366.0,4.25,5453.0,4.342,1.062,CANDIDATE,6862328
12.940668656,2.4845,42450.0,22.94,0.897,307.5,723.0,64.64,5875.0,4.572,0.809,CANDIDATE,7031517
2.688899233,2.11275,37491.6,12.04,0.001,1011.6,929.0,175.76,4820.0,4.667,0.639,CANDIDATE,7380537
12.732624065,2.2083,6465.7,4.87,0.811,210.5,432.0,8.22,3950.0,4.721,0.541,CANDIDATE,8013419
83.92494032,6.7904,7958.7,4.78,0.658,182.1,226.0,0.62,3960.0,4.746,0.509,CANDIDATE,8018547
3.886655224,3.1646,581.6,1.87,0.649,48.1,1010.0,246.29,5662.0,4.61,0.738,CANDIDATE,8552202
2.494170338,1.1221,863.7,2.42,0.095,69.2,1194.0,480.19,5569.0,4.566,0.829,CANDIDATE,9140402
39.4759093,2.968,1012.6,4.06,0.938,26.6,577.0,26.13,6225.0,4.45,1.031,CANDIDATE,8951215
9.61731426,3.8692,234.0,1.94,0.331,18.2,1010.0,246.13,6035.0,4.22,1.257,CANDIDATE,9347899
90.1240507,11.649,3020.3,7.12,0.698,57.9,485.0,13.09,6520.0,4.375,1.215,CANDIDATE,2860866
856.672115,23.144,858.1,3.87,0.1158,39.2,242.0,0.81,6449.0,4.232,1.309,CANDIDATE,10460629
0.689210173,1.6169,195.0,1.32,0.154,93.4,1943.0,3362.71,5630.0,4.505,0.954,CANDIDATE,10319385
3.9886021,1.7376,673.5,34.39,0.06,37.1,3145.0,23135.72,4813.0,2.472,13.652,CANDIDATE,11502218
0.533059312,1.8621,1495.8,133.56,1.263,179.6,5862.0,277887.7,8523.0,3.559,4.051,CANDIDATE,11180361
129995.7784,9.408,1474.9,2.99,0.7127,35.7,25.0,0.0,4500.0,4.572,0.726,CANDIDATE,10287723
7.82187328,3.8417,42.2,2.78,0.005,37.2,2101.0,4601.71,7221.0,3.488,4.24,CANDIDATE,11013201
53.5057611,10.5616,195.6,2.52,0.46,71.2,675.0,49.16,6247.0,4.016,1.762,CANDIDATE,9414417
13.4471791,3.0454,1428.2,5.24,0.963,105.3,848.0,122.34,6276.0,4.405,1.041,CANDIDATE,2307199
7.37290344,2.172,205.2,2.67,0.993,19.1,1004.0,240.11,5973.0,4.371,1.07,CANDIDATE,2853446
119.0624882,3.1188,5372.3,10.4,0.968,71.6,366.0,4.26,5697.0,4.392,0.92,CANDIDATE,3942446
14.8623076,3.161,840.0,1.57,0.324,14.4,454.0,10.08,4362.0,4.722,0.554,CANDIDATE,3554031
16.15811112,6.049,2319.8,86.13,1.8572,52.8,660.0,44.83,5619.0,4.536,0.874,CANDIDATE,10743597
1295.362215,28.297,8708.0,57.82,1.3935,164.0,169.0,0.19,5609.0,4.346,1.048,CANDIDATE,3644071
4.2989201,2.747,237.6,2.12,0.972,20.0,1046.0,283.62,5300.0,4.385,0.986,CANDIDATE,1431122
5.714817603,3.14126,12294.8,9.29,0.096,537.7,943.0,187.27,5695.0,4.526,0.842,CANDIDATE,8260218
2.83668931,3.031,166.1,1.19,0.33,12.1,1242.0,562.48,5831.0,4.517,0.921,CANDIDATE,6359320
1.00861677,0.91,,,,,,,,,,CANDIDATE,3447722
2.624234833,1.3874,2607.0,5.11,0.781,361.1,1164.0,434.31,5340.0,4.514,0.899,CANDIDATE,12105051
92.77779,6.64,359.0,1.92,0.0174,5.2,410.0,6.7,5888.0,4.444,1.019,CANDIDATE,8240904
422.917678,31.274,1367.7,5.89,0.7887,61.7,292.0,1.73,5796.0,4.12,1.444,CANDIDATE,3756801
30.5872153,5.3698,464.8,2.32,0.013,33.1,621.0,35.08,5944.0,4.38,1.082,CANDIDATE,8313667
9.95639775,5.615,510.5,28.15,1.222,32.9,905.0,158.42,6161.0,4.454,1.053,CANDIDATE,10149023
31.201692472,2.15663,34513.7,8.31,0.001,607.4,286.0,1.59,3748.0,4.796,0.449,CANDIDATE,9772531
6.810823723,7.98574,14446.8,26.06,0.57,1441.9,1626.0,1656.16,7226.0,3.967,2.079,CANDIDATE,10295951
51.59809554,2.0153,5869.2,6.57,0.251,79.7,449.0,9.61,5681.0,4.551,0.859,CANDIDATE,3329204
1500.0,7.109,9592.0,9.8,0.9243,62.5,139.0,0.09,5606.0,4.597,0.76,CANDIDATE,3230491
1500.1406772,25.727,4129.9,18.35,0.9131,83.3,206.0,0.42,5009.0,3.755,2.283,CANDIDATE,2162635
20.51360192,3.4769,1174.1,2.58,0.703,32.3,540.0,20.15,5310.0,4.608,0.704,CANDIDATE,6837146
0.783276173,1.6735,264.7,1.98,0.041,46.9,2149.0,5056.88,5640.0,4.247,1.233,CANDIDATE,6607286
3.17405898,2.3156,282.2,2.09,0.422,29.2,1348.0,780.46,5640.0,4.247,1.233,CANDIDATE,6607286
345.1589354,7.5646,5087.9,7.79,0.87,197.9,241.0,0.8,5597.0,4.515,0.931,CANDIDATE,11075279
99.6442783,5.1772,3215.6,8.48,0.966,163.2,415.0,6.98,6102.0,4.447,1.016,CANDIDATE,6607447
19.03723442,3.3882,401.3,5.74,0.033,25.3,1051.0,288.04,5248.0,3.523,2.892,CANDIDATE,6441738
0.576078683,1.63253,10084.8,23.23,1.113,426.0,1982.0,3647.63,5693.0,4.57,0.816,CANDIDATE,8616873
78.9257421,7.5193,17972.0,11.9,0.359,85.2,398.0,5.94,5750.0,4.538,0.882,CANDIDATE,8494263
6.84639884,3.4919,149.7,1.9,0.9,36.3,1132.0,387.84,6065.0,4.251,1.31,CANDIDATE,10928043
12.37679312,3.85,,,,,,,,,,CANDIDATE,10794087
268.9410974,5.4434,9010.2,13.57,0.765,120.4,321.0,2.52,5798.0,4.224,1.306,CANDIDATE,8813698
80.9669561,2.5276,4733.0,5.04,0.007,52.0,364.0,4.14,5611.0,4.61,0.737,CANDIDATE,4074736
6.80082032,1.9883,699.9,1.88,0.597,25.5,697.0,55.83,4805.0,4.633,0.688,CANDIDATE,4274548
54.325574,9.86,44.2,0.76,0.154,7.7,545.0,20.85,6343.0,4.411,1.137,CANDIDATE,11336883
20.01959599,7.0,,,,,,,,,,CANDIDATE,11336883
162.0479502,9.8974,4840.5,11.52,0.663,370.2,437.0,8.65,6309.0,4.16,1.567,CANDIDATE,8631160
1.694740233,1.6864,1446.8,2.12,0.671,92.3,797.0,95.14,3764.0,4.739,0.527,CANDIDATE,9202151
15.068060768,3.3011,19387.0,16.43,0.88,282.8,742.0,71.78,5982.0,4.493,0.96,CANDIDATE,4760746
6.247030799,1.4848,1496.6,1.89,0.039,44.8,512.0,16.23,3821.0,4.764,0.487,CANDIDATE,9427402
700.00298217,7.6525,3245.9,6.43,0.143,60.3,238.0,0.76,6487.0,4.397,1.118,CANDIDATE,3962440
272.0868353,2.7145,5572.0,5.95,0.3629,21.5,251.0,0.93,5587.0,4.548,0.791,CANDIDATE,3534076
42.0370662,6.282,266.8,1.66,0.672,14.7,527.0,18.16,5823.0,4.427,0.96,CANDIDATE,4466677
21.0112068,4.507,163.6,1.4,0.853,10.2,663.0,45.79,5823.0,4.427,0.96,CANDIDATE,4466677
8.75059775,2.8288,881.9,2.27,0.33,28.3,682.0,51.0,4942.0,4.599,0.779,CANDIDATE,9100484
1.714274727,2.06728,28460.1,25.0,1.182,987.2,827.0,110.02,3874.0,4.715,0.535,CANDIDATE,6620003
384.02570682,14.56,,,,,,,,,,CANDIDATE,7363829
3.014330766,2.4747,975.3,2.87,0.01,57.3,1124.0,377.79,5209.0,4.446,0.953,CANDIDATE,6719086
13.35151248,3.6045,3308.8,4.44,0.573,107.9,585.0,27.77,4843.0,4.562,0.754,CANDIDATE,11026304
1693.6636225,22.604,9515.3,10.23,0.5283,122.8,157.0,0.14,5923.0,4.445,1.021,CANDIDATE,11342550
104.8205868,4.4794,3920.1,6.45,0.918,76.6,376.0,4.74,5986.0,4.527,0.85,CANDIDATE,6946199
34.2966363,19.718,696.6,3.29,0.711,66.7,584.0,27.6,5490.0,4.263,1.167,CANDIDATE,10867062
31.56904354,2.6364,4229.4,11.18,0.985,113.6,575.0,25.83,5654.0,4.387,0.998,CANDIDATE,8046659
0.840594032,1.404,49.8,0.62,0.018,11.6,1780.0,2368.31,5440.0,4.438,0.885,CANDIDATE,7841925
20.6654374,3.172,100.4,0.66,0.05,13.6,487.0,13.35,4830.0,4.605,0.676,CANDIDATE,4276716
69.8347983,8.262,266.6,3.51,0.672,46.8,765.0,80.97,7732.0,4.075,2.022,CANDIDATE,7287683
2.59488443,1.684,592.2,2.36,0.885,14.9,1014.0,249.92,4748.0,4.526,0.797,CANDIDATE,8266276
19.18109525,2.424,865.4,1.72,0.007,17.6,513.0,16.42,5214.0,4.673,0.587,CANDIDATE,8396405
220.65651253,7.82,,,,,,,,,,CANDIDATE,7199906
11.30507984,3.989,278.4,1.4,0.195,19.5,744.0,72.67,5705.0,4.556,0.844,CANDIDATE,9017682
9.9824036,1.09,83.9,1.17,0.8093,5.4,966.0,205.65,6273.0,4.364,1.139,CANDIDATE,10749128
12.681733929,1.6866,5879.1,7.25,0.929,102.8,601.0,30.84,4976.0,4.577,0.701,CANDIDATE,11904734
83.09708021,9.2639,15860.2,13.83,0.993,277.2,329.0,2.78,5286.0,4.627,0.636,CANDIDATE,10153011
0.839961456,1.3008,492.9,1.63,0.548,35.1,1455.0,1066.37,4932.0,4.618,0.718,CANDIDATE,11870545
7.136922,2.8005,221.6,1.38,0.072,23.7,956.0,197.05,6086.0,4.511,0.921,CANDIDATE,5031857
5.83393857,4.5813,134.4,1.98,0.398,17.6,1285.0,642.83,5597.0,3.963,1.699,CANDIDATE,10028792
6.33027476,3.67,89.2,1.02,0.3288,9.8,1046.0,283.31,5900.0,4.363,1.07,CANDIDATE,11153121
5.59728249,1.795,1407.3,3.28,0.473,30.8,930.0,176.53,5610.0,4.551,0.858,CANDIDATE,6705142
23.3397956,1.923,125.1,1.23,0.4757,4.5,653.0,43.02,5671.0,4.36,1.084,CANDIDATE,5299459
51.3901452,5.995,494.0,3.62,0.946,15.4,570.0,24.98,6074.0,4.284,1.292,CANDIDATE,4471747
186.4361811,5.774,4347.0,11.32,0.921,66.5,353.0,3.66,5393.0,4.132,1.37,CANDIDATE,4918309
35.6364022,4.888,452.6,1.99,0.654,15.7,537.0,19.62,5926.0,4.532,0.887,CANDIDATE,4830605
8.98128472,5.0397,4924.0,7.19,0.294,76.6,898.0,153.36,5977.0,4.473,1.022,CANDIDATE,12120943
192.667139,5.443,1148.3,3.64,0.911,26.0,283.0,1.52,5401.0,4.487,0.878,CANDIDATE,7768451
52.971584,3.4632,3882.6,29.02,1.259,51.4,402.0,6.19,5204.0,4.55,0.789,CANDIDATE,9932970
5.91393977,0.562,84.0,1.07,0.0896,2.8,1112.0,361.0,6194.0,4.415,1.129,CANDIDATE,4932442
14.62399621,2.193,1082.0,21.92,1.209,25.0,681.0,50.91,5753.0,4.57,0.815,CANDIDATE,5360920
9.771462706,1.767,6933.2,10.15,0.946,215.0,799.0,96.39,5812.0,4.551,0.853,CANDIDATE,11702948
281.5628889,8.853,21012.0,10.83,0.0,237.1,214.0,0.49,4810.0,4.536,0.776,CANDIDATE,9512981
8.51170088,2.9,,,,,,,,,,CANDIDATE,5526717
6.93910337,2.977,614.7,1.41,0.966,22.9,445.0,9.28,3638.0,4.844,0.42,CANDIDATE,5531953
10.19154678,6.165,61.3,1.39,0.659,27.6,1144.0,404.17,6212.0,4.049,1.684,CANDIDATE,9872292
12.89006728,3.555,602.5,1.93,0.082,23.6,620.0,34.99,4915.0,4.512,0.812,CANDIDATE,5542466
23.210509958,3.09802,28736.9,21.19,0.954,958.7,595.0,29.69,5875.0,4.572,0.809,CANDIDATE,4178389
4.74666128,2.093,256.8,1.3,0.441,12.5,865.0,132.4,4915.0,4.512,0.812,CANDIDATE,5542466
23.02028478,3.544,5077.8,7.58,0.794,97.2,604.0,31.4,5613.0,4.496,0.956,CANDIDATE,7499398
0.708621057,1.5041,187.5,1.2,0.033,30.5,1846.0,2741.07,5422.0,4.484,0.887,CANDIDATE,5972334
169.4976085,7.77,12192.0,9.06,0.625,82.8,272.0,1.29,5270.0,4.592,0.787,CANDIDATE,7811397
0.917568975,2.0654,15805.0,11.92,0.667,128.1,1748.0,2197.57,5713.0,4.541,0.893,CANDIDATE,5475431
7.79668781,4.6699,361.3,2.44,0.005,48.5,1116.0,366.42,6521.0,4.352,1.276,CANDIDATE,5039228
7.00447892,2.669,231.4,1.19,0.139,9.9,754.0,76.26,4883.0,4.515,0.808,CANDIDATE,7512982
30.69395532,2.9512,18121.0,13.72,0.001,196.6,614.0,33.69,6137.0,4.46,1.018,CANDIDATE,5283458
29.481061268,3.6636,11870.9,16.61,0.983,332.0,571.0,25.1,5631.0,4.41,0.901,CANDIDATE,8053552
32.7737631,3.416,564.5,5.0,0.971,21.7,686.0,52.22,5640.0,4.076,1.534,CANDIDATE,7750419
77.63424586,4.1002,16612.0,9.4,0.113,185.5,325.0,2.65,4812.0,4.548,0.755,CANDIDATE,7984047
32.85862571,3.1483,162.8,2.31,0.955,36.4,691.0,53.85,5899.0,4.135,1.414,CANDIDATE,5513648
2.229326354,1.9946,49.1,0.6,0.249,24.6,1273.0,621.53,5587.0,4.525,0.865,CANDIDATE,7887791
8.56267266,1.53,608.1,2.26,0.335,15.2,768.0,82.22,5029.0,4.429,0.93,CANDIDATE,9634821
17.79108667,2.662,414.2,2.88,0.654,39.8,830.0,112.09,5855.0,4.148,1.34,CANDIDATE,11253711
63.0732241,5.397,671.3,17.8,0.746,30.0,1077.0,317.78,6234.0,3.209,6.354,CANDIDATE,9111849
8.710442022,0.9425,1196.4,3.61,0.935,42.6,760.0,78.75,5416.0,4.575,0.809,CANDIDATE,11773328
6.35585682,1.55,176.6,0.86,0.912,9.2,503.0,15.1,3706.0,4.747,0.522,CANDIDATE,5080636
4.22464216,1.403,987.0,4.31,0.913,7.7,1279.0,631.55,6343.0,4.408,1.14,CANDIDATE,3248501
46.2991052,5.2481,854.9,4.33,0.025,55.0,592.0,29.04,5396.0,4.035,1.507,CANDIDATE,11570749
15.09521323,3.41,,,,,,,,,,CANDIDATE,9411166
6.31219171,4.9377,403.7,2.17,0.018,35.6,1096.0,342.04,6322.0,4.426,1.075,CANDIDATE,2579043
86.049055,29.28,429.9,2.06,0.2597,8.0,410.0,6.68,5733.0,4.432,0.997,CANDIDATE,8160953
5.007414194,1.3584,4413.9,8.8,0.926,196.6,1114.0,363.75,5957.0,4.417,1.042,CANDIDATE,10158418
17.50441726,4.2585,725.4,3.56,0.006,47.5,824.0,108.78,5815.0,4.16,1.329,CANDIDATE,3648437
86.7490807,9.179,547.1,2.23,0.003,35.7,398.0,5.94,5579.0,4.419,0.97,CANDIDATE,2449431
3.261759866,1.7593,3876.1,8.01,0.949,190.4,1262.0,599.54,6131.0,4.497,0.945,CANDIDATE,5731623
20.92735802,3.4256,8091.0,17.36,0.991,263.5,735.0,69.08,6126.0,4.358,1.109,CANDIDATE,10602291
30.5231459,2.7286,2212.3,11.26,1.06,38.7,506.0,15.46,5518.0,4.585,0.79,CANDIDATE,9883311
28.78270955,3.451,864.5,2.11,0.002,40.1,443.0,9.09,4774.0,4.58,0.745,CANDIDATE,4242147
4.539297295,1.9455,798.1,2.34,0.83,50.3,830.0,112.09,4914.0,4.61,0.724,CANDIDATE,4349442
6.73679732,2.36,,,,,,,,,,CANDIDATE,10005788
124.03589939,4.8472,7690.0,11.13,0.075,190.1,413.0,6.88,5822.0,4.244,1.28,CANDIDATE,10656508
17.1181036,1.29,167.7,1.22,0.4346,6.1,654.0,43.25,5576.0,4.515,0.929,CANDIDATE,11656918
8.29482811,2.7437,559.5,2.76,0.932,38.1,876.0,139.38,5773.0,4.478,0.939,CANDIDATE,10844890
10.240611361,0.9617,2958.0,3.9,0.786,72.0,656.0,43.85,5227.0,4.623,0.64,CANDIDATE,8624520
23.11707222,3.9948,2407.5,4.37,0.807,61.2,548.0,21.26,5275.0,4.505,0.796,CANDIDATE,4851530
4.77502117,1.7087,451.4,1.73,0.518,16.7,926.0,174.23,5275.0,4.505,0.796,CANDIDATE,4851530
5.69590202,3.5661,4921.1,6.61,0.049,391.2,1043.0,279.61,6106.0,4.497,0.94,CANDIDATE,6300348
2.64622742,1.407,155.5,0.99,0.478,8.4,1082.0,324.38,5167.0,4.555,0.787,CANDIDATE,11030475
65.18703725,5.44,,,,,,,,,,CANDIDATE,7033233
6.69332825,2.311,781.8,2.44,0.952,23.4,609.0,32.54,4245.0,4.641,0.637,CANDIDATE,8261920
29.0726293,2.516,439.6,2.32,0.682,20.9,614.0,33.69,5799.0,4.37,1.042,CANDIDATE,6119141
6.6254781,2.358,122.0,0.9,0.2113,2.7,828.0,111.18,5211.0,4.5,0.832,CANDIDATE,3734418
1.34145255,7.502,26.6,1.31,0.68,31.2,3015.0,19568.74,7495.0,3.926,2.389,CANDIDATE,9654875
14.97974335,4.126,1211.8,3.79,0.93,33.2,620.0,34.95,5062.0,4.481,0.853,CANDIDATE,3097926
6.7445683,3.813,86.6,0.86,0.1199,6.8,983.0,220.68,6106.0,4.496,0.923,CANDIDATE,10518424
33.35859852,2.286,1825.9,4.44,0.937,32.2,459.0,10.46,5009.0,4.515,0.799,CANDIDATE,5730445
6.3143447,2.796,191.4,1.34,0.0584,6.4,1012.0,247.53,6075.0,4.486,0.969,CANDIDATE,5602588
78.7327023,5.041,495.8,7.76,0.956,19.1,761.0,79.13,6715.0,3.754,2.763,CANDIDATE,5385304
42.3375799,4.924,354.8,1.45,0.947,18.1,311.0,2.21,4132.0,4.682,0.581,CANDIDATE,11462341
1.834277283,1.7499,286.5,1.64,0.381,24.8,1459.0,1068.36,5751.0,4.458,0.958,CANDIDATE,11073656
1.151244686,1.272,269.6,40.32,1.387,32.6,1756.0,2253.09,6086.0,4.511,0.921,CANDIDATE,7215678
2.42088277,2.812,223.3,2.27,0.227,20.7,1616.0,1615.12,5583.0,4.077,1.53,CANDIDATE,7449554
38.103908,3.837,961.1,4.08,0.987,20.3,456.0,10.22,5250.0,4.522,0.771,CANDIDATE,3440978
5.24242029,6.413,334.9,3.86,0.863,20.1,1367.0,825.0,5383.0,3.824,1.829,CANDIDATE,9532710
37.8034121,4.641,678.1,2.95,0.968,20.2,460.0,10.57,5329.0,4.572,0.819,CANDIDATE,9580992
131.485184,5.294,557.8,3.03,0.578,19.4,400.0,6.08,5765.0,4.236,1.242,CANDIDATE,6934986
16.2908527,3.176,44.1,0.52,0.105,14.5,622.0,35.48,5425.0,4.549,0.797,CANDIDATE,4049901
147.281212,7.375,452.8,2.28,0.474,17.3,353.0,3.69,5708.0,4.365,1.054,CANDIDATE,10798331
16.6671415,3.526,175.0,0.7,0.444,17.9,469.0,11.47,4729.0,4.726,0.525,CANDIDATE,9334893
34.135676,9.12,622.0,13.98,0.087,8.6,1526.0,1281.86,7818.0,3.365,5.555,CANDIDATE,9289704
86.130534,3.321,285.2,1.47,0.072,3.7,391.0,5.55,5830.0,4.54,0.876,CANDIDATE,8892157
8.46354384,1.4078,792.2,2.51,0.387,26.1,805.0,99.37,5427.0,4.495,0.887,CANDIDATE,11520459
191.86419296,4.9,,,,,,,,,,CANDIDATE,4247991
13.72549689,7.62,,,,,,,,,,CANDIDATE,4247991
176.331289,13.89,109.8,2.38,0.2455,8.4,505.0,15.4,6146.0,3.8,2.251,CANDIDATE,10026544
6.2141496,10.141,183.4,4.27,0.403,53.4,1506.0,1216.48,5295.0,3.617,3.152,CANDIDATE,2853780
17.65737838,3.509,2155.7,2.45,0.8277,117.2,350.0,3.55,3745.0,4.784,0.47,CANDIDATE,6185476
7.5966998,3.667,127.5,1.32,0.725,24.5,964.0,204.34,5716.0,4.343,1.091,CANDIDATE,8804455
15.40877383,3.49,,,,,,,,,,CANDIDATE,5546761
58.35512552,8.45,,,,,,,,,,CANDIDATE,8872048
1.204686597,0.823,233.2,1.55,0.328,10.8,1711.0,2026.81,5780.0,4.438,1.0,CANDIDATE,7746958
6.78341325,3.5437,501.2,20.75,0.665,35.3,2628.0,11295.61,5096.0,2.435,8.769,CANDIDATE,6525946
6.95787,4.537,182.3,1.39,0.1686,1.8,1047.0,284.4,6240.0,4.406,1.025,CANDIDATE,6041734
9.4907638,2.713,197.4,1.05,0.3638,7.3,704.0,58.01,5290.0,4.604,0.746,CANDIDATE,11030475
0.76196247,1.282,190.2,1.08,0.322,18.3,1638.0,1710.11,5167.0,4.555,0.787,CANDIDATE,11030475
2.19251903,1.845,18.1,0.37,0.616,6.6,1225.0,533.25,5450.0,4.563,0.842,CANDIDATE,9006186
39.7557642,1.958,621.8,13.72,1.219,10.2,325.0,2.64,4405.0,4.732,0.511,CANDIDATE,10471621
10.27127527,3.029,343.5,0.94,0.046,17.5,510.0,16.02,4405.0,4.732,0.511,CANDIDATE,10471621
4.267961416,1.3427,127.4,1.42,0.255,24.6,1371.0,834.16,6395.0,4.275,1.237,CANDIDATE,8074328
18.1209388,3.781,504.2,1.68,0.108,15.8,543.0,20.58,4905.0,4.536,0.774,CANDIDATE,4670217
3.98864999,3.516,94.2,1.15,0.355,12.4,1233.0,547.73,5692.0,4.288,1.188,CANDIDATE,9574179
25.1123362,7.922,398.8,2.22,0.007,11.8,691.0,53.73,6133.0,4.367,1.112,CANDIDATE,11391755
2.121023807,0.3673,263.9,5.75,1.0045,6.4,1573.0,1446.5,6133.0,4.367,1.112,CANDIDATE,11391755
33.18089453,15.24,,,,,,,,,,CANDIDATE,9088780
3.55557922,3.24,60.4,0.84,0.269,15.5,1270.0,615.03,5839.0,4.337,1.082,CANDIDATE,8894646
8.28157072,3.1,139.2,1.37,0.042,12.9,956.0,197.82,5640.0,4.288,1.175,CANDIDATE,8247770
0.82628442,0.9603,134.9,0.96,0.28,25.6,1629.0,1654.69,5218.0,4.548,0.829,CANDIDATE,6867588
6.37705295,1.949,502.8,2.15,0.234,17.9,935.0,180.66,5672.0,4.503,0.965,CANDIDATE,7501646
2.27050106,1.903,106.7,0.55,0.473,15.9,903.0,157.05,4671.0,4.721,0.528,CANDIDATE,8838950
18.55581565,5.372,565.9,20.83,0.073,33.2,1793.0,2442.24,5988.0,2.982,8.841,CANDIDATE,12257999
13.33094869,1.426,725.6,25.95,1.199,17.1,815.0,104.37,5991.0,4.394,1.039,CANDIDATE,6922203
21.47642727,5.5498,348130.0,59.5,0.006,124.8,655.0,43.52,5780.0,4.438,1.0,CANDIDATE,2437505
7.10397925,1.5398,370.5,1.51,0.192,16.8,818.0,105.84,5488.0,4.584,0.789,CANDIDATE,8836888
6.77367892,3.579,150.7,1.33,0.228,15.1,1083.0,324.84,6392.0,4.425,1.072,CANDIDATE,8636539
5.22402436,2.608,48.1,0.58,0.12,15.1,941.0,185.16,5487.0,4.512,0.84,CANDIDATE,9283156
15.92108138,1.5443,716.8,3.14,0.972,16.1,645.0,40.88,5595.0,4.57,0.82,CANDIDATE,9574158
2.81043228,3.874,47.4,1.43,0.351,17.8,1701.0,1978.53,5415.0,3.868,2.079,CANDIDATE,7294743
175.603366,9.543,506.8,2.87,0.952,14.7,348.0,3.46,6225.0,4.461,1.009,CANDIDATE,6765135
64.034363,9.174,758.8,3.47,0.985,16.9,411.0,6.72,5691.0,4.561,0.783,CANDIDATE,5342061
4.790912471,0.5134,360.7,2.25,0.969,17.6,717.0,62.51,4359.0,4.601,0.676,CANDIDATE,4047631
47.3659328,7.929,757.0,11.97,1.085,16.0,481.0,12.62,5708.0,4.482,0.902,CANDIDATE,6516185
29.2254372,5.293,174.1,1.35,0.384,15.7,614.0,33.69,6049.0,4.461,1.008,CANDIDATE,7446631
13.9034057,3.408,261.4,1.55,0.871,15.3,646.0,41.08,5261.0,4.523,0.819,CANDIDATE,5906426
53.3580444,6.812,736.1,3.41,0.905,19.7,474.0,11.94,5481.0,4.369,1.036,CANDIDATE,12208631
73.711039,10.062,136.7,1.77,0.284,21.1,563.0,23.81,6374.0,4.193,1.502,CANDIDATE,2443393
14.43348326,2.663,526.8,16.25,1.185,14.8,558.0,22.91,4915.0,4.627,0.702,CANDIDATE,9019191
6.35705314,1.324,272.2,1.59,0.023,17.3,990.0,227.07,5982.0,4.493,0.96,CANDIDATE,3002478
1.530515205,0.5945,659.7,0.84,0.882,23.2,608.0,32.46,3462.0,5.004,0.259,CANDIDATE,8631751
17.6997392,2.76,752.7,1.96,0.105,19.8,523.0,17.73,4807.0,4.583,0.742,CANDIDATE,4172746
0.754457729,0.5891,248.2,2.07,0.677,31.1,2131.0,4879.62,5561.0,4.25,1.193,CANDIDATE,5095635
62.6825769,2.327,398.9,39.8,1.095,17.8,916.0,166.36,7058.0,3.648,3.101,CANDIDATE,12254688
16.2707207,5.707,468.0,28.42,1.187,13.0,827.0,110.79,6117.0,4.315,1.244,CANDIDATE,4172013
5.42204257,2.952,79.1,1.39,0.94,10.7,1222.0,527.11,6123.0,4.263,1.263,CANDIDATE,1996180
24.1073172,10.465,104.2,2.74,0.693,23.6,1065.0,304.22,6585.0,3.813,2.517,CANDIDATE,2305866
51.5738653,2.784,900.7,2.41,0.275,13.2,417.0,7.12,5380.0,4.581,0.813,CANDIDATE,9712350
0.827151296,1.385,272.4,19.1,0.281,8.1,5171.0,168151.39,4452.0,2.28,11.895,CANDIDATE,9580167
11.6191707,1.819,700.4,2.21,0.059,18.5,756.0,77.43,5870.0,4.56,0.834,CANDIDATE,7984574
38.2292037,3.893,605.8,1.51,0.571,21.0,359.0,3.92,4544.0,4.656,0.598,CANDIDATE,10336951
176.845697,3.812,431.6,42.05,1.4653,7.7,291.0,1.69,5592.0,4.541,0.797,CANDIDATE,8240617
18.0243482,3.575,441.2,1.98,0.57,17.3,683.0,51.44,5955.0,4.52,0.91,CANDIDATE,11622985
16.4793229,3.312,479.1,1.53,0.263,13.8,537.0,19.62,4908.0,4.618,0.716,CANDIDATE,11361283
2.10081629,2.8182,169.1,1.65,0.979,15.3,1378.0,852.78,5815.0,4.5,0.918,CANDIDATE,6364215
3.67936863,3.47,85.9,0.92,0.885,18.1,1112.0,361.27,5676.0,4.474,0.848,CANDIDATE,6467363
7.4464635,4.084,78.0,0.77,0.531,12.7,879.0,141.12,5676.0,4.474,0.848,CANDIDATE,6467363
2.252976718,1.7131,467.9,1.19,0.157,21.7,795.0,94.26,4039.0,4.708,0.559,CANDIDATE,10073672
16.6146221,2.706,361.2,1.49,0.017,10.6,604.0,31.48,5295.0,4.548,0.8,CANDIDATE,6842807
5.83892993,1.1066,237.4,1.19,0.319,15.3,835.0,114.94,5279.0,4.588,0.769,CANDIDATE,9815053
3.09756897,4.588,83.3,1.75,0.408,14.6,1782.0,2380.18,6329.0,4.026,1.885,CANDIDATE,9697131
205.385912,8.681,1248.7,2.11,0.008,24.3,200.0,0.38,4400.0,4.659,0.624,CANDIDATE,10917043
1.23935745,1.683,150.9,1.5,0.932,9.7,1583.0,1488.51,5370.0,4.411,0.966,CANDIDATE,6697605
1.407020118,1.3766,181.9,1.12,0.167,18.9,1350.0,782.45,5022.0,4.485,0.849,CANDIDATE,12602314
24.4359956,6.254,496.6,2.31,0.019,17.1,674.0,48.81,6197.0,4.449,1.035,CANDIDATE,5787131
17.57704569,2.022,670.0,27.21,1.25,19.1,673.0,48.33,5653.0,4.442,0.901,CANDIDATE,6346809
1.400755743,1.0562,144.4,1.3,0.413,19.8,1628.0,1659.74,5487.0,4.333,1.072,CANDIDATE,4547603
1.28132831,0.9157,525.5,4.52,0.926,196.4,2215.0,5673.71,5918.0,3.978,1.596,CANDIDATE,5716763
119.0833042,2.558,2951.0,22.19,1.257,18.9,240.0,0.78,4412.0,4.662,0.623,CANDIDATE,12416987
27.8813154,6.346,209.2,1.54,0.168,15.5,681.0,50.86,6434.0,4.414,1.055,CANDIDATE,8259713
7.50790041,5.646,145.0,1.77,0.795,11.9,1138.0,396.33,6408.0,4.309,1.337,CANDIDATE,11098013
110.3783828,12.211,489.8,3.02,0.014,108.9,473.0,11.82,6342.0,4.242,1.359,CANDIDATE,3425851
4.28886792,2.599,59.3,0.57,0.534,11.1,944.0,187.43,5374.0,4.555,0.721,CANDIDATE,10397751
24.5752524,2.258,1003.4,1.64,0.489,12.1,316.0,2.35,3678.0,4.755,0.512,CANDIDATE,6679295
10.1747037,5.179,52.4,1.04,0.726,11.8,985.0,222.53,5866.0,4.191,1.339,CANDIDATE,6026737
2.17291055,2.139,76.4,0.93,0.362,13.6,1507.0,1220.49,6164.0,4.446,1.045,CANDIDATE,4935172
7.35101287,2.757,115.9,1.42,0.608,12.8,1064.0,303.08,5951.0,4.283,1.262,CANDIDATE,8760040
6.57159435,3.1044,65.7,1.26,0.751,30.7,1211.0,507.81,6042.0,4.139,1.432,CANDIDATE,8176564
0.868122253,1.5471,231.3,1.65,0.006,23.2,2047.0,4163.14,6116.0,4.44,1.084,CANDIDATE,10604521
13.84301228,4.077,567.8,1.98,0.052,17.5,699.0,56.45,5745.0,4.559,0.837,CANDIDATE,4385148
5.1952021,2.1552,320.8,1.37,0.604,17.7,836.0,115.35,5044.0,4.551,0.738,CANDIDATE,4367854
31.6084371,3.675,331.6,1.89,0.022,16.2,634.0,38.1,6341.0,4.446,1.033,CANDIDATE,10597693
16.1558656,3.798,731.3,2.04,0.973,17.5,455.0,10.1,4504.0,4.713,0.53,CANDIDATE,7466270
3.375716723,1.5436,175.7,2.34,0.982,20.2,1472.0,1111.66,6310.0,4.273,1.282,CANDIDATE,2985587
75.8580035,5.382,1148.4,2.72,0.935,16.1,281.0,1.47,4474.0,4.67,0.614,CANDIDATE,5642620
10.16435076,6.017,37.7,1.99,0.915,18.4,1389.0,879.94,6133.0,3.718,2.71,CANDIDATE,8873090
237.787237,10.509,1627.7,9.91,0.947,92.3,354.0,3.73,5185.0,3.936,1.853,CANDIDATE,9958387
0.698461304,0.7887,134.4,14.81,0.459,16.1,5173.0,168689.02,4676.0,2.577,12.558,CANDIDATE,11197853
110.7556272,6.819,8067.0,29.64,0.917,48.5,651.0,42.53,6525.0,3.772,2.668,CANDIDATE,6716021
14.4079035,2.524,3058.0,23.4,1.226,7.7,624.0,35.81,5440.0,4.617,0.728,CANDIDATE,8326342
7.0956395,3.465,108.1,1.2,0.06,10.5,989.0,225.73,5480.0,4.26,1.174,CANDIDATE,4831728
79.2450351,5.382,1347.3,3.33,0.001,14.4,404.0,6.33,5648.0,4.464,0.917,CANDIDATE,4249611
126.4451275,16.7151,3252.5,4.49,0.046,110.9,321.0,2.51,5613.0,4.581,0.795,CANDIDATE,7899070
5.77207177,2.605,328.5,1.54,0.018,13.2,915.0,165.58,5591.0,4.559,0.86,CANDIDATE,4939533
46.151253,5.346,649.0,2.08,0.688,17.1,423.0,7.59,5204.0,4.525,0.769,CANDIDATE,4846856
165.3447044,3.09,4899.0,6.98,0.917,48.0,301.0,1.93,5594.0,4.52,0.812,CANDIDATE,10265602
97.4463194,6.765,2141.1,3.05,0.063,62.8,283.0,1.52,4735.0,4.627,0.686,CANDIDATE,4552729
174.636181,15.679,2500.9,11.12,0.04,37.1,481.0,12.65,5974.0,3.859,2.232,CANDIDATE,3663173
1.791877025,1.166,46.1,1.48,0.403,12.5,2223.0,5787.99,6002.0,3.841,2.139,CANDIDATE,9109857
145.881936,11.342,156.9,1.8,0.325,11.2,424.0,7.63,6052.0,4.183,1.424,CANDIDATE,6716545
2.50343279,1.534,1156.0,20.23,1.178,13.2,1147.0,408.12,5174.0,4.483,0.84,CANDIDATE,5196864
96.4562198,11.195,950.5,9.1,0.775,54.6,727.0,65.96,7029.0,3.806,2.704,CANDIDATE,11071200
44.5643831,7.874,360.5,5.8,0.851,27.0,940.0,184.67,7029.0,3.806,2.704,CANDIDATE,11071200
253.374581,22.889,1104.0,19.25,0.028,99.9,555.0,22.41,5177.0,3.216,5.949,CANDIDATE,8703129
21.1181653,9.734,112.7,2.89,0.675,26.3,1110.0,359.11,6461.0,3.779,2.566,CANDIDATE,6837283
5.06092282,2.586,71.6,0.98,0.944,15.7,998.0,234.93,5637.0,4.492,0.911,CANDIDATE,5613821
0.910020582,1.7956,358.1,1.12,0.79,29.9,1127.0,380.16,4297.0,4.725,0.533,CANDIDATE,8639908
1.07808492,0.8551,155.6,1.01,0.287,22.9,1417.0,951.61,4906.0,4.511,0.814,CANDIDATE,11076400
11.1916199,2.1,166.4,1.47,0.895,11.9,782.0,88.34,5646.0,4.464,0.956,CANDIDATE,10190075
174.731515,8.257,1179.9,3.0,0.021,16.5,287.0,1.6,5201.0,4.447,0.897,CANDIDATE,10749059
0.858546796,1.1,106.1,0.88,0.241,12.2,1671.0,1846.35,5269.0,4.491,0.864,CANDIDATE,7668416
5.518195,1.81,27.1,0.46,0.243,5.2,969.0,208.54,5767.0,4.538,0.881,CANDIDATE,6029239
75.1122132,4.9458,3751.5,23.23,0.838,384.0,777.0,86.18,6201.0,3.616,3.354,CANDIDATE,3545478
3.76562031,1.288,232.6,19.39,1.193,14.6,1084.0,326.2,5743.0,4.553,0.853,CANDIDATE,11565544
2.46288834,1.724,47.4,0.67,0.256,11.9,1391.0,883.43,5893.0,4.395,0.967,CANDIDATE,12072872
10.9192653,4.572,91.1,1.9,0.434,15.0,1107.0,355.29,5745.0,3.939,1.972,CANDIDATE,8241079
4.21223579,7.898,116.4,1.04,0.97,12.8,887.0,146.4,5116.0,4.591,0.7,CANDIDATE,12168993
1.951082219,1.6975,1151.8,10.35,0.925,30.1,2005.0,3822.26,5302.0,3.768,2.426,CANDIDATE,7051180
23.1375919,3.35,114.0,1.83,0.429,12.9,837.0,115.86,6078.0,4.094,1.683,CANDIDATE,2446113
18.9763286,2.379,329.8,2.24,0.922,11.0,638.0,39.11,5300.0,4.385,0.986,CANDIDATE,5903749
6.34724702,3.097,159.8,1.35,0.739,11.1,919.0,168.14,5300.0,4.385,0.986,CANDIDATE,5903749
10.76800074,3.494,65.1,0.92,0.583,14.2,885.0,144.85,5874.0,4.338,1.096,CANDIDATE,8581240
4.32848303,2.955,35.5,0.66,0.367,11.4,1199.0,488.23,5874.0,4.338,1.096,CANDIDATE,8581240
4.780327581,2.0253,960.8,7.14,0.952,380.8,1441.0,1020.05,5937.0,4.012,1.787,CANDIDATE,8554498
7.64809462,2.216,195.9,1.19,0.265,12.2,840.0,117.65,5641.0,4.554,0.85,CANDIDATE,6949898
31.0209175,2.012,859.5,1.66,0.881,15.1,291.0,1.7,3720.0,4.764,0.48,CANDIDATE,2973386
2.118893997,0.822,311.4,1.41,0.019,11.3,1230.0,541.53,5504.0,4.583,0.796,CANDIDATE,7022573
7.49133777,6.315,34.5,1.01,0.013,14.4,1291.0,656.15,6177.0,3.993,1.71,CANDIDATE,9288237
5.4654174,3.209,219.5,1.23,0.301,14.2,927.0,174.08,5612.0,4.566,0.829,CANDIDATE,6593150
6.06664931,1.962,65.3,0.87,0.902,10.9,915.0,165.66,5569.0,4.521,0.892,CANDIDATE,6523351
2.184437698,1.0422,1546.8,0.94,0.035,19.7,529.0,18.41,3421.0,5.014,0.25,CANDIDATE,5551672
15.2311195,3.91,269.1,1.94,0.192,13.1,800.0,96.84,5836.0,4.316,1.186,CANDIDATE,8197793
4.8099878,1.97,288.2,1.59,0.2,13.6,1077.0,317.8,5988.0,4.507,0.934,CANDIDATE,6357290
5.08288076,2.515,108.0,1.15,0.389,12.5,1183.0,462.96,6217.0,4.375,1.083,CANDIDATE,4072955
31.0259489,5.692,385.4,1.91,0.153,12.7,595.0,29.67,6075.0,4.486,0.969,CANDIDATE,8695311
3.08942807,3.214,85.3,1.07,0.65,13.2,1361.0,808.76,6137.0,4.418,1.103,CANDIDATE,9834731
21.2360024,4.019,104.4,2.62,0.205,15.7,1048.0,285.21,6035.0,3.745,2.559,CANDIDATE,7609674
14.591504451,1.1295,1490.5,36.85,1.21,68.0,879.0,140.82,5940.0,4.199,1.312,CANDIDATE,4252322
1.242639742,1.763,159.3,1.02,0.152,16.1,1487.0,1159.26,5520.0,4.572,0.818,CANDIDATE,5475042
0.536650319,2.383,41.9,1.35,0.61,31.0,3195.0,24688.55,6020.0,3.922,2.0,CANDIDATE,9541295
6.09595681,5.502,65.7,1.26,0.685,18.1,1259.0,593.42,6313.0,4.228,1.467,CANDIDATE,4770174
13.2511214,4.996,266.5,1.98,0.231,15.2,850.0,123.32,5850.0,4.297,1.217,CANDIDATE,8949925
11.682369,2.71,234.5,1.45,0.6987,11.2,802.0,97.62,6089.0,4.527,0.889,CANDIDATE,9959492
10.12956201,3.044,81.3,0.78,0.544,12.2,736.0,69.43,5383.0,4.528,0.842,CANDIDATE,8827575
21.61313362,1.52,818.1,1.94,0.714,13.8,503.0,15.14,5267.0,4.681,0.632,CANDIDATE,6438099
27.9430245,6.125,308.6,2.21,0.052,12.3,718.0,62.74,6468.0,4.363,1.25,CANDIDATE,3752110
0.977311489,1.403,250.7,1.06,0.01,14.8,1331.0,737.36,4805.0,4.633,0.688,CANDIDATE,1717722
0.896382269,1.113,136.4,1.0,0.332,11.7,1810.0,2524.81,5837.0,4.502,0.843,CANDIDATE,5040077
11.45541896,4.95,68.6,1.12,0.116,15.8,975.0,213.86,6231.0,4.276,1.356,CANDIDATE,7918652
44.433726,6.118,239.6,1.85,0.624,8.0,538.0,19.73,5596.0,4.298,1.145,CANDIDATE,9230021
3.91679553,2.072,161.3,0.85,0.007,13.2,851.0,123.73,4889.0,4.637,0.686,CANDIDATE,3230805
43.1024434,7.124,299.8,1.88,0.011,14.3,539.0,19.96,5741.0,4.365,1.097,CANDIDATE,4676964
31.4452709,1.758,531.1,4.55,0.97,12.7,721.0,63.78,6172.0,4.198,1.471,CANDIDATE,4770617
8.85686712,0.606,319.2,1.88,0.923,11.9,714.0,61.54,5017.0,4.516,0.797,CANDIDATE,7609553
12.99065074,2.3748,392.3,2.02,0.068,42.5,790.0,92.12,5787.0,4.402,1.027,CANDIDATE,11395587
82.6595174,3.48,1270.7,2.03,0.579,17.1,233.0,0.7,3952.0,4.716,0.553,CANDIDATE,8509442
24.3367026,2.539,551.1,1.95,0.577,13.4,526.0,18.07,5141.0,4.505,0.806,CANDIDATE,3219643
7.40985182,1.131,201.1,1.18,0.234,13.5,818.0,105.91,5462.0,4.56,0.836,CANDIDATE,8546542
15.5943758,7.367,95.4,1.08,0.5,11.9,801.0,97.35,6249.0,4.428,1.076,CANDIDATE,8613535
75.731195,4.859,2496.0,3.47,0.9,16.3,237.0,0.74,3891.0,4.718,0.564,CANDIDATE,10122538
152.1060435,7.4517,3688.3,11.58,0.878,116.3,458.0,10.36,6200.0,4.072,1.64,CANDIDATE,11566064
7.25101997,2.799,122.8,0.91,0.314,12.2,807.0,100.18,5382.0,4.571,0.827,CANDIDATE,12256520
57.3840375,4.336,241.7,1.62,0.954,22.9,397.0,5.85,5250.0,4.541,0.79,CANDIDATE,12785320
2.5738437,1.92,46.6,0.57,0.044,10.9,1129.0,384.24,5115.0,4.477,0.854,CANDIDATE,10000941
10.18318233,3.137,51.5,0.79,0.449,11.2,867.0,133.56,5843.0,4.421,1.084,CANDIDATE,7106173
6.2321233,2.85,31.7,0.61,0.32,8.5,1021.0,256.72,5843.0,4.421,1.084,CANDIDATE,7106173
8.2942929,3.976,36.8,0.65,0.006,10.1,928.0,175.39,5843.0,4.421,1.084,CANDIDATE,7106173
12.82993461,2.942,1417.4,3.31,0.594,79.6,734.0,68.41,5862.0,4.555,0.844,CANDIDATE,8265218
809.0141881,8.3017,16311.3,14.38,0.717,212.9,216.0,0.51,6230.0,4.397,1.047,CANDIDATE,9214713
2.47240869,1.87,47.5,0.36,0.319,9.0,887.0,145.69,4729.0,4.726,0.525,CANDIDATE,9334893
11.53029332,1.8385,1209.3,3.98,0.027,57.6,873.0,137.08,5770.0,4.289,1.152,CANDIDATE,9119458
7.9069765,4.634,126.1,1.13,0.038,8.3,994.0,230.28,6347.0,4.464,0.996,CANDIDATE,12406807
13.9509565,5.231,35.7,0.75,0.467,11.2,849.0,122.88,5888.0,4.275,1.227,CANDIDATE,4548011
16.30141333,3.5764,942.3,3.84,0.786,62.4,805.0,99.08,6072.0,4.328,1.138,CANDIDATE,10016874
3.687469832,1.0668,5057.6,5.78,0.919,363.9,690.0,53.6,4004.0,4.659,0.606,CANDIDATE,10395543
84.799829,15.21,56.1,1.16,0.795,14.4,491.0,13.79,5619.0,4.07,1.406,CANDIDATE,7429287
9.340538,2.57,200.8,0.84,0.074,11.1,530.0,18.69,4200.0,4.664,0.607,CANDIDATE,10717241
11.505879,5.583,49.8,0.99,0.029,12.5,1000.0,236.35,6336.0,4.266,1.403,CANDIDATE,8121310
934.09418462,17.489,8709.6,7.89,0.4948,135.5,177.0,0.23,5937.0,4.559,0.832,CANDIDATE,11709124
199.83920527,4.378,44490.0,21.48,0.811,590.6,276.0,1.36,5457.0,4.548,0.869,CANDIDATE,11805075
15.84132627,1.8215,31083.0,16.84,0.891,135.8,575.0,25.77,5119.0,4.575,0.702,CANDIDATE,11824222
20.605501,3.793,37.1,0.85,0.705,11.1,806.0,99.53,6099.0,4.193,1.308,CANDIDATE,6268648
9.5539134,5.261,26.8,0.68,0.142,13.1,1012.0,247.86,6175.0,4.299,1.307,CANDIDATE,8212002
6.77067637,5.982,65.8,1.9,0.127,19.6,1499.0,1193.45,6337.0,3.893,2.335,CANDIDATE,7017274
0.589376952,1.71,80.7,0.93,0.491,11.4,2162.0,5161.1,5714.0,4.428,1.015,CANDIDATE,12366084
1.74610057,1.299,54.2,1.24,0.032,9.2,1689.0,1924.75,4854.0,3.939,1.749,CANDIDATE,9872283
24.7962801,8.33,574.4,2.7,0.01,43.6,664.0,45.92,5770.0,4.333,1.141,CANDIDATE,4951877
6.93650854,3.674,88.7,1.51,0.331,11.3,1305.0,687.21,6615.0,4.173,1.574,CANDIDATE,5544450
18.3848331,3.545,151.8,1.15,0.711,10.3,587.0,27.99,5083.0,4.468,0.872,CANDIDATE,8226050
2.2165905,1.0,28.7,0.48,0.703,2.8,1215.0,515.27,5397.0,4.543,0.831,CANDIDATE,6779260
3.65849707,2.573,4398.0,14.61,0.906,47.0,1583.0,1486.35,5857.0,3.972,1.822,CANDIDATE,5443837
2.433703498,0.975,258.3,1.66,0.952,10.2,1112.0,362.64,5251.0,4.592,0.778,CANDIDATE,2832589
7.9788198,2.874,83.8,0.99,0.05,8.3,927.0,174.85,5553.0,4.33,1.098,CANDIDATE,10793172
10.52286678,1.911,130.2,23.26,1.12,10.1,1008.0,243.72,5548.0,4.038,1.614,CANDIDATE,10285631
53.71798494,4.104,3153.5,155.12,0.93,103.0,1550.0,1363.11,4959.0,2.332,21.449,CANDIDATE,7504328
105.8817667,18.044,1556.3,10.16,0.539,301.8,595.0,29.64,5903.0,3.757,2.499,CANDIDATE,7199397
4.57797412,2.862,125.4,0.96,0.343,9.6,1024.0,259.36,5795.0,4.554,0.848,CANDIDATE,10157458
3.01609637,1.57,196.3,0.96,0.7,8.1,795.0,94.1,4245.0,4.641,0.637,CANDIDATE,8261920
21.9424316,7.447,72.7,1.23,0.413,10.7,797.0,95.46,6052.0,4.183,1.424,CANDIDATE,6716545
330.025002,6.659,259.2,5.92,0.68,12.2,478.0,12.36,6126.0,3.578,3.466,CANDIDATE,1723078
9.391039263,2.8386,2895.6,11.73,0.964,141.0,1068.0,308.13,5944.0,4.132,1.498,CANDIDATE,9008220
77.4794704,10.1151,1237.0,10.33,0.019,72.6,778.0,86.59,6711.0,3.73,2.909,CANDIDATE,9955262
11.1438086,7.905,41.7,0.75,0.629,10.9,906.0,159.1,6095.0,4.349,1.11,CANDIDATE,7906892
32.526674,6.842,204.9,1.26,0.472,9.7,525.0,17.91,5668.0,4.545,0.868,CANDIDATE,8320630
10.32906563,1.44,2309.8,6.17,0.923,114.8,908.0,160.44,6228.0,4.441,1.049,CANDIDATE,9703198
166.7876551,5.8676,4764.2,7.03,0.041,183.8,334.0,2.93,5663.0,4.377,1.031,CANDIDATE,6289650
49.537365,9.862,201.7,1.48,0.435,10.1,532.0,18.87,6118.0,4.416,1.023,CANDIDATE,11135694
24.0721647,3.171,177.3,1.1,0.949,6.7,400.0,6.08,4352.0,4.671,0.613,CANDIDATE,8216763
19.193103549,2.5425,6807.3,12.23,0.98,258.5,656.0,43.77,5883.0,4.53,0.892,CANDIDATE,6879865
80.881757,12.568,142.7,2.27,0.335,12.2,581.0,26.91,5934.0,3.945,1.885,CANDIDATE,3758499
9.250572762,3.6373,1039.5,96.08,1.234,351.4,1966.0,3530.57,8133.0,3.715,3.294,CANDIDATE,9552608
7.189379172,2.0351,8126.4,11.94,0.908,288.5,1026.0,261.94,6214.0,4.442,1.076,CANDIDATE,10221013
1.8134378,7.776,97.4,0.69,0.418,19.1,1158.0,423.67,5094.0,4.618,0.7,CANDIDATE,2299738
562.1725914,9.8841,5877.8,10.9,0.7801,208.4,241.0,0.8,5589.0,4.229,1.289,CANDIDATE,7619236
278.1243979,3.978,2297.8,5.86,0.871,58.5,286.0,1.57,5799.0,4.408,1.05,CANDIDATE,7630229
4.034914368,1.7874,800.1,6.95,0.965,92.6,1452.0,1052.15,5548.0,3.964,1.793,CANDIDATE,7730747
52.513548727,3.2743,14252.3,12.43,0.679,825.0,472.0,11.73,5589.0,4.421,0.98,CANDIDATE,7906882
4.17838675,2.123,316.0,3.13,0.617,15.1,1430.0,988.44,5746.0,4.039,1.687,CANDIDATE,7976520
16.2982201,2.558,199.0,0.78,0.698,7.9,388.0,5.38,3905.0,4.736,0.521,CANDIDATE,2302997
2190.7010353,19.891,1874.2,3.12,0.2597,94.8,109.0,0.03,4965.0,4.555,0.736,CANDIDATE,8505215
3.29534567,1.902,141.9,1.23,0.729,10.4,1139.0,397.37,5550.0,4.5,0.954,CANDIDATE,10265898
6.0799457,2.706,55.1,0.86,0.097,7.3,1101.0,348.11,6008.0,4.35,1.168,CANDIDATE,12600735
70.2780911,2.466,781.6,2.54,0.07,14.9,434.0,8.38,5955.0,4.52,0.91,CANDIDATE,10272442
9.9664004,5.0127,1619.0,16.89,0.966,125.9,1578.0,1466.1,6638.0,3.664,3.079,CANDIDATE,4055765
14.85185526,3.5263,1341.0,2.73,0.815,58.3,457.0,10.3,4129.0,4.636,0.652,CANDIDATE,5131180
56.391062,5.7,2042.0,3.58,0.92,11.4,310.0,2.18,4406.0,4.643,0.628,CANDIDATE,10843431
22.34213536,6.461,2264.4,5.19,0.973,51.9,526.0,18.14,5237.0,4.568,0.707,CANDIDATE,10287242
10.47490332,33.7939,1170.2,15.45,0.972,150.5,1567.0,1427.2,6526.0,3.616,3.232,CANDIDATE,5596440
61.858947,21.32,70.8,2.47,0.621,9.1,699.0,56.48,5529.0,3.685,2.817,CANDIDATE,9588822
3.07365139,2.102,90.5,0.79,0.034,9.6,1215.0,515.92,6068.0,4.565,0.831,CANDIDATE,10610039
275.07365,3.37,228.9,1.86,0.595,7.5,303.0,2.0,5604.0,4.226,1.187,CANDIDATE,1025986
4.50158249,1.855,175.7,0.73,0.016,9.7,676.0,49.21,4339.0,4.711,0.553,CANDIDATE,11284772
5.06546874,2.203,121.1,0.62,0.477,10.4,592.0,29.01,3939.0,4.705,0.557,CANDIDATE,4832837
5.89399142,1.2737,10993.0,11.16,0.867,252.5,940.0,185.03,5713.0,4.541,0.893,CANDIDATE,5441980
7.6720844,3.451,75.1,0.72,0.523,8.4,875.0,138.74,5972.0,4.57,0.807,CANDIDATE,10972902
3.251659087,1.5286,4747.9,9.83,0.938,466.2,1384.0,865.87,6367.0,4.419,1.087,CANDIDATE,6309763
66.47762,4.487,553.5,1.83,0.384,9.1,388.0,5.34,5515.0,4.592,0.775,CANDIDATE,9413156
26.89316101,2.3266,2193.2,6.78,0.98,119.6,614.0,33.54,6096.0,4.511,0.908,CANDIDATE,9846348
0.702739679,1.379,65.1,0.73,0.742,9.5,1765.0,2292.96,5269.0,4.508,0.836,CANDIDATE,2696205
17.761998411,2.4644,24176.9,14.25,0.907,731.7,538.0,19.78,5088.0,4.612,0.669,CANDIDATE,12251650
155.042265,9.848,4880.9,26.44,0.824,117.9,511.0,16.15,4994.0,3.509,3.322,CANDIDATE,12417486
25.0032023,5.498,64.1,1.47,0.756,12.6,837.0,116.27,6148.0,4.055,1.685,CANDIDATE,2834805
80.84069,8.567,9326.0,15.11,0.003,21.6,500.0,14.83,5511.0,4.069,1.597,CANDIDATE,2569995
60.458443,8.43,175.2,1.59,0.451,9.7,511.0,16.14,5865.0,4.297,1.181,CANDIDATE,2577353
8.0292018,3.462,65.6,0.99,0.51,11.7,1040.0,276.27,6063.0,4.29,1.191,CANDIDATE,4478168
2.41750021,4.33,58.2,1.19,0.895,15.2,1507.0,1221.36,5575.0,4.189,1.308,CANDIDATE,7256914
4.03357434,5.886,66.2,1.23,0.855,15.5,1270.0,616.04,5575.0,4.189,1.308,CANDIDATE,7256914
7.66462913,3.614,114.1,1.6,0.216,13.2,1106.0,353.31,5640.0,4.087,1.515,CANDIDATE,6871071
0.487656278,1.0129,109.8,0.99,0.037,25.1,2299.0,6647.8,5957.0,4.506,0.937,CANDIDATE,3112129
3.25424652,5.378,82.1,0.96,0.665,18.3,1220.0,521.81,5692.0,4.421,1.004,CANDIDATE,3103212
11.9294568,3.193,132.3,1.05,0.3789,11.7,797.0,95.42,5975.0,4.48,0.9,CANDIDATE,6871071
9.54699216,5.063,143.0,1.71,0.879,17.4,996.0,232.24,6274.0,4.357,1.232,CANDIDATE,10875007
14.708641,5.394,130.6,1.82,0.96,12.8,862.0,130.5,6274.0,4.357,1.232,CANDIDATE,10875007
13.6032081,2.592,180.5,0.75,0.777,9.4,397.0,5.85,3780.0,4.746,0.511,CANDIDATE,7021681
7.23531329,3.338,112.2,1.53,0.326,14.0,1207.0,501.36,6422.0,4.219,1.421,CANDIDATE,11967788
64.1862264,8.485,507.3,8.0,0.968,18.6,839.0,116.97,6951.0,3.766,2.758,CANDIDATE,7199060
4.93211932,3.144,50.5,1.02,0.034,7.5,1372.0,837.01,6422.0,4.219,1.421,CANDIDATE,11967788
4.85819429,5.356,76.3,2.04,0.086,25.2,1685.0,1904.91,6109.0,3.78,2.326,CANDIDATE,7733731
3.39904814,2.922,69.6,0.81,0.596,8.1,1191.0,477.15,5766.0,4.444,0.929,CANDIDATE,3110177
1.183505016,1.275,116.6,0.8,0.403,10.0,1293.0,658.87,4832.0,4.592,0.746,CANDIDATE,3232249
15.9042402,2.093,444.8,3.79,0.876,13.3,863.0,131.11,5583.0,4.077,1.53,CANDIDATE,7449554
4.16288745,0.678,391.7,1.32,0.4265,12.0,763.0,80.23,4478.0,4.615,0.651,CANDIDATE,8282651
4.44902309,1.373,88.9,0.55,0.034,10.4,699.0,56.19,4353.0,4.681,0.603,CANDIDATE,5688683
1.121733366,1.032,84.3,2.39,0.464,13.6,2384.0,7641.15,5023.0,3.682,2.571,CANDIDATE,8222627
3.79437277,2.289,83.2,1.36,0.05,7.7,1383.0,865.53,5455.0,4.025,1.507,CANDIDATE,2984990
363.41165,14.79,961.7,3.14,0.3923,17.4,263.0,1.12,6025.0,4.472,0.999,CANDIDATE,7758018
215.956008,10.425,392.7,3.36,0.959,23.3,361.0,4.03,6163.0,4.27,1.313,CANDIDATE,8264402
2.00870696,4.87,53.5,0.55,0.194,12.2,1232.0,542.87,5341.0,4.526,0.759,CANDIDATE,3129238
0.655939788,1.318,73.0,1.48,0.301,18.7,2411.0,7986.43,4968.0,3.924,1.755,CANDIDATE,7907808
110.461746,12.46,331.2,1.93,0.036,15.8,420.0,7.34,6321.0,4.434,1.058,CANDIDATE,9700449
44.6226725,12.974,131.9,1.73,0.931,20.6,613.0,33.39,6198.0,4.252,1.239,CANDIDATE,6140059
80.769893,4.2,128.5,1.87,0.158,6.7,475.0,12.07,4965.0,3.961,1.708,CANDIDATE,3852872
225.26213,14.459,389.2,2.36,0.349,24.6,329.0,2.77,5799.0,4.276,1.191,CANDIDATE,9086154
2.31482311,2.127,58.6,0.69,0.067,14.2,1237.0,554.4,5240.0,4.428,0.923,CANDIDATE,11970988
10.778313,5.256,90.7,1.25,0.591,12.5,1067.0,306.18,6726.0,4.262,1.258,CANDIDATE,6792908
4.32710895,1.387,108.9,26.6,1.158,12.9,1397.0,900.23,5776.0,4.018,1.455,CANDIDATE,10534155
2.90512019,2.293,61.2,0.57,0.417,13.2,1075.0,314.96,5374.0,4.555,0.721,CANDIDATE,10397751
5.04404366,1.682,236.5,1.47,0.08,11.6,1078.0,318.92,6039.0,4.493,0.951,CANDIDATE,6350882
1.166960319,1.6823,97.8,0.88,0.033,17.9,1596.0,1534.29,5632.0,4.537,0.904,CANDIDATE,3450040
0.701944362,0.641,210.8,0.8,0.07,17.1,1227.0,535.78,4236.0,4.698,0.539,CANDIDATE,9456281
3.05772668,1.819,311.0,1.23,0.007,13.7,878.0,141.1,4483.0,4.57,0.731,CANDIDATE,5129453
9.9092109,2.552,942.0,2.35,0.755,6.4,693.0,54.54,5396.0,4.632,0.702,CANDIDATE,7918478
6.39269778,2.138,174.3,1.21,0.011,11.3,890.0,148.31,5248.0,4.416,0.943,CANDIDATE,9509343
7.87845756,3.912,44.1,0.78,0.562,10.5,989.0,226.11,5767.0,4.287,1.135,CANDIDATE,7673841
27.9040511,5.346,300.2,2.19,0.854,12.8,677.0,49.53,6325.0,4.409,1.112,CANDIDATE,11968463
0.644322147,0.893,1076.6,24.39,1.3275,79.6,1592.0,1516.94,5136.0,4.648,0.612,CANDIDATE,5436161
17.8075656,1.643,1511.0,3.92,0.474,11.8,742.0,71.56,6194.0,4.45,0.981,CANDIDATE,4571844
333.03842,5.948,1260.0,3.19,0.2184,7.0,247.0,0.89,5743.0,4.534,0.903,CANDIDATE,2859893
3.75030469,3.246,35.5,0.87,0.77,10.3,1374.0,842.07,5866.0,4.191,1.339,CANDIDATE,6026737
0.259819659,0.6513,231.5,1.22,0.972,24.1,1559.0,1410.9,3939.0,4.736,0.526,CANDIDATE,7582691
4.72693131,4.036,26.2,0.61,0.065,11.5,1203.0,495.58,5950.0,4.323,1.196,CANDIDATE,9836563
10.0989634,6.428,57.0,1.03,0.529,8.9,1016.0,251.36,6174.0,4.244,1.318,CANDIDATE,1724719
13.12297275,2.234,43.7,1.29,0.885,12.9,1030.0,266.05,6134.0,4.065,1.665,CANDIDATE,11081504
22.7909233,9.565,53.6,1.38,0.871,19.4,862.0,130.75,6311.0,4.116,1.642,CANDIDATE,12016267
0.681180633,0.8844,156.4,2.97,0.31,16.6,2782.0,14116.16,4939.0,3.635,2.377,CANDIDATE,3550372
369.13236,10.34,215.9,2.14,0.0824,11.9,328.0,2.73,6282.0,4.151,1.449,CANDIDATE,8240790
9.08745206,3.786,35.1,0.73,0.341,11.7,980.0,217.95,5888.0,4.275,1.227,CANDIDATE,4548011
106.957467,7.006,539.6,2.4,0.705,11.7,394.0,5.7,6075.0,4.486,0.969,CANDIDATE,7191646
75.8781344,1.383,1054.0,3.39,0.705,11.9,417.0,7.18,5579.0,4.413,0.972,CANDIDATE,7801070
147.661729,6.207,1087.8,1.59,0.002,13.2,176.0,0.23,3788.0,4.774,0.49,CANDIDATE,4172805
13.00291716,3.058,225.3,1.28,0.701,14.0,710.0,60.11,5796.0,4.575,0.8,CANDIDATE,5126182
42.0292298,8.499,373.7,2.33,0.015,14.5,578.0,26.46,5850.0,4.297,1.217,CANDIDATE,8949925
0.505111993,0.4053,212.8,1.58,0.841,18.7,1886.0,2970.58,5262.0,4.59,0.783,CANDIDATE,9642018
2.49385348,1.414,46.9,0.59,0.331,12.3,1251.0,579.64,5615.0,4.477,0.85,CANDIDATE,7661893
18.22211768,2.044,2318.0,7.45,0.973,15.2,620.0,34.99,5162.0,4.411,0.958,CANDIDATE,9776794
16.5340022,4.063,89.2,1.17,0.525,9.3,819.0,106.21,6052.0,4.285,1.202,CANDIDATE,7673192
13.9482197,7.686,119.4,2.53,0.197,14.5,1063.0,301.8,5529.0,3.808,2.346,CANDIDATE,11124436
5.67577999,3.554,51.2,1.22,0.91,11.2,1357.0,802.11,6681.0,4.233,1.438,CANDIDATE,5780855
49.564693,8.54,113.5,1.63,0.685,15.0,588.0,28.19,5907.0,4.212,1.442,CANDIDATE,9491832
2.89494709,3.254,45.8,1.16,0.191,14.3,1919.0,3204.25,7087.0,4.137,1.684,CANDIDATE,2852941
0.762950224,1.133,187.3,1.0,0.197,15.8,1651.0,1763.73,5385.0,4.61,0.731,CANDIDATE,10647452
170.995748,3.88,477.1,4.9,0.839,15.5,463.0,10.86,6127.0,3.991,1.983,CANDIDATE,4773392
19.5650801,4.242,61.7,0.97,0.025,13.8,791.0,92.77,6180.0,4.294,1.235,CANDIDATE,9936080
5.53312006,3.486,53.1,1.05,0.299,13.4,1303.0,680.77,6170.0,4.15,1.425,CANDIDATE,6290935
200.721168,9.91,822.5,3.32,0.234,13.1,327.0,2.72,5566.0,4.275,1.17,CANDIDATE,12734396
10.8614163,6.02,64.8,1.01,0.939,12.9,899.0,154.68,6339.0,4.454,1.017,CANDIDATE,8278685
7.03965141,3.141,268.7,2.72,0.778,9.8,1171.0,445.49,5902.0,4.128,1.513,CANDIDATE,6103377
4.72519164,3.751,98.8,3.98,0.6,10.0,2250.0,6060.79,6655.0,3.49,3.831,CANDIDATE,3660581
66.6434565,2.385,277.3,2.99,0.985,14.8,476.0,12.17,5751.0,4.339,1.164,CANDIDATE,10794974
160.850075,9.427,428.1,3.41,0.769,16.1,413.0,6.87,5999.0,4.168,1.507,CANDIDATE,3558849
6.2614227,4.779,51.4,0.81,0.069,10.6,1146.0,407.58,6384.0,4.361,1.121,CANDIDATE,5175024
3.70386741,1.41,125.7,0.86,0.033,13.1,1012.0,247.2,5496.0,4.592,0.776,CANDIDATE,10991114
19.8751355,8.041,109.0,2.49,0.919,15.2,1061.0,299.47,6918.0,4.021,2.004,CANDIDATE,4945764
7.2929891,4.053,72.5,0.73,0.022,7.1,904.0,158.19,5959.0,4.549,0.856,CANDIDATE,9834731
145.786556,4.891,378.0,1.82,0.133,13.9,331.0,2.84,5578.0,4.44,0.95,CANDIDATE,9514372
2.5093344,1.833,184.3,1.47,0.019,8.4,1483.0,1143.04,6278.0,4.425,1.081,CANDIDATE,3762750
24.5607107,8.679,55.2,1.13,0.374,14.9,787.0,90.55,6170.0,4.192,1.499,CANDIDATE,9886361
24.6683831,8.556,109.2,1.76,0.751,15.3,788.0,91.32,6059.0,4.151,1.554,CANDIDATE,12737015
349.41047,15.02,652.8,2.41,0.2791,17.7,253.0,0.97,5878.0,4.512,0.945,CANDIDATE,8482059
14.8162925,4.973,108.2,1.57,0.857,12.5,912.0,163.33,6356.0,4.27,1.325,CANDIDATE,9286088
3.98167088,3.609,44.7,0.79,0.2076,10.3,1356.0,798.79,6484.0,4.377,1.173,CANDIDATE,6937529
7.016016,3.8,169.0,1.72,0.89,6.3,1138.0,396.43,6642.0,4.39,1.136,CANDIDATE,5197233
42.068554,5.723,186.3,1.32,0.022,9.8,541.0,20.28,6122.0,4.487,0.964,CANDIDATE,7119481
6.23968392,0.668,155.9,1.55,0.679,9.0,1060.0,299.03,5751.0,4.303,1.143,CANDIDATE,8741470
16.3368863,3.597,225.9,1.27,0.066,12.1,642.0,40.22,5410.0,4.49,0.859,CANDIDATE,2997459
1.63668262,1.907,921.7,103.99,1.22,12.9,2562.0,10160.3,5234.0,3.436,3.739,CANDIDATE,8330207
11.615625,2.233,191.2,2.84,0.977,8.8,905.0,158.69,5332.0,4.083,1.453,CANDIDATE,5881813
173.2578372,2.027,687.0,117.29,1.9038,13.5,376.0,4.73,6392.0,4.399,1.162,CANDIDATE,9202434
41.6757509,10.848,142.0,2.1,0.256,22.6,690.0,53.72,5745.0,3.957,1.763,CANDIDATE,7901016
11.49589567,2.256,108.3,1.59,0.295,13.2,1057.0,295.46,6290.0,4.133,1.506,CANDIDATE,5385410
0.609926502,1.2529,133.8,1.12,0.24,15.3,2141.0,4990.14,5936.0,4.501,0.965,CANDIDATE,7749002
8.4795266,6.052,163.3,1.18,0.136,8.0,865.0,132.02,5841.0,4.52,0.931,CANDIDATE,3848083
49.4746966,10.46,291.0,1.62,0.491,17.2,498.0,14.5,5952.0,4.475,0.928,CANDIDATE,6359926
1.62888267,1.72,130.9,0.92,0.147,12.5,1327.0,733.67,5398.0,4.571,0.811,CANDIDATE,8324518
1.920062587,1.437,226.8,1.12,0.387,12.6,1189.0,471.84,5266.0,4.611,0.741,CANDIDATE,3103473
0.909127736,1.431,98.7,0.98,0.098,13.9,1818.0,2566.87,5486.0,4.389,0.996,CANDIDATE,5785279
10.30148508,3.903,162.7,1.6,0.445,12.6,934.0,180.14,5887.0,4.292,1.235,CANDIDATE,9896018
17.8007815,6.547,44.5,1.02,0.928,14.2,816.0,105.04,6240.0,4.326,1.252,CANDIDATE,12456063
1.717859841,0.908,66.3,1.45,0.35,9.5,2212.0,5645.85,6694.0,4.084,1.732,CANDIDATE,5096053
7.3422467,2.029,366.8,1.6,0.253,11.8,837.0,115.93,5573.0,4.562,0.839,CANDIDATE,5802637
8.1134681,4.961,40.5,0.92,0.454,10.5,1127.0,381.27,6011.0,4.123,1.409,CANDIDATE,5531694
5.4675514,3.283,87.2,1.07,0.27,10.4,1078.0,319.36,5557.0,4.288,1.151,CANDIDATE,7107802
0.888478095,1.5312,340.4,1.51,0.452,24.6,1665.0,1825.96,5553.0,4.577,0.806,CANDIDATE,12509829
309.25581,10.72,421.4,2.18,0.2875,9.9,287.0,1.61,6060.0,4.419,1.057,CANDIDATE,2576962
2.44232399,1.921,229.0,1.1,0.303,14.1,1029.0,264.82,4849.0,4.561,0.738,CANDIDATE,10140274
42.1003351,1.0834,214.0,1.42,0.88,13.9,466.0,11.17,5595.0,4.57,0.82,CANDIDATE,8345384
1.182862515,2.928,22.3,1.26,0.284,16.5,2800.0,14544.87,6017.0,3.699,2.639,CANDIDATE,9072639
4.4408541,8.083,33.9,1.74,0.005,12.0,1642.0,1719.2,5159.0,3.604,3.062,CANDIDATE,8890924
1.8679943,1.087,73.4,0.7,0.173,10.0,1291.0,658.77,5487.0,4.568,0.815,CANDIDATE,4054784
8.9172863,4.468,196.3,1.39,0.062,7.2,931.0,177.84,6210.0,4.467,0.986,CANDIDATE,10745365
1.33807075,1.425,20.2,0.6,0.003,8.5,2008.0,3844.97,6355.0,4.299,1.319,CANDIDATE,8396660
17.3731821,3.36,71.7,1.31,0.227,14.0,901.0,155.73,6180.0,4.155,1.54,CANDIDATE,9716028
1.97507424,2.61,130.5,1.08,0.152,15.0,1477.0,1122.82,6065.0,4.495,0.947,CANDIDATE,6223324
3.3879165,1.818,78.6,1.09,0.117,10.4,1336.0,750.6,5702.0,4.247,1.245,CANDIDATE,9773980
58.7488629,3.191,473.6,1.75,0.186,13.6,425.0,7.7,5574.0,4.505,0.805,CANDIDATE,10467714
64.740274,15.082,113.1,1.35,0.74,16.4,518.0,16.96,5999.0,4.263,1.177,CANDIDATE,4141593
5.38299284,3.336,35.1,0.78,0.417,10.7,1253.0,582.98,6256.0,4.27,1.293,CANDIDATE,7778427
2.0481582,1.899,183.3,1.16,0.179,11.7,1346.0,773.92,5799.0,4.548,0.86,CANDIDATE,6523058
14.7179342,5.844,132.3,1.25,0.704,12.7,784.0,89.3,6102.0,4.449,1.018,CANDIDATE,11769689
19.2527652,4.862,138.5,1.24,0.028,10.8,740.0,71.04,6258.0,4.442,1.046,CANDIDATE,9457948
219.20579,14.5,207.8,2.66,0.517,15.2,456.0,10.18,6990.0,4.115,1.785,CANDIDATE,4072271
3.48754109,1.811,85.1,0.72,0.32,7.3,988.0,224.74,5252.0,4.593,0.783,CANDIDATE,8098212
8.0772455,7.272,79.2,2.61,0.984,12.5,1228.0,537.66,5684.0,3.915,2.032,CANDIDATE,6369131
364.08733,14.09,372.0,1.39,0.1702,8.8,211.0,0.47,5376.0,4.601,0.727,CANDIDATE,7820699
5.75651958,2.309,65.3,0.83,0.247,11.2,1089.0,332.97,6208.0,4.454,1.024,CANDIDATE,10257229
91.95723,10.471,308.4,2.66,0.015,12.3,497.0,14.41,5854.0,4.114,1.528,CANDIDATE,3539231
7.51731745,2.484,170.7,1.19,0.256,10.7,861.0,129.74,5525.0,4.488,0.923,CANDIDATE,6311891
44.6966177,10.532,257.3,2.46,0.373,15.3,637.0,38.95,5929.0,4.123,1.518,CANDIDATE,7834045
8.5275894,2.959,112.5,1.28,0.311,10.4,1049.0,286.1,6469.0,4.385,1.193,CANDIDATE,10663738
3.07714195,3.571,34.2,1.08,0.983,9.9,1493.0,1175.0,6108.0,4.251,1.336,CANDIDATE,7891294
3.83488354,2.026,243.0,1.2,0.242,10.9,1003.0,239.15,5515.0,4.592,0.775,CANDIDATE,9413156
8.8233996,6.735,104.6,1.13,0.022,13.3,929.0,176.13,5602.0,4.269,1.121,CANDIDATE,5431027
40.0691482,2.928,784.1,13.25,1.125,10.5,458.0,10.42,5485.0,4.575,0.762,CANDIDATE,6070337
11.6933447,6.551,66.9,1.12,0.353,12.7,950.0,192.95,6049.0,4.248,1.354,CANDIDATE,5954001
4.02745396,1.33,85.2,0.98,0.304,10.8,1250.0,577.46,6174.0,4.398,1.041,CANDIDATE,8196226
4.96061094,2.864,20.4,0.59,0.058,12.5,1272.0,618.99,6117.0,4.244,1.298,CANDIDATE,9002538
1.4733245,1.406,124.0,1.03,0.197,11.9,1576.0,1453.8,5751.0,4.431,0.921,CANDIDATE,5642688
5.93218209,4.507,205.3,1.39,0.097,14.9,1000.0,235.68,5843.0,4.474,0.977,CANDIDATE,5552562
96.384483,5.253,591.0,2.41,0.095,10.4,400.0,6.03,5919.0,4.485,1.0,CANDIDATE,6186182
6.05552018,2.818,134.6,0.92,0.19,9.8,844.0,119.89,5352.0,4.585,0.805,CANDIDATE,4073017
54.333582,10.545,152.0,1.7,0.823,10.5,513.0,16.37,5500.0,4.228,1.221,CANDIDATE,10585749
4.11754421,4.362,34.3,1.02,0.312,22.1,1581.0,1477.06,6263.0,4.024,1.726,CANDIDATE,9579208
122.749053,8.342,1041.2,6.13,0.997,15.0,348.0,3.48,5619.0,4.488,0.976,CANDIDATE,9773270
4.37992345,4.949,15.5,0.81,0.728,13.9,1608.0,1579.65,6311.0,3.993,1.918,CANDIDATE,9457728
3.70858595,1.94,305.4,1.33,0.115,11.3,995.0,231.84,5420.0,4.596,0.771,CANDIDATE,2303903
9.4527721,3.817,197.3,1.3,0.746,11.3,832.0,113.38,5973.0,4.547,0.857,CANDIDATE,9278216
4.3638313,1.457,194.1,1.08,0.39,10.3,976.0,214.31,5623.0,4.596,0.763,CANDIDATE,8355131
6.83006228,3.315,187.4,1.09,0.006,12.1,882.0,142.95,5807.0,4.576,0.8,CANDIDATE,12645057
17.1622587,4.668,312.2,22.42,1.201,11.7,674.0,48.86,5729.0,4.509,0.939,CANDIDATE,4844367
5.19898615,2.359,136.8,1.04,0.428,11.5,1035.0,271.21,6058.0,4.54,0.867,CANDIDATE,10937749
14.74426,8.168,113.6,8.1,1.063,11.9,784.0,89.04,6146.0,4.454,0.987,CANDIDATE,8332521
35.0175053,3.608,292.0,2.13,0.809,12.8,617.0,34.32,5944.0,4.293,1.123,CANDIDATE,4060229
22.599501,4.38,76.9,0.96,0.12,2.9,734.0,68.48,6335.0,4.375,1.087,CANDIDATE,8443527
5.89089509,2.402,267.7,1.54,0.282,11.7,985.0,223.02,5869.0,4.513,0.942,CANDIDATE,10907132
4.13029832,2.461,325.3,1.44,0.041,8.7,995.0,231.52,5490.0,4.557,0.81,CANDIDATE,6520753
201.325036,14.4,125.4,1.98,0.597,14.2,410.0,6.71,6120.0,4.093,1.699,CANDIDATE,9893468
5.59346375,1.668,236.5,1.43,0.079,9.5,1008.0,243.63,5874.0,4.498,0.933,CANDIDATE,11655826
3.44928111,1.424,237.0,1.23,0.534,9.7,966.0,206.55,5119.0,4.591,0.781,CANDIDATE,1721157
37.9043889,11.638,98.2,1.97,0.473,13.9,693.0,54.36,5303.0,3.87,1.964,CANDIDATE,9947653
6.88297756,2.065,30.4,0.77,0.707,13.2,1141.0,400.53,6117.0,4.244,1.298,CANDIDATE,9002538
8.7963166,4.696,96.5,1.36,0.979,11.9,882.0,142.92,5780.0,4.438,1.0,CANDIDATE,5253802
2.049602348,1.061,186.1,1.08,0.435,11.3,1203.0,494.57,5356.0,4.589,0.78,CANDIDATE,12554634
53.285584,6.492,158.6,1.44,0.754,11.0,537.0,19.63,6015.0,4.297,1.057,CANDIDATE,6264750
5.8943338,3.475,28.9,0.61,0.003,10.7,1092.0,335.9,5929.0,4.357,1.145,CANDIDATE,11290515
8.119343,3.558,350.4,1.5,0.032,8.2,794.0,94.08,5490.0,4.557,0.81,CANDIDATE,6520753
18.0071438,5.401,80.8,1.05,0.081,13.1,799.0,96.25,6173.0,4.314,1.167,CANDIDATE,8493354
2.49915311,1.803,179.2,1.02,0.666,13.4,983.0,220.65,4705.0,4.572,0.72,CANDIDATE,5457326
105.997107,3.751,430.8,1.83,0.667,10.9,373.0,4.59,6068.0,4.565,0.831,CANDIDATE,10610039
6.30432354,2.508,40.0,1.23,0.665,10.7,1510.0,1229.72,6728.0,3.987,1.836,CANDIDATE,8628761
3.38419892,1.485,228.2,1.2,0.176,11.5,1074.0,313.79,5613.0,4.581,0.795,CANDIDATE,4750669
1.19260017,1.502,58.0,0.77,0.015,11.7,1726.0,2107.84,5600.0,4.349,1.013,CANDIDATE,6717252
216.456055,11.067,1002.8,3.61,0.033,14.2,320.0,2.48,5645.0,4.299,1.155,CANDIDATE,4902202
12.003678,2.799,281.7,0.97,0.076,12.0,503.0,15.12,4328.0,4.654,0.594,CANDIDATE,11350118
6.0059966,3.096,39.2,0.73,0.135,7.8,1130.0,385.87,6103.0,4.331,1.16,CANDIDATE,2572029
4.22426989,4.22,13.6,0.35,0.716,11.0,1069.0,309.32,5735.0,4.501,0.883,CANDIDATE,7905106
330.906041,3.846,740.0,2.05,0.005,7.3,225.0,0.6,5461.0,4.589,0.769,CANDIDATE,9007151
56.3479517,8.789,43.6,1.06,0.768,15.1,586.0,27.97,5843.0,4.086,1.471,CANDIDATE,4450844
19.9778599,5.96,83.4,1.07,0.172,12.8,773.0,84.29,6392.0,4.399,1.162,CANDIDATE,11181260
17.543847,5.948,196.3,1.15,0.579,9.9,658.0,44.42,5957.0,4.579,0.791,CANDIDATE,2558163
3.8183717,2.687,50.8,1.39,0.878,11.8,1683.0,1894.37,6738.0,4.109,1.692,CANDIDATE,8107611
9.07829171,0.783,530.9,3.69,0.164,7.0,984.0,221.32,5086.0,4.002,1.611,CANDIDATE,8752940
6.41097179,2.582,233.5,1.4,0.261,8.5,886.0,146.16,5383.0,4.486,0.933,CANDIDATE,4384909
75.2116373,3.203,362.6,2.83,0.058,13.1,516.0,16.78,5818.0,4.165,1.5,CANDIDATE,11506654
6.36283414,3.752,159.4,1.12,0.141,9.9,956.0,197.84,5955.0,4.534,0.883,CANDIDATE,5687700
7.53737498,3.966,41.1,0.93,0.225,11.3,1210.0,506.84,6483.0,4.206,1.436,CANDIDATE,8806985
7.57600886,3.361,49.0,0.54,0.267,12.5,778.0,86.87,5361.0,4.588,0.774,CANDIDATE,6527078
8.8303681,3.426,296.2,1.32,0.746,10.9,676.0,49.36,5051.0,4.628,0.706,CANDIDATE,10120548
12.85755895,4.831,106.5,1.23,0.55,14.2,860.0,129.15,5860.0,4.276,1.156,CANDIDATE,4474462
33.502923,11.947,70.9,1.08,0.756,12.5,645.0,40.79,5999.0,4.263,1.177,CANDIDATE,4141593
148.568877,4.399,404.4,5.97,0.243,11.6,555.0,22.49,5814.0,3.68,2.985,CANDIDATE,10003058
9.3335486,6.643,71.2,1.69,0.725,11.7,1082.0,323.68,5354.0,3.927,1.863,CANDIDATE,9031703
9.54060855,1.869,462.0,1.75,0.031,11.2,735.0,69.25,5271.0,4.522,0.831,CANDIDATE,12204137
1.80926734,2.469,98.0,0.89,0.385,10.9,1444.0,1028.71,5897.0,4.531,0.891,CANDIDATE,5389956
5.04413987,1.623,172.0,1.18,0.727,10.2,862.0,130.09,4954.0,4.5,0.828,CANDIDATE,10662202
5.3694084,3.949,40.0,0.62,0.837,8.0,974.0,212.68,5753.0,4.538,0.869,CANDIDATE,3934657
5.65690281,3.583,32.2,0.74,0.014,10.4,1159.0,425.7,5687.0,4.191,1.32,CANDIDATE,7515336
7.4299322,4.013,164.9,1.81,0.826,9.8,1024.0,259.7,5635.0,4.23,1.252,CANDIDATE,3557560
79.334347,10.886,164.9,1.56,0.652,14.6,500.0,14.73,6384.0,4.33,1.15,CANDIDATE,12109267
5.68251605,3.479,81.2,1.03,0.0,9.4,1090.0,333.82,5753.0,4.319,1.157,CANDIDATE,8700895
4.52628739,3.736,99.6,1.02,0.5,12.5,1089.0,332.79,5700.0,4.434,1.006,CANDIDATE,5003670
0.597018404,0.4778,245.4,1.09,0.44,16.5,1578.0,1473.77,4985.0,4.675,0.63,CANDIDATE,12265786
4.82025124,2.129,94.1,0.78,0.538,8.5,1018.0,254.2,6035.0,4.591,0.777,CANDIDATE,10873178
12.4019263,4.043,211.1,1.49,0.924,9.5,713.0,60.93,5555.0,4.514,0.832,CANDIDATE,11337012
152.823896,7.734,456.2,2.45,0.119,9.9,395.0,5.77,6452.0,4.394,1.137,CANDIDATE,8359569
6.80899076,2.077,1192.0,89.29,1.9253,11.5,795.0,94.48,4992.0,4.483,0.854,CANDIDATE,9837828
77.915425,8.274,178.8,1.17,0.448,9.2,367.0,4.28,5135.0,4.464,0.874,CANDIDATE,4857058
284.727213,10.299,355.3,2.02,0.316,12.7,278.0,1.41,5497.0,4.332,1.08,CANDIDATE,9947389
30.5392931,6.887,428.2,2.72,0.045,15.0,669.0,47.46,5803.0,4.211,1.328,CANDIDATE,3765917
8.31224474,2.663,70.8,10.63,1.111,12.2,801.0,97.64,5421.0,4.483,0.816,CANDIDATE,7833305
12.6362048,3.961,124.0,1.1,0.174,11.5,774.0,85.06,5772.0,4.457,0.992,CANDIDATE,12647577
23.266633,8.315,49.9,2.66,0.092,11.4,1156.0,422.77,5758.0,3.456,3.775,CANDIDATE,4252671
7.94004281,3.282,81.9,0.98,0.004,10.7,1010.0,245.79,6278.0,4.425,1.081,CANDIDATE,11153476
2.85855049,2.341,85.4,1.23,0.972,11.4,1212.0,510.14,5441.0,4.415,0.964,CANDIDATE,6144039
8.95294046,2.995,44.0,0.86,0.718,13.0,1012.0,247.66,6047.0,4.266,1.207,CANDIDATE,5985713
4.84350003,3.045,50.2,0.9,0.906,10.4,1121.0,373.1,5762.0,4.348,1.056,CANDIDATE,6839010
45.163025,7.03,130.3,2.35,0.2057,8.7,886.0,145.48,7675.0,4.051,2.015,CANDIDATE,9775385
36.7614011,15.982,160.9,1.52,0.984,16.2,475.0,12.0,5305.0,4.504,0.823,CANDIDATE,6197344
4.373570433,0.623,366.0,1.23,0.1,14.5,727.0,66.12,4362.0,4.623,0.64,CANDIDATE,11357664
154.674369,9.35,435.8,2.29,0.777,13.5,371.0,4.47,6338.0,4.449,1.002,CANDIDATE,7272132
15.9513866,2.285,99.2,1.17,0.197,9.2,849.0,123.03,6451.0,4.375,1.168,CANDIDATE,8430053
7.7859111,7.788,45.5,0.68,0.675,12.0,939.0,183.92,6045.0,4.479,0.954,CANDIDATE,12458605
31.183688,6.14,139.8,3.21,0.8319,7.9,876.0,139.27,5947.0,3.814,2.407,CANDIDATE,4953173
2.94242323,1.519,293.3,1.42,0.447,14.7,1098.0,344.64,5436.0,4.573,0.819,CANDIDATE,5352640
13.0914878,2.037,37.5,0.79,0.145,8.0,892.0,149.52,5919.0,4.238,1.288,CANDIDATE,4048898
54.0812235,6.279,411.1,1.54,0.182,11.6,431.0,8.19,5757.0,4.597,0.762,CANDIDATE,4587135
8.5291223,3.241,325.4,2.08,0.606,12.8,911.0,162.94,5543.0,4.318,1.111,CANDIDATE,5511659
6.4546845,3.071,69.9,1.38,0.93,10.8,1244.0,565.72,6474.0,4.243,1.362,CANDIDATE,7583650
0.494247662,1.2443,224.9,1.51,0.366,18.1,2257.0,6096.15,5763.0,4.484,0.998,CANDIDATE,3867794
11.8299383,5.168,41.4,1.6,0.502,11.7,1177.0,453.44,5747.0,3.802,2.431,CANDIDATE,5819801
5.30179786,2.24,197.2,1.22,0.357,11.5,973.0,211.8,5749.0,4.547,0.864,CANDIDATE,6276791
0.849362238,1.36,114.9,0.85,0.453,11.9,1498.0,1190.04,4973.0,4.595,0.788,CANDIDATE,10140122
0.741768294,0.4164,60.3,72.36,1.201,14.0,3380.0,30981.32,5897.0,3.637,3.147,CANDIDATE,5033823
61.083322,10.396,227.5,1.61,0.649,11.5,465.0,11.01,5803.0,4.444,1.015,CANDIDATE,3223433
3.5944891,2.557,89.9,0.98,0.041,10.4,1178.0,455.99,5523.0,4.364,1.046,CANDIDATE,8803757
4.8608059,1.966,252.1,1.21,0.374,8.9,925.0,172.76,5541.0,4.6,0.757,CANDIDATE,9479306
4.04481159,2.479,33.0,0.67,0.393,7.5,1325.0,729.15,6358.0,4.359,1.141,CANDIDATE,5437762
4.8302364,7.983,22.5,1.06,0.316,11.6,1453.0,1052.42,5086.0,3.678,2.247,CANDIDATE,4996057
56.446465,7.371,147.9,1.57,0.874,12.4,522.0,17.5,5995.0,4.337,1.117,CANDIDATE,8349399
31.4202111,4.021,390.5,1.45,0.075,10.6,471.0,11.6,5269.0,4.603,0.748,CANDIDATE,6043562
5.56676609,1.812,173.8,1.12,0.392,12.0,859.0,128.51,5032.0,4.479,0.859,CANDIDATE,4919550
5.38613715,1.943,169.3,0.86,0.197,8.9,846.0,121.37,5516.0,4.669,0.656,CANDIDATE,5645170
13.2965044,5.68,133.4,0.88,0.902,9.1,488.0,13.42,4352.0,4.671,0.613,CANDIDATE,8216763
21.8420304,3.843,79.5,2.01,0.208,9.5,1016.0,251.46,6194.0,3.813,2.241,CANDIDATE,9110610
0.876850385,1.534,59.2,1.35,0.049,9.7,2543.0,9858.55,6102.0,4.069,1.756,CANDIDATE,5208962
413.51856,10.395,391.1,1.96,0.019,7.9,254.0,0.98,6031.0,4.45,0.992,CANDIDATE,4742188
20.7106368,2.693,142.5,1.12,0.604,11.0,626.0,36.18,5631.0,4.478,0.901,CANDIDATE,8301878
3.43633133,0.675,473.5,1.44,0.114,14.5,945.0,188.22,5201.0,4.616,0.651,CANDIDATE,10221505
142.703888,5.808,225.5,1.95,0.062,11.0,440.0,8.88,6701.0,4.326,1.289,CANDIDATE,11658036
3.38080537,3.275,200.9,1.69,0.067,11.6,1362.0,814.73,6072.0,4.343,1.193,CANDIDATE,8397947
10.4716194,4.512,123.9,1.74,0.184,11.7,1035.0,271.12,5812.0,4.083,1.574,CANDIDATE,6665860
6.78788113,2.26,73.1,2.44,0.022,7.8,1679.0,1875.92,6537.0,3.76,2.829,CANDIDATE,5769810
5.47455167,3.71,73.2,1.4,0.931,10.8,1155.0,419.95,5611.0,4.19,1.312,CANDIDATE,12071754
3.43861067,1.264,46.8,1.01,0.629,9.5,1348.0,779.48,5383.0,4.112,1.401,CANDIDATE,10384298
4.8754765,1.902,39.6,0.8,0.084,8.8,1180.0,458.62,5513.0,4.179,1.286,CANDIDATE,3109550
10.5071781,2.68,271.8,1.41,0.232,11.1,737.0,69.76,5290.0,4.46,0.865,CANDIDATE,6131130
5.4398033,3.256,85.5,1.0,0.136,8.4,1112.0,361.47,6108.0,4.43,1.08,CANDIDATE,4742452
8.8493948,6.928,43.8,0.82,0.819,12.1,978.0,216.18,6095.0,4.349,1.11,CANDIDATE,7906892
51.567801,5.514,210.1,1.3,0.554,13.5,433.0,8.3,5285.0,4.467,0.876,CANDIDATE,4277304
16.4491515,6.696,70.9,2.75,0.866,11.0,1036.0,272.9,5334.0,3.712,2.789,CANDIDATE,8626325
0.428046051,0.776,126.0,0.87,0.041,14.1,2017.0,3877.26,5285.0,4.566,0.775,CANDIDATE,3098605
19.254536,4.754,186.0,1.32,0.806,9.2,625.0,36.02,5668.0,4.545,0.868,CANDIDATE,8320630
384.6961,6.167,787.0,1.78,0.5221,8.2,157.0,0.14,4228.0,4.64,0.623,CANDIDATE,9005321
71.05457555,1.9162,4853.2,5.91,0.061,95.9,390.0,5.45,5290.0,4.46,0.865,CANDIDATE,5563300
20.5512722,4.639,191.2,1.64,0.946,20.0,607.0,32.01,5401.0,4.464,0.918,CANDIDATE,12253769
7.5861587,4.32,116.8,1.07,0.858,10.8,928.0,175.29,5934.0,4.444,0.871,CANDIDATE,8054719
42.049523793,2.1372,607.9,1.19,0.23,5.1,303.0,2.0,4281.0,4.761,0.48,CANDIDATE,4762283
6.60180003,2.624,213.4,1.25,0.204,8.1,875.0,138.25,5591.0,4.559,0.86,CANDIDATE,3849187
3.19938075,1.761,76.1,0.62,0.268,9.8,1026.0,262.08,5483.0,4.632,0.702,CANDIDATE,2976017
3.04185157,1.434,69.0,0.71,0.176,11.1,1184.0,465.54,5802.0,4.537,0.857,CANDIDATE,6786224
1.89873195,1.382,78.0,0.93,0.197,10.2,1524.0,1279.95,5942.0,4.439,1.05,CANDIDATE,11072016
11.39110963,2.749,593.4,1.9,0.569,12.1,632.0,37.65,4999.0,4.587,0.76,CANDIDATE,3245969
7.13044117,2.566,31.9,1.18,0.068,10.5,1400.0,908.79,6312.0,3.964,2.074,CANDIDATE,7902003
18.0939004,3.294,467.3,1.91,0.445,11.6,665.0,46.21,5904.0,4.543,0.867,CANDIDATE,11905409
34.9524256,1.717,677.0,21.74,1.225,15.8,429.0,8.02,4921.0,4.591,0.779,CANDIDATE,9571186
15.1516409,5.105,191.5,1.38,0.173,11.4,736.0,69.25,5780.0,4.438,1.0,CANDIDATE,5612697
7.4213444,2.361,315.9,1.73,0.1732,8.7,953.0,195.23,6032.0,4.485,0.973,CANDIDATE,8973285
17.7412303,4.816,144.7,1.14,0.065,9.2,684.0,51.69,5817.0,4.491,0.956,CANDIDATE,3758922
2.63527677,1.997,70.4,0.76,0.646,10.7,1136.0,394.32,5215.0,4.496,0.864,CANDIDATE,8360041
147.388124,8.781,909.2,3.03,0.005,15.8,356.0,3.78,6046.0,4.478,1.007,CANDIDATE,9782748
4.11497357,3.025,154.1,1.17,0.396,9.7,1137.0,395.27,6011.0,4.507,0.927,CANDIDATE,2860656
7.5019743,2.582,248.0,1.19,0.442,9.1,709.0,59.73,4807.0,4.546,0.758,CANDIDATE,7094944
29.1206519,2.89,415.5,1.6,0.195,9.7,528.0,18.43,5671.0,4.582,0.788,CANDIDATE,6425597
6.91261536,2.359,34.4,0.64,0.656,12.0,981.0,218.66,5761.0,4.383,1.044,CANDIDATE,10917433
25.8616058,7.78,123.0,1.12,0.855,8.5,613.0,33.37,6067.0,4.524,0.884,CANDIDATE,5091479
18.9060921,4.125,375.6,0.87,0.004,11.9,336.0,3.03,3751.0,4.813,0.45,CANDIDATE,8874090
25.6970688,3.739,835.0,3.83,0.943,6.4,658.0,44.24,6020.0,4.403,1.057,CANDIDATE,8331612
6.07855,3.408,102.7,1.14,0.3408,10.4,1115.0,365.15,6119.0,4.346,1.114,CANDIDATE,8328916
2.131660527,1.8585,32.2,0.56,0.036,15.7,1438.0,1010.45,5849.0,4.426,0.997,CANDIDATE,10155029
5.75902182,2.687,70.8,0.91,0.329,9.9,1112.0,362.12,6247.0,4.433,1.066,CANDIDATE,11618569
0.903763067,0.562,267.5,1.08,0.0938,12.6,1254.0,585.15,4430.0,4.616,0.651,CANDIDATE,11973517
5.66494448,4.173,46.0,0.78,0.4638,11.4,1134.0,390.59,5888.0,4.269,1.13,CANDIDATE,7345248
85.0624157,4.6964,41901.0,21.26,0.819,495.3,355.0,3.74,5223.0,4.52,0.875,CANDIDATE,6690171
14.3196417,3.781,215.5,2.06,0.533,12.5,850.0,123.37,5562.0,4.151,1.373,CANDIDATE,5193659
5.2736268,5.291,86.1,0.89,0.595,8.7,1014.0,249.68,5851.0,4.515,0.918,CANDIDATE,6220312
24.5041103,6.065,119.5,1.03,0.178,11.3,574.0,25.59,5250.0,4.404,0.962,CANDIDATE,6358937
9.97202023,1.425,329.7,1.26,0.401,8.6,627.0,36.53,4810.0,4.584,0.696,CANDIDATE,7771181
40.3511707,3.97,533.5,1.88,0.079,11.3,479.0,12.46,5665.0,4.568,0.82,CANDIDATE,4366323
72.9332762,3.829,770.4,2.45,0.106,11.3,389.0,5.44,5316.0,4.47,0.902,CANDIDATE,2853029
12.6878176,4.262,293.0,2.16,0.921,13.5,851.0,123.89,6258.0,4.442,1.046,CANDIDATE,6955671
483.36405,15.61,285.4,1.27,0.614,8.3,202.0,0.39,5700.0,4.626,0.718,CANDIDATE,5097856
12.0729757,3.783,99.5,1.69,0.312,9.7,969.0,208.13,5436.0,3.993,1.707,CANDIDATE,8278073
82.401274,6.48,430.7,2.21,0.703,10.1,421.0,7.42,5886.0,4.472,1.0,CANDIDATE,10810859
11.91256675,6.126,123.1,2.61,0.174,27.8,1242.0,562.27,6337.0,3.893,2.335,CANDIDATE,7017274
4.08197713,2.943,26.2,0.6,0.328,9.3,1372.0,836.88,6538.0,4.339,1.156,CANDIDATE,6767227
0.912179022,1.332,144.6,0.65,0.038,10.3,1025.0,260.05,3880.0,4.722,0.555,CANDIDATE,2986833
76.87935893,2.3819,21272.0,7.71,0.864,131.0,202.0,0.4,3638.0,4.828,0.436,CANDIDATE,11853130
13.0151826,3.613,331.6,1.36,0.852,11.9,556.0,22.6,4794.0,4.622,0.643,CANDIDATE,9345933
2.87998334,1.658,116.5,0.85,0.22,9.9,1024.0,260.79,4951.0,4.523,0.806,CANDIDATE,11338056
21.08678557,0.978,499.6,2.08,0.702,11.0,651.0,42.44,6084.0,4.542,0.863,CANDIDATE,10676750
5.19206571,3.716,66.6,0.99,0.847,10.5,1170.0,442.55,6322.0,4.426,1.075,CANDIDATE,9581589
449.01499,12.58,94.2,1.04,0.2182,8.5,258.0,1.04,6031.0,4.368,1.068,CANDIDATE,11804437
17.4532945,4.027,79.3,0.76,0.357,12.0,639.0,39.42,5528.0,4.499,0.853,CANDIDATE,8280511
6.70242786,1.221,65.3,1.82,0.369,8.8,1367.0,827.56,5466.0,3.735,2.224,CANDIDATE,4813793
7.79534033,3.406,102.1,1.07,0.282,10.2,985.0,222.52,6156.0,4.443,1.05,CANDIDATE,7266212
2.40174996,1.413,254.4,0.65,0.47,13.2,621.0,35.1,3606.0,4.855,0.399,CANDIDATE,9419020
115.238544,7.653,516.7,3.17,0.965,10.6,372.0,4.52,5589.0,4.384,1.037,CANDIDATE,4270799
21.7434141,8.143,154.8,2.23,0.906,15.8,799.0,96.15,5767.0,4.082,1.497,CANDIDATE,8811490
5.6795377,3.757,52.0,1.16,0.196,12.5,1420.0,961.1,6514.0,4.09,1.585,CANDIDATE,8094120
9.33955596,2.058,245.1,2.67,0.985,10.1,882.0,143.02,5516.0,4.308,1.101,CANDIDATE,9935642
7.41834569,2.462,234.0,1.12,0.049,11.2,800.0,96.9,5549.0,4.6,0.732,CANDIDATE,7285757
92.461135,14.344,122.4,2.86,0.083,20.7,564.0,23.91,5132.0,3.675,2.648,CANDIDATE,4262040
9.2294726,2.446,199.3,0.82,0.076,7.5,601.0,30.83,4781.0,4.679,0.596,CANDIDATE,4840672
18.3721835,3.738,152.5,1.12,0.78,9.5,657.0,43.96,5937.0,4.558,0.83,CANDIDATE,7287677
17.99562529,0.871,1068.0,28.98,1.2379,12.1,701.0,57.21,5999.0,4.494,0.959,CANDIDATE,7692248
63.095068,9.485,496.8,11.67,1.05,11.4,573.0,25.4,6622.0,4.331,1.325,CANDIDATE,6691169
21.7203362,4.252,87.8,0.8,0.311,12.0,594.0,29.45,5528.0,4.499,0.853,CANDIDATE,8280511
1.97650073,1.788,112.5,0.97,0.055,10.4,1394.0,892.9,5792.0,4.514,0.923,CANDIDATE,6520519
3.79892774,4.112,47.0,1.46,0.13,8.3,1869.0,2888.6,6831.0,3.971,2.106,CANDIDATE,9459162
14.7401061,5.637,238.0,1.48,0.116,10.3,750.0,74.65,5999.0,4.494,0.959,CANDIDATE,9969287
4.7309013,2.889,228.5,1.39,0.362,11.6,1065.0,303.67,5941.0,4.519,0.911,CANDIDATE,10747501
21.3761817,8.543,104.0,1.08,0.017,12.1,717.0,62.37,5984.0,4.322,1.052,CANDIDATE,10586744
6.58753699,2.043,232.1,1.51,0.132,8.2,992.0,228.36,6014.0,4.486,0.993,CANDIDATE,11970050
36.721576,7.758,538.2,1.93,0.097,10.2,498.0,14.51,5662.0,4.56,0.84,CANDIDATE,5308296
96.81647,10.227,164.7,3.19,0.034,25.9,655.0,43.39,6404.0,3.793,2.467,CANDIDATE,3122872
3.51413723,3.919,32.7,0.69,0.9353,11.2,1267.0,609.04,6201.0,4.472,0.989,CANDIDATE,9702945
4.96504981,2.212,50.7,1.51,0.655,8.7,1403.0,917.99,5339.0,3.823,2.011,CANDIDATE,11401253
1.141148847,1.629,73.1,1.67,0.062,12.7,2248.0,6008.73,5438.0,3.916,1.989,CANDIDATE,10549902
12.460565,3.903,143.9,1.1,0.015,10.2,726.0,65.72,5435.0,4.453,0.933,CANDIDATE,12416597
19.5945772,6.77,129.3,1.18,0.389,8.8,724.0,64.98,6118.0,4.416,1.023,CANDIDATE,11135694
409.87844,10.58,647.1,2.72,0.177,8.7,264.0,1.15,6167.0,4.444,1.064,CANDIDATE,10065053
7.08757462,3.342,187.0,1.28,0.371,11.0,955.0,197.02,6060.0,4.509,0.925,CANDIDATE,10291589
3.74318005,1.111,237.5,1.75,0.952,10.5,999.0,235.28,5207.0,4.516,0.851,CANDIDATE,10118266
5.4169303,7.512,109.5,8.17,1.055,11.3,1173.0,447.24,6355.0,4.41,1.108,CANDIDATE,5695615
31.1920226,2.849,447.8,1.65,0.11,11.6,521.0,17.43,5675.0,4.554,0.777,CANDIDATE,5651846
7.630545,3.63,364.9,2.26,0.021,11.3,1087.0,330.02,6407.0,4.358,1.179,CANDIDATE,12401132
6.6716723,2.693,154.4,1.27,0.167,10.3,1024.0,259.72,6086.0,4.435,1.021,CANDIDATE,6424561
409.38645,13.78,531.5,1.78,0.0706,10.3,197.0,0.35,4955.0,4.517,0.799,CANDIDATE,10000162
17.7662938,3.079,181.1,1.54,0.909,10.1,670.0,47.74,5724.0,4.495,0.946,CANDIDATE,7949593
11.56722589,2.507,373.7,1.29,0.242,11.5,568.0,24.64,4597.0,4.59,0.691,CANDIDATE,7098255
631.56889,14.37,789.0,3.13,0.636,20.7,237.0,0.75,6382.0,4.432,1.059,CANDIDATE,4670361
4.31724247,4.126,59.0,1.01,0.252,11.3,1332.0,743.6,5992.0,4.195,1.31,CANDIDATE,10584140
3.74099144,5.428,34.3,1.85,0.222,12.3,1733.0,2129.07,5110.0,3.611,3.231,CANDIDATE,8233326
302.779824,16.847,270.9,1.31,0.001,12.3,246.0,0.87,5734.0,4.572,0.797,CANDIDATE,4940203
94.094392,10.833,46.6,0.9,0.32,10.6,486.0,13.14,6099.0,4.193,1.308,CANDIDATE,6268648
25.3736543,2.619,372.9,1.88,0.265,10.6,653.0,42.92,6195.0,4.47,0.966,CANDIDATE,10935993
10.08535311,1.75,222.5,1.45,0.532,10.7,843.0,119.67,5947.0,4.487,0.945,CANDIDATE,5257082
10.2856373,3.043,134.9,1.24,0.378,10.4,864.0,131.91,5841.0,4.409,1.06,CANDIDATE,8628665
393.95608,13.89,482.2,2.27,0.614,10.3,263.0,1.14,6217.0,4.472,0.989,CANDIDATE,5881307
34.7496038,4.548,227.1,3.51,0.984,11.4,702.0,57.44,5849.0,4.076,1.601,CANDIDATE,4645174
227.83457,21.59,155.3,2.83,0.56,13.1,449.0,9.59,6004.0,3.814,2.193,CANDIDATE,6124137
24.352541,2.782,349.1,1.52,0.505,5.8,498.0,14.52,4891.0,4.516,0.805,CANDIDATE,11657614
382.30306,8.83,225.6,4.05,0.597,9.6,400.0,6.04,5993.0,3.733,2.59,CANDIDATE,5687986
58.1263775,4.018,271.5,1.32,0.016,13.8,404.0,6.28,5413.0,4.579,0.82,CANDIDATE,11125797
3.80675878,2.092,231.9,2.75,0.26,10.4,1574.0,1449.04,6068.0,4.04,1.797,CANDIDATE,6543893
34.1086562,6.405,133.8,1.95,0.318,11.7,739.0,70.4,6144.0,4.106,1.668,CANDIDATE,6705026
10.0100312,1.35,375.8,0.99,0.07,12.4,506.0,15.56,4338.0,4.731,0.508,CANDIDATE,5553959
12.67143692,2.498,215.8,0.76,0.047,13.7,404.0,6.31,3705.0,4.721,0.529,CANDIDATE,5384713
60.32668824,1.6864,3146.7,4.98,0.974,57.0,240.0,0.79,3705.0,4.721,0.529,CANDIDATE,5384713
2.63595435,1.309,93.7,0.5,0.005,9.2,682.0,51.07,3705.0,4.721,0.529,CANDIDATE,5384713
5.3360574,3.877,54.7,1.52,0.006,7.0,1667.0,1823.9,6742.0,3.925,2.032,CANDIDATE,6451368
10.54841329,1.872,102.9,3.89,1.017,11.7,899.0,154.84,6047.0,4.387,1.092,CANDIDATE,8644365
133.6348207,1.584,420.9,1.89,0.438,10.8,317.0,2.38,5202.0,4.434,0.918,CANDIDATE,5888187
32.510844,3.254,361.9,2.62,0.421,12.6,680.0,50.56,6074.0,4.244,1.358,CANDIDATE,3348216
10.90752977,2.764,186.0,1.58,0.147,11.8,955.0,196.51,6414.0,4.377,1.147,CANDIDATE,10793576
10.5226374,3.864,68.9,1.08,0.806,8.9,976.0,213.96,6327.0,4.327,1.175,CANDIDATE,7047922
494.485085,3.905,385.3,5.03,0.017,13.9,379.0,4.88,6303.0,3.774,2.553,CANDIDATE,5894182
14.0545718,4.066,274.3,1.45,0.121,11.6,711.0,60.49,5783.0,4.539,0.88,CANDIDATE,6947668
6.86674226,4.216,47.2,0.79,0.405,12.3,1018.0,254.1,5914.0,4.396,1.135,CANDIDATE,10290666
29.7681831,9.425,159.9,3.98,0.739,13.2,917.0,167.51,5640.0,3.679,2.916,CANDIDATE,3848966
36.7662364,3.305,579.5,1.28,0.164,12.6,336.0,3.02,4342.0,4.699,0.54,CANDIDATE,9452897
2.53742164,1.563,104.5,0.93,0.285,12.8,1220.0,525.68,5447.0,4.481,0.917,CANDIDATE,6209677
62.596544,11.477,223.1,2.25,0.246,15.5,559.0,23.01,5934.0,4.173,1.509,CANDIDATE,9664276
15.5764061,5.382,257.1,1.79,0.565,14.1,793.0,93.42,6214.0,4.442,1.076,CANDIDATE,7748487
10.00506974,3.481,143.3,1.11,0.148,11.4,849.0,122.48,5912.0,4.453,0.924,CANDIDATE,3219037
36.2580749,5.917,380.3,1.82,0.786,12.5,516.0,16.7,5818.0,4.554,0.848,CANDIDATE,5710069
12.4326997,7.81,240.3,1.88,0.212,11.5,839.0,117.17,5480.0,4.22,1.229,CANDIDATE,9967009
30.9902997,9.454,321.5,2.21,0.397,10.7,619.0,34.68,5480.0,4.22,1.229,CANDIDATE,9967009
35.8754482,3.972,366.7,2.35,0.026,12.6,668.0,47.15,6559.0,4.357,1.218,CANDIDATE,6200810
4.32710579,3.872,84.1,3.58,0.025,9.5,2004.0,3805.87,5745.0,3.499,3.955,CANDIDATE,3561464
60.532988,7.086,467.5,1.91,0.618,23.8,420.0,7.36,5631.0,4.557,0.847,CANDIDATE,4844470
15.0617835,6.31,196.6,1.61,0.114,12.1,794.0,94.08,5806.0,4.321,1.158,CANDIDATE,9995771
17.9559673,6.237,137.0,1.96,0.979,11.9,750.0,74.61,5641.0,4.258,1.195,CANDIDATE,9966219
2.69339974,1.936,147.5,1.04,0.279,8.7,1151.0,415.96,5355.0,4.511,0.863,CANDIDATE,6231721
10.43003118,2.029,120.0,1.14,0.283,10.6,906.0,159.58,6277.0,4.449,1.031,CANDIDATE,9536108
27.63714708,1.7277,735.5,6.96,0.669,27.4,816.0,104.6,5214.0,3.766,2.427,CANDIDATE,8905246
50.563697,5.381,50.5,1.57,0.779,6.8,761.0,79.36,6759.0,4.018,2.022,CANDIDATE,5460434
65.427645,9.404,319.0,1.65,0.004,15.6,453.0,9.94,6014.0,4.504,0.926,CANDIDATE,11922778
369.069345,5.832,945.9,3.07,0.929,11.7,197.0,0.35,4855.0,4.542,0.778,CANDIDATE,2975770
11.16622885,3.389,353.9,1.56,0.176,13.6,725.0,65.16,5552.0,4.562,0.836,CANDIDATE,7692093
23.1334494,3.602,456.3,2.55,0.954,21.6,638.0,39.2,5712.0,4.382,0.932,CANDIDATE,7772914
8.9539656,4.898,70.4,0.84,0.656,12.2,923.0,171.51,6168.0,4.452,0.947,CANDIDATE,3529290
13.7281373,5.304,106.6,1.06,0.748,15.4,800.0,97.06,6168.0,4.452,0.947,CANDIDATE,3529290
26.83771808,1.6162,8512.0,12.68,0.917,101.4,658.0,44.22,6194.0,4.445,1.069,CANDIDATE,6025124
3.53105835,1.778,310.8,10.61,1.213,11.7,558.0,22.83,3638.0,4.844,0.42,CANDIDATE,5531953
6.32589574,1.383,192.5,1.14,0.181,8.8,901.0,156.27,5749.0,4.568,0.818,CANDIDATE,6277410
11.9378354,4.652,246.0,1.15,0.036,9.6,671.0,47.91,5469.0,4.611,0.738,CANDIDATE,9843517
32.715906,10.79,135.7,3.68,0.25,13.1,902.0,156.74,5527.0,3.627,3.192,CANDIDATE,8812045
82.331756,8.664,283.2,2.08,0.027,11.9,474.0,11.96,5997.0,4.304,1.242,CANDIDATE,3101923
27.0965146,8.42,208.4,2.13,0.769,16.4,700.0,56.79,5775.0,4.193,1.352,CANDIDATE,5621333
11.5474983,6.684,115.5,1.48,0.495,12.3,930.0,176.97,5775.0,4.193,1.352,CANDIDATE,5621333
83.2664103,2.813,620.0,2.89,0.029,10.9,439.0,8.78,5538.0,4.266,1.18,CANDIDATE,3236705
11.8237228,8.518,212.7,1.25,0.698,14.2,703.0,57.62,5559.0,4.578,0.803,CANDIDATE,2849140
19.0689513,12.462,169.3,1.63,0.98,19.1,627.0,36.63,5418.0,4.436,0.889,CANDIDATE,8121328
6.2253374,4.388,108.6,1.92,0.692,11.8,1378.0,851.73,6263.0,4.024,1.726,CANDIDATE,6043538
12.5014905,3.882,220.1,2.24,0.43,10.8,952.0,194.3,5821.0,4.127,1.492,CANDIDATE,7289338
40.6511021,11.282,136.4,1.7,0.682,17.3,651.0,42.54,6297.0,4.26,1.369,CANDIDATE,5004909
89.945828,2.286,335.6,3.46,0.171,6.6,509.0,15.86,5115.0,3.819,1.924,CANDIDATE,6278670
40.1454757,5.2,310.8,13.01,0.491,5.2,1640.0,1708.38,7852.0,3.159,7.162,CANDIDATE,5898983
1.048130894,5.6707,191.8,4.52,0.216,5.2,3871.0,52952.95,7673.0,3.679,3.214,CANDIDATE,5617259
17.6062701,6.134,146.2,1.72,0.923,10.4,753.0,75.96,5808.0,4.326,1.159,CANDIDATE,9474756
20.0679247,5.236,482.2,2.25,0.849,13.8,662.0,45.49,5997.0,4.522,0.904,CANDIDATE,5308663
541.92452,21.4,1504.2,3.15,0.95,18.1,144.0,0.1,4378.0,4.64,0.614,CANDIDATE,6356400
58.7701045,6.995,224.4,1.57,0.551,13.2,508.0,15.78,6158.0,4.397,1.013,CANDIDATE,5900235
6.685438,5.09,89.2,1.25,0.853,9.7,1040.0,276.02,5808.0,4.326,1.159,CANDIDATE,9474756
8.5433774,6.149,75.1,1.58,0.748,10.3,1260.0,595.97,6602.0,4.108,1.685,CANDIDATE,7517261
11.7201693,2.399,154.4,1.34,0.292,7.5,870.0,135.43,6193.0,4.434,1.067,CANDIDATE,5877292
11.5706005,3.073,211.9,1.33,0.416,9.6,771.0,83.39,5718.0,4.479,0.9,CANDIDATE,9845909
16.2953228,4.882,229.1,1.6,0.587,12.9,773.0,84.23,6187.0,4.432,1.013,CANDIDATE,9221528
8.5073512,2.266,209.5,1.38,0.223,8.9,891.0,148.86,5914.0,4.483,0.955,CANDIDATE,6106046
15.8283833,3.643,227.5,1.8,0.623,9.8,758.0,78.2,5596.0,4.298,1.145,CANDIDATE,9230021
4.7482669,4.947,35.6,1.57,0.673,12.1,1690.0,1927.62,6056.0,3.797,2.481,CANDIDATE,6058816
10.10404351,1.0022,1322.4,4.05,0.951,39.5,752.0,75.32,5530.0,4.541,0.831,CANDIDATE,4263529
13.9248005,5.016,195.2,0.9,0.021,11.2,588.0,28.27,5271.0,4.669,0.648,CANDIDATE,7697103
19.6001405,8.613,282.0,2.08,0.971,19.7,676.0,49.23,6003.0,4.507,0.932,CANDIDATE,9267996
34.08429351,1.3521,3746.0,36.05,1.28,28.7,506.0,15.46,5252.0,4.428,0.922,CANDIDATE,7093401
202.1168173,4.683,2701.2,5.8,0.906,56.3,286.0,1.59,5536.0,4.498,0.917,CANDIDATE,4820550
10.72725536,1.7541,56197.0,12.85,1.056,160.5,307.0,2.1,3324.0,5.006,0.268,CANDIDATE,11547869
2.508116,2.504,188.1,12.28,0.472,18.3,3662.0,42618.46,5096.0,2.435,8.769,CANDIDATE,6525946
16.0988294,5.686,160.2,1.14,0.017,10.9,705.0,58.53,5657.0,4.401,0.911,CANDIDATE,9973109
247.891041,18.363,956.6,4.74,0.002,34.6,367.0,4.27,6121.0,4.163,1.536,CANDIDATE,5966810
1.99469354,5.297,75.1,0.46,0.643,8.9,758.0,78.2,3799.0,4.738,0.51,CANDIDATE,6863158
164.950399,30.86,24493.0,11.23,0.724,65.7,252.0,0.95,5001.0,4.603,0.664,CANDIDATE,8308347
0.582895412,1.0528,587.5,5.87,1.011,87.0,2347.0,7152.6,6263.0,4.46,1.009,CANDIDATE,10281221
0.496069986,1.5568,128.8,10.0,0.269,22.1,6285.0,369989.68,5096.0,2.435,8.769,CANDIDATE,6525946
5.24088367,3.3656,8531.2,12.74,0.65,385.7,1320.0,716.85,6452.0,4.241,1.305,CANDIDATE,7017372
6.13074243,2.84,146.1,1.26,0.9407,9.9,916.0,166.78,5741.0,4.556,0.833,CANDIDATE,3128552
5.44085762,2.119,137.5,0.97,0.735,9.3,892.0,149.44,5519.0,4.59,0.762,CANDIDATE,6887030
6.714247798,3.3304,32213.0,14.78,0.557,145.9,809.0,100.94,5159.0,4.508,0.8,CANDIDATE,8323764
2.60720833,2.6452,3149.7,7.31,0.644,185.3,1561.0,1403.43,6366.0,4.352,1.236,CANDIDATE,5008245
17.7476059,5.066,877.0,146.63,1.25,7.6,1998.0,3768.37,8992.0,3.535,4.832,CANDIDATE,4075067
2.18565886,1.966,35.6,0.44,0.394,11.1,1087.0,329.49,4997.0,4.598,0.746,CANDIDATE,12301181
3.52364689,3.439,74.2,0.94,0.004,8.5,1330.0,739.8,6269.0,4.412,1.085,CANDIDATE,6891124
4.78850084,2.099,66.5,0.63,0.343,7.2,889.0,147.95,5208.0,4.563,0.772,CANDIDATE,9489524
141.73403059,1.5851,7736.4,10.3,0.912,157.4,329.0,2.77,5606.0,4.478,0.918,CANDIDATE,7813039
433.220461,2.725,725.1,2.07,0.178,9.5,203.0,0.4,5232.0,4.519,0.777,CANDIDATE,6531617
18.2572722,3.434,157.5,0.94,0.412,17.3,547.0,21.16,5014.0,4.559,0.756,CANDIDATE,4164922
2.38920105,3.15,,,,,,752.42,,,,CANDIDATE,8365739
288.3128666,5.419,11181.0,13.21,0.525,96.8,300.0,1.93,5672.0,4.252,1.22,CANDIDATE,8827930
106.18732,10.29,266.1,231.85,0.027,8.6,2660.0,11829.18,3287.0,0.114,152.969,CANDIDATE,6790592
9.74765878,2.62,102.0,0.78,0.658,11.6,679.0,50.3,5176.0,4.612,0.738,CANDIDATE,6508221
309.89103,16.4,321.3,2.15,0.569,10.7,314.0,2.3,6450.0,4.386,1.155,CANDIDATE,6952971
1.803697292,1.5922,69.7,1.0,0.405,25.8,1783.0,2385.75,6438.0,4.33,1.166,CANDIDATE,4147444
1.013774136,1.2774,33878.0,18.59,1.161,166.8,827.0,110.51,3644.0,4.871,0.389,CANDIDATE,5769943
290.1401717,2.1583,4836.0,11.58,0.935,69.1,304.0,2.02,5631.0,4.212,1.263,CANDIDATE,4638237
1.72110057,1.922,29.7,0.7,0.767,9.3,1607.0,1575.2,5700.0,4.327,1.176,CANDIDATE,12154526
4.7425521,1.11,3583.0,7.27,0.851,10.9,1159.0,426.49,6161.0,4.454,1.053,CANDIDATE,6507433
47.1096306,5.741,752.2,78.98,1.23,35.1,751.0,75.4,5258.0,3.597,2.78,CANDIDATE,8765560
18.577903,20.11,99.8,1.36,0.105,6.6,879.0,140.97,6432.0,4.207,1.345,CANDIDATE,8780959
0.968026356,0.7143,212.7,1.78,0.055,32.6,2167.0,5205.91,6469.0,4.385,1.193,CANDIDATE,5008501
10.57910009,1.4553,329.3,2.03,0.404,17.9,929.0,175.79,6323.0,4.418,1.093,CANDIDATE,5184709
5.0263815,4.384,77.2,0.84,0.185,8.5,1065.0,305.12,5783.0,4.418,0.962,CANDIDATE,7778664
6.68231249,3.251,48.7,2.09,0.892,12.3,1350.0,784.74,5343.0,3.764,2.506,CANDIDATE,5211199
66.119119,3.086,862.0,3.0,0.256,9.8,452.0,9.89,5828.0,4.462,1.028,CANDIDATE,7834712
0.982090079,1.44892,5396.7,29.95,1.278,304.1,1568.0,1426.18,5472.0,4.573,0.742,CANDIDATE,9574614
0.66682654,0.7847,511.6,1.49,0.856,33.4,1183.0,461.55,3993.0,4.696,0.554,CANDIDATE,8189801
1.38680229,1.7065,242.3,29.33,1.115,84.4,2530.0,9703.01,6823.0,4.04,2.037,CANDIDATE,10028352
12.89623554,2.625,426.6,2.55,0.973,32.9,783.0,89.02,6072.0,4.51,0.923,CANDIDATE,10917681
2.52443998,2.369,45.8,1.53,0.232,10.6,2145.0,4998.98,6461.0,3.846,2.225,CANDIDATE,7134626
0.5374094,1.2039,94.2,0.96,0.17,21.9,2208.0,5646.82,5749.0,4.457,0.988,CANDIDATE,11246161
1.570592397,0.623,214.4,1.37,0.031,29.7,1480.0,1135.98,5519.0,4.431,0.921,CANDIDATE,10352333
6.422943288,1.0815,261.4,1.66,0.198,30.6,1034.0,269.8,6102.0,4.447,1.016,CANDIDATE,12253474
1.306984786,1.194,302.1,18.33,1.144,38.4,1754.0,2230.29,6102.0,4.457,1.026,CANDIDATE,3764879
3.11141514,3.074,28.4,0.7,0.46,8.3,1530.0,1296.58,6450.0,4.297,1.273,CANDIDATE,7601665
0.352515897,1.0525,168.2,1.0,0.26,38.0,2194.0,5534.14,5465.0,4.598,0.766,CANDIDATE,9149789
0.339069751,1.1516,53.2,2.09,0.958,38.2,3653.0,41863.05,5653.0,3.846,2.183,CANDIDATE,7051984
0.619023176,1.496,77.9,0.79,0.387,8.9,1885.0,2985.06,5395.0,4.536,0.891,CANDIDATE,7613620
120.00336404,3.3803,39596.0,15.08,0.78,131.1,240.0,0.78,4315.0,4.627,0.668,CANDIDATE,3345675
141.608555,7.685,1263.1,2.98,0.399,43.3,290.0,1.68,5083.0,4.512,0.844,CANDIDATE,4947556
3.6092231,2.8,52.4,0.68,0.364,4.4,1192.0,477.0,6032.0,4.508,0.929,CANDIDATE,7287028
11.4927112,7.764,291.5,25.01,1.212,18.7,858.0,127.97,6198.0,4.464,1.005,CANDIDATE,8376848
172.820248,7.343,549.3,2.22,0.249,10.6,338.0,3.08,6174.0,4.499,0.939,CANDIDATE,7300182
20.1890396,6.251,112.1,1.39,0.541,15.0,794.0,93.89,6178.0,4.269,1.267,CANDIDATE,9904006
7.3812344,2.802,104.5,1.0,0.687,8.6,944.0,187.24,6072.0,4.51,0.923,CANDIDATE,7366501
173.92851338,2.64,,,,,,,,,,CANDIDATE,7296438
305.0762469,6.255,4042.8,7.82,0.695,113.4,284.0,1.53,5716.0,4.348,1.155,CANDIDATE,9425139
3.76565247,1.557,92.4,0.87,0.535,9.1,1108.0,356.3,5815.0,4.54,0.877,CANDIDATE,7367164
10.5994606,9.484,128.8,1.28,0.671,11.2,896.0,152.67,6194.0,4.445,1.069,CANDIDATE,7671950
0.592243731,1.386,3992.4,6.77,0.986,303.8,1551.0,1361.22,4920.0,4.664,0.591,CANDIDATE,9084778
399.37587,21.25,552.2,3.93,0.556,11.9,326.0,2.66,6098.0,4.069,1.618,CANDIDATE,7747103
41.88970036,1.35,1304.4,32.16,1.285,20.9,515.0,16.66,5952.0,4.519,0.907,CANDIDATE,10674871
1.236866732,1.242,187.2,1.75,0.982,14.2,1569.0,1439.3,5621.0,4.514,0.879,CANDIDATE,11518201
1.332035996,1.391,136.8,0.85,0.137,12.6,1365.0,823.09,5376.0,4.616,0.73,CANDIDATE,9758032
0.716531851,0.655,78.9,1.11,0.887,17.9,2034.0,4063.57,5552.0,4.349,1.03,CANDIDATE,6974658
5.47715718,1.3849,568.4,2.17,0.244,16.7,892.0,149.23,5029.0,4.429,0.93,CANDIDATE,9634821
7.57299816,2.645,30.2,0.53,0.411,10.9,875.0,138.36,5495.0,4.442,0.961,CANDIDATE,9602613
4.64490141,2.456,106.4,0.76,0.058,11.7,832.0,113.62,4786.0,4.54,0.77,CANDIDATE,10904004
9.3210841,1.81,294.2,0.61,0.0815,6.1,394.0,5.67,3773.0,4.925,0.35,CANDIDATE,9605552
7.55842923,2.91,361.1,1.46,0.619,10.3,694.0,54.85,4791.0,4.577,0.742,CANDIDATE,2715695
43.681309,12.37,258.0,1.33,0.257,9.8,473.0,11.86,5726.0,4.564,0.829,CANDIDATE,5283728
230.180357,13.436,3689.3,7.57,0.102,64.0,347.0,3.41,6313.0,4.364,1.246,CANDIDATE,5374838
55.7583803,2.497,132.7,1.59,0.01,9.0,537.0,19.6,5413.0,4.107,1.403,CANDIDATE,6366559
3.781123,8.15,90.4,1.16,0.004,9.0,1421.0,962.72,6318.0,4.247,1.216,CANDIDATE,6367663
220.720142,8.186,862.5,2.0,0.113,12.0,235.0,0.72,5150.0,4.634,0.696,CANDIDATE,6368905
281.5921577,5.673,9312.0,7.22,0.641,76.0,225.0,0.61,5330.0,4.627,0.713,CANDIDATE,6372194
103.722152,6.061,296.9,1.95,0.017,9.4,414.0,6.92,5784.0,4.33,1.143,CANDIDATE,6387557
32.5474295,6.945,157.1,1.42,0.709,11.3,618.0,34.42,6068.0,4.384,1.061,CANDIDATE,5294945
411.8969,6.203,502.8,2.61,0.4026,8.5,279.0,1.43,6362.0,4.408,1.144,CANDIDATE,3968809
127.671711,2.637,450.1,5.52,0.2999,8.0,519.0,17.13,4985.0,3.534,2.633,CANDIDATE,3974928
115.23145073,2.01,,,,,,,,,,CANDIDATE,4063943
349.58811,5.052,373.3,134.79,0.1899,11.6,1351.0,787.87,3860.0,0.949,74.32,CANDIDATE,4071638
1.680254289,12.585,51633.0,30.88,0.7314,178.7,1996.0,3753.6,6423.0,4.121,1.246,CANDIDATE,5390913
151.13008,3.49,358.0,4.41,0.0529,4.6,578.0,26.4,6768.0,3.844,2.302,CANDIDATE,5394585
258.63797782,7.11,,,,,,,,,,CANDIDATE,5425643
628.15844,12.144,502.3,0.95,0.2733,14.7,101.0,0.03,3697.0,4.829,0.423,CANDIDATE,5428199
263.90141,4.303,807.1,23.91,0.9585,11.0,562.0,23.6,5094.0,3.126,6.247,CANDIDATE,6425377
18.7821603,5.573,77.2,0.83,0.1986,9.8,681.0,50.97,5919.0,4.488,0.94,CANDIDATE,6442735
389.316341,5.49,2599.8,27.61,1.202,34.7,245.0,0.86,5731.0,4.44,0.958,CANDIDATE,6443093
3.98916186,1.913,318.0,28.1,0.08,16.3,3293.0,27838.74,4998.0,2.524,16.187,CANDIDATE,6509282
190.800788,8.082,287.6,1.67,0.066,13.0,321.0,2.51,5993.0,4.489,0.986,CANDIDATE,6697817
29.6094263,2.71,224.9,2.87,0.719,10.8,789.0,91.56,6079.0,4.059,1.783,CANDIDATE,4135912
161.537665,2.65,101.8,1.37,0.2175,5.9,400.0,6.04,6033.0,4.218,1.358,CANDIDATE,4150972
209.967521,2.585,120.0,1.16,0.2723,7.1,344.0,3.29,6437.0,4.439,1.042,CANDIDATE,5436455
369.73011,14.27,274.8,1.66,0.1236,9.6,274.0,1.34,6283.0,4.453,0.999,CANDIDATE,5439000
21.3684341,1.18,492.8,1.72,0.063,9.7,551.0,21.86,5204.0,4.515,0.786,CANDIDATE,5443320
29.5632952,1.562,532.8,1.9,0.154,10.4,527.0,18.23,5595.0,4.562,0.828,CANDIDATE,6511182
181.81214,16.164,474.6,2.04,0.3694,21.3,324.0,2.6,6060.0,4.509,0.925,CANDIDATE,6517064
435.50635,34.16,553.8,2.06,0.1452,8.2,225.0,0.61,5750.0,4.538,0.882,CANDIDATE,6517200
525.560452,2.327,1196.0,12.74,0.0878,10.9,359.0,3.92,4954.0,3.408,3.796,CANDIDATE,6517255
95.688682,6.465,453.8,28.41,0.5497,9.8,1046.0,283.07,5040.0,2.681,13.056,CANDIDATE,1164301
38.168652,5.086,90.6,1.4,0.0283,8.3,696.0,55.36,6164.0,4.117,1.465,CANDIDATE,1429589
69.089357,6.207,475.1,1.47,0.051,8.6,332.0,2.87,4848.0,4.581,0.698,CANDIDATE,1865864
40.9882124,3.599,145.8,1.44,0.2697,11.3,657.0,43.98,6705.0,4.328,1.174,CANDIDATE,4164511
138.333748,2.391,603.6,6.28,0.4579,8.4,488.0,13.45,4948.0,3.588,2.547,CANDIDATE,4241238
22.4932751,3.172,152.0,6.04,0.1313,11.2,1183.0,463.56,5186.0,3.273,4.98,CANDIDATE,5524229
215.732414,1.915,208.2,1.26,0.4046,7.3,292.0,1.72,5790.0,4.479,0.856,CANDIDATE,5529385
8.0906952,2.648,82.4,0.8,0.151,8.1,811.0,102.43,5374.0,4.495,0.902,CANDIDATE,6543192
188.954072,14.17,166.5,2.46,0.014,10.9,468.0,11.36,6392.0,3.967,1.899,CANDIDATE,6594945
579.81521,5.43,607.0,2.71,0.8425,7.9,218.0,0.53,5822.0,4.449,0.969,CANDIDATE,2019199
19.12788374,2.0,,,,,,,,,,CANDIDATE,2158460
493.74242,5.685,506.1,7.15,0.2377,12.4,358.0,3.9,5015.0,3.429,3.243,CANDIDATE,4346339
9.942228056,2.45451,31067.9,22.15,0.93,1073.3,740.0,70.93,5268.0,4.475,0.843,CANDIDATE,6634112
22.2903562,1.623,130.4,1.13,0.028,8.1,632.0,37.67,5597.0,4.418,1.0,CANDIDATE,6675757
55.180772,9.791,474.6,2.37,0.306,11.5,531.0,18.79,6306.0,4.426,1.076,CANDIDATE,2310993
84.6405853,2.657,784.0,1.72,0.2541,8.2,271.0,1.27,4386.0,4.629,0.63,CANDIDATE,2437653
15.2024426,8.11,834.0,113.97,0.324,4.0,2955.0,18026.22,3984.0,1.461,41.367,CANDIDATE,2555080
110.089267,1.575,1018.0,2.4,0.2852,5.6,322.0,2.54,5465.0,4.6,0.75,CANDIDATE,4471313
219.931324,4.818,641.0,2.3,0.307,7.1,279.0,1.43,5557.0,4.5,0.912,CANDIDATE,4478142
385.29212,19.417,218.5,1.57,0.0118,15.1,290.0,1.68,6440.0,4.355,1.053,CANDIDATE,4484179
455.195496,3.565,293.6,2.09,0.054,8.0,290.0,1.67,6478.0,4.29,1.209,CANDIDATE,5650930
50.55398,6.159,199.7,0.94,0.1379,7.9,367.0,4.29,4895.0,4.609,0.687,CANDIDATE,5697395
200.2350497,23.612,10812.1,10.99,0.674,220.6,325.0,2.63,6108.0,4.471,0.997,CANDIDATE,6805414
31.5034587,3.315,210.6,1.17,0.053,8.6,484.0,13.02,5269.0,4.567,0.823,CANDIDATE,6869373
22.2381062,2.68,104.2,1.09,0.288,7.1,702.0,57.27,6192.0,4.433,1.055,CANDIDATE,6875342
20.5477769,4.634,253.8,1.67,0.028,12.1,690.0,53.65,5922.0,4.429,1.057,CANDIDATE,6879183
180.4118581,3.29,4268.0,8.86,0.953,33.2,329.0,2.77,6032.0,4.485,0.973,CANDIDATE,4566848
392.47291,7.867,345.6,5.46,0.761,12.2,442.0,9.04,6626.0,3.728,2.704,CANDIDATE,5734702
581.729006,6.647,186.7,2.74,0.2236,8.6,308.0,2.12,5765.0,3.837,2.005,CANDIDATE,2861298
56.001782,1.706,125.2,1.54,0.5045,7.2,584.0,27.51,6116.0,4.178,1.332,CANDIDATE,4737848
69.932459,2.03,264.4,8.25,0.0356,8.4,812.0,102.62,5207.0,3.298,5.183,CANDIDATE,4750962
535.93723,11.85,337.2,1.83,0.5968,8.8,227.0,0.63,6014.0,4.494,0.958,CANDIDATE,5793275
313.051405,10.969,594.9,2.91,0.2093,39.5,310.0,2.2,6218.0,4.322,1.185,CANDIDATE,5857656
18.9828305,6.303,49.1,0.72,0.021,9.6,707.0,59.15,5962.0,4.443,1.035,CANDIDATE,5859725
357.437578,15.903,272.3,3.13,0.1427,13.6,422.0,7.53,7610.0,4.127,1.862,CANDIDATE,6719052
215.634356,15.097,148.0,1.92,0.002,12.3,404.0,6.28,6163.0,4.06,1.568,CANDIDATE,6721603
30.928898,3.436,203.3,8.1,0.7846,8.5,1051.0,288.95,5029.0,3.237,5.127,CANDIDATE,6756369
293.392635,3.661,518.8,6.84,0.1322,9.9,428.0,7.93,5203.0,3.489,3.055,CANDIDATE,6765563
5.43361347,1.0338,1421.0,2.09,0.234,17.9,548.0,21.27,3694.0,4.686,0.566,CANDIDATE,6776555
47.82278681,1.19,,,,,,,,,,CANDIDATE,2992634
348.96347,13.84,585.2,2.04,0.6924,11.8,198.0,0.36,4823.0,4.564,0.792,CANDIDATE,3001955
59.4037839,10.041,123.5,1.65,0.94,17.0,570.0,24.93,6373.0,4.256,1.209,CANDIDATE,3101178
43.581043,6.883,348.7,1.94,0.277,8.7,558.0,22.89,6225.0,4.45,1.031,CANDIDATE,3239171
327.063,8.06,1006.0,2.82,0.3983,8.8,248.0,0.89,5750.0,4.538,0.882,CANDIDATE,4761427
651.07431,5.603,153.7,1.55,0.0343,7.1,234.0,0.71,5696.0,4.218,1.261,CANDIDATE,4770798
49.1782244,5.8,449.0,1.79,0.315,9.4,468.0,11.32,5674.0,4.473,0.839,CANDIDATE,4813750
271.790292,2.944,318.4,2.38,0.0142,8.1,354.0,3.72,6484.0,4.258,1.32,CANDIDATE,4833409
3.5645249,2.062,53.9,0.6,0.188,8.0,1029.0,265.37,5435.0,4.578,0.824,CANDIDATE,5946568
48.2455501,1.375,60.5,0.64,0.3106,5.0,449.0,9.61,5441.0,4.481,0.827,CANDIDATE,5954894
377.311149,3.33,804.0,2.56,0.3818,8.3,243.0,0.83,5897.0,4.531,0.891,CANDIDATE,5965629
265.741374,18.078,273.4,3.24,0.652,21.6,413.0,6.9,6537.0,4.044,1.859,CANDIDATE,6934045
470.65357,3.458,985.0,2.99,0.1585,8.3,238.0,0.75,6039.0,4.493,0.951,CANDIDATE,6939913
15.18575582,0.633,256.7,2.26,0.474,11.8,922.0,170.46,6311.0,4.207,1.339,CANDIDATE,7009548
59.14382117,1.74,,,,,,,,,,CANDIDATE,3242039
26.092284,6.623,122.4,1.35,0.068,12.2,717.0,62.57,6346.0,4.362,1.214,CANDIDATE,3340165
47.0628978,1.545,1647.0,4.1,0.819,14.5,483.0,12.9,5838.0,4.529,0.897,CANDIDATE,3355104
100.345648,7.939,372.3,1.57,0.54,15.2,325.0,2.62,5180.0,4.548,0.8,CANDIDATE,4912650
111.187116,3.569,110.8,1.51,0.8164,7.3,440.0,8.86,5806.0,4.168,1.281,CANDIDATE,4914221
27.765596,19.49,147.6,1.2,0.069,14.2,605.0,31.66,5897.0,4.476,0.999,CANDIDATE,5981058
367.6758,23.5,699.5,2.77,0.0213,14.0,271.0,1.27,6140.0,4.455,1.048,CANDIDATE,6021840
354.21154,18.594,821.3,8.41,0.2007,22.0,363.0,4.12,4842.0,3.562,3.035,CANDIDATE,6023571
171.028691,11.784,394.2,2.49,0.26,13.1,376.0,4.72,6123.0,4.332,1.252,CANDIDATE,6025174
624.90338,12.169,249.0,2.77,0.0703,10.6,320.0,2.48,7089.0,4.148,1.729,CANDIDATE,3356156
25.5338535,2.076,368.0,1.18,0.1577,8.3,410.0,6.66,4445.0,4.63,0.635,CANDIDATE,3425363
339.18998,5.117,822.0,2.75,0.2222,7.6,253.0,0.96,5544.0,4.402,0.966,CANDIDATE,3428127
349.73652,3.428,886.0,2.32,0.0074,6.0,216.0,0.52,5310.0,4.582,0.796,CANDIDATE,3441795
436.18813,11.35,118.0,1.64,0.0998,8.7,331.0,2.84,6499.0,4.084,1.497,CANDIDATE,4915582
21.1579573,4.706,215.9,1.63,0.775,10.2,682.0,51.22,6063.0,4.476,1.012,CANDIDATE,4918303
169.330666,2.6,532.7,16.68,0.5518,9.7,698.0,56.11,5106.0,3.006,7.052,CANDIDATE,4940376
249.35154,13.76,1637.0,4.42,0.2745,8.2,289.0,1.65,5780.0,4.438,1.0,CANDIDATE,6034379
371.56492,14.736,375.5,1.89,0.2626,16.2,259.0,1.06,5735.0,4.351,0.972,CANDIDATE,6034834
546.53309,16.04,758.0,1.03,0.6074,12.3,94.0,0.02,3434.0,4.892,0.36,CANDIDATE,6036286
364.63189,22.93,302.8,2.06,0.4524,13.3,298.0,1.86,6446.0,4.381,1.155,CANDIDATE,6038152
330.738115,4.998,333.3,4.42,0.154,8.7,375.0,4.7,5458.0,3.755,2.453,CANDIDATE,6043490
78.876125,4.912,472.3,2.03,0.2209,8.1,427.0,7.86,6046.0,4.509,0.927,CANDIDATE,6045404
444.04257,10.9,417.4,1.48,0.062,7.4,211.0,0.47,5776.0,4.622,0.726,CANDIDATE,3540873
211.330867,4.66,531.0,2.09,0.055,7.5,300.0,1.92,5941.0,4.519,0.911,CANDIDATE,3548645
105.5904748,2.188,292.4,8.16,0.743,9.5,670.0,47.59,4869.0,3.193,4.383,CANDIDATE,4953262
550.86514,14.548,346.5,2.06,0.027,20.8,238.0,0.76,5912.0,4.367,1.115,CANDIDATE,6067545
380.39474,10.775,603.0,1.84,0.1094,8.6,224.0,0.6,5772.0,4.608,0.745,CANDIDATE,6115356
12.5747207,2.896,323.3,1.45,0.588,10.5,693.0,54.46,5654.0,4.59,0.774,CANDIDATE,3553900
33.3726538,3.663,618.4,1.95,0.038,10.1,491.0,13.7,5504.0,4.583,0.796,CANDIDATE,5027859
143.163697,4.854,390.3,20.03,0.9527,12.9,741.0,71.41,5145.0,3.05,7.653,CANDIDATE,5036052
282.0309,14.69,782.0,3.22,0.3315,11.8,315.0,2.32,6343.0,4.411,1.137,CANDIDATE,6197658
179.25465,22.35,272.4,1.35,0.1755,9.9,301.0,1.94,5692.0,4.496,0.82,CANDIDATE,6198670
65.752109,6.854,382.5,2.0,0.109,9.9,458.0,10.36,5816.0,4.432,1.03,CANDIDATE,3646449
59.9655175,1.89,310.1,1.92,0.0853,5.5,481.0,12.67,5729.0,4.372,1.105,CANDIDATE,3647097
112.951287,4.284,555.6,15.19,0.3936,7.3,783.0,88.86,5215.0,3.073,6.428,CANDIDATE,3748239
103.363691,6.012,359.1,2.0,0.5904,9.4,385.0,5.19,5762.0,4.461,1.022,CANDIDATE,3751118
276.879492,3.779,1762.0,11.67,1.045,10.4,260.0,1.08,5324.0,4.396,0.966,CANDIDATE,5094412
418.04355,10.777,481.6,13.73,0.8391,10.8,463.0,10.83,5110.0,3.184,5.469,CANDIDATE,5110453
370.05918,11.86,669.8,1.9,0.0166,8.6,206.0,0.43,5228.0,4.592,0.751,CANDIDATE,5166811
19.4534296,4.873,149.0,1.25,0.046,9.8,744.0,72.59,6372.0,4.453,1.015,CANDIDATE,6203955
232.916142,7.037,64.8,1.2,0.2313,8.5,361.0,4.02,5807.0,4.108,1.496,CANDIDATE,6266866
44.7055876,6.262,471.8,72.59,1.692,12.0,509.0,15.83,5942.0,4.506,0.938,CANDIDATE,3229150
57.3888262,3.543,344.4,1.88,0.876,11.9,406.0,6.41,5242.0,4.512,0.856,CANDIDATE,11360805
126.51457638,2.15,,,,,,,,,,CANDIDATE,3757521
14.5168151,5.796,86.0,1.82,0.607,11.7,1030.0,265.78,5934.0,3.945,1.885,CANDIDATE,3758499
359.98653,3.866,671.0,1.76,0.3719,5.6,200.0,0.38,5171.0,4.626,0.677,CANDIDATE,3834728
573.23826,2.641,470.1,6.93,0.0078,6.8,338.0,3.09,5172.0,3.534,3.264,CANDIDATE,5181299
314.765374,3.325,732.0,2.0,0.158,7.5,217.0,0.53,5228.0,4.6,0.755,CANDIDATE,5184144
438.98396,9.62,745.2,32.58,0.546,14.0,599.0,30.43,5053.0,2.77,11.706,CANDIDATE,6309307
288.07937,3.161,991.0,3.01,0.0483,7.6,269.0,1.25,5825.0,4.504,0.965,CANDIDATE,3863877
198.895864,4.193,1779.0,3.33,0.0543,13.0,264.0,1.14,5184.0,4.502,0.808,CANDIDATE,5255259
52.69092296,2.31,,,,,,,,,,CANDIDATE,6346894
37.71508287,1.8,,,,,,,,,,CANDIDATE,6347890
5.1779065,5.366,129.5,2.93,0.073,9.5,1636.0,1692.64,5921.0,3.766,2.589,CANDIDATE,6350031
474.22897,13.05,475.2,2.0,0.1936,7.2,225.0,0.6,5818.0,4.523,0.925,CANDIDATE,6359881
371.50631,8.854,992.0,2.88,0.0156,14.1,242.0,0.8,5696.0,4.491,0.924,CANDIDATE,6359929
117.26808432,2.2,,,,,,,,,,CANDIDATE,3865815
62.312419,5.561,123.0,6.15,0.3683,9.1,838.0,116.69,4999.0,3.243,5.615,CANDIDATE,3955444
426.942225,3.965,1209.0,2.32,0.2981,11.8,187.0,0.29,5126.0,4.623,0.669,CANDIDATE,9274092
83.499618,16.03,501.0,1.72,0.341,16.1,343.0,3.29,5141.0,4.526,0.773,CANDIDATE,9282853
91.507044,5.019,539.0,1.43,0.1665,12.4,302.0,1.97,5040.0,4.635,0.626,CANDIDATE,9292100
188.664098,5.179,960.0,2.02,0.2033,9.4,232.0,0.68,4788.0,4.599,0.672,CANDIDATE,9300066
75.636309,2.588,174.6,1.32,0.2749,6.0,447.0,9.45,6072.0,4.467,0.994,CANDIDATE,10186761
492.23808,12.53,676.8,2.19,0.0198,13.2,209.0,0.45,5609.0,4.546,0.854,CANDIDATE,10191449
198.6004,3.53,300.8,4.6,0.648,9.8,458.0,10.45,5357.0,3.641,2.522,CANDIDATE,10199984
5.71966537,3.938,19.1,0.82,0.1103,11.3,1479.0,1131.75,6356.0,3.985,1.865,CANDIDATE,7625138
201.621794,3.172,480.0,2.02,0.1779,6.8,309.0,2.14,5919.0,4.483,0.923,CANDIDATE,8507586
24.6777128,5.088,131.3,6.04,0.6305,9.0,1176.0,451.88,4995.0,3.118,5.058,CANDIDATE,8525101
113.05980069,19.03,,,,,,,,,,CANDIDATE,8525286
54.6957124,6.89,1096.0,3.28,0.954,12.4,405.0,6.34,5299.0,4.535,0.757,CANDIDATE,9304976
169.84787744,2.82,,,,,,,,,,CANDIDATE,9330740
284.699924,3.709,371.1,2.0,0.3145,7.6,293.0,1.74,6054.0,4.425,1.028,CANDIDATE,9334027
402.20969,5.298,472.5,10.03,0.3779,9.5,452.0,9.86,4961.0,3.131,4.649,CANDIDATE,9363944
584.55603,3.671,346.7,6.69,0.3282,10.0,354.0,3.73,5208.0,3.458,3.62,CANDIDATE,10272858
70.31252504,13.66,,,,,,,,,,CANDIDATE,10319834
69.775633,9.205,140.9,1.19,0.3519,9.7,480.0,12.52,6224.0,4.413,0.983,CANDIDATE,10339000
58.5029431,1.633,117.0,1.54,0.0062,7.0,611.0,33.01,6525.0,4.215,1.412,CANDIDATE,7625143
415.748785,3.313,463.7,3.24,0.1124,9.2,283.0,1.51,5324.0,4.027,1.534,CANDIDATE,7631138
24.1527864,4.451,78.1,0.97,0.175,9.3,701.0,57.15,6223.0,4.392,1.095,CANDIDATE,7662502
11.1734401,4.545,61.3,1.4,0.268,9.0,1279.0,632.06,7372.0,4.142,1.752,CANDIDATE,7672215
428.379308,4.066,386.6,2.0,0.7102,7.4,236.0,0.74,5574.0,4.381,0.953,CANDIDATE,7690782
392.72811,12.48,499.7,1.85,0.4505,12.0,226.0,0.62,5701.0,4.558,0.815,CANDIDATE,8547213
374.05697,22.53,961.1,2.34,0.1026,20.6,209.0,0.45,5302.0,4.595,0.771,CANDIDATE,8547537
339.633833,8.859,517.8,2.04,0.111,12.0,250.0,0.93,5823.0,4.522,0.901,CANDIDATE,8548454
140.884533,10.245,158.0,1.52,0.013,16.4,392.0,5.6,5960.0,4.306,1.213,CANDIDATE,9391817
100.494129,2.679,57.6,1.33,0.0813,6.9,523.0,17.64,6018.0,4.036,1.75,CANDIDATE,9394953
182.453195,2.721,184.0,1.26,0.0792,5.2,332.0,2.89,6164.0,4.483,0.927,CANDIDATE,9397862
383.26217,4.84,448.4,1.57,0.1407,11.0,203.0,0.4,5074.0,4.536,0.761,CANDIDATE,10387792
178.266978,5.276,1857.0,3.71,0.886,12.5,241.0,0.8,4899.0,4.624,0.713,CANDIDATE,10394802
30.9771151,3.188,125.0,4.3,0.5092,6.8,950.0,192.79,5197.0,3.453,3.784,CANDIDATE,10453009
19.11280242,1.58,,,,,,,,,,CANDIDATE,10459749
14.2673439,3.171,217.5,1.21,0.042,9.0,657.0,44.12,5475.0,4.567,0.837,CANDIDATE,7747091
360.64485255,11.19,,,,,,,,,,CANDIDATE,7757620
541.04472,12.47,181.5,1.08,0.2387,8.8,206.0,0.43,5829.0,4.575,0.802,CANDIDATE,8570210
514.271499,3.46,688.9,3.01,0.2032,9.0,258.0,1.04,6343.0,4.411,1.137,CANDIDATE,8571421
571.14302,10.06,531.3,2.22,0.5041,8.5,210.0,0.46,5751.0,4.514,0.943,CANDIDATE,8574794
540.39267,9.233,1780.0,3.63,0.3683,15.1,206.0,0.42,5693.0,4.551,0.856,CANDIDATE,8613769
190.905243,2.529,227.1,1.73,0.3708,7.4,356.0,3.81,6098.0,4.321,1.131,CANDIDATE,9417931
20.5142642,3.524,153.2,1.14,0.256,9.0,598.0,30.28,5221.0,4.422,0.936,CANDIDATE,9456887
495.854189,8.65,548.6,2.41,0.031,10.9,230.0,0.67,5613.0,4.378,1.044,CANDIDATE,10470779
318.25858,4.39,756.0,2.03,0.0281,6.0,212.0,0.48,5108.0,4.596,0.759,CANDIDATE,10487228
184.883155,3.025,304.1,2.82,0.3074,9.9,393.0,5.65,5620.0,4.036,1.621,CANDIDATE,10519727
11.006795,5.112,146.4,1.34,0.66,10.9,874.0,138.34,6091.0,4.424,1.047,CANDIDATE,10525077
177.37583,21.14,459.7,1.96,0.0539,12.4,314.0,2.29,5849.0,4.517,0.919,CANDIDATE,10535708
366.55705,11.62,582.5,2.63,0.1247,10.2,266.0,1.18,5857.0,4.403,1.1,CANDIDATE,7762153
39.42516213,2.18,,,,,,,,,,CANDIDATE,7767781
124.887214,8.599,176.5,1.78,0.752,13.3,435.0,8.48,6103.0,4.209,1.234,CANDIDATE,7770901
295.958914,4.244,464.1,2.1,0.024,17.5,265.0,1.17,5505.0,4.386,0.992,CANDIDATE,8644545
120.938669,8.818,782.1,2.32,0.011,15.0,333.0,2.91,5456.0,4.477,0.843,CANDIDATE,8644911
362.22202,14.29,52.5,0.96,0.5664,14.6,312.0,2.25,6113.0,4.168,1.277,CANDIDATE,8652997
631.99116,2.99,345.6,1.86,0.2397,7.2,210.0,0.46,5594.0,4.387,1.006,CANDIDATE,8656535
557.92882,4.788,262.2,2.97,0.1034,8.1,300.0,1.92,5553.0,3.805,1.844,CANDIDATE,9466486
77.51257,3.15,1510.0,28199.3,72.1108,5.8,702.0,57.44,5261.0,3.459,3.63,CANDIDATE,9472328
46.969389,1.944,1875.0,7.45,0.3246,7.1,638.0,39.27,5401.0,3.885,1.717,CANDIDATE,9472341
206.801125,6.6,716.0,24.34,0.6772,16.7,675.0,48.97,5048.0,2.978,8.611,CANDIDATE,9475697
14.0019064,4.257,376.1,17.96,0.9747,11.6,1646.0,1736.43,4883.0,2.783,6.502,CANDIDATE,9481235
525.757041,4.995,830.2,11.07,0.11,14.4,372.0,4.52,5277.0,3.495,3.931,CANDIDATE,10552151
313.82752,4.187,168.0,1.26,0.1103,8.7,272.0,1.28,5914.0,4.453,0.973,CANDIDATE,10552263
236.09799849,3.65,,,,,,,,,,CANDIDATE,10554421
425.593391,3.815,237.6,2.25,0.4892,6.5,278.0,1.41,5458.0,4.09,1.441,CANDIDATE,10581308
43.08410127,1.38,,,,,,,,,,CANDIDATE,7812990
237.819002,11.324,614.2,2.55,0.018,15.4,302.0,1.98,5878.0,4.424,1.035,CANDIDATE,7829836
581.87357,14.64,905.6,2.96,0.1603,12.5,218.0,0.53,5897.0,4.489,0.992,CANDIDATE,7830953
15.9961296,1.656,500.7,1.71,0.297,10.7,560.0,23.32,4949.0,4.588,0.777,CANDIDATE,7836096
213.63312404,2.54,,,,,,,,,,CANDIDATE,7881464
7.62210397,1.902,146.1,3.8,0.323,9.2,1422.0,965.88,5222.0,3.556,3.162,CANDIDATE,8715589
0.9886684,2.023,126.6,3.18,0.372,8.7,3183.0,24258.04,6456.0,3.725,2.773,CANDIDATE,8741367
14.5555096,2.07,725.0,2.03,0.528,8.1,594.0,29.45,5176.0,4.612,0.738,CANDIDATE,9532603
114.12716,1.719,974.0,2.76,0.7092,6.3,295.0,1.79,4816.0,4.508,0.823,CANDIDATE,9534832
17.0497376,3.271,478.6,45.89,0.9703,6.4,1971.0,3566.8,5039.0,2.587,14.954,CANDIDATE,9536727
2.64181261,2.127,70.0,0.59,0.608,12.7,834.0,114.08,4147.0,4.601,0.683,CANDIDATE,9575728
583.8531,5.09,491.0,1.97,0.5925,5.4,196.0,0.35,5591.0,4.559,0.86,CANDIDATE,10802364
72.782432,3.726,245.8,11.19,0.1157,8.5,924.0,172.28,5099.0,3.021,7.317,CANDIDATE,10809888
10.552241908,2.7355,954.0,1.75,0.025,12.3,485.0,13.12,4031.0,4.666,0.585,CANDIDATE,10813078
440.171272,12.217,783.5,5.97,0.956,38.0,334.0,2.96,6261.0,4.001,1.679,CANDIDATE,10850327
37.537859,6.513,269.0,1.77,0.058,8.2,583.0,27.38,6095.0,4.429,1.082,CANDIDATE,10855545
474.96952,4.58,595.0,2.44,0.5688,6.4,249.0,0.91,6287.0,4.473,0.962,CANDIDATE,10858504
74.624063,8.881,346.9,1.75,0.019,11.0,448.0,9.49,6187.0,4.499,0.937,CANDIDATE,7888863
416.9504,4.026,479.8,7.35,0.9542,6.9,377.0,4.77,5751.0,3.708,2.611,CANDIDATE,7917068
574.65297,4.37,725.0,2.28,0.5663,7.4,196.0,0.35,5596.0,4.553,0.821,CANDIDATE,8747910
21.9578446,1.038,96.6,0.78,0.1492,6.7,533.0,19.05,5192.0,4.583,0.802,CANDIDATE,8807988
373.41509,6.617,1806.0,2.55,0.0532,10.0,158.0,0.15,4236.0,4.642,0.612,CANDIDATE,8814872
107.904526,2.053,249.4,1.26,0.2415,6.1,337.0,3.05,5565.0,4.574,0.802,CANDIDATE,9579606
282.029084,4.686,312.8,2.33,0.4082,8.1,363.0,4.12,6886.0,4.305,1.287,CANDIDATE,9596820
3.1318392,1.632,159.9,1.5,0.3864,6.0,1443.0,1025.14,6070.0,4.246,1.159,CANDIDATE,10601163
207.767894,5.21,320.6,3.52,0.6973,7.7,379.0,4.85,5210.0,3.894,1.849,CANDIDATE,10618044
82.508054,3.806,351.9,14.04,0.0379,11.4,878.0,140.61,4986.0,3.01,7.733,CANDIDATE,10656842
113.083522,10.315,130.7,1.59,0.039,13.0,450.0,9.65,5903.0,4.179,1.4,CANDIDATE,10658177
381.37504,16.57,286.5,1.24,0.3515,11.8,212.0,0.48,5513.0,4.614,0.729,CANDIDATE,10663976
529.39169,10.869,319.9,4.4,0.037,12.1,319.0,2.43,5283.0,3.699,2.504,CANDIDATE,7950158
495.51899,3.592,297.6,2.94,0.6052,6.6,305.0,2.03,6043.0,4.038,1.634,CANDIDATE,8841297
388.048463,3.456,149.6,3.0,0.1973,8.3,376.0,4.71,5779.0,3.765,2.46,CANDIDATE,8868481
34.0269868,1.586,361.7,1.57,0.5682,6.2,455.0,10.15,4999.0,4.514,0.801,CANDIDATE,8888745
173.219879,1.875,239.5,2.41,0.5113,5.7,405.0,6.39,6007.0,4.158,1.518,CANDIDATE,8890417
511.882,4.822,610.0,2.56,0.5102,6.5,241.0,0.79,6141.0,4.454,1.007,CANDIDATE,9659022
96.16705,2.775,270.7,1.15,0.1194,7.2,313.0,2.26,5147.0,4.617,0.716,CANDIDATE,9674789
208.800733,1.964,594.0,2.88,0.3095,4.9,347.0,3.43,6208.0,4.372,1.168,CANDIDATE,9723746
113.71363032,2.45,,,,,,,,,,CANDIDATE,10678912
17.634272,1.387,76.7,1.69,0.1876,9.7,842.0,118.84,4885.0,3.815,1.979,CANDIDATE,10685764
208.047137,3.22,287.5,2.05,0.1884,6.9,363.0,4.12,5991.0,4.175,1.2,CANDIDATE,10737437
30.561533,2.227,585.7,1.53,0.0124,6.9,379.0,4.86,4294.0,4.609,0.664,CANDIDATE,10747162
292.09809,14.43,528.8,2.09,0.5155,11.4,267.0,1.2,5955.0,4.534,0.883,CANDIDATE,7979297
578.21623,2.707,120.6,3.54,0.3763,3.5,328.0,2.74,5166.0,3.6,3.244,CANDIDATE,8005002
56.648588,4.534,648.9,2.19,0.769,11.8,377.0,4.77,5023.0,4.565,0.782,CANDIDATE,8007174
53.554546,5.533,127.6,3.1,0.62,8.9,769.0,82.79,6039.0,3.76,2.622,CANDIDATE,8009811
119.079642,16.268,422.5,17.89,0.2275,18.0,795.0,94.61,4849.0,2.942,8.984,CANDIDATE,8016650
20.5858591,3.069,260.2,1.31,0.7233,6.6,586.0,27.85,5523.0,4.526,0.753,CANDIDATE,8915379
113.573945,3.007,249.6,3.45,0.1359,7.8,496.0,14.32,5155.0,3.768,2.233,CANDIDATE,8937555
542.91133,15.9,750.1,2.27,0.3766,13.1,199.0,0.37,5583.0,4.559,0.824,CANDIDATE,8946267
287.75613,5.487,1987.0,3.4,0.2794,6.6,215.0,0.5,4965.0,4.586,0.781,CANDIDATE,9776907
189.961729,12.46,699.9,1.93,0.1845,11.9,260.0,1.08,5335.0,4.613,0.742,CANDIDATE,9832379
202.18722766,2.77,,,,,,,,,,CANDIDATE,10865043
280.92070688,3.48,,,,,,,,,,CANDIDATE,10878117
169.415073,3.884,239.9,2.32,0.7546,9.8,413.0,6.87,6362.0,4.238,1.378,CANDIDATE,10879899
57.7749373,4.731,283.6,1.85,0.044,10.4,524.0,17.82,6277.0,4.417,1.097,CANDIDATE,10933306
502.8356901,9.97,,,,,,,,,,CANDIDATE,8040308
81.704814,1.468,297.0,1.65,0.0021,5.8,442.0,9.04,6099.0,4.421,0.95,CANDIDATE,8040457
578.21805,4.18,637.0,2.44,0.3937,5.3,223.0,0.59,6089.0,4.495,0.95,CANDIDATE,8044083
317.009388,3.013,326.9,4.03,0.2991,7.5,345.0,3.34,5066.0,3.787,2.27,CANDIDATE,8959240
482.51701,14.791,573.0,2.3,0.0846,10.3,242.0,0.8,6168.0,4.488,0.96,CANDIDATE,8971044
7.77710639,3.418,77.4,0.73,0.196,10.6,773.0,84.44,5073.0,4.481,0.851,CANDIDATE,9011877
233.64574,10.05,2268.0,5.2,0.0691,7.6,296.0,1.8,5780.0,4.438,1.0,CANDIDATE,9838582
27.285315,7.47,396.5,2.19,0.213,9.6,678.0,49.97,6304.0,4.407,1.094,CANDIDATE,9839030
445.351255,6.516,420.4,3.66,0.1716,10.6,370.0,4.43,7202.0,4.112,1.755,CANDIDATE,7018210
97.5137491,2.655,279.8,5.27,0.0922,9.1,630.0,37.25,5437.0,3.57,3.18,CANDIDATE,8076215
549.42772,6.09,719.1,2.64,0.4315,12.1,223.0,0.58,5957.0,4.498,0.971,CANDIDATE,8094942
284.666844,2.752,418.0,8.98,0.3413,5.6,486.0,13.14,5248.0,3.368,4.413,CANDIDATE,8099517
148.179343,12.733,466.6,2.52,0.102,12.5,367.0,4.29,5635.0,4.278,1.183,CANDIDATE,8105719
376.934014,4.28,382.4,2.13,0.6546,6.1,274.0,1.33,6074.0,4.369,1.034,CANDIDATE,9012244
17.168095,13.04,143.1,4.81,0.999,8.1,603.0,31.34,5053.0,3.824,1.907,CANDIDATE,9018021
403.163148,5.735,681.1,2.49,0.02,12.1,240.0,0.79,5812.0,4.504,0.963,CANDIDATE,9026007
341.557931,3.365,433.0,6.81,0.6746,9.6,393.0,5.65,5138.0,3.551,3.098,CANDIDATE,9026248
476.91977,5.07,193.6,2.49,0.5589,7.4,321.0,2.49,6282.0,4.063,1.725,CANDIDATE,9044060
9.011888,4.167,987.6,7.04,0.948,15.5,1105.0,351.97,5627.0,4.002,1.735,CANDIDATE,9047416
351.25069,3.648,1324.0,2.23,0.1777,6.5,186.0,0.28,4828.0,4.63,0.63,CANDIDATE,9851638
65.3558881,2.165,1158.0,2.61,0.4827,9.6,337.0,3.05,4703.0,4.55,0.764,CANDIDATE,9881660
39.399926,5.729,341.4,1.52,0.544,9.4,499.0,14.66,5913.0,4.581,0.795,CANDIDATE,9910043
270.1430241,6.32,,,,,,,,,,CANDIDATE,7101726
126.586058,5.41,124.9,1.54,0.799,10.5,460.0,10.54,6611.0,4.269,1.249,CANDIDATE,7125794
2.7200197,1.874,869.0,1.53,0.0078,8.5,713.0,61.08,3939.0,4.735,0.527,CANDIDATE,7130612
18.347081,2.825,1126.6,5.65,0.1988,11.6,855.0,126.14,5465.0,3.968,1.702,CANDIDATE,8125917
57.140035,5.684,1567.0,5.78,0.0783,7.2,588.0,28.34,5936.0,4.103,1.46,CANDIDATE,8129333
31.707574649,7.6771,787.3,2.96,0.923,5.5,547.0,21.1,5861.0,4.546,0.865,CANDIDATE,8158429
9.3589254,3.169,1527.0,17.37,0.184,8.9,1528.0,1288.85,5188.0,3.327,4.521,CANDIDATE,8197176
4.15472242,1.791,2243.0,23.47,0.971,19.7,2292.0,6522.18,6996.0,3.627,3.359,CANDIDATE,8197406
87.565484,2.527,396.0,2.12,0.0563,6.7,437.0,8.6,6064.0,4.429,1.069,CANDIDATE,9073549
535.1515,2.826,362.3,2.7,0.3162,8.6,258.0,1.04,5468.0,4.085,1.423,CANDIDATE,9079671
495.40462,0.63,904.0,152.21,2.3238,5.5,248.0,0.9,6225.0,4.45,1.031,CANDIDATE,9079767
353.65927,4.543,1018.0,2.58,0.247,7.5,223.0,0.58,5438.0,4.574,0.82,CANDIDATE,9087853
346.4174,9.23,662.0,2.41,0.1572,7.9,251.0,0.94,5754.0,4.49,0.946,CANDIDATE,9097470
161.651504,2.509,253.6,2.22,0.736,8.4,377.0,4.77,5725.0,4.212,1.289,CANDIDATE,9935983
376.24253,4.064,185.7,1.32,0.328,6.3,254.0,0.99,5916.0,4.463,0.96,CANDIDATE,9941136
21.7997515,4.756,109.5,1.01,0.1657,8.7,674.0,48.75,6122.0,4.487,0.964,CANDIDATE,9942658
54.595746,2.21,135.8,2.0,0.332,8.7,649.0,41.81,6014.0,3.989,1.699,CANDIDATE,7132462
585.64118,13.97,565.2,2.2,0.5274,12.5,207.0,0.43,5779.0,4.526,0.901,CANDIDATE,7186436
502.98283916,2.94,,,,,,,,,,CANDIDATE,7191523
48.8130123,1.538,702.0,2.95,0.0608,8.8,553.0,22.17,6202.0,4.395,1.11,CANDIDATE,8223445
441.61919,5.372,820.0,1.71,0.5027,7.8,152.0,0.12,4351.0,4.659,0.592,CANDIDATE,9114614
318.49078,3.012,630.0,3.01,0.4328,6.3,301.0,1.94,6026.0,4.302,1.176,CANDIDATE,9116510
362.0619,14.02,886.2,2.12,0.524,13.5,203.0,0.41,5271.0,4.636,0.698,CANDIDATE,9953491
11.374442708,2.30694,27904.9,22.86,0.978,643.6,687.0,52.84,5297.0,4.546,0.808,CANDIDATE,9962595
411.447056,3.481,285.2,2.86,0.287,7.3,342.0,3.22,6519.0,4.108,1.672,CANDIDATE,9968924
29.9371143,4.435,194.3,1.19,0.321,11.6,501.0,14.87,5115.0,4.47,0.866,CANDIDATE,9993683
651.358046,4.384,570.8,14.58,0.0946,11.0,411.0,6.75,5122.0,3.172,6.261,CANDIDATE,7198587
33.3037881,3.003,272.4,1.14,0.072,8.1,422.0,7.53,4899.0,4.624,0.713,CANDIDATE,7204233
212.60398,5.74,188.5,1.64,0.0513,7.1,337.0,3.06,5834.0,4.284,1.207,CANDIDATE,7205717
50.550788,2.353,154.5,5.0,0.632,7.9,790.0,92.03,5031.0,3.433,3.859,CANDIDATE,7206422
285.374561,4.865,482.3,5.94,0.018,13.7,423.0,7.54,5142.0,3.47,2.756,CANDIDATE,7213311
93.359737,5.397,38.3,1.05,0.0547,8.1,592.0,29.01,6809.0,4.078,1.673,CANDIDATE,8279146
122.58481,22.37,318.9,1.19,0.3468,7.6,279.0,1.43,5003.0,4.602,0.669,CANDIDATE,8294683
84.934357,3.169,129.7,1.6,0.1612,5.9,531.0,18.83,6290.0,4.156,1.395,CANDIDATE,8295087
421.98194,13.799,173.1,2.02,0.1494,15.0,334.0,2.96,6760.0,4.193,1.515,CANDIDATE,8307489
116.454312,15.826,2125.3,3.33,0.006,30.0,306.0,2.06,5197.0,4.548,0.736,CANDIDATE,9147012
397.499229,8.019,2629.7,6.57,0.5839,34.8,293.0,1.73,6423.0,4.37,1.231,CANDIDATE,9147029
24.9093027,3.8,332.6,1.32,0.679,10.4,452.0,9.9,4810.0,4.633,0.685,CANDIDATE,9157030
192.138741,3.218,151.4,1.93,0.0503,8.2,407.0,6.48,6065.0,4.098,1.569,CANDIDATE,9157523
281.95332,2.756,1039.0,2.31,0.6164,7.6,204.0,0.41,4864.0,4.628,0.692,CANDIDATE,9994381
388.67155,11.701,371.3,1.49,0.0576,10.1,210.0,0.46,5354.0,4.587,0.788,CANDIDATE,10007916
520.655224,12.94,314.9,7.58,0.2674,14.4,401.0,6.12,5227.0,3.321,4.313,CANDIDATE,7282470
369.93355,7.6,995.0,3.24,0.149,15.8,270.0,1.25,6158.0,4.453,1.024,CANDIDATE,7289139
641.60204,16.762,237.3,1.61,0.3218,10.6,230.0,0.66,6277.0,4.449,1.031,CANDIDATE,8352009
28.406342,2.598,223.6,1.41,0.2208,5.4,613.0,33.44,6085.0,4.474,0.936,CANDIDATE,8378278
264.466625,6.371,437.3,2.61,0.129,27.0,346.0,3.41,6551.0,4.337,1.236,CANDIDATE,9166700
151.77884,2.615,189.7,4.35,0.159,8.2,616.0,34.01,6328.0,3.634,3.134,CANDIDATE,9173014
113.993156,7.721,69.7,2.23,0.7026,15.6,729.0,66.64,7892.0,3.921,2.496,CANDIDATE,9178894
102.493119,2.814,636.1,2.7,0.9591,8.3,317.0,2.37,5166.0,4.583,0.791,CANDIDATE,10027861
284.94212784,3.2,,,,,,,,,,CANDIDATE,10064591
6.13292733,1.561,58.7,1.56,0.225,10.0,1379.0,854.43,5877.0,3.941,2.034,CANDIDATE,10083325
12.63063129,2.212,300.8,1.37,0.017,9.5,689.0,53.17,5579.0,4.58,0.798,CANDIDATE,10090854
286.02266,10.43,1036.0,2.03,0.3591,9.8,180.0,0.25,4368.0,4.624,0.637,CANDIDATE,10098540
7.95445779,4.6012,6269.4,9.5,0.021,228.4,1064.0,303.36,6217.0,4.306,1.196,CANDIDATE,7377343
331.70918,7.44,3463.0,6815.75,78.4871,9.5,221.0,0.56,5282.0,4.565,0.805,CANDIDATE,7383840
297.78282,18.38,392.4,1.17,0.2697,10.8,167.0,0.18,4192.0,4.657,0.59,CANDIDATE,7416016
137.396194,17.61,155.4,3.38,0.525,13.2,517.0,16.87,5425.0,3.704,2.655,CANDIDATE,7416306
365.739893,1.218,300.7,1.73,0.6206,4.7,241.0,0.8,5420.0,4.396,0.953,CANDIDATE,7416646
104.198102,3.2,652.2,5.13,0.3437,8.9,497.0,14.46,5087.0,3.759,2.024,CANDIDATE,7440715
74.833577,3.247,86.4,1.68,0.1101,6.4,590.0,28.65,5933.0,3.953,1.807,CANDIDATE,8395870
8.5852872,2.834,1406.0,3.02,0.029,11.0,777.0,85.95,5488.0,4.57,0.818,CANDIDATE,8396288
102.100752,2.009,194.2,2.63,0.492,5.2,551.0,21.84,6359.0,4.046,1.83,CANDIDATE,8415353
6.263491873,0.8513,2829.0,6.46,0.048,35.1,1180.0,458.5,6247.0,4.255,1.194,CANDIDATE,8429817
335.43143,10.3,228.1,7.12,0.4062,6.8,468.0,11.31,5172.0,3.315,4.721,CANDIDATE,8432249
558.21886,13.556,1539.4,3.1,0.022,19.1,198.0,0.36,5679.0,4.581,0.794,CANDIDATE,8439618
290.02002,23.87,172.5,1.56,0.5367,7.6,321.0,2.51,6452.0,4.384,1.148,CANDIDATE,9209981
279.21957,10.015,333.5,4.92,0.6009,10.5,395.0,5.77,5159.0,3.648,2.604,CANDIDATE,9210738
348.665961,3.849,391.2,9.56,0.0873,10.8,493.0,13.93,5183.0,3.166,4.89,CANDIDATE,9214176
222.28056,3.035,271.9,2.56,0.2151,8.0,405.0,6.37,6543.0,4.17,1.531,CANDIDATE,9217583
570.01886,3.52,428.5,1.62,0.1946,6.8,190.0,0.31,5496.0,4.579,0.79,CANDIDATE,9220614
378.93139106,14.11,,,,,,,,,,CANDIDATE,9224514
580.85326788,16.63,,,,,,,,,,CANDIDATE,9229807
7.58062893,3.484,86.1,0.97,0.382,10.9,937.0,182.01,5753.0,4.417,1.041,CANDIDATE,10146103
248.421771,4.187,704.0,18.92,0.7838,8.8,579.0,26.64,4895.0,3.008,6.428,CANDIDATE,7458743
551.22396,5.896,570.7,2.1,0.2134,17.2,206.0,0.42,5691.0,4.544,0.887,CANDIDATE,7539277
395.94327,16.09,1506.0,2.53,0.1116,14.5,172.0,0.21,4596.0,4.63,0.678,CANDIDATE,11444772
76.37924,0.645,276.3,1.73,0.7333,5.7,406.0,6.41,5451.0,4.404,0.936,CANDIDATE,11444974
58.669218,3.712,169.4,1.28,0.332,10.0,450.0,9.68,5548.0,4.433,0.986,CANDIDATE,11446961
355.84731,16.68,123.9,1.68,0.1578,9.8,354.0,3.71,6823.0,4.212,1.493,CANDIDATE,11453930
61.611129,14.96,82.9,1.29,0.364,22.0,597.0,30.02,6533.0,4.227,1.386,CANDIDATE,11456256
150.728285,2.718,213.5,1.27,0.2751,5.6,321.0,2.51,5778.0,4.544,0.871,CANDIDATE,11457664
253.790434,3.702,604.0,2.06,0.1412,6.4,253.0,0.97,5426.0,4.535,0.85,CANDIDATE,11465658
35.6606167,1.59,,,,,,,,,,CANDIDATE,11493378
587.38162,11.973,863.6,36.77,0.6822,12.8,527.0,18.29,4784.0,2.711,11.839,CANDIDATE,11513366
7.07987663,2.589,309.8,1.36,0.034,10.0,738.0,70.05,4808.0,4.521,0.806,CANDIDATE,11520114
91.240335,2.314,206.1,1.75,0.1436,5.7,494.0,14.03,6493.0,4.305,1.205,CANDIDATE,11520465
357.41382,3.675,777.0,3.01,0.1438,6.7,283.0,1.52,6233.0,4.412,1.076,CANDIDATE,11559493
359.854745,3.429,302.4,2.25,0.8071,6.1,302.0,1.97,6495.0,4.379,1.168,CANDIDATE,11598638
89.366114,3.945,494.0,1.97,0.39,6.3,391.0,5.54,5861.0,4.522,0.875,CANDIDATE,11598894
37.6259039,3.91,411.0,1.81,0.49,11.7,519.0,17.13,5874.0,4.542,0.871,CANDIDATE,11599937
100.41475198,1.72,,,,,,,,,,CANDIDATE,11600299
41.9934673,3.226,293.7,1.56,0.046,9.4,503.0,15.19,5766.0,4.498,0.915,CANDIDATE,11601425
94.67782,2.215,287.0,1.46,0.3614,5.9,353.0,3.67,5360.0,4.503,0.866,CANDIDATE,11601633
290.196139,13.698,281.0,2.35,0.017,15.7,341.0,3.2,6238.0,4.224,1.403,CANDIDATE,11601972
175.452812,2.734,141.8,3.96,0.1526,6.1,591.0,28.77,6184.0,3.58,3.304,CANDIDATE,11614808
367.07446,5.887,368.3,2.15,0.093,6.6,287.0,1.59,6315.0,4.407,1.116,CANDIDATE,11615258
366.684634,3.284,456.3,10.75,0.5294,9.1,444.0,9.18,5090.0,3.353,4.962,CANDIDATE,11615521
291.306507,2.91,1132.0,2.49,0.3377,7.1,219.0,0.54,5031.0,4.548,0.748,CANDIDATE,11616434
93.006,2.461,125.4,1.97,0.4428,6.7,503.0,15.18,5518.0,3.973,1.742,CANDIDATE,11651240
26.46288074,1.4,,,,,,,,,,CANDIDATE,11652427
20.69920737,2.17,,,,,,,,,,CANDIDATE,11674709
466.002988,10.278,2363.6,4.92,0.867,42.3,223.0,0.58,5830.0,4.54,0.876,CANDIDATE,11716643
302.77571,3.183,1106.0,1.0,0.1265,7.1,106.0,0.03,3358.0,4.944,0.303,CANDIDATE,11722217
115.19952922,2.67,,,,,,,,,,CANDIDATE,11773174
355.86134,23.39,1220.7,2.79,0.003,15.2,233.0,0.7,5736.0,4.576,0.801,CANDIDATE,11803074
236.506437,5.004,744.4,10.37,0.1474,10.6,480.0,12.54,5066.0,3.414,3.9,CANDIDATE,11807906
19.3854894,1.031,4560.0,6.13,0.0074,2.7,632.0,37.73,5432.0,4.42,0.913,CANDIDATE,11811382
416.87893121,4.45,,,,,,,,,,CANDIDATE,11818566
48.38798413,1.23,,,,,,,,,,CANDIDATE,11819396
357.588538,3.367,344.8,3.53,0.1542,7.2,420.0,7.38,7435.0,4.082,1.876,CANDIDATE,11824578
545.205601,3.296,199.7,1.66,0.3515,7.1,257.0,1.03,6273.0,4.345,1.155,CANDIDATE,11860294
105.053389,1.988,176.7,1.52,0.2199,5.8,449.0,9.61,6471.0,4.392,1.13,CANDIDATE,11868941
24.7967294,4.278,970.5,3.14,0.952,13.8,537.0,19.62,5496.0,4.592,0.776,CANDIDATE,11905398
44.7060191,0.25,292.0,60.47,1.6552,6.6,465.0,11.01,5509.0,4.482,0.811,CANDIDATE,11910670
125.277815,4.442,432.3,15.75,0.131,11.0,799.0,96.53,5119.0,2.961,7.738,CANDIDATE,11911929
27.2020672,1.811,180.3,1.87,0.223,8.7,719.0,63.31,5869.0,4.175,1.396,CANDIDATE,11923213
40.7282314,13.677,221.8,4.58,0.9828,19.4,829.0,111.83,6531.0,3.936,2.231,CANDIDATE,11959893
183.38048452,3.25,,,,,,,,,,CANDIDATE,11966643
398.51312,5.41,249.2,1.23,0.5091,5.9,222.0,0.58,5776.0,4.596,0.759,CANDIDATE,12007270
559.785594,3.496,274.8,1.88,0.411,7.3,249.0,0.92,6201.0,4.352,1.111,CANDIDATE,12009917
109.43946,3.801,187.1,1.0,0.0905,7.3,314.0,2.31,5359.0,4.611,0.741,CANDIDATE,12020376
194.25835342,3.15,,,,,,,,,,CANDIDATE,12066767
164.507439,11.428,433.8,2.15,0.3819,11.7,346.0,3.39,5866.0,4.382,1.02,CANDIDATE,12071775
370.84786,13.966,1440.0,4.03,0.8847,15.2,219.0,0.54,5291.0,4.539,0.886,CANDIDATE,12102775
73.908995,3.916,100.5,0.94,0.4947,7.0,421.0,7.44,5865.0,4.518,0.918,CANDIDATE,12105086
96.32561456,2.28,,,,,,,,,,CANDIDATE,12110901
212.646179,2.539,953.0,3.19,0.1739,5.4,321.0,2.5,6108.0,4.466,1.03,CANDIDATE,12121701
251.48808,6.8,305.0,1.74,0.8011,6.4,284.0,1.55,5979.0,4.52,0.902,CANDIDATE,12168895
32.4185265,5.154,110.7,1.62,0.7105,7.9,687.0,52.7,5622.0,4.044,1.441,CANDIDATE,12170767
19.159760875,3.10166,32491.1,25.24,1.191,900.3,424.0,7.65,4492.0,4.727,0.516,CANDIDATE,12253490
32.033211,5.289,71.3,0.85,0.007,9.2,591.0,28.78,6039.0,4.478,1.005,CANDIDATE,12300524
43.3975622,3.908,585.3,1.69,0.08,8.6,388.0,5.35,4871.0,4.608,0.725,CANDIDATE,12349560
478.79185021,4.06,,,,,,,,,,CANDIDATE,12350136
22.2659599,4.816,61.3,1.18,0.03,8.3,896.0,152.29,6888.0,4.223,1.492,CANDIDATE,10967168
199.064336,13.623,265.0,6.12,0.763,15.4,483.0,12.81,5157.0,3.541,3.436,CANDIDATE,10977671
277.114286,3.926,567.1,17.56,0.0288,10.4,605.0,31.66,5117.0,2.986,7.549,CANDIDATE,10978581
323.159363,2.427,368.6,3.41,0.0504,7.4,331.0,2.83,5251.0,3.872,1.811,CANDIDATE,10979952
21.512259,4.337,131.3,1.13,0.1017,7.1,639.0,39.45,5611.0,4.424,0.997,CANDIDATE,10989620
303.226376,1.802,1464.0,3.66,0.1097,12.7,274.0,1.33,5952.0,4.469,0.955,CANDIDATE,10991389
22.8631517,1.659,103.3,4.84,0.1918,8.5,1112.0,361.26,5043.0,3.339,4.874,CANDIDATE,12401859
97.942437,2.575,100.2,2.29,0.0071,7.8,600.0,30.59,5997.0,3.806,2.284,CANDIDATE,12402588
493.30572,5.425,404.5,1.08,0.327,7.2,149.0,0.12,4558.0,4.697,0.548,CANDIDATE,12418418
449.87203,6.539,1130.0,2.59,0.1377,10.5,199.0,0.37,5310.0,4.578,0.786,CANDIDATE,12505590
419.93373,10.29,285.0,1.82,0.4097,12.0,285.0,1.57,6686.0,4.425,1.053,CANDIDATE,12506986
322.221973,7.531,465.6,2.18,0.2141,8.9,277.0,1.4,6026.0,4.437,1.006,CANDIDATE,10991431
235.413973,3.065,1027.0,3.2,0.1095,6.9,304.0,2.03,6028.0,4.468,1.001,CANDIDATE,11021266
366.68293,3.854,1075.0,3.15,0.782,6.4,222.0,0.58,5217.0,4.462,0.869,CANDIDATE,11021676
240.57135,11.164,921.5,2.93,0.457,36.9,302.0,1.96,6146.0,4.497,0.943,CANDIDATE,11026582
217.792748,4.695,1487.0,6.15,0.926,16.6,334.0,2.94,5600.0,4.209,1.283,CANDIDATE,11036168
388.03884851,4.44,,,,,,,,,,CANDIDATE,11046723
4.76815507,2.115,61.0,0.49,0.046,9.2,761.0,79.48,4680.0,4.618,0.649,CANDIDATE,12554212
49.49059818,1.61,,,,,,,,,,CANDIDATE,12690465
364.18129,6.65,469.5,1.78,0.0594,7.0,209.0,0.45,4988.0,4.498,0.85,CANDIDATE,12734110
37.7935113,1.718,67.2,0.89,0.0794,6.9,592.0,29.06,6178.0,4.417,1.076,CANDIDATE,12735793
172.621943,4.435,788.0,26.09,0.3131,3.4,790.0,92.12,5119.0,2.795,9.343,CANDIDATE,11069681
264.708077,3.975,461.3,6.17,0.2277,6.3,425.0,7.68,5283.0,3.617,2.907,CANDIDATE,11072982
8.67237968,2.826,99.1,0.87,0.1385,12.3,825.0,109.61,5620.0,4.498,0.882,CANDIDATE,11080702
35.9216912,0.585,221.3,1.38,0.7193,5.6,468.0,11.38,5161.0,4.49,0.829,CANDIDATE,11082795
102.300622,4.473,781.2,35.36,0.9599,13.0,984.0,221.33,4895.0,2.566,9.435,CANDIDATE,11090926
359.8455,34.84,503.9,14.76,0.4022,12.3,510.0,16.01,4945.0,3.058,6.632,CANDIDATE,11097752
22.7783121,1.037,155.6,1.89,0.3499,7.3,863.0,130.87,6538.0,4.162,1.477,CANDIDATE,11098704
114.406187,4.92,1306.0,2.42,0.2729,11.4,267.0,1.21,4641.0,4.589,0.691,CANDIDATE,11100170
132.114,2.514,216.8,0.75,0.2502,5.7,217.0,0.52,4342.0,4.715,0.523,CANDIDATE,11129145
623.2344,14.448,602.8,2.04,0.0831,15.8,196.0,0.35,5600.0,4.496,0.839,CANDIDATE,11145391
46.16051579,2.37,,,,,,,,,,CANDIDATE,11145637
217.170081,4.291,937.0,109061.0,86.1724,9.5,802.0,97.62,5083.0,2.638,11.723,CANDIDATE,11147785
287.33114,12.722,406.7,2.07,0.529,19.7,266.0,1.18,5426.0,4.378,1.007,CANDIDATE,11152511
189.456089,3.077,453.0,2.2,0.2906,5.4,337.0,3.04,5991.0,4.387,1.026,CANDIDATE,11182213
230.358183,2.031,1023.0,2.87,0.4159,6.2,289.0,1.66,5803.0,4.465,0.884,CANDIDATE,11183752
211.54114,5.4,751.0,1.88,0.1723,5.3,251.0,0.94,5433.0,4.629,0.689,CANDIDATE,11191364
88.523517,7.22,828.0,1.6,0.9117,7.7,209.0,0.45,3827.0,4.782,0.462,CANDIDATE,11198419
134.35872,13.3,75.2,1.27,0.2786,16.5,499.0,14.61,6948.0,4.194,1.433,CANDIDATE,11251991
55.01469183,2.34,,,,,,,,,,CANDIDATE,11298442
198.781156,6.77,138.3,1.69,0.1924,10.3,404.0,6.33,6493.0,4.22,1.424,CANDIDATE,11305417
111.149082,2.911,394.2,1.87,0.1665,5.9,364.0,4.16,5763.0,4.511,0.948,CANDIDATE,11340218
284.87177,15.63,106.7,1.84,0.0404,10.1,401.0,6.1,6437.0,4.004,1.773,CANDIDATE,11341266
190.860818,2.823,512.0,1.84,0.4668,6.2,273.0,1.32,5463.0,4.578,0.803,CANDIDATE,11348610
374.41813,17.9,430.2,2.42,0.5723,8.9,280.0,1.44,6195.0,4.407,1.124,CANDIDATE,11351454
263.30198,2.213,377.6,2.19,0.1782,5.6,308.0,2.11,5758.0,4.277,1.132,CANDIDATE,11355925
370.31761,12.588,1885.0,2.98,0.3565,15.1,182.0,0.26,4665.0,4.584,0.701,CANDIDATE,11391512
37.959659,2.793,287.9,1.41,0.3842,6.9,484.0,12.93,5573.0,4.558,0.827,CANDIDATE,11393248
405.6296,11.26,304.3,1.4,0.4652,5.8,216.0,0.52,5583.0,4.58,0.79,CANDIDATE,11393633
11.8307724,8.791,136.0,1.16,0.592,12.4,770.0,83.17,5550.0,4.411,0.958,CANDIDATE,11407847
434.28175,8.14,663.1,1.94,0.3094,12.8,212.0,0.48,5544.0,4.529,0.75,CANDIDATE,11414368
33.814176,7.69,222.6,1.49,0.1563,8.1,589.0,28.41,6122.0,4.471,0.996,CANDIDATE,8355178
16.2957847,5.16,409.8,2.13,0.603,14.2,744.0,72.62,6063.0,4.476,1.012,CANDIDATE,8374077
28.201998,3.86,,,,,,,,,,CANDIDATE,8494783
58.92565,14.56,44.7,1.5,0.0655,5.3,809.0,101.17,7282.0,3.961,2.216,CANDIDATE,8494783
19.2405821,4.99,207.4,1.19,0.258,9.0,565.0,24.17,5031.0,4.485,0.848,CANDIDATE,8590149
28.684308,4.64,282.3,1.35,0.0138,9.1,512.0,16.27,5243.0,4.49,0.821,CANDIDATE,8590149
265.29617,4.1,608.0,2.99,0.3323,5.9,302.0,1.97,5589.0,4.27,1.218,CANDIDATE,3559935
58.940569,4.769,570.3,2.48,0.643,9.2,465.0,11.06,5819.0,4.468,0.99,CANDIDATE,3559860
14.1502311,1.503,208.1,0.74,0.013,9.3,390.0,5.44,3705.0,4.721,0.529,CANDIDATE,5384713
486.12702,9.495,120.6,1.18,0.3621,8.1,249.0,0.91,6008.0,4.373,1.062,CANDIDATE,6364582
140.24408749,5.43,,,,,,,,,,CANDIDATE,5471158
48.04066636,1.62,,,,,,,,,,CANDIDATE,10407086
12.008552,4.613,76.6,2.08,0.901,11.8,1016.0,251.93,5303.0,3.87,1.964,CANDIDATE,9947653
10.4314847,2.09,59.1,0.77,0.95,9.6,700.0,56.67,5361.0,4.588,0.774,CANDIDATE,6527078
47.5571352,1.708,339.0,1.85,0.6234,6.7,507.0,15.58,5861.0,4.436,0.958,CANDIDATE,12416597
27.2497521,11.609,102.0,4.49,0.194,14.6,1090.0,333.56,5440.0,3.404,4.524,CANDIDATE,2019477
16.9972894,2.585,225.0,3.14,0.825,11.1,956.0,197.18,5897.0,3.98,1.86,CANDIDATE,8158127
93.05654364,2.34,,,,,,,,,,CANDIDATE,2852810
88.433122,2.392,120.4,1.7,0.021,4.0,595.0,29.68,7092.0,4.176,1.525,CANDIDATE,2852810
282.34315,3.956,220.5,2.35,0.5038,3.7,404.0,6.31,7092.0,4.176,1.525,CANDIDATE,2852810
1.645319649,1.635,1082.0,2.46,0.118,11.8,1296.0,666.35,5416.0,4.603,0.756,CANDIDATE,8822421
15.3573445,1.634,117.1,1.42,0.966,9.6,729.0,66.65,5818.0,4.464,0.986,CANDIDATE,4472818
77.792718,6.08,287.9,2.17,0.576,9.1,453.0,10.0,5497.0,4.243,1.241,CANDIDATE,8934103
163.51489847,3.08,,,,,,,,,,CANDIDATE,9551430
5.288547653,3.2646,2185.3,55.28,0.93,218.9,2333.0,6999.38,4918.0,2.889,9.169,CANDIDATE,3532985
294.055263,14.32,770.0,2.8,0.0617,21.1,288.0,1.64,6108.0,4.453,1.011,CANDIDATE,10718726
126.505657,8.836,95.5,1.51,0.1855,3.7,528.0,18.42,7092.0,4.176,1.525,CANDIDATE,2852810
117.684591,2.219,134.6,1.52,0.4466,5.3,459.0,10.46,6362.0,4.248,1.279,CANDIDATE,3229028
46.245164,5.663,492.1,2.46,0.392,15.5,519.0,17.15,5553.0,4.32,1.107,CANDIDATE,5956656
9.7043379,3.515,129.0,1.19,0.07,8.6,932.0,178.46,6273.0,4.442,1.044,CANDIDATE,9093086
34.775371,2.93,38.8,0.67,0.4758,5.7,582.0,27.11,6028.0,4.459,1.047,CANDIDATE,9015738
0.306702491,0.9074,138.8,0.93,0.173,21.9,2318.0,6868.33,5310.0,4.512,0.786,CANDIDATE,7954278
12.7713826,3.347,141.8,1.26,0.374,8.0,851.0,123.93,6273.0,4.442,1.044,CANDIDATE,9093086
42.294739,34.63,254.2,140.14,1.145,25.2,1083.0,324.71,4926.0,3.02,7.849,CANDIDATE,9145861
1.444486083,1.437,980.7,1.73,0.305,12.0,1051.0,290.01,4569.0,4.686,0.559,CANDIDATE,9153823
11.6089351,2.957,199.6,46.44,1.105,8.7,1496.0,1184.51,6303.0,3.595,3.53,CANDIDATE,10089911
14.2378417,4.86,193.0,1.1,0.314,10.5,629.0,37.02,5273.0,4.566,0.801,CANDIDATE,3747817
10.8206034,2.848,116.7,1.19,0.592,7.3,885.0,145.06,6032.0,4.387,1.06,CANDIDATE,8162789
10.2090268,6.264,36.7,0.92,0.213,9.8,1058.0,296.42,6188.0,4.196,1.524,CANDIDATE,5613330
54.2916336,3.364,97.8,1.67,0.7285,7.9,665.0,46.21,6711.0,4.179,1.565,CANDIDATE,3545840
122.8054416,2.663,313.0,118.62,1.346,10.6,602.0,31.11,5874.0,3.664,3.006,CANDIDATE,3634051
37.8404232,6.408,232.6,1.76,0.211,23.7,607.0,32.14,6243.0,4.406,1.149,CANDIDATE,6975129
47.25643291,2.0,,,,,,,,,,CANDIDATE,9389245
32.0273169,5.144,161.7,1.14,0.259,8.8,525.0,17.95,5505.0,4.501,0.909,CANDIDATE,9828127
8.75630628,2.852,81.9,1.12,0.371,9.8,982.0,219.87,5839.0,4.279,1.227,CANDIDATE,5177859
9.6183111,4.215,25.0,0.85,0.447,11.9,1142.0,402.64,6134.0,4.065,1.665,CANDIDATE,11081504
0.518060209,1.8062,2258.4,61.49,1.262,140.6,2921.0,17224.79,5405.0,3.853,1.772,CANDIDATE,8110757
17.3695112,4.012,314.0,1.45,0.28,8.6,588.0,28.35,5119.0,4.508,0.834,CANDIDATE,3645438
17.8693759,6.886,63.0,0.81,0.259,9.8,759.0,78.58,6328.0,4.456,1.013,CANDIDATE,8278685
17.236085,4.209,330.0,1.98,0.04,10.4,721.0,63.85,5543.0,4.318,1.111,CANDIDATE,5511659
485.92297,3.756,122.9,1.07,0.4516,5.5,225.0,0.61,5551.0,4.386,0.957,CANDIDATE,4139254
9.6550473,2.752,313.1,1.45,0.124,12.2,705.0,58.36,4999.0,4.49,0.843,CANDIDATE,10141900
228.65412,2.487,179.1,3.63,0.225,6.6,521.0,17.44,6845.0,3.849,2.674,CANDIDATE,4255944
12.7143635,3.101,524.8,2.2,0.071,9.9,785.0,89.81,5947.0,4.481,0.962,CANDIDATE,9655711
80.4103783,3.487,591.4,4.93,0.913,14.0,535.0,19.35,5476.0,3.904,1.673,CANDIDATE,5856571
1.93188768,1.087,37.8,0.57,0.256,8.8,1427.0,977.65,5896.0,4.516,0.914,CANDIDATE,8222395
5.2449156,8.367,35.5,0.52,0.019,11.7,1015.0,251.14,5823.0,4.486,0.878,CANDIDATE,8107150
168.66934782,4.07,,,,,,,,,,CANDIDATE,4464394
571.280892,21.827,460.7,3.65,0.6109,37.8,324.0,2.62,7081.0,4.16,1.619,CANDIDATE,4739229
4.66185924,3.164,49.3,1.16,0.2695,15.8,1610.0,1590.18,7081.0,4.16,1.619,CANDIDATE,4739229
1.213672208,1.3644,2731.0,697.14,7.3743,24.8,1789.0,2422.45,6113.0,4.463,0.995,CANDIDATE,8620565
90.097375,12.697,282.6,1.7,0.042,11.5,430.0,8.05,6116.0,4.444,1.008,CANDIDATE,4742420
7.72966941,2.091,426.7,2.1,0.668,8.4,927.0,174.28,5947.0,4.481,0.962,CANDIDATE,9655711
51.85656556,2.21,,,,,,,,,,CANDIDATE,9727765
154.536881,15.44,258.5,4.1,0.3257,3.5,544.0,20.76,6049.0,3.728,2.522,CANDIDATE,9974142
87.707513,2.184,578.0,1.72,0.4,7.1,310.0,2.2,4944.0,4.614,0.721,CANDIDATE,9008103
437.51586139,4.16,,,,,,,,,,CANDIDATE,11296045
8.97377221,2.135,106.5,2.96,0.237,9.4,1530.0,1294.96,6537.0,3.76,2.829,CANDIDATE,5769810
205.41415,10.26,283.8,1.67,0.0856,7.9,323.0,2.58,6123.0,4.465,0.991,CANDIDATE,4742420
114.27173902,2.19,,,,,,,,,,CANDIDATE,5306984
26.40805532,2.7,,,,,,,,,,CANDIDATE,10198662
46.07931317,1.87,,,,,,,,,,CANDIDATE,10198662
24.8434837,4.8,217.4,1.58,0.641,14.2,625.0,35.97,5670.0,4.397,1.022,CANDIDATE,4157325
7.7016694,10.898,155.7,4.44,0.01,17.8,1627.0,1656.27,5174.0,3.228,3.608,CANDIDATE,10200627
4.67250377,4.441,79.6,1.11,0.95,13.8,1149.0,412.73,6146.0,4.454,0.987,CANDIDATE,8332521
21.9711574,5.012,178.1,1.32,0.119,7.8,649.0,41.86,5763.0,4.436,0.997,CANDIDATE,8242769
144.688915,9.468,397.1,3.33,0.087,11.6,416.0,7.09,5372.0,4.007,1.71,CANDIDATE,10964440
1.54287434,1.1121,401.4,1.05,0.013,20.7,1007.0,243.62,4530.0,4.704,0.539,CANDIDATE,5428657
33.3200908,6.5265,6186.9,13.0,0.069,84.5,750.0,74.79,6264.0,4.133,1.651,CANDIDATE,5629353
91.20573037,4.17,,,,,,,,,,CANDIDATE,10414727
7.07394528,2.319,228.3,0.84,0.277,9.5,647.0,41.43,4777.0,4.689,0.561,CANDIDATE,4736569
14.516741,2.706,227.2,1.45,0.851,10.1,606.0,31.8,4954.0,4.5,0.828,CANDIDATE,10662202
20.5718107,3.399,379.0,1.34,0.123,13.0,498.0,14.51,4922.0,4.624,0.708,CANDIDATE,9008103
11.867172,4.815,595.6,4.03,0.001,13.4,1058.0,296.23,6264.0,4.133,1.651,CANDIDATE,5629353
142.685885,3.792,1195.0,2.76,0.1086,9.3,319.0,2.43,5767.0,4.57,0.799,CANDIDATE,4078157
12.4970599,3.877,180.0,1.44,0.65,10.6,839.0,117.3,6174.0,4.445,1.021,CANDIDATE,5816144
6.06330298,3.275,200.7,1.64,0.0214,13.1,1153.0,418.4,6308.0,4.353,1.153,CANDIDATE,11968463
86.431871,7.374,415.1,2.85,0.95,11.2,464.0,10.97,6325.0,4.409,1.112,CANDIDATE,11968463
26.1152887,12.54,70.0,2.38,0.1382,10.6,898.0,153.98,5190.0,3.63,2.912,CANDIDATE,11074835
269.306232,14.931,1708.0,24.0,1.219,18.1,235.0,0.72,5251.0,4.581,0.817,CANDIDATE,5792202
96.509214,0.589,1528.0,860.3,3.6303,3.8,787.0,90.63,7343.0,3.751,2.955,CANDIDATE,6032730
69.64679311,3.71,,,,,,,,,,CANDIDATE,6116172
111.65546,1.051,2887.0,2121.0,11.3832,7.0,579.0,26.58,6967.0,4.086,1.863,CANDIDATE,6116172
86.13201864,3.11,,,,,,,,,,CANDIDATE,6116172
47.14404783,4.35,,,,,,,,,,CANDIDATE,11296437
197.05431574,6.38,,,,,,,,,,CANDIDATE,11341164
406.496216,3.495,380.2,1.77,0.5052,6.9,236.0,0.73,5847.0,4.525,0.884,CANDIDATE,11462969
491.61516814,6.31,,,,,,,,,,CANDIDATE,11462969
499.47338,12.248,1662.0,3.71,0.793,15.7,191.0,0.31,5251.0,4.581,0.817,CANDIDATE,5792202
7.3138454,2.273,247.7,2.73,0.893,9.2,1263.0,601.53,6486.0,4.136,1.485,CANDIDATE,6221385
212.43503674,4.26,,,,,,,,,,CANDIDATE,11656928
11.1619384,5.195,124.4,1.97,0.739,13.4,1093.0,337.23,6200.0,4.072,1.64,CANDIDATE,11566064
76.83994597,3.11,,,,,,,,,,CANDIDATE,11656928
78.86684,4.5,86.1,1.3,0.2074,4.8,573.0,25.44,6907.0,4.264,1.381,CANDIDATE,11656928
28.8672107,3.782,347.1,1.51,0.041,12.0,493.0,14.0,5191.0,4.564,0.837,CANDIDATE,7825899
48.9528113,1.66,,,,,,,,,,CANDIDATE,6946681
431.78556,9.135,332.6,1.36,0.196,9.4,211.0,0.47,5642.0,4.6,0.747,CANDIDATE,6946708
144.102562,2.753,171.3,1.67,0.0879,4.1,437.0,8.64,6528.0,4.257,1.26,CANDIDATE,11775507
112.317402,3.471,182.4,1.77,0.5434,7.8,475.0,12.05,6528.0,4.257,1.26,CANDIDATE,11775507
9.13315062,2.1557,231.2,1.48,0.275,23.0,900.0,155.42,6122.0,4.487,0.964,CANDIDATE,11856178
335.56311,13.06,158.0,1.83,0.12,7.2,333.0,2.9,6200.0,4.16,1.448,CANDIDATE,6768394
154.607419,9.225,279.9,1.56,0.0898,13.4,340.0,3.16,6017.0,4.508,0.931,CANDIDATE,10545066
57.132855,4.958,414.1,1.81,0.32,11.0,414.0,6.94,5157.0,4.445,0.904,CANDIDATE,7663405
28.2251049,2.354,201.3,1.59,0.778,8.9,625.0,36.13,6014.0,4.436,1.021,CANDIDATE,11358389
150.381954,4.968,396.1,2.26,0.892,7.8,325.0,2.63,5569.0,4.459,0.954,CANDIDATE,5706595
95.906433,4.08,836.2,2.17,0.576,11.0,288.0,1.63,4620.0,4.564,0.736,CANDIDATE,12885212
445.21685,16.37,211.6,1.37,0.0,11.1,237.0,0.74,5670.0,4.387,0.95,CANDIDATE,3548044
35.502865,8.149,115.9,2.18,0.783,11.0,724.0,64.83,5528.0,3.892,1.839,CANDIDATE,8168187
66.789347,4.08,358.5,2.07,0.667,9.5,490.0,13.61,6297.0,4.448,1.031,CANDIDATE,9605514
6.150251376,1.68923,2128.7,100.03,1.27,471.0,2251.0,6066.49,8914.0,3.896,2.867,CANDIDATE,9418619
29.5126153,6.314,188.2,1.84,0.188,9.4,678.0,49.95,5746.0,4.189,1.351,CANDIDATE,7835312
455.27405,2.4,366.0,1.54,0.2429,4.5,196.0,0.35,5178.0,4.556,0.818,CANDIDATE,9221517
117.761,3.454,53.9,0.62,0.2505,7.1,337.0,3.06,5564.0,4.522,0.85,CANDIDATE,11623629
46.331703,4.514,299.9,1.39,0.1484,9.4,441.0,8.98,5477.0,4.571,0.815,CANDIDATE,10730703
7.1931193,2.935,125.6,1.12,0.296,10.7,916.0,166.3,5518.0,4.4,1.008,CANDIDATE,7289317
47.7439509,2.99,96.9,1.74,0.977,15.0,575.0,25.84,5949.0,4.272,1.292,CANDIDATE,7375348
4.57834367,3.987,140.7,1.44,0.232,11.4,1206.0,499.41,5782.0,4.28,1.22,CANDIDATE,1432789
12.654896,4.325,100.6,1.02,0.009,10.4,801.0,97.41,5833.0,4.407,1.022,CANDIDATE,12266636
131.258668,4.89,153.0,1.59,0.4901,8.5,433.0,8.31,6443.0,4.325,1.248,CANDIDATE,7974634
92.552007,2.135,282.6,2.1,0.513,7.3,440.0,8.87,5808.0,4.306,1.22,CANDIDATE,8182107
75.072964,9.21,74.3,1.09,0.2602,7.1,522.0,17.51,6443.0,4.325,1.248,CANDIDATE,7974634
31.8134892,1.422,234.2,1.18,0.2316,5.2,496.0,14.31,5505.0,4.586,0.776,CANDIDATE,8163784
115.230655,17.735,164.4,4.02,0.95,21.3,632.0,37.8,6585.0,3.813,2.517,CANDIDATE,2305866
106.25976,6.101,354.0,1.5,0.209,7.7,303.0,1.99,4827.0,4.508,0.823,CANDIDATE,5184911
505.462916,10.127,1724.0,3.46,0.489,17.6,181.0,0.25,4817.0,4.499,0.833,CANDIDATE,6436029
274.743032,9.137,309.0,2.16,0.4073,12.2,330.0,2.82,6277.0,4.306,1.207,CANDIDATE,7767162
360.477635,4.332,604.0,11943.8,72.848,7.3,339.0,3.11,6266.0,4.101,1.522,CANDIDATE,9478990
18.0811429,4.44,71.2,0.75,0.6214,5.7,638.0,39.18,5693.0,4.551,0.856,CANDIDATE,10793172
5.902596818,5.5711,54894.0,25.8,0.168,533.9,1123.0,376.53,6184.0,4.371,1.094,CANDIDATE,11404644
214.013044,7.87,123.2,1.54,0.1289,9.0,397.0,5.89,6698.0,4.267,1.37,CANDIDATE,8165617
143.09688,17.74,125.0,1.48,0.1129,6.4,441.0,8.94,6725.0,4.335,1.31,CANDIDATE,8223568
73.4567573,2.74,,,,,,,,,,CANDIDATE,8223568
13.0327301,3.902,242.3,1.64,0.67,11.1,809.0,101.4,6122.0,4.471,0.996,CANDIDATE,8355178
31.9533679,8.424,106.1,1.65,0.773,15.2,725.0,65.15,6313.0,4.228,1.467,CANDIDATE,4770174
458.16754,6.97,683.0,2.11,0.1573,5.6,208.0,0.45,5536.0,4.566,0.816,CANDIDATE,9838804
67.8766605,2.598,389.2,1.92,0.0011,9.1,455.0,10.11,6018.0,4.485,0.975,CANDIDATE,9020114
25.0901574,8.273,37.7,1.35,0.935,12.1,852.0,124.33,6033.0,3.985,1.788,CANDIDATE,7983117
326.6708,10.84,386.4,2.2,0.6133,10.8,283.0,1.52,5896.0,4.343,1.072,CANDIDATE,9966219
143.21109362,2.71,,,,,,,,,,CANDIDATE,11974540
362.97828,14.083,260.6,1.96,0.055,13.0,296.0,1.81,6086.0,4.274,1.216,CANDIDATE,7219825
240.192808,9.72,605.8,2.68,0.814,12.0,298.0,1.86,6004.0,4.484,0.977,CANDIDATE,9958962
86.723653,4.852,241.0,1.43,0.662,9.4,391.0,5.5,5830.0,4.54,0.876,CANDIDATE,1718189
36.566324,4.832,2943.0,15.41,0.018,8.1,828.0,110.92,5294.0,3.599,2.884,CANDIDATE,8263187
20.5736113,11.222,76.0,3.86,0.032,12.3,1197.0,484.82,5440.0,3.404,4.524,CANDIDATE,2019477
0.954388314,6.26,57.2,2.27,0.737,56.3,3406.0,31694.26,7056.0,3.813,2.785,CANDIDATE,9518710
5.77451117,3.752,156.3,1.87,0.348,11.2,1232.0,544.74,5821.0,4.127,1.492,CANDIDATE,7289338
10.1384691,4.026,92.8,0.74,0.207,9.1,723.0,64.55,5483.0,4.589,0.779,CANDIDATE,8218379
8.6040858,3.01,87.6,0.94,0.4146,6.4,947.0,189.96,6250.0,4.472,0.986,CANDIDATE,5706592
65.415183,4.224,417.1,1.31,0.377,8.9,295.0,1.79,4348.0,4.62,0.646,CANDIDATE,8364232
72.28198,2.478,1265.0,13.11,0.2405,5.4,984.0,221.28,7694.0,3.631,3.627,CANDIDATE,6670742
371.70965709,4.65,,,,,,,,,,CANDIDATE,6697976
75.906736,11.64,26.9,0.63,0.0506,9.2,507.0,15.65,6140.0,4.248,1.206,CANDIDATE,7592529
2.15888911,1.791,102.4,0.72,0.224,9.9,1130.0,384.49,5269.0,4.627,0.713,CANDIDATE,7592922
17.5806026,4.17,138.8,1.87,0.879,8.4,816.0,104.96,5839.0,4.199,1.358,CANDIDATE,7602351
2.71772323,3.22,70.3,0.72,0.197,9.3,1123.0,375.05,5135.0,4.464,0.874,CANDIDATE,8362974
23.9830523,8.77,83.2,1.17,0.096,11.3,718.0,62.83,5696.0,4.178,1.292,CANDIDATE,9301564
134.413808,13.907,206.1,1.69,0.1857,12.5,391.0,5.51,6013.0,4.37,1.187,CANDIDATE,10089123
347.97611,16.77,341.3,1.62,0.057,11.9,253.0,0.97,5995.0,4.536,0.878,CANDIDATE,8555967
11.8187288,4.017,249.0,2.09,0.282,10.3,919.0,168.38,5803.0,4.211,1.328,CANDIDATE,3765917
5.78901936,3.102,110.3,0.78,0.1847,7.8,849.0,122.75,5289.0,4.546,0.748,CANDIDATE,3547760
12.26708306,2.7,,,,,,,,,,CANDIDATE,11290515
6.33342309,3.46,123.3,7.62,1.101,7.5,625.0,36.11,4352.0,4.671,0.613,CANDIDATE,8216763
5.522479,2.666,33.1,0.76,0.6606,8.6,1288.0,650.66,6532.0,4.271,1.247,CANDIDATE,6767227
9.4588054,3.66,270.0,1.78,0.365,8.6,943.0,187.04,6247.0,4.433,1.066,CANDIDATE,3854496
71.008017,5.395,170.2,1.11,0.1788,6.6,419.0,7.27,5847.0,4.526,0.849,CANDIDATE,3936061
2.90805147,2.812,103.1,0.97,0.771,8.3,1220.0,523.63,5889.0,4.543,0.869,CANDIDATE,3972432
2.56271232,2.163,29.4,0.48,0.346,8.2,1171.0,443.49,5190.0,4.446,0.899,CANDIDATE,5860347
15.08186,4.004,81.6,0.98,0.7171,7.1,758.0,78.11,5794.0,4.377,1.012,CANDIDATE,6715997
2.44693823,0.954,26.4,0.56,0.611,9.0,1379.0,855.53,5821.0,4.419,1.033,CANDIDATE,6763884
13.05609,3.498,170.8,1.3,0.097,10.8,814.0,103.85,6078.0,4.434,0.994,CANDIDATE,6768616
3.64049242,1.194,42.1,0.61,0.181,9.5,1136.0,393.32,5745.0,4.503,0.936,CANDIDATE,8394475
5.1581317,7.773,37.9,2.02,0.032,13.0,1642.0,1720.62,5155.0,3.511,3.355,CANDIDATE,9340411
25.9136674,10.498,109.7,3.37,0.982,16.1,966.0,205.72,6167.0,3.804,2.346,CANDIDATE,10163067
6.96197304,2.806,151.3,0.97,0.103,8.8,778.0,86.68,5008.0,4.506,0.814,CANDIDATE,11241560
7.8935324,3.444,47.6,0.78,0.303,8.3,1052.0,289.79,6306.0,4.346,1.109,CANDIDATE,11244571
1.320499473,1.184,204.0,18.94,0.15,12.0,4477.0,95168.65,5172.0,2.693,13.454,CANDIDATE,11282568
13.1538409,11.56,104.6,1.03,0.39,10.6,750.0,74.8,5443.0,4.36,1.008,CANDIDATE,11286311
36.0484798,5.763,127.6,1.24,0.294,8.5,566.0,24.28,5602.0,4.33,1.1,CANDIDATE,8043638
4.2742605,2.687,263.8,1.88,0.089,11.4,1326.0,730.69,6477.0,4.361,1.148,CANDIDATE,11176166
27.556452,8.23,289.2,1.4,0.1438,6.7,531.0,18.86,5509.0,4.565,0.836,CANDIDATE,1293379
566.28176,20.39,1200.0,2.79,0.2065,8.9,203.0,0.4,5829.0,4.575,0.802,CANDIDATE,4076061
0.52740121,4.807,1316.0,1.49,0.4309,31.1,1027.0,263.23,3582.0,4.847,0.41,CANDIDATE,5951140
1.400903699,0.883,136.5,1.16,0.196,9.8,1764.0,2284.73,6375.0,4.474,0.975,CANDIDATE,5966732
17.3816224,2.73456,59099.4,26.55,0.666,1149.7,756.0,77.09,6116.0,4.407,1.02,CANDIDATE,6842345
28.655498,8.58,173.6,1.45,0.079,10.1,658.0,44.37,6268.0,4.429,1.1,CANDIDATE,6853172
13.4450174,2.118,196.2,1.08,0.531,8.3,606.0,31.92,5003.0,4.553,0.759,CANDIDATE,6859546
26.1556767,1.542,295.0,1.28,0.166,7.0,501.0,14.92,5204.0,4.573,0.76,CANDIDATE,7687365
4.60687717,2.295,258.7,1.14,0.341,7.5,865.0,132.78,5110.0,4.582,0.711,CANDIDATE,7700500
502.20642,9.39,447.9,2.18,0.9802,7.1,212.0,0.48,6018.0,4.615,0.733,CANDIDATE,8442795
8.3613732,3.649,104.7,0.79,0.067,9.5,793.0,93.31,5470.0,4.509,0.777,CANDIDATE,8443812
10.5113779,4.74,29.9,0.72,0.198,8.8,1052.0,289.46,6575.0,4.278,1.305,CANDIDATE,9397900
1.58487898,1.791,42.9,0.37,0.417,9.3,943.0,187.91,4201.0,4.675,0.566,CANDIDATE,9458266
20.9525604,3.986,232.9,1.19,0.74,9.8,495.0,14.2,4885.0,4.61,0.72,CANDIDATE,10264293
3.72920972,5.012,14.4,0.8,0.5232,9.6,1713.0,2035.92,6215.0,3.955,2.05,CANDIDATE,10290021
5.704593,1.149,129.9,0.95,0.285,8.5,900.0,154.92,5523.0,4.566,0.832,CANDIDATE,11288492
1.36752316,1.208,61.0,0.82,0.299,11.7,1684.0,1899.59,5836.0,4.417,1.048,CANDIDATE,11288772
1.9997244,1.976,85.1,0.84,0.37,8.9,1385.0,870.41,5838.0,4.529,0.897,CANDIDATE,11296724
14.137062,2.264,393.0,1.37,0.2133,7.5,568.0,24.62,4861.0,4.574,0.709,CANDIDATE,1871483
4.78113942,2.733,105.8,1.14,0.118,9.6,1130.0,386.46,5683.0,4.326,1.115,CANDIDATE,2161949
7.18864064,2.364,133.5,1.3,0.424,9.3,987.0,223.87,5683.0,4.326,1.115,CANDIDATE,2161949
27.122801,5.255,234.7,1.46,0.3462,8.1,594.0,29.38,5878.0,4.512,0.945,CANDIDATE,5083138
5.62241111,1.185,464.1,1.17,0.4026,8.5,561.0,23.43,3894.0,4.71,0.541,CANDIDATE,5087223
11.2901559,10.475,163.8,0.88,0.6285,8.6,617.0,34.17,5025.0,4.609,0.657,CANDIDATE,5092799
28.24753303,13.2,,,,,,,,,,CANDIDATE,5092799
7.1356633,1.789,255.5,1.38,0.735,9.8,751.0,75.39,4926.0,4.522,0.793,CANDIDATE,6019971
14.5909249,1.591,146.9,0.93,0.3084,6.3,622.0,35.34,5214.0,4.527,0.766,CANDIDATE,6864706
11.8496351,3.319,183.8,1.31,0.607,9.6,802.0,97.71,6032.0,4.508,0.929,CANDIDATE,6867219
455.62395,13.07,1112.1,3.0,0.335,14.0,228.0,0.64,5883.0,4.53,0.892,CANDIDATE,6878408
1.75173647,5.122,68.4,3.86,0.6637,10.2,4900.0,136315.31,10894.0,3.667,4.378,CANDIDATE,7755741
407.14656,23.26,82.3,1.18,0.7466,8.2,272.0,1.29,5845.0,4.282,1.198,CANDIDATE,9480398
487.83894,32.77,453.3,3.94,0.1252,8.8,298.0,1.88,5421.0,3.882,1.877,CANDIDATE,9490342
6.853888,2.561,653.8,1.74,0.469,8.2,613.0,33.32,4199.0,4.609,0.684,CANDIDATE,9513168
7.34672485,2.136,143.0,0.97,0.2525,10.1,784.0,89.33,5271.0,4.578,0.821,CANDIDATE,12116489
6.933574,2.43,276.7,1.3,0.05,8.0,829.0,111.53,5510.0,4.584,0.793,CANDIDATE,11411639
0.673141323,0.921,229.5,1.29,0.1065,10.5,1834.0,2675.15,5461.0,4.552,0.858,CANDIDATE,2283362
8.60965352,2.218,63.2,3.33,0.213,9.9,1550.0,1365.41,5418.0,3.447,4.233,CANDIDATE,2301068
13.8911152,5.062,204.9,1.12,0.168,10.3,674.0,48.8,5472.0,4.499,0.79,CANDIDATE,2422820
6.76890076,3.616,123.1,1.24,0.15,10.8,1017.0,253.3,5737.0,4.327,1.125,CANDIDATE,4274071
1.96134311,11.856,207.8,41.53,1.159,59.5,2167.0,5197.02,6221.0,3.935,2.198,CANDIDATE,4282390
486.77832,15.29,370.8,9.3,0.1737,10.4,409.0,6.6,5039.0,3.295,4.95,CANDIDATE,5115688
28.2682167,1.355,197.0,1.22,0.5643,6.0,526.0,18.12,5496.0,4.564,0.838,CANDIDATE,6045093
1.6037058,9.067,32.8,1.54,0.729,22.4,2492.0,9138.09,6400.0,3.877,2.512,CANDIDATE,6057750
0.70965042,1.318,223.4,1.49,0.145,9.4,2036.0,4086.46,5618.0,4.373,1.002,CANDIDATE,8391983
3.62657392,1.791,98.5,0.79,0.306,10.7,1014.0,250.0,5416.0,4.579,0.8,CANDIDATE,6947623
0.902403563,1.7129,4759.5,6.17,0.8925,220.3,1688.0,1919.35,5776.0,4.599,0.755,CANDIDATE,7811211
8.7998722,1.153,270.3,1.09,0.344,7.4,577.0,26.18,4298.0,4.603,0.675,CANDIDATE,7812893
6.87778029,3.199,124.0,1.19,0.08,10.1,1052.0,289.51,6274.0,4.434,1.062,CANDIDATE,7816935
12.9489256,2.162,331.0,0.94,0.0847,7.2,416.0,7.09,3867.0,4.734,0.525,CANDIDATE,7868967
130.235324,5.678,750.1,2.44,0.075,9.7,332.0,2.86,5616.0,4.529,0.903,CANDIDATE,8489260
17.1677675,2.975,335.1,0.97,0.4828,7.4,370.0,4.43,3761.0,4.724,0.526,CANDIDATE,10388451
8.50207749,3.057,117.3,0.75,0.073,10.5,679.0,50.14,4889.0,4.57,0.715,CANDIDATE,10396708
1.322475635,5.307,997.3,14.03,1.198,53.9,1097.0,342.59,4668.0,4.7,0.548,CANDIDATE,11495989
3.773744,15.2,85.2,2.44,0.9606,5.7,2001.0,3791.11,7302.0,3.965,2.069,CANDIDATE,11551652
18.1772927,4.703,213.1,1.5,0.039,7.9,737.0,69.62,6158.0,4.455,1.026,CANDIDATE,2449245
3.09872834,1.89,248.0,0.64,0.133,10.1,579.0,26.6,3628.0,4.842,0.41,CANDIDATE,2557350
19.9310602,8.48,97.9,2.42,0.0766,14.2,960.0,201.01,5500.0,3.775,2.491,CANDIDATE,4372620
0.813998812,0.675,183.4,1.36,0.045,13.7,1933.0,3285.52,5705.0,4.424,0.989,CANDIDATE,5171707
14.7639145,3.14,162.5,0.93,0.016,7.7,632.0,37.74,5541.0,4.613,0.733,CANDIDATE,6111011
1.118510435,1.111,72.7,0.75,0.251,9.9,1684.0,1898.51,5918.0,4.544,0.865,CANDIDATE,6128245
2.64185268,1.76,149.8,3.56,0.199,7.9,2104.0,4636.69,5195.0,3.409,2.935,CANDIDATE,6956176
2.54031121,1.83,173.3,1.2,0.295,10.1,1268.0,611.31,5778.0,4.531,0.911,CANDIDATE,7902204
1.371587993,12.901,456.1,4.91,0.9829,43.3,2413.0,8016.36,7045.0,4.154,1.604,CANDIDATE,8566113
5.89773974,2.243,77.9,1.0,0.1566,8.1,1150.0,414.11,6300.0,4.371,1.126,CANDIDATE,9588862
1.74145041,1.712,370.6,1.46,0.33,10.9,1234.0,547.5,5238.0,4.598,0.764,CANDIDATE,9596064
20.2944118,0.357,453.9,774.73,8.7053,5.6,648.0,41.69,5865.0,4.518,0.918,CANDIDATE,9596892
17.9908273,1.436,660.0,1.88,0.129,10.9,541.0,20.29,4918.0,4.546,0.752,CANDIDATE,10450504
198.11309,15.59,53.3,1.09,0.1542,8.3,399.0,5.96,6163.0,4.144,1.486,CANDIDATE,10464199
5.70509519,1.58,283.6,1.58,0.469,9.2,947.0,189.8,5455.0,4.448,0.927,CANDIDATE,11602794
129.847318,13.057,198.4,1.45,0.004,11.1,385.0,5.22,6133.0,4.427,1.032,CANDIDATE,5193439
0.8867443,3.16,,,,,,,,,,CANDIDATE,5215508
2.28494301,1.01,161.8,1.0,0.013,10.6,1180.0,458.39,5396.0,4.571,0.789,CANDIDATE,6187508
439.21978,9.392,342.3,1.81,0.2863,10.3,266.0,1.18,6553.0,4.479,0.962,CANDIDATE,6209225
22.2548897,13.454,83.8,2.16,0.239,11.8,899.0,154.4,5349.0,3.76,2.388,CANDIDATE,7939761
1.01485981,1.65,243.0,1.61,0.185,8.4,1928.0,3274.72,6158.0,4.453,1.024,CANDIDATE,8613446
15.3902613,3.431,76.8,4.39,0.231,9.4,1459.0,1069.24,5649.0,3.282,4.994,CANDIDATE,8624860
279.036565,31.92,395.2,30.25,1.198,31.7,323.0,2.58,6072.0,4.285,1.273,CANDIDATE,8625408
26.8552365,2.185,194.2,1.49,0.825,6.7,618.0,34.48,6045.0,4.494,0.955,CANDIDATE,8686442
16.2347636,4.2,115.5,1.28,0.046,10.7,852.0,124.25,6478.0,4.371,1.188,CANDIDATE,8693536
2.3518268,5.797,576.6,39.82,1.23,24.5,1535.0,1313.37,5445.0,4.14,1.426,CANDIDATE,9635520
3.57944367,1.869,117.2,0.87,0.3976,8.5,1018.0,253.89,5341.0,4.546,0.801,CANDIDATE,9639106
8.2553499,3.959,54.5,3.28,0.918,10.0,1462.0,1079.27,5403.0,3.559,3.6,CANDIDATE,9640123
10.6982275,3.198,246.0,1.73,0.032,9.1,919.0,168.88,6277.0,4.417,1.097,CANDIDATE,10546063
7.20558084,2.997,58.0,1.33,0.5196,8.7,1253.0,582.45,6002.0,4.025,1.693,CANDIDATE,11650543
392.50115,9.88,391.2,1.9,0.1835,8.9,225.0,0.6,5128.0,4.388,0.988,CANDIDATE,11671646
5.29655591,3.93,135.4,1.3,0.37,9.3,1156.0,421.14,6268.0,4.429,1.1,CANDIDATE,11672354
8.8324193,2.252,74.1,0.98,0.185,8.1,999.0,234.99,6060.0,4.29,1.133,CANDIDATE,2716979
5.88836941,1.05,119.9,1.21,0.249,8.3,1125.0,379.27,6243.0,4.39,1.084,CANDIDATE,2834463
521.10826,18.36,244.7,1.5,0.3485,8.7,231.0,0.68,5942.0,4.432,0.947,CANDIDATE,4567118
3.39401963,2.984,98.4,1.03,0.166,10.0,1306.0,689.16,6181.0,4.431,1.029,CANDIDATE,5263167
5.52507406,2.565,61.5,0.8,0.152,9.8,1028.0,263.79,5600.0,4.378,1.037,CANDIDATE,6265961
3.226232203,0.4022,36.3,1.01,0.145,9.9,1620.0,1627.1,6534.0,4.203,1.437,CANDIDATE,7103300
2.352446342,1.6802,32.5,1.24,0.755,7.2,2173.0,5269.29,6749.0,3.941,2.003,CANDIDATE,8007675
3.90735046,2.896,109.3,0.83,0.088,10.0,1007.0,243.14,5497.0,4.577,0.809,CANDIDATE,9651602
377.501257,11.98,541.4,2.16,0.033,13.9,242.0,0.81,5751.0,4.508,0.94,CANDIDATE,10586619
7.1969168,4.525,47.1,1.1,0.502,10.4,1132.0,388.54,5530.0,4.045,1.575,CANDIDATE,11773625
0.947554749,1.097,65.4,0.67,0.058,12.4,1633.0,1680.03,5508.0,4.569,0.84,CANDIDATE,2970670
50.271927,6.073,574.5,2.94,0.205,9.3,589.0,28.51,6520.0,4.375,1.215,CANDIDATE,2994092
128.208643,2.745,212.2,6.15,0.811,8.9,792.0,93.05,7128.0,3.52,3.811,CANDIDATE,8297017
6.63448023,3.603,71.2,1.04,0.116,10.3,1177.0,453.27,6463.0,4.313,1.225,CANDIDATE,5295206
1.002591901,1.247,143.2,0.87,0.312,11.1,1391.0,884.21,4893.0,4.574,0.739,CANDIDATE,6307000
3.37116682,4.708,71.4,0.98,0.318,9.8,1291.0,656.3,5653.0,4.288,1.163,CANDIDATE,6345758
6.613671,4.211,32.8,0.91,0.096,10.2,1266.0,607.33,6056.0,4.071,1.597,CANDIDATE,8016692
1.48062814,2.898,62.5,0.76,0.479,10.3,1653.0,1770.63,6187.0,4.499,0.937,CANDIDATE,8042644
2.68814059,1.12,145.2,0.92,0.532,9.1,1135.0,392.64,5636.0,4.613,0.734,CANDIDATE,8760760
97.991569,4.665,126.8,1.41,0.711,9.0,467.0,11.21,6499.0,4.378,1.169,CANDIDATE,8807057
1.057080807,1.82,60.6,0.97,0.966,11.3,1805.0,2518.85,6000.0,4.487,0.946,CANDIDATE,9658089
317.062416,7.438,442.9,1.59,0.673,9.8,218.0,0.54,5366.0,4.625,0.715,CANDIDATE,9674320
13.4959496,2.085,253.6,1.62,0.2136,7.3,784.0,89.25,5962.0,4.464,1.019,CANDIDATE,9693803
43.2675604,8.331,69.1,1.61,0.818,10.0,664.0,45.99,5747.0,4.018,1.729,CANDIDATE,10659624
11.3251153,2.126,297.2,1.26,0.352,7.0,674.0,48.78,5334.0,4.574,0.727,CANDIDATE,10665228
16.9163386,2.521,64.2,0.68,0.6327,6.3,648.0,41.74,5628.0,4.513,0.81,CANDIDATE,11825996
37.0200232,1.421,581.0,2.14,0.308,6.6,507.0,15.66,5685.0,4.537,0.886,CANDIDATE,11854636
0.565713361,0.954,86.4,0.81,0.23,11.6,1917.0,3197.67,5220.0,4.48,0.881,CANDIDATE,11904704
82.97062172,8.22,,,,,,,,,,CANDIDATE,6368222
5.22422449,4.56,,,,,,29.83,,,,CANDIDATE,6372268
22.50053441,7.44,,,,,,,,,,CANDIDATE,7135549
4.88698386,1.127,125.4,1.2,0.661,10.1,1133.0,389.31,6152.0,4.464,1.009,CANDIDATE,8091197
8.47484677,2.067,217.8,1.35,0.872,9.7,780.0,87.55,5564.0,4.587,0.785,CANDIDATE,8098960
13.56092626,2.53,,,,,,,,,,CANDIDATE,8815279
34.0357766,3.849,386.6,1.05,0.6983,9.6,337.0,3.06,4367.0,4.739,0.501,CANDIDATE,8845552
42.48452259,4.16,,,,,,,,,,CANDIDATE,9726452
4.74701479,2.464,3622.0,13333.5,64.5159,10.1,1640.0,1708.72,6531.0,3.962,1.921,CANDIDATE,9790965
1.96682825,1.645,214.3,1.18,0.415,9.5,1283.0,638.54,5595.0,4.581,0.796,CANDIDATE,9811915
4.237447181,0.3792,350.1,2.26,0.187,11.1,1172.0,446.38,5993.0,4.425,0.993,CANDIDATE,10665749
4.0953585,44.35,226.8,7.76,1.0194,60.2,1680.0,1884.15,6839.0,4.094,1.7,CANDIDATE,10670112
0.92623983,1.267,411.4,1.16,0.058,9.1,1208.0,504.34,4494.0,4.692,0.591,CANDIDATE,10680424
0.875197345,0.052,0.0,0.73,1.004,0.0,2518.0,9497.39,5855.0,3.999,1.796,CANDIDATE,5897826
13.2298203,3.566,157.8,1.5,0.435,10.0,856.0,126.84,6049.0,4.353,1.176,CANDIDATE,3240158
3.71840884,3.611,77.2,0.84,0.192,9.6,1184.0,464.19,5982.0,4.493,0.96,CANDIDATE,2837111
5.32737192,2.226,107.7,0.7,0.3554,6.8,782.0,88.33,4905.0,4.593,0.679,CANDIDATE,3246867
5.90260586,1.832,337.7,1.26,0.1049,8.2,759.0,78.58,4960.0,4.627,0.707,CANDIDATE,3249334
22.80265,19.34,53.1,2.36,0.1018,11.8,1045.0,281.59,5011.0,3.321,3.324,CANDIDATE,3324069
29.9315174,2.53,353.0,1.58,0.5986,5.6,517.0,16.9,5551.0,4.57,0.809,CANDIDATE,4760959
0.602277579,2.38,34.6,0.78,0.7502,26.7,2699.0,12545.82,6510.0,4.256,1.228,CANDIDATE,4764969
27.2173855,3.268,155.9,1.34,0.6516,6.7,667.0,46.8,6263.0,4.404,1.019,CANDIDATE,4830859
6.27651592,1.973,166.0,0.65,0.172,8.9,532.0,18.89,3914.0,4.748,0.515,CANDIDATE,5353938
16.214474,4.149,161.7,3.53,0.6311,9.4,1256.0,587.82,6801.0,3.833,2.637,CANDIDATE,5380812
0.9951412,5.588,101.7,0.22,0.998,17.6,509.0,15.69,3325.0,5.364,0.109,CANDIDATE,6423922
43.535891,4.712,576.6,1.86,0.258,13.9,444.0,9.19,5481.0,4.592,0.778,CANDIDATE,6436505
4.7368156,2.84,35.3,0.6,0.218,6.9,1137.0,395.05,6088.0,4.456,1.011,CANDIDATE,8488381
40.7698541,2.997,239.8,1.87,0.202,8.8,585.0,27.73,5884.0,4.306,1.21,CANDIDATE,8115647
129.222771,7.272,445.3,2.01,0.867,12.0,288.0,1.63,4934.0,4.515,0.809,CANDIDATE,8120820
5.01880305,1.823,98.7,1.08,0.172,10.3,1178.0,455.98,6220.0,4.398,1.083,CANDIDATE,8881169
23.59919017,2.05,,,,,,,,,,CANDIDATE,8953278
299.70688,15.39,230.7,1.15,0.1196,8.6,237.0,0.75,5606.0,4.597,0.76,CANDIDATE,9821428
14.461834,7.156,80.2,1.05,0.065,9.0,785.0,89.86,5457.0,4.239,1.196,CANDIDATE,9837013
4.48538145,2.297,168.1,0.96,0.1296,8.2,962.0,202.75,5654.0,4.607,0.737,CANDIDATE,10751908
4.84847245,0.874,554.7,1.51,0.191,11.4,667.0,46.85,4137.0,4.625,0.647,CANDIDATE,10812541
11.8436119,6.044,199.3,1.41,0.067,10.4,830.0,111.98,6077.0,4.471,0.999,CANDIDATE,12016243
4.88446644,2.057,221.0,0.84,0.776,9.1,579.0,26.5,3883.0,4.725,0.517,CANDIDATE,11129738
8.9772888,4.72,97.5,1.79,0.702,10.3,1113.0,362.75,5597.0,3.963,1.699,CANDIDATE,10028792
3.03359398,4.026,95.6,1.55,0.023,12.3,1529.0,1294.06,5557.0,4.037,1.616,CANDIDATE,4860678
21.9139549,3.271,584.4,10.39,1.2,11.8,303.0,2.01,3638.0,4.844,0.42,CANDIDATE,5531953
9.3888216,4.154,192.7,20.91,1.14,9.6,963.0,202.91,5846.0,4.278,1.24,CANDIDATE,7765528
2.6528082,2.297,153.1,1.17,0.434,9.8,1280.0,633.57,5778.0,4.48,0.935,CANDIDATE,5456979
2.43135542,1.401,123.6,1.07,0.12,9.3,1422.0,965.4,6231.0,4.488,0.955,CANDIDATE,5466109
12.54474243,1.24,263.1,1.88,0.185,10.8,840.0,117.9,5767.0,4.316,1.159,CANDIDATE,7217088
3.07551068,1.683,46.1,0.84,0.005,10.1,1389.0,879.95,5763.0,4.256,1.242,CANDIDATE,8145958
6.29340543,3.024,96.4,1.08,0.431,8.7,1072.0,312.61,6214.0,4.442,1.076,CANDIDATE,8155654
7.7021729,3.987,74.6,0.85,0.509,9.5,888.0,147.24,5618.0,4.449,0.969,CANDIDATE,8167504
2.52557582,2.32,35.4,0.62,0.372,10.7,1364.0,818.81,5821.0,4.421,1.036,CANDIDATE,8958811
8.2927558,4.784,103.3,1.01,0.6346,8.4,927.0,174.36,6146.0,4.497,0.943,CANDIDATE,8958939
22.786522,2.197,228.3,1.45,0.3817,7.9,661.0,45.26,6146.0,4.497,0.943,CANDIDATE,8958939
1.284241817,1.965,166.5,1.18,0.029,13.3,1623.0,1643.57,5849.0,4.517,0.919,CANDIDATE,10815677
15.9474242,1.127,191.7,1.21,0.1178,6.5,670.0,47.65,5472.0,4.44,0.877,CANDIDATE,10848097
50.0122,3.426,210.4,1.2,0.484,8.3,432.0,8.23,5357.0,4.503,0.814,CANDIDATE,10866969
5.60682001,2.714,150.7,1.04,0.156,9.9,942.0,186.43,5699.0,4.553,0.853,CANDIDATE,12067960
3.17796408,0.542,47.7,0.74,0.901,6.0,1034.0,270.25,5061.0,4.488,0.841,CANDIDATE,6307083
3.66520844,3.308,65.8,0.82,0.045,10.3,1168.0,439.57,5579.0,4.389,1.029,CANDIDATE,7620413
3.05293416,2.155,227.5,1.18,0.328,10.1,1047.0,284.82,5311.0,4.588,0.788,CANDIDATE,11705004
12.834857,2.092,293.9,1.73,0.278,9.4,755.0,76.96,5492.0,4.389,1.016,CANDIDATE,2854181
36.2530992,4.73,152.1,1.43,0.721,8.3,582.0,27.17,6002.0,4.424,1.081,CANDIDATE,5978559
4.02321842,2.162,81.2,0.48,0.396,9.8,747.0,73.5,4671.0,4.721,0.528,CANDIDATE,8838950
7.5017934,4.271,134.8,1.32,0.286,9.8,1046.0,283.25,6321.0,4.417,1.125,CANDIDATE,6867555
0.912351255,1.072,111.8,1.46,0.956,9.1,1840.0,2705.58,5481.0,4.369,1.036,CANDIDATE,12208631
12.4701111,3.616,89.7,2.06,0.569,9.3,1074.0,313.87,5623.0,3.877,2.109,CANDIDATE,3346543
5.8229815,2.8,281.6,1.36,0.395,8.1,914.0,165.12,5704.0,4.575,0.804,CANDIDATE,3356193
0.576732089,1.856,35.4,0.43,0.518,9.1,1537.0,1316.33,4524.0,4.576,0.717,CANDIDATE,7335514
10.9279755,2.486,71.5,0.81,0.0956,7.3,834.0,114.42,6045.0,4.494,0.955,CANDIDATE,8180290
7.918267,3.478,83.7,0.93,0.219,8.4,953.0,195.36,5966.0,4.418,1.016,CANDIDATE,9025739
10.2170589,2.259,121.3,1.17,0.132,7.9,929.0,176.34,6211.0,4.384,1.054,CANDIDATE,9909965
86.95432088,12.11,,,,,,,,,,CANDIDATE,9932197
27.5837778,1.516,202.5,11.03,0.0221,8.5,1330.0,739.57,5092.0,2.945,7.913,CANDIDATE,10932270
3.14735789,3.643,51.8,3.45,0.03,9.3,2209.0,5635.4,5189.0,3.352,4.93,CANDIDATE,12304728
2.61090223,1.976,222.5,1.8,0.813,10.7,1323.0,724.16,5514.0,4.345,1.071,CANDIDATE,7778767
17.6637979,6.194,67.9,2.98,0.695,9.7,1178.0,455.65,5734.0,3.591,3.405,CANDIDATE,9026749
4.02664625,3.771,30.0,0.68,0.094,8.9,1318.0,715.51,6187.0,4.341,1.238,CANDIDATE,10916600
5.1777226,8.275,41.7,0.63,0.025,6.1,1050.0,287.44,5854.0,4.469,0.979,CANDIDATE,6198182
9.48814747,1.163,47.9,0.73,0.5693,11.1,856.0,126.75,5680.0,4.414,1.016,CANDIDATE,5695396
5.06993245,3.241,93.6,0.92,0.3584,11.6,1053.0,291.11,5957.0,4.506,0.937,CANDIDATE,6964929
9.78184193,2.3,,,,,,,,,,CANDIDATE,3545626
8.1770751,4.608,44.3,0.83,0.456,10.6,1115.0,365.09,6501.0,4.281,1.209,CANDIDATE,3547178
569.45051,9.63,425.4,1.96,0.001,8.2,225.0,0.61,6117.0,4.496,0.947,CANDIDATE,3548622
4.84505985,2.078,298.4,1.54,0.903,10.7,723.0,64.57,4337.0,4.581,0.714,CANDIDATE,4939265
623.70774,6.688,250.9,1.81,0.003,10.2,258.0,1.05,6626.0,4.347,1.132,CANDIDATE,8308516
10.95210361,1.5,,,,,,,,,,CANDIDATE,5552808
2.70581614,6.56,46.9,0.69,0.6199,41.8,1356.0,799.75,5992.0,4.42,0.961,CANDIDATE,5564082
3.84615171,2.24,137.1,1.14,0.153,9.3,1199.0,487.47,6106.0,4.487,0.966,CANDIDATE,6551106
1.28940823,3.652,32.1,2.48,0.628,10.3,3112.0,22119.66,5826.0,3.465,4.189,CANDIDATE,6584278
498.27269,8.92,534.0,2.12,0.0481,6.6,214.0,0.5,5618.0,4.514,0.932,CANDIDATE,6590726
11.0495766,2.13,102.8,0.83,0.218,5.7,738.0,70.24,5533.0,4.505,0.819,CANDIDATE,7345335
13.8086331,3.613,207.1,1.09,0.029,9.0,659.0,44.5,5515.0,4.568,0.761,CANDIDATE,8227086
4.25907841,4.513,28.1,0.7,0.362,11.5,1253.0,583.12,5560.0,4.173,1.316,CANDIDATE,8227464
64.1983721,0.934,248.2,1.74,0.347,6.8,506.0,15.49,6088.0,4.329,1.077,CANDIDATE,9085039
82.78482,7.52,190.4,2.16,0.682,8.4,501.0,14.88,5749.0,4.123,1.48,CANDIDATE,9099773
2.4376438,1.587,27.1,0.79,0.112,8.8,1686.0,1909.13,5927.0,4.117,1.53,CANDIDATE,9943009
0.721522907,1.4521,22528.0,11.04,0.831,815.3,1475.0,1115.99,4893.0,4.634,0.625,CANDIDATE,9944201
19.1644498,3.553,63.8,1.83,0.525,8.9,988.0,225.26,5877.0,3.86,2.234,CANDIDATE,9959093
4.15736472,2.217,200.7,1.09,0.226,11.2,931.0,178.03,5183.0,4.558,0.782,CANDIDATE,11019739
2.012094,2.157,74.8,0.99,0.066,9.1,1523.0,1274.27,5633.0,4.296,1.162,CANDIDATE,8709688
9.4767057,3.893,230.5,1.38,0.003,8.6,841.0,118.13,5911.0,4.519,0.914,CANDIDATE,2716801
6.65171459,2.325,151.5,0.84,0.408,10.0,713.0,61.01,4889.0,4.637,0.686,CANDIDATE,3230805
208.54335,9.851,614.6,2.84,0.001,10.4,321.0,2.52,5533.0,4.275,1.166,CANDIDATE,11810124
17.7189786,4.102,176.8,1.44,0.05,9.7,713.0,61.01,5566.0,4.329,1.099,CANDIDATE,9349757
5.0395851,4.556,70.1,0.78,0.1968,9.6,1067.0,306.35,5912.0,4.453,0.924,CANDIDATE,3219037
7.64370363,2.738,70.9,1.85,0.785,13.2,1334.0,748.7,6120.0,3.934,2.0,CANDIDATE,9117416
5.11683678,3.119,161.4,1.16,0.286,9.2,1039.0,275.15,5955.0,4.52,0.91,CANDIDATE,3663494
16.1191449,3.039,262.2,1.34,0.6704,8.2,619.0,34.7,5319.0,4.514,0.783,CANDIDATE,4995716
17.9925973,2.762,198.5,1.62,0.678,8.7,748.0,73.97,5931.0,4.351,1.087,CANDIDATE,5597361
74.371666,12.59,102.8,2.39,0.6894,12.1,767.0,81.88,6865.0,3.742,2.211,CANDIDATE,5617510
19.164111,2.773,215.9,1.11,0.805,8.1,519.0,17.12,5103.0,4.65,0.674,CANDIDATE,6603765
13.5164708,2.628,140.1,0.88,0.1593,7.1,645.0,40.81,5442.0,4.6,0.747,CANDIDATE,7381580
4.83014159,0.957,192.0,1.3,0.034,11.7,1039.0,275.02,5693.0,4.467,0.939,CANDIDATE,8248103
2.41194057,1.787,67.3,1.35,0.579,10.6,1654.0,1771.98,5598.0,4.045,1.594,CANDIDATE,8256882
0.800263219,0.729,170.5,0.77,0.16,13.2,1240.0,561.84,4336.0,4.656,0.59,CANDIDATE,8283875
441.17369,14.82,702.0,2.27,0.3151,11.5,217.0,0.52,5610.0,4.551,0.858,CANDIDATE,9150870
19.2532128,1.674,219.3,1.42,0.247,7.4,692.0,54.13,6060.0,4.495,0.953,CANDIDATE,10002049
14.1011023,4.513,108.2,1.26,0.071,8.1,904.0,157.56,6534.0,4.365,1.199,CANDIDATE,10019854
1.817079849,0.889,204.6,1.39,0.276,10.8,1454.0,1056.39,5808.0,4.503,0.963,CANDIDATE,11068630
5.15998178,3.356,412.4,19.07,1.306,9.9,574.0,25.63,3900.0,4.727,0.534,CANDIDATE,11092783
23.3787733,6.76,76.0,0.92,0.2093,8.1,694.0,54.98,6210.0,4.424,1.054,CANDIDATE,12454800
15.09984259,0.222,484.8,4.11,0.9711,6.7,576.0,25.98,5191.0,4.615,0.65,CANDIDATE,12458817
15.3416245,2.126,269.6,1.3,0.0481,9.2,605.0,31.63,5061.0,4.504,0.814,CANDIDATE,12519942
21.980467,4.78,96.0,0.92,0.417,10.1,625.0,36.07,5573.0,4.418,0.936,CANDIDATE,12555616
7.23524221,2.685,60.0,0.82,0.182,15.2,948.0,191.14,5574.0,4.354,1.065,CANDIDATE,7100673
10.72900793,0.696,404.3,1.78,0.2652,10.1,722.0,64.33,5375.0,4.541,0.876,CANDIDATE,3937814
8.19619768,2.109,197.4,1.55,0.781,9.3,851.0,123.81,5323.0,4.378,0.995,CANDIDATE,3937814
5.215752,1.13,46.8,0.83,0.729,5.1,1156.0,422.67,6202.0,4.422,1.122,CANDIDATE,4548098
10.0714369,6.891,49.5,1.98,0.006,10.8,1362.0,814.46,5768.0,3.633,2.81,CANDIDATE,3733638
4.37198905,2.177,103.7,0.93,0.177,9.9,1085.0,327.65,5823.0,4.489,0.919,CANDIDATE,3748855
6.72876606,2.277,117.4,1.03,0.5757,7.8,940.0,184.66,5823.0,4.489,0.919,CANDIDATE,3748855
3.09383248,1.576,373.7,1.32,0.356,9.7,998.0,233.91,5327.0,4.646,0.681,CANDIDATE,3765692
14.05652256,2.56,,,,,,,,,,CANDIDATE,5021432
315.07717192,10.31,,,,,,,,,,CANDIDATE,5633259
8.0018897,3.425,102.7,0.9,0.442,9.8,864.0,131.75,5830.0,4.54,0.876,CANDIDATE,5702770
383.85362,9.76,422.9,2.78,0.5927,7.5,314.0,2.29,6675.0,4.341,1.293,CANDIDATE,6614748
2.564012541,0.9433,2551.9,7.27,0.166,5.3,1720.0,2065.56,6274.0,4.139,1.428,CANDIDATE,6628926
5.21395046,3.188,78.5,1.24,0.195,8.6,1201.0,492.29,5529.0,4.123,1.412,CANDIDATE,6664842
24.996068,5.623,621.7,2.4,0.409,9.4,604.0,31.43,5761.0,4.492,0.956,CANDIDATE,6665064
8.9429645,1.803,233.5,0.89,0.088,7.2,536.0,19.51,4183.0,4.655,0.594,CANDIDATE,6670610
2.405625303,0.6283,163.5,1.11,0.467,12.0,1180.0,459.66,5450.0,4.573,0.83,CANDIDATE,7447895
0.7735301,1.335,185.4,1.87,0.336,14.2,2474.0,8868.22,6296.0,4.217,1.35,CANDIDATE,7461521
2.42186898,6.22,,,,,,,,,,CANDIDATE,7537660
0.839907158,1.019,119.6,0.92,0.23,10.7,1640.0,1705.12,5120.0,4.478,0.853,CANDIDATE,9203154
1.7613778,1.355,359.3,2.32,0.159,10.5,1824.0,2621.69,6544.0,4.349,1.207,CANDIDATE,9221627
11.7728146,4.132,77.1,0.93,0.407,9.9,788.0,90.86,5410.0,4.333,1.056,CANDIDATE,10053138
2.46506501,6.218,39.8,1.14,0.6323,10.3,1999.0,3777.82,6881.0,4.101,1.714,CANDIDATE,10066755
1.758599866,0.2729,237.8,1.6,0.035,11.9,1101.0,347.1,4744.0,4.606,0.725,CANDIDATE,10070479
14.1573717,3.786,130.0,1.1,0.138,9.3,778.0,86.67,6122.0,4.487,0.964,CANDIDATE,7119481
1.291964282,1.8378,28640.0,10.97,0.461,45.8,1249.0,572.64,4995.0,4.624,0.638,CANDIDATE,11182260
37.4646974,4.954,51.6,0.97,0.2,10.3,677.0,49.61,6266.0,4.209,1.342,CANDIDATE,11187972
6.31915999,3.465,34.4,1.04,0.575,9.8,1369.0,829.72,6254.0,4.019,1.706,CANDIDATE,8773015
2.58393841,2.169,49.4,0.77,0.229,8.5,1470.0,1103.3,6164.0,4.378,1.09,CANDIDATE,9883606
6.5595368,4.324,26.3,0.62,0.378,10.1,1079.0,320.09,5950.0,4.323,1.196,CANDIDATE,9836563
31.5322987,3.49,106.4,0.74,0.0671,7.8,461.0,10.65,5183.0,4.608,0.739,CANDIDATE,6508221
14.7510068,2.25,381.1,1.7,0.75,9.5,629.0,36.94,5295.0,4.548,0.8,CANDIDATE,9100953
54.54312996,7.03,,,,,,,,,,CANDIDATE,10079420
12.9284553,2.49,297.9,0.64,0.2446,8.2,343.0,3.26,3578.0,4.893,0.375,CANDIDATE,11559304
4.02018903,3.616,18.5,0.6,0.505,14.4,1337.0,754.66,5788.0,4.178,1.376,CANDIDATE,4735826
3.33930957,2.597,91.3,1.2,0.934,10.7,1205.0,498.37,5700.0,4.434,1.006,CANDIDATE,5003670
4.29251656,4.254,249.5,3.66,1.007,11.0,1144.0,403.88,6032.0,4.485,0.973,CANDIDATE,8973285
4.98792404,1.618,346.2,0.73,0.069,9.7,485.0,13.07,3606.0,4.859,0.395,CANDIDATE,2861126
5.68325648,1.778,44.6,0.97,0.844,10.0,1257.0,589.92,6072.0,4.133,1.286,CANDIDATE,8105398
91.649983,10.294,193.6,2.27,0.2136,8.7,568.0,24.57,6705.0,4.145,1.608,CANDIDATE,4758350
541.742985,10.47,1038.6,3.39,0.041,25.9,248.0,0.9,6373.0,4.438,1.047,CANDIDATE,4862625
44.113873,3.956,196.3,4.9,0.032,6.6,1158.0,424.45,7854.0,3.669,3.462,CANDIDATE,3965201
482.62011,12.86,324.0,1.98,0.1786,8.1,263.0,1.12,6315.0,4.389,1.095,CANDIDATE,4862924
10.1551587,1.802,141.6,0.94,0.2256,6.8,721.0,63.73,5275.0,4.505,0.796,CANDIDATE,5271090
0.708965461,3.946,87.2,1.13,0.6201,13.1,2417.0,8061.29,6528.0,4.384,1.155,CANDIDATE,5444276
11.76872507,1.11,,,,,,,,,,CANDIDATE,5878506
608.20572,13.63,554.2,1.46,0.0082,11.3,143.0,0.1,4486.0,4.642,0.646,CANDIDATE,6443274
7.2274321,4.967,173.3,1.28,0.003,9.2,967.0,206.77,6075.0,4.486,0.969,CANDIDATE,5602588
91.069934,17.33,12.7,1.59,0.5939,8.7,1103.0,349.47,9051.0,3.623,4.232,CANDIDATE,6876575
366.088938,11.887,537.9,2.57,0.89,29.0,257.0,1.03,5941.0,4.464,0.945,CANDIDATE,8096395
414.45008,19.15,729.5,7.01,0.9853,19.0,364.0,4.17,7037.0,4.136,1.683,CANDIDATE,8168509
5.43103616,2.469,66.8,0.66,0.816,10.8,873.0,137.1,5374.0,4.555,0.721,CANDIDATE,10397751
328.32211,13.53,399.0,1.3,0.1169,8.2,193.0,0.33,4906.0,4.648,0.668,CANDIDATE,8297319
381.97977,15.7,900.0,1.55,0.2178,10.4,132.0,0.07,3761.0,4.724,0.526,CANDIDATE,8423344
67.412998,9.1,126.1,1.57,0.5109,6.2,572.0,25.32,6525.0,4.248,1.359,CANDIDATE,8444868
359.8249913,5.22,,,,,,,,,,CANDIDATE,8682094
0.694611128,1.115,98.8,0.64,0.176,9.3,1415.0,945.45,4612.0,4.646,0.662,CANDIDATE,8677057
7.4751841,5.166,28.1,0.85,0.309,9.2,1168.0,439.51,5616.0,3.98,1.602,CANDIDATE,8702537
1.04347858,2.012,22.5,1.09,0.497,8.6,2688.0,12313.82,6014.0,3.843,2.246,CANDIDATE,9043947
382.5891,11.7,298.2,2.15,0.042,10.5,305.0,2.05,6337.0,4.261,1.239,CANDIDATE,8880317
392.601892,3.21,779.0,2.25,0.713,7.8,204.0,0.41,5307.0,4.605,0.753,CANDIDATE,10253977
260.446151,9.314,713.9,25.39,0.896,16.8,608.0,32.37,4845.0,2.897,7.796,CANDIDATE,10351947
87.487573,5.881,528.7,1.87,0.127,8.4,377.0,4.79,5774.0,4.567,0.818,CANDIDATE,10160922
11.9451376,6.893,63.3,3.32,0.443,12.4,1337.0,755.16,5094.0,3.38,4.163,CANDIDATE,10198225
277.13367,9.67,321.2,1.84,0.662,8.7,307.0,2.09,6461.0,4.474,0.971,CANDIDATE,10214341
5.0487451,4.007,67.6,0.67,0.133,7.7,922.0,170.39,5450.0,4.573,0.83,CANDIDATE,10515564
122.11555,16.07,1104.0,2.96,0.23,12.2,351.0,3.6,5592.0,4.418,0.894,CANDIDATE,10321972
225.48805,19.46,379.9,1.7,0.817,11.6,267.0,1.2,5663.0,4.579,0.782,CANDIDATE,10331279
578.88761,18.521,76.8,1.69,0.24,15.1,315.0,2.32,6180.0,3.946,1.917,CANDIDATE,5802205
218.771117,3.201,140.1,250.2,0.95,8.4,1997.0,3757.91,3297.0,0.236,151.184,CANDIDATE,5858919
277.25118,8.742,1517.4,5.02,0.932,15.3,304.0,2.02,6046.0,4.357,1.048,CANDIDATE,10907307
67.176626864,3.1147,1689.9,9.66,1.236,5.9,179.0,0.24,3391.0,4.936,0.311,CANDIDATE,10403228
0.93420696,3.5,,,,,,,,,,CANDIDATE,10407191
359.33831,18.566,977.9,2.33,0.176,15.8,216.0,0.52,5316.0,4.539,0.753,CANDIDATE,5955197
0.933745798,6.447,613.8,3.45,0.961,75.3,2097.0,4570.22,6367.0,4.419,1.087,CANDIDATE,6114140
293.38641,15.23,94.9,1.35,0.537,13.4,347.0,3.43,6392.0,4.213,1.34,CANDIDATE,11338091
66.716453,3.855,626.0,2.2,0.548,8.1,402.0,6.18,5447.0,4.506,0.859,CANDIDATE,11446424
34.573718512,2.1742,399.0,0.42,0.22,5.7,199.0,0.37,3374.0,5.066,0.218,CANDIDATE,10452252
54.753883835,2.0865,442.3,2.21,0.009,0.9,521.0,17.47,6242.0,4.442,1.047,CANDIDATE,6507334
189.183958,6.829,1014.0,3.31,0.68,11.2,312.0,2.23,5573.0,4.382,0.981,CANDIDATE,11872364
495.662346,4.428,675.7,2.73,0.949,10.2,207.0,0.43,5515.0,4.509,0.82,CANDIDATE,12554485
7.7529342,5.072,72.1,0.93,0.449,9.2,1002.0,238.09,5975.0,4.335,1.072,CANDIDATE,10536241
254.336707,8.585,398.4,13.97,0.728,11.3,586.0,27.88,5193.0,3.117,6.502,CANDIDATE,10790401
490.63941,16.5,268.8,7.67,0.015,9.6,412.0,6.84,5037.0,3.252,4.817,CANDIDATE,12647757
331.55459,5.35,288.7,1.36,0.001,6.7,240.0,0.78,5762.0,4.576,0.801,CANDIDATE,3629119
425.64971,11.07,171.2,1.58,0.303,7.6,281.0,1.48,6067.0,4.253,1.195,CANDIDATE,4446859
395.13138,21.291,126.4,0.97,0.45,14.4,208.0,0.44,5060.0,4.493,0.869,CANDIDATE,9084569
0.770658979,1.401,83.5,0.68,0.444,11.7,1548.0,1348.87,5058.0,4.61,0.739,CANDIDATE,9087580
4.6318914,3.88,50.9,0.64,0.395,9.2,1060.0,297.79,5926.0,4.532,0.887,CANDIDATE,9099607
362.13187,5.59,849.0,2.23,0.397,8.2,208.0,0.45,5176.0,4.567,0.766,CANDIDATE,10844823
29.4856392,4.27,105.0,1.46,0.103,9.3,793.0,93.27,6870.0,4.266,1.407,CANDIDATE,10862759
3.65034525,1.527,253.2,0.72,0.289,6.0,578.0,26.47,3704.0,4.797,0.45,CANDIDATE,10920281
43.9438891,5.26,154.8,1.12,0.523,9.7,505.0,15.41,6008.0,4.537,0.875,CANDIDATE,11032748
309.191789,11.392,122.8,1.96,0.155,10.5,383.0,5.08,6299.0,3.99,1.754,CANDIDATE,4572728
400.11482,12.37,113.4,0.95,0.066,6.7,226.0,0.62,5547.0,4.521,0.911,CANDIDATE,5098334
1.12625975,3.62,,,,,,,,,,CANDIDATE,9142714
377.67241,15.82,514.8,1.37,0.107,10.2,187.0,0.29,5031.0,4.644,0.615,CANDIDATE,9210820
242.0367,11.01,333.3,2.11,0.568,8.9,323.0,2.57,6086.0,4.36,1.116,CANDIDATE,9227215
502.25648,14.84,153.2,1.03,0.05,8.1,215.0,0.51,5637.0,4.46,0.833,CANDIDATE,9278575
10.7781558,3.005,121.3,1.24,0.009,7.9,942.0,186.22,6386.0,4.402,1.123,CANDIDATE,11139682
384.37706,15.139,1204.9,50.93,0.901,22.6,676.0,49.27,4859.0,2.481,12.023,CANDIDATE,11182706
302.34971,4.978,622.3,1.98,0.468,8.0,208.0,0.44,4829.0,4.564,0.794,CANDIDATE,11294822
9.4609418,4.888,47.5,0.54,0.161,7.9,767.0,81.83,5485.0,4.5,0.788,CANDIDATE,5683219
402.27493,15.67,294.5,1.73,0.668,11.1,262.0,1.11,6299.0,4.486,0.95,CANDIDATE,5956171
22.6432436,0.806,550.4,2.12,0.136,8.2,624.0,35.77,5880.0,4.516,0.891,CANDIDATE,9390228
275.5603,15.09,89.4,2.33,0.018,11.5,437.0,8.6,5989.0,3.764,2.467,CANDIDATE,9469494
188.881049,1.49,325.8,1.86,0.504,12.9,330.0,2.79,6077.0,4.471,0.999,CANDIDATE,9521317
379.67276,9.662,253.9,1.33,0.302,7.9,247.0,0.88,6156.0,4.563,0.824,CANDIDATE,11296205
278.38935,10.43,262.8,6.81,0.12,11.2,464.0,10.93,4951.0,3.349,4.342,CANDIDATE,11350634
7.8687123,3.739,89.1,1.73,0.748,9.1,1323.0,722.44,6738.0,4.109,1.692,CANDIDATE,11358305
9.9105786,5.945,99.5,1.19,0.813,9.2,922.0,170.47,6214.0,4.442,1.076,CANDIDATE,11392362
43.9088053,6.265,297.8,7.33,0.272,13.7,885.0,144.75,5216.0,3.402,4.303,CANDIDATE,11443757
364.98242,12.346,533.0,3.12,0.926,13.1,293.0,1.73,6429.0,4.404,1.116,CANDIDATE,8439949
0.58730021,0.82,,,,,,,,,,CANDIDATE,8527297
280.55544,12.757,401.4,2.17,0.031,9.3,308.0,2.13,6292.0,4.426,1.078,CANDIDATE,6356506
4.40660737,2.107,70.7,0.86,0.433,8.1,1152.0,415.56,6063.0,4.47,1.001,CANDIDATE,11453349
353.01861,15.583,375.1,2.25,0.064,14.9,301.0,1.93,6450.0,4.386,1.155,CANDIDATE,8608544
370.98253,17.84,552.3,119.96,1.655,15.7,338.0,3.07,6028.0,4.013,1.63,CANDIDATE,8708961
338.00692,16.745,544.3,2.09,0.184,15.3,249.0,0.91,5741.0,4.502,0.898,CANDIDATE,7832787
432.42787,19.63,110.3,1.14,0.716,6.0,259.0,1.07,6263.0,4.46,1.009,CANDIDATE,8022520
1.001916708,1.256,70.9,0.62,0.074,8.3,1545.0,1352.47,5521.0,4.613,0.734,CANDIDATE,9604563
0.862329309,1.044,140.9,1.09,0.421,10.8,1825.0,2623.55,5806.0,4.528,0.899,CANDIDATE,9640649
432.96905,20.76,257.9,1.43,0.4,8.1,219.0,0.55,5580.0,4.538,0.886,CANDIDATE,9650579
372.15035,21.23,457.4,1.74,0.259,12.3,232.0,0.69,5769.0,4.57,0.812,CANDIDATE,9650762
405.35457,10.778,545.6,2.11,0.285,10.2,232.0,0.69,5650.0,4.487,0.906,CANDIDATE,11714107
9.4640413,6.999,209.9,1.28,0.048,9.4,839.0,117.23,5968.0,4.534,0.881,CANDIDATE,11904835
389.875816,3.336,2134.0,3.76,0.576,8.9,207.0,0.44,5289.0,4.588,0.79,CANDIDATE,8329346
385.858683,12.071,548.4,3.23,0.877,21.2,300.0,1.92,6551.0,4.367,1.195,CANDIDATE,8637903
0.757261281,0.905,36.5,0.58,0.322,10.2,1908.0,3119.75,5651.0,4.479,0.953,CANDIDATE,8673511
367.0896,28.02,2092.3,35.3,1.242,27.7,281.0,1.48,6268.0,4.429,1.1,CANDIDATE,9011955
66.67305,6.381,472.1,2.64,0.415,9.6,542.0,20.35,6592.0,4.369,1.19,CANDIDATE,9159288
295.06066,16.18,72.2,0.64,0.052,10.4,233.0,0.7,5332.0,4.524,0.762,CANDIDATE,8873873
191.03728,3.595,1607.0,3.54,0.091,7.0,286.0,1.58,5440.0,4.497,0.901,CANDIDATE,9592621
71.10684,6.933,128.4,1.42,0.466,10.5,523.0,17.68,6339.0,4.315,1.224,CANDIDATE,12156930
77.177672,2.312,318.6,1.29,0.026,8.0,327.0,2.7,4840.0,4.551,0.749,CANDIDATE,12266099
0.805941833,1.4432,3180.4,29.85,1.339,55.4,1498.0,1189.65,5022.0,4.597,0.672,CANDIDATE,12307496
8.2766028,4.834,73.1,2.48,0.638,10.0,1623.0,1639.28,6787.0,3.762,2.753,CANDIDATE,12602999
185.97534,8.744,54.5,2.76,0.4,2.6,688.0,53.05,7365.0,3.628,3.638,CANDIDATE,9268159
5.8877038,4.009,39.7,0.6,0.185,9.3,1026.0,262.67,6065.0,4.495,0.947,CANDIDATE,9468848
1.98514635,1.625,233.4,1.28,0.126,11.0,1299.0,675.28,5581.0,4.559,0.845,CANDIDATE,9873004
1.33199285,4.33,,,,,,,,,,CANDIDATE,9899345
5.82561701,3.246,142.8,1.21,0.635,9.2,1037.0,273.08,5999.0,4.459,0.967,CANDIDATE,9906688
419.2615,21.53,287.8,1.7,0.5,10.1,256.0,1.02,5979.0,4.379,0.975,CANDIDATE,2284957
141.400279,3.031,790.1,41.55,0.401,12.9,945.0,188.78,4936.0,2.609,14.907,CANDIDATE,3663850
229.957537,7.59,400.0,43.78,1.175,10.2,444.0,9.22,6419.0,3.978,2.057,CANDIDATE,12168280
7.2681817,4.985,46.7,1.66,0.78,9.7,1444.0,1027.95,6297.0,3.89,2.219,CANDIDATE,9938836
376.37989,13.99,1140.0,3.26,0.305,13.3,265.0,1.16,6231.0,4.488,0.955,CANDIDATE,10011213
367.947848,4.249,1301.0,3.72,0.902,10.7,228.0,0.64,5570.0,4.561,0.855,CANDIDATE,10028127
1.73984941,3.114,48.5,0.72,0.043,10.6,1608.0,1585.81,6119.0,4.444,1.031,CANDIDATE,10128825
333.486169,3.199,639.1,19.3,0.214,14.0,557.0,22.68,4989.0,2.992,7.824,CANDIDATE,10155286
