koi_period,koi_duration,koi_depth,koi_prad,koi_impact,koi_model_snr,koi_teq,koi_insol,koi_steff,koi_slogg,koi_srad,target,koi_disposition,kepid
9.48803557,2.9575,615.8,2.26,0.146,35.8,793.0,93.59,5455.0,4.467,0.927,1,CONFIRMED,10797460
54.4183827,4.507,874.8,2.83,0.586,25.8,443.0,9.11,5455.0,4.467,0.927,1,CONFIRMED,10797460
1.736952453,2.40641,8079.2,33.46,1.276,505.6,1395.0,891.96,5805.0,4.564,0.791,0,FALSE POSITIVE,10848459
2.525591777,1.6545,603.3,2.75,0.701,40.9,1406.0,926.16,6031.0,4.438,1.046,1,CONFIRMED,10854555
11.09432054,4.5945,1517.5,3.9,0.538,66.5,835.0,114.81,6046.0,4.486,0.972,1,CONFIRMED,10872983
4.13443512,3.1402,686.0,2.77,0.762,40.2,1160.0,427.65,6046.0,4.486,0.972,1,CONFIRMED,10872983
2.56658897,2.429,226.5,1.59,0.755,15.0,1360.0,807.74,6046.0,4.486,0.972,1,CONFIRMED,10872983
7.36178958,5.022,233.7,39.21,1.169,47.7,1342.0,767.22,6227.0,3.986,1.958,0,FALSE POSITIVE,6721123
16.06864674,3.5347,4914.3,5.76,0.052,161.9,600.0,30.75,5031.0,4.485,0.848,1,CONFIRMED,10910878
2.470613377,1.74319,14230.9,13.04,0.818,4304.3,1339.0,761.46,5820.0,4.457,0.964,1,CONFIRMED,11446443
2.204735417,3.88864,6674.7,16.1,0.224,5945.9,2048.0,4148.92,6440.0,4.019,1.952,1,CONFIRMED,10666592
3.522498429,3.19843,9145.7,14.59,0.631,1741.5,1521.0,1264.67,6225.0,4.169,1.451,1,CONFIRMED,6922244
3.709214104,2.6302,131.1,1.16,0.051,50.6,1206.0,500.46,5833.0,4.407,1.022,1,CONFIRMED,10984090
11.521446064,3.6399,17984.3,150.51,2.483,622.1,753.0,75.88,5795.0,4.554,0.848,0,FALSE POSITIVE,10419211
19.40393776,12.2155,8918.7,7.18,0.804,214.7,523.0,17.69,5043.0,4.591,0.68,0,FALSE POSITIVE,10464078
19.221388942,4.79843,74284.0,49.29,1.065,2317.0,698.0,55.97,6117.0,4.496,0.947,0,FALSE POSITIVE,10480982
16.46983774,9.4378,10478.9,7.94,0.292,303.4,595.0,29.61,5152.0,4.517,0.786,0,FALSE POSITIVE,10485250
9.27358173,3.2875,1288.3,2.47,0.387,87.2,649.0,41.85,4856.0,4.583,0.696,1,CONFIRMED,10526549
6.02930329,1.5821,1912.7,2.85,0.258,65.4,678.0,50.04,4537.0,4.648,0.672,1,CONFIRMED,10583066
2.696370652,3.6129,397.9,1.58,0.044,48.2,1066.0,305.34,4989.0,4.504,0.819,0,FALSE POSITIVE,10583180
5.349553819,3.0278,831.0,2.55,0.092,60.6,919.0,168.99,5185.0,4.44,0.91,1,CONFIRMED,10601284
3.94105221,2.5984,363.3,1.7,0.226,28.9,1018.0,253.15,5185.0,4.44,0.91,1,CONFIRMED,10601284
8.10904807,3.596,217.4,1.3,0.025,14.1,800.0,97.03,5185.0,4.44,0.91,1,CONFIRMED,10601284
386.6030528,6.8057,24926.6,41.5,0.9765,994.0,297.0,1.84,5543.0,4.081,1.58,0,FALSE POSITIVE,2306756
21.67699193,3.4555,857.2,2.95,0.896,34.3,530.0,18.64,4954.0,4.5,0.828,1,CONFIRMED,10662202
4.99677968,2.1717,934.7,2.78,0.71,28.2,917.0,166.95,5339.0,4.552,0.847,1,CONFIRMED,10682541
4.280963604,2.875,750.8,2.3,0.424,61.8,1012.0,247.87,5644.0,4.564,0.831,1,CONFIRMED,11460018
1.50635409,1.5155,2211.7,4.53,0.86,181.1,1452.0,1054.12,5714.0,4.563,0.831,0,FALSE POSITIVE,11463211
670.645531,53.412,18090.6,14.14,0.701,642.7,196.0,0.35,5520.0,4.466,0.983,0,FALSE POSITIVE,11465813
61.2563628,7.633,5123.3,39.87,1.248,85.3,505.0,15.43,6144.0,4.402,1.091,0,FALSE POSITIVE,11493732
38.3775486,5.588,724.2,2.82,0.468,34.7,529.0,18.53,5481.0,4.369,1.036,1,CONFIRMED,11507101
41.19725502,4.6297,2213.9,3.86,0.045,51.2,439.0,8.76,5031.0,4.485,0.848,1,CONFIRMED,10910878
6.252962249,2.5819,1036.9,2.65,0.105,47.1,823.0,108.3,5031.0,4.485,0.848,1,CONFIRMED,10910878
16.01308419,3.2554,1121.9,3.1,0.799,33.2,593.0,29.31,5015.0,4.499,0.826,1,CONFIRMED,10987985
32.62876672,4.7971,1804.8,3.36,0.021,80.0,506.0,15.55,5586.0,4.56,0.798,1,CONFIRMED,11018648
91.7732862,6.473,652.0,2.12,0.606,19.1,359.0,3.92,5586.0,4.56,0.798,1,CONFIRMED,11018648
4.959319244,2.22739,9802.0,12.21,0.831,696.5,1103.0,349.4,5712.0,4.359,1.082,1,CONFIRMED,11138155
2.701287801,3.3827,860.4,6.54,1.016,48.3,1222.0,527.81,5550.0,4.468,0.91,0,FALSE POSITIVE,11152159
4.49876511,3.7362,460.0,2.1,0.312,29.5,1133.0,389.62,6075.0,4.486,0.969,1,CONFIRMED,11153539
19.651209505,5.2514,11766.3,12.42,0.723,513.4,730.0,67.03,6074.0,4.391,1.063,0,FALSE POSITIVE,11242721
5.412203927,2.9472,601.6,2.94,0.787,166.7,1093.0,337.68,5779.0,4.339,1.087,1,CONFIRMED,9579641
41.43958662,10.5989,2793.1,5.5,0.355,141.1,516.0,16.72,5468.0,4.367,1.046,1,CONFIRMED,11304958
8.35389523,2.2514,1041.6,2.52,0.023,43.4,790.0,91.9,5592.0,4.582,0.787,1,CONFIRMED,11391957
4.125543472,3.1744,1487.3,4.43,0.597,128.6,1243.0,565.35,6174.0,4.417,1.103,1,CONFIRMED,11403044
2.816504904,2.50587,16813.7,12.21,0.105,1406.8,1219.0,521.13,5532.0,4.452,0.955,1,CONFIRMED,11414511
33.93373447,14.561,8503.7,7.34,0.812,236.1,430.0,8.11,5040.0,4.628,0.705,0,FALSE POSITIVE,11442465
3.689920099,2.6557,426.7,1.89,0.151,35.6,1147.0,408.99,5880.0,4.518,0.917,1,CONFIRMED,12110942
4.431238488,3.15,1010.9,3.25,0.405,71.1,1104.0,351.23,5714.0,4.428,1.015,1,CONFIRMED,12366084
11.37936986,2.6255,1023.5,3.95,0.911,37.9,806.0,99.68,5714.0,4.428,1.015,1,CONFIRMED,12366084
26.39432897,3.573,1510.9,3.07,0.602,48.2,489.0,13.49,5129.0,4.595,0.763,1,CONFIRMED,12404086
13.57078281,3.3539,511.7,2.64,0.866,88.4,785.0,89.61,5854.0,4.406,1.012,1,CONFIRMED,8395660
7.12594387,3.0014,192.4,1.79,0.898,47.1,997.0,233.31,5779.0,4.339,1.087,1,CONFIRMED,9579641
7.442652004,2.3078,24446.2,15.03,0.137,835.6,967.0,206.78,6108.0,4.469,0.956,0,FALSE POSITIVE,11656840
16.38489988,3.0249,1127.1,2.0,0.001,28.9,433.0,8.35,4126.0,4.661,0.615,1,CONFIRMED,11754553
7.8774163,2.0805,1306.1,2.16,0.041,38.7,553.0,22.18,4126.0,4.661,0.615,1,CONFIRMED,11754553
36.4454001,4.007,1122.3,1.99,0.028,21.7,332.0,2.88,4126.0,4.661,0.615,1,CONFIRMED,11754553
3.728732147,2.683,5226.5,6.02,0.558,345.2,1023.0,258.34,5497.0,4.577,0.809,1,CONFIRMED,11812062
2.243380573,1.1196,821.7,1.99,0.915,38.9,822.0,107.6,4149.0,4.698,0.564,1,CONFIRMED,11853255
10.405998015,6.5036,14488.8,11.23,0.324,745.2,833.0,113.94,5746.0,4.393,0.924,0,FALSE POSITIVE,11909839
2.337437946,1.9982,971.2,2.34,0.28,82.4,1070.0,311.16,5005.0,4.595,0.765,1,CONFIRMED,11918099
11.59822233,2.5237,2804.5,2.65,0.679,71.0,396.0,5.82,3688.0,4.79,0.473,1,CONFIRMED,11923270
6.575315881,4.3084,2793.3,5.31,0.39,221.1,1015.0,251.38,5992.0,4.415,0.989,1,CONFIRMED,11960862
7.275040844,7.5377,3001.0,4.86,0.547,312.1,833.0,113.64,5485.0,4.556,0.867,1,CONFIRMED,12020329
19.27153892,2.7594,1219.8,1.93,0.031,37.1,393.0,5.66,4077.0,4.702,0.56,1,CONFIRMED,12066335
10.06524317,1.369,1053.3,1.91,0.628,30.3,488.0,13.43,4077.0,4.702,0.56,1,CONFIRMED,12066335
12.3935651,3.8896,916.6,2.66,0.883,35.8,677.0,49.68,5557.0,4.603,0.75,1,CONFIRMED,12070811
43.84439721,6.802,615.2,2.87,0.852,83.7,531.0,18.77,5854.0,4.406,1.012,1,CONFIRMED,8395660
3.341913228,3.813,725.3,21.55,1.213,39.0,1032.0,268.67,5295.0,4.551,0.811,0,FALSE POSITIVE,3120431
1.626630225,2.1145,1620.6,32.43,1.26,103.6,1547.0,1355.88,5735.0,4.41,0.973,0,FALSE POSITIVE,3246984
2.711504086,3.0099,837.5,3.12,0.023,64.5,1420.0,960.79,6214.0,4.442,1.076,1,CONFIRMED,3342970
7.21203748,4.0491,950.4,3.32,0.012,51.5,1025.0,260.58,6214.0,4.442,1.076,1,CONFIRMED,3342970
14.1798187,2.505,459.9,1.88,0.1601,11.2,711.0,60.35,5799.0,4.539,0.878,0,FALSE POSITIVE,12459725
8.47237911,2.7245,1123.5,2.59,0.022,47.6,751.0,75.44,5354.0,4.587,0.788,1,CONFIRMED,12470844
60.4189369,5.039,931.3,2.36,0.094,20.1,390.0,5.49,5354.0,4.587,0.788,1,CONFIRMED,12470844
12.611904345,5.1497,6105.6,7.4,0.55,277.2,753.0,76.15,5795.0,4.508,0.919,1,CONFIRMED,12644822
1.433769925,1.8868,1976.3,46.58,1.268,112.6,1920.0,3209.29,6017.0,4.22,1.339,0,FALSE POSITIVE,2440757
10.31872301,3.836,871.7,28.59,1.215,38.2,876.0,139.26,5927.0,4.409,1.06,0,FALSE POSITIVE,2445129
2.539183147,2.4282,382.1,2.06,0.238,38.9,1332.0,743.09,5519.0,4.35,1.062,1,CONFIRMED,2713049
6.770300385,2.0844,1304.0,2.77,0.838,50.8,812.0,102.87,5653.0,4.656,0.679,1,CONFIRMED,3114167
0.444291966,2.0792,10967.4,27.51,1.258,299.7,1836.0,2706.26,5255.0,4.678,0.636,0,FALSE POSITIVE,3114661
20.06036336,3.3203,1494.7,1.96,0.556,35.2,361.0,4.0,3950.0,4.754,0.493,1,CONFIRMED,4139816
46.1842039,4.758,1394.7,1.83,0.013,26.0,273.0,1.32,3950.0,4.754,0.493,1,CONFIRMED,4139816
23.9800854,5.351,104.0,1.31,0.95,17.1,649.0,41.94,5854.0,4.406,1.012,1,CONFIRMED,8395660
7.82502168,2.186,520.8,1.2,0.708,15.9,494.0,14.05,3950.0,4.754,0.493,1,CONFIRMED,4139816
3.895936525,2.3111,8544.8,7.34,0.524,370.8,1005.0,241.62,5557.0,4.592,0.774,1,CONFIRMED,4275191
22.36646466,5.228,986.8,2.32,0.4,32.1,536.0,19.45,5395.0,4.615,0.734,1,CONFIRMED,4476123
1.625522174,2.38963,7969.0,9.73,0.076,799.7,1579.0,1467.41,5539.0,4.322,1.106,1,CONFIRMED,3351888
7.544039,6.222,322.6,17.47,1.175,14.2,838.0,116.46,5657.0,4.567,0.824,0,FALSE POSITIVE,3554600
9.02930689,3.1449,1019.8,2.57,0.024,53.9,757.0,77.75,5349.0,4.526,0.82,1,CONFIRMED,3641726
10.328035714,7.7915,16917.7,13.28,0.281,636.8,843.0,119.31,5627.0,4.359,1.024,0,FALSE POSITIVE,3734868
143.2063047,8.9302,10565.7,8.9,0.379,138.8,308.0,2.14,5485.0,4.556,0.867,1,CONFIRMED,3832474
6.164876,3.262,55.8,0.79,0.646,14.4,1021.0,256.35,5854.0,4.406,1.012,1,CONFIRMED,8395660
60.32494216,6.6188,20280.4,12.19,0.224,347.2,411.0,6.77,5485.0,4.556,0.867,1,CONFIRMED,3832474
29.1598615,4.803,488.0,1.91,0.3619,11.6,524.0,17.85,5485.0,4.556,0.867,1,CONFIRMED,3832474
1.540397253,2.1541,816.1,25.69,1.225,38.8,1470.0,1105.68,5663.0,4.53,0.915,0,FALSE POSITIVE,3836375
2.99025443,5.414,589.2,1.7,0.014,48.5,918.0,168.45,4667.0,4.578,0.731,0,FALSE POSITIVE,3838486
1.594745374,1.9604,15044.5,11.3,0.514,1009.3,1539.0,1329.42,5934.0,4.491,0.893,1,CONFIRMED,3935914
4.783002698,2.335,1008.7,2.5,0.003,70.6,886.0,145.48,5170.0,4.574,0.807,1,CONFIRMED,3940418
20.50588921,4.0595,2105.5,3.41,0.26,78.5,518.0,17.06,4905.0,4.544,0.761,1,CONFIRMED,4049131
3.340218842,1.9104,1632.6,2.03,0.466,71.6,656.0,43.73,3950.0,4.754,0.493,1,CONFIRMED,4139816
2.507089906,2.0067,1339.2,30.26,1.255,64.9,1326.0,730.47,5926.0,4.506,0.939,0,FALSE POSITIVE,5287983
18.64932728,4.4056,893.6,3.12,0.08,46.1,701.0,57.13,5775.0,4.405,1.053,1,CONFIRMED,5358241
4.90144976,4.1654,140.7,1.7,0.529,50.6,1262.0,598.74,5847.0,4.191,1.402,1,CONFIRMED,10875245
9.75192101,4.793,418.0,2.76,0.949,28.5,870.0,135.66,5775.0,4.405,1.053,1,CONFIRMED,5358241
38.5576546,5.794,993.0,4.02,0.911,39.7,550.0,21.71,5775.0,4.405,1.053,1,CONFIRMED,5358241
3.525632539,2.59959,22335.0,11.58,0.12,1996.7,975.0,213.12,5150.0,4.572,0.793,1,CONFIRMED,5358624
7.748094239,3.5957,2472.1,5.52,0.517,113.2,964.0,204.39,5973.0,4.439,1.085,1,CONFIRMED,4664847
23.96793669,3.827,1182.3,1.8,0.416,27.5,329.0,2.77,3747.0,4.728,0.524,1,CONFIRMED,4725681
8.29561738,1.3421,824.3,1.82,0.888,17.9,469.0,11.39,3747.0,4.728,0.524,1,CONFIRMED,4725681
8.11437482,2.2736,1558.0,2.1,0.573,56.4,460.0,10.55,3692.0,4.753,0.517,1,CONFIRMED,4913852
38.036729482,4.34617,82871.6,27.5,0.501,1300.0,500.0,14.81,5575.0,4.521,0.932,0,FALSE POSITIVE,4932348
3.747838198,5.0642,616.0,13.65,1.121,138.2,1031.0,266.76,5514.0,4.569,0.826,0,FALSE POSITIVE,11913073
14.74914825,6.0995,430.2,2.89,0.173,107.4,874.0,137.91,5847.0,4.191,1.402,1,CONFIRMED,10875245
21.81295996,4.3791,1175.4,3.38,0.053,37.8,639.0,39.33,5601.0,4.41,0.999,1,CONFIRMED,5021899
7.91936937,3.3148,15148.1,10.34,0.733,389.0,814.0,104.0,5690.0,4.588,0.776,0,FALSE POSITIVE,5077629
15.37562369,3.3169,15337.0,11.01,0.692,166.0,600.0,30.54,4986.0,4.496,0.833,1,CONFIRMED,5164255
8.10363271,3.161,887.9,2.11,0.047,39.3,687.0,52.82,4861.0,4.574,0.732,1,CONFIRMED,5252423
4.71510843,2.506,417.5,1.46,0.258,21.3,823.0,108.84,4861.0,4.574,0.732,1,CONFIRMED,5252423
6.365839713,2.9721,780.7,2.44,0.524,70.8,914.0,165.33,5776.0,4.554,0.849,1,CONFIRMED,5272878
5.97581754,3.065,962.4,3.86,0.941,50.3,1047.0,284.25,6108.0,4.471,0.997,0,FALSE POSITIVE,5283542
2.446737317,4.7211,1177.9,26.25,1.241,110.2,1261.0,597.19,5764.0,4.548,0.863,0,FALSE POSITIVE,5649215
3.04033046,1.8411,10858.8,8.99,0.736,568.2,1021.0,257.29,5035.0,4.519,0.791,1,CONFIRMED,5651104
15.33528675,3.897,3081.4,5.0,0.773,86.6,610.0,32.67,5251.0,4.581,0.817,1,CONFIRMED,5792202
7.95825328,4.377,50.0,1.06,0.706,14.7,1074.0,314.15,5847.0,4.191,1.402,1,CONFIRMED,10875245
31.33046135,5.176,5073.8,6.5,0.798,117.2,481.0,12.61,5251.0,4.581,0.817,1,CONFIRMED,5792202
3.9043425,3.831,16228.4,12.28,0.709,323.4,1104.0,351.05,5810.0,4.526,0.898,0,FALSE POSITIVE,5370302
9.286358079,3.49949,44791.4,17.61,0.377,1671.1,796.0,95.03,5670.0,4.523,0.821,0,FALSE POSITIVE,5372966
3.951405455,2.1862,2453.9,31.44,1.276,117.2,1133.0,388.71,6046.0,4.539,0.869,0,FALSE POSITIVE,5376067
23.65369415,8.2183,3341.8,7.89,0.008,266.3,731.0,67.65,5739.0,4.191,1.384,1,CONFIRMED,5436502
13.23352214,6.7372,504.6,3.06,0.014,49.1,888.0,146.67,5739.0,4.191,1.384,1,CONFIRMED,5436502
6.15560285,4.9843,285.0,2.32,0.235,35.1,1146.0,406.94,5739.0,4.191,1.384,1,CONFIRMED,5436502
2.090811305,3.388,115.9,1.62,0.746,19.9,1642.0,1718.04,5739.0,4.191,1.384,1,CONFIRMED,5436502
3.180027898,3.5797,120.3,1.53,0.196,50.4,1458.0,1066.86,5847.0,4.191,1.402,1,CONFIRMED,10875245
50.4467417,7.159,370.3,2.67,0.379,19.4,568.0,24.64,5739.0,4.191,1.384,1,CONFIRMED,5436502
11.76307164,2.9076,1037.3,2.35,0.048,48.9,616.0,33.99,4959.0,4.603,0.756,1,CONFIRMED,5456651
56.2279271,3.57,862.7,2.37,0.7,20.9,366.0,4.22,4959.0,4.603,0.756,1,CONFIRMED,5456651
2.384052875,3.0918,1268.1,17.06,1.178,50.5,1010.0,244.87,4794.0,4.58,0.701,0,FALSE POSITIVE,5481416
7.953547,2.6312,875.4,2.25,0.3,38.4,696.0,55.37,4768.0,4.536,0.779,1,CONFIRMED,5531576
4.14451656,2.3421,391.8,1.48,0.004,22.8,864.0,132.08,4768.0,4.536,0.779,1,CONFIRMED,5531576
4.859386384,2.2757,6044.3,38.33,1.259,269.7,1114.0,364.23,6072.0,4.47,0.988,0,FALSE POSITIVE,5534814
10.526294577,2.5211,9768.0,8.24,0.644,482.3,713.0,61.16,5386.0,4.553,0.793,1,CONFIRMED,6291653
4.583520948,2.7055,3812.1,5.39,0.045,99.5,1038.0,274.98,5815.0,4.54,0.877,1,CONFIRMED,6392727
3.76181843,3.5176,510.6,2.66,0.926,35.9,1121.0,372.62,5653.0,4.472,0.949,1,CONFIRMED,6422070
8.20396958,2.9667,1024.4,3.01,0.823,54.4,742.0,71.5,5015.0,4.499,0.826,1,CONFIRMED,6428700
14.49645186,4.016,647.5,3.01,0.97,25.7,613.0,33.48,5015.0,4.499,0.826,1,CONFIRMED,6428700
6.54626149,2.75,655.9,2.19,0.644,24.8,810.0,101.78,5251.0,4.581,0.817,1,CONFIRMED,5792202
12.71809866,3.0957,1149.4,2.31,0.427,52.7,562.0,23.6,4702.0,4.592,0.686,1,CONFIRMED,5794379
36.06588163,4.3246,1563.8,2.64,0.26,51.7,397.0,5.88,4702.0,4.592,0.686,1,CONFIRMED,5794379
4.190425659,2.8589,2877.4,6.21,0.458,240.6,1234.0,547.9,6073.0,4.392,1.135,1,CONFIRMED,5881688
3.709870784,3.0694,2020.3,4.35,0.023,116.1,1151.0,415.1,5727.0,4.463,0.978,1,CONFIRMED,6022556
16.3297527,6.271,1187.5,3.75,0.791,74.6,727.0,66.08,5878.0,4.444,0.987,1,CONFIRMED,6032497
27.807566216,4.21587,25391.1,13.84,0.782,748.1,554.0,22.24,5862.0,4.584,0.785,1,CONFIRMED,6061119
80.8723469,11.195,3604.6,7.59,0.527,160.9,452.0,9.88,5510.0,4.222,1.238,1,CONFIRMED,6191521
3.166465862,2.9381,4357.2,26.82,1.266,122.1,954.0,196.31,4968.0,4.575,0.704,0,FALSE POSITIVE,6267425
24.99324319,5.9409,269.6,2.29,0.686,62.0,712.0,60.88,5718.0,4.181,1.317,1,CONFIRMED,3531558
10.35533116,3.1775,750.6,2.47,0.029,49.2,777.0,86.22,5501.0,4.462,0.918,1,CONFIRMED,6276477
16.08518937,3.984,1442.4,3.68,0.867,62.6,613.0,33.43,5239.0,4.523,0.826,1,CONFIRMED,6863998
7.49018305,2.7297,1123.6,2.56,0.02,53.0,753.0,76.06,5103.0,4.562,0.787,1,CONFIRMED,6948054
36.2761238,4.7865,1572.6,3.03,0.035,45.5,445.0,9.29,5103.0,4.562,0.787,1,CONFIRMED,6948054
17.46087931,2.2641,812.4,2.32,0.594,22.6,568.0,24.6,5103.0,4.562,0.787,1,CONFIRMED,6948054
56.0560754,4.685,1626.0,1.94,0.018,27.4,233.0,0.69,3593.0,4.757,0.491,1,CONFIRMED,6435936
41.408316686,5.0264,22838.9,11.38,0.377,907.8,453.0,9.93,5522.0,4.586,0.747,1,CONFIRMED,6522242
5.715425977,2.5242,908.1,2.47,0.348,59.4,850.0,123.03,5237.0,4.572,0.826,1,CONFIRMED,6587280
49.18394185,11.3364,1646.2,8.2,0.035,355.7,669.0,47.4,5626.0,3.907,2.057,1,CONFIRMED,9471974
20.0261412,1.611,421.2,2.28,0.957,10.7,559.0,23.14,5237.0,4.572,0.826,1,CONFIRMED,6587280
10.44331991,2.743,1159.8,2.66,0.23,51.7,667.0,46.94,4947.0,4.516,0.802,0,FALSE POSITIVE,6675056
2.237489571,1.8119,315.8,1.41,0.128,30.7,1160.0,427.17,5265.0,4.58,0.81,1,CONFIRMED,6685526
5.851520671,3.11058,33003.6,14.62,0.211,1630.4,901.0,155.89,5532.0,4.53,0.806,0,FALSE POSITIVE,6756669
3.167893418,2.1814,781.2,2.62,0.026,64.8,1221.0,526.23,5895.0,4.503,0.94,1,CONFIRMED,6784235
4.311780262,2.7251,1154.0,3.11,0.196,86.1,1038.0,274.84,5527.0,4.484,0.927,1,CONFIRMED,6849310
20.0504494,4.556,840.9,2.69,0.383,37.8,622.0,35.44,5527.0,4.484,0.927,1,CONFIRMED,6849310
9.76734503,1.6585,569.1,2.67,0.9,21.1,791.0,92.46,5527.0,4.484,0.927,1,CONFIRMED,6849310
190.3200468,15.284,1141.7,7.78,0.812,139.3,426.0,7.8,5626.0,3.907,2.057,1,CONFIRMED,9471974
2.861159894,1.8832,1014.3,4.37,0.965,58.3,1355.0,797.1,6126.0,4.458,1.021,0,FALSE POSITIVE,6862603
26.44439337,3.9783,1843.5,3.91,0.03,88.0,562.0,23.54,5427.0,4.463,0.929,1,CONFIRMED,7366258
51.53997972,6.3994,3644.3,5.51,0.183,155.5,450.0,9.67,5427.0,4.463,0.929,1,CONFIRMED,7366258
5.902245782,2.9003,702.3,2.43,0.209,59.3,926.0,173.74,5427.0,4.463,0.929,1,CONFIRMED,7366258
2.382951591,1.8876,391.6,1.86,0.479,41.4,1253.0,583.01,5427.0,4.463,0.929,1,CONFIRMED,7366258
21.02250608,4.1072,1772.5,3.07,0.036,62.4,521.0,17.48,5067.0,4.585,0.75,1,CONFIRMED,7373451
3.219814777,2.0642,488.2,1.69,0.06,30.5,998.0,234.93,5103.0,4.562,0.787,1,CONFIRMED,6948054
5.912273234,2.3254,961.4,1.73,0.17,62.8,585.0,27.72,4072.0,4.696,0.57,1,CONFIRMED,6949607
8.98581901,2.8606,881.3,1.65,0.008,51.8,509.0,15.9,4072.0,4.696,0.57,1,CONFIRMED,6949607
20.5452375,2.517,218.5,2.41,0.95,18.5,742.0,71.57,5670.0,4.206,1.264,0,FALSE POSITIVE,11869052
33.60123371,4.4056,7425.9,8.46,0.67,247.9,495.0,14.22,5149.0,4.447,0.93,1,CONFIRMED,7109675
6.76652928,2.9004,450.7,1.97,0.429,29.2,845.0,120.48,5149.0,4.447,0.93,1,CONFIRMED,7109675
4.347288783,2.1024,451.6,2.36,0.025,39.7,1174.0,449.79,5754.0,4.345,1.122,1,CONFIRMED,7118364
4.601811819,2.2607,755.9,2.35,0.567,60.8,896.0,152.91,4986.0,4.496,0.833,1,CONFIRMED,7134976
11.18719905,3.252,353.6,1.55,0.387,21.9,667.0,46.65,4986.0,4.496,0.833,1,CONFIRMED,7134976
4.220965778,3.0854,2260.0,2.62,0.705,157.8,595.0,29.68,3837.0,4.747,0.517,1,CONFIRMED,7135852
6.998099523,2.0488,20285.0,588.66,7.361,192.3,853.0,125.22,5612.0,4.566,0.829,0,FALSE POSITIVE,7270230
5.95489993,2.3892,1410.7,2.33,0.327,87.2,635.0,38.52,4261.0,4.641,0.633,1,CONFIRMED,7287995
12.03987488,2.7363,1250.6,2.18,0.286,57.6,502.0,15.06,4261.0,4.641,0.633,1,CONFIRMED,7287995
20.83762895,2.3734,439.0,1.42,0.706,14.9,418.0,7.24,4261.0,4.641,0.633,1,CONFIRMED,7287995
8.8111022,5.0683,401.1,63.66,1.223,76.8,1399.0,904.92,6200.0,3.8,2.404,0,FALSE POSITIVE,3247396
23.58917143,5.073,1200.7,3.16,0.926,53.3,487.0,13.34,4919.0,4.566,0.721,1,CONFIRMED,7303253
6.481633073,3.784,298.5,2.54,0.833,125.6,1145.0,406.25,5945.0,4.213,1.302,1,CONFIRMED,5094751
10.37168928,3.035,1254.9,3.2,0.537,64.5,720.0,63.68,5121.0,4.457,0.888,1,CONFIRMED,7678434
3.96996298,1.1757,299.2,1.78,0.836,15.0,992.0,229.37,5121.0,4.457,0.888,1,CONFIRMED,7678434
4.40841331,5.012,549.4,2.66,0.899,45.1,1139.0,398.0,6007.0,4.457,0.961,1,CONFIRMED,7685981
7.9426176,6.703,1590.7,4.68,0.942,60.4,878.0,140.57,5811.0,4.521,0.926,0,FALSE POSITIVE,7708215
226.8904775,7.558,3136.4,4.53,0.731,46.8,236.0,0.73,5067.0,4.585,0.75,1,CONFIRMED,7373451
1.956811408,2.1958,24905.0,21.58,1.091,125.4,1109.0,357.16,5209.0,4.657,0.603,0,FALSE POSITIVE,7377033
9.439459486,2.8979,3036.1,4.16,0.049,175.2,686.0,52.32,5097.0,4.597,0.779,1,CONFIRMED,7434875
11.523067458,3.8757,507.3,3.13,0.0,142.0,927.0,174.81,5644.0,4.162,1.411,1,CONFIRMED,8349582
20.47748843,2.8364,1382.4,2.92,0.497,52.7,530.0,18.65,5097.0,4.597,0.779,1,CONFIRMED,7434875
3.336123113,1.9616,516.3,1.74,0.252,41.6,970.0,209.79,5097.0,4.597,0.779,1,CONFIRMED,7434875
8.01078456,2.312,1333.6,1.72,0.192,48.5,453.0,9.9,3713.0,4.779,0.47,1,CONFIRMED,7455287
12.07134205,4.3224,759.2,1.29,0.014,31.0,395.0,5.74,3713.0,4.779,0.47,1,CONFIRMED,7455287
20.99587872,2.6333,767.3,1.3,0.228,18.2,328.0,2.74,3713.0,4.779,0.47,1,CONFIRMED,7455287
7.41113177,2.5242,620.5,2.45,0.712,50.4,905.0,158.11,5849.0,4.517,0.919,1,CONFIRMED,7458762
1.000747038,0.9967,1823.5,4.14,0.908,147.4,1620.0,1635.2,5472.0,4.499,0.79,0,FALSE POSITIVE,7552344
8.884922995,2.07004,16053.4,10.51,0.069,388.2,770.0,83.21,5332.0,4.5,0.843,1,CONFIRMED,757450
8.09888906,4.20241,6911.1,8.95,0.018,435.9,986.0,223.19,6214.0,4.442,1.076,1,CONFIRMED,7585481
10.00653012,5.344,936.1,3.52,0.862,71.9,876.0,139.21,6063.0,4.47,1.001,1,CONFIRMED,7663691
17.855221681,7.41287,9065.2,13.16,0.075,915.7,911.0,163.04,6823.0,4.308,1.367,1,CONFIRMED,5812701
5.007316661,4.2362,6932.3,6.96,0.344,431.4,998.0,234.28,5865.0,4.563,0.827,1,CONFIRMED,8039892
2.211116989,1.6485,724.2,1.85,0.69,42.6,931.0,177.19,4500.0,4.656,0.646,1,CONFIRMED,8150320
27.9541337,3.95,942.5,1.9,0.063,25.4,400.0,6.04,4500.0,4.656,0.646,1,CONFIRMED,8150320
12.69104387,3.7727,252.1,2.57,0.008,60.2,1008.0,244.3,5869.0,4.024,1.626,1,CONFIRMED,11086270
4.409409243,3.8636,12861.0,10.95,0.028,85.8,1101.0,347.06,5600.0,4.368,0.975,0,FALSE POSITIVE,7767559
16.23947096,4.0374,2590.7,4.14,0.043,123.8,598.0,30.14,5191.0,4.564,0.837,1,CONFIRMED,7825899
6.308201629,2.9785,1328.5,2.96,0.03,86.2,819.0,106.44,5191.0,4.564,0.837,1,CONFIRMED,7825899
2.052349884,2.0778,14280.6,13.12,0.437,1072.1,1497.0,1183.18,5855.0,4.393,1.08,1,CONFIRMED,7849854
9.7704486,2.4517,1897.8,2.23,0.09,58.0,460.0,10.59,3906.0,4.73,0.509,1,CONFIRMED,7870390
5.169804269,2.153,1037.4,1.66,0.351,41.4,569.0,24.75,3906.0,4.73,0.509,1,CONFIRMED,7870390
21.22261195,6.5093,366.0,2.48,0.02,114.9,771.0,83.56,5945.0,4.213,1.302,1,CONFIRMED,5094751
20.09017037,4.154,1432.1,2.25,0.886,36.9,362.0,4.05,3906.0,4.73,0.509,1,CONFIRMED,7870390
7.11373257,2.1764,807.6,1.16,0.334,44.4,429.0,8.01,3561.0,4.855,0.411,1,CONFIRMED,7907423
3.306551643,1.8177,509.2,0.91,0.001,37.8,554.0,22.19,3561.0,4.855,0.411,1,CONFIRMED,7907423
15.36845737,2.4714,756.1,1.11,0.115,30.9,332.0,2.86,3561.0,4.855,0.411,1,CONFIRMED,7907423
13.81020318,3.048,1309.7,4.56,0.791,46.2,833.0,113.75,5942.0,4.327,1.142,1,CONFIRMED,7938496
4.093578461,2.5833,538.6,2.85,0.93,36.4,1182.0,461.07,6077.0,4.471,0.999,1,CONFIRMED,8490993
105.145959,8.593,685.4,3.43,0.964,15.4,401.0,6.09,6077.0,4.471,0.999,1,CONFIRMED,8490993
10.8484518,2.9993,1675.6,2.34,0.21,64.5,499.0,14.66,4201.0,4.682,0.591,1,CONFIRMED,8505670
6.66833241,1.915,362.3,1.18,0.644,14.2,587.0,28.06,4201.0,4.682,0.591,1,CONFIRMED,8505670
4.082274889,3.23015,17859.2,10.55,0.093,1669.1,1016.0,251.48,5655.0,4.581,0.794,1,CONFIRMED,8544996
42.1406089,5.083,895.5,1.85,0.045,21.6,349.0,3.49,4500.0,4.656,0.646,1,CONFIRMED,8150320
4.617490562,2.2618,575.8,1.62,0.649,28.1,728.0,66.47,4500.0,4.656,0.646,1,CONFIRMED,8150320
10.19849255,2.4283,634.1,1.75,0.714,21.4,559.0,23.11,4500.0,4.656,0.646,1,CONFIRMED,8150320
5.795063956,3.2496,1692.9,4.33,0.949,119.4,950.0,192.74,5865.0,4.563,0.827,0,FALSE POSITIVE,8180063
7.15681552,2.5882,867.0,2.47,0.45,47.7,782.0,88.23,5029.0,4.494,0.838,1,CONFIRMED,8226994
17.64830851,2.0873,763.3,2.43,0.653,23.8,579.0,26.49,5029.0,4.494,0.838,1,CONFIRMED,8226994
4.14810719,2.535,175.2,1.08,0.093,12.9,938.0,182.76,5029.0,4.494,0.838,1,CONFIRMED,8226994
16.51410989,4.1575,973.5,2.72,0.395,55.9,655.0,43.57,5527.0,4.488,0.866,1,CONFIRMED,8247638
30.1329298,5.172,1015.8,3.14,0.839,44.8,536.0,19.55,5527.0,4.488,0.866,1,CONFIRMED,8247638
4.79090809,2.603,251.3,1.36,0.11,21.2,990.0,227.24,5527.0,4.488,0.866,1,CONFIRMED,8247638
31.71981013,4.819,363.4,3.09,0.125,63.1,743.0,71.97,5869.0,4.024,1.626,1,CONFIRMED,11086270
99.6415962,4.448,952.5,2.64,0.028,22.7,360.0,3.97,5527.0,4.488,0.866,1,CONFIRMED,8247638
4.708326451,3.16114,7912.7,10.6,0.061,633.4,1162.0,431.02,5560.0,4.246,1.21,1,CONFIRMED,8255887
16.37198661,3.8449,4147.6,540.37,9.303,54.5,438.0,8.71,4187.0,4.656,0.592,0,FALSE POSITIVE,8256049
5.392026903,2.9804,1151.4,2.68,0.314,77.4,850.0,123.33,5198.0,4.589,0.801,1,CONFIRMED,8414716
6.491682808,4.301,7163.3,9.66,0.535,502.3,1062.0,301.54,6123.0,4.413,1.107,1,CONFIRMED,9141746
3.044770796,10.0134,1695.0,24.54,1.252,203.5,1076.0,317.36,5525.0,4.603,0.753,0,FALSE POSITIVE,9159275
3.855603916,3.2179,16652.7,13.61,0.348,1173.9,1212.0,508.65,6033.0,4.46,1.046,1,CONFIRMED,9166862
3.855599139,3.183,1030.9,3.57,0.864,90.1,1158.0,425.74,5936.0,4.501,0.965,0,FALSE POSITIVE,9166870
38.47876629,5.04169,23530.0,13.26,0.003,1077.8,484.0,13.01,5510.0,4.539,0.879,1,CONFIRMED,11449844
37.601661282,8.30604,59130.1,27.22,0.408,1667.3,606.0,31.86,6140.0,4.354,1.096,0,FALSE POSITIVE,8605074
3.314947362,1.8007,1398.2,3.94,0.799,123.5,1155.0,421.03,5609.0,4.481,0.944,1,CONFIRMED,8628973
6.71969089,3.0231,969.7,4.37,0.985,45.4,952.0,194.18,5931.0,4.479,0.866,0,FALSE POSITIVE,8655354
39.6431552,6.5292,15663.8,10.98,0.062,690.3,472.0,11.74,5231.0,4.455,0.9,1,CONFIRMED,8672910
51.42598578,16.9422,66067.7,29.66,0.203,1843.8,549.0,21.4,6257.0,4.41,1.147,0,FALSE POSITIVE,8686150
21.80451611,3.4097,1144.9,2.6,0.751,49.9,543.0,20.48,5481.0,4.629,0.708,1,CONFIRMED,8689031
10.28194593,3.4366,1110.7,2.53,0.168,55.0,680.0,50.6,5196.0,4.593,0.775,1,CONFIRMED,8689373
18.11993039,4.2309,1506.9,2.95,0.206,60.7,563.0,23.77,5196.0,4.593,0.775,1,CONFIRMED,8689373
3.78402867,1.9012,426.1,1.7,0.691,25.6,949.0,191.78,5196.0,4.593,0.775,1,CONFIRMED,8689373
5.15448142,3.228,697.5,2.94,0.933,48.1,964.0,204.1,5431.0,4.457,0.884,1,CONFIRMED,8826878
33.80364366,11.4813,13494.4,20.7,0.023,529.9,745.0,72.71,5855.0,3.999,1.796,0,FALSE POSITIVE,5897826
5.743469797,3.4412,1240.2,3.13,0.001,79.7,982.0,219.95,5897.0,4.531,0.891,1,CONFIRMED,8883593
19.974485239,4.23479,40293.1,26.56,0.886,1398.8,700.0,56.84,6108.0,4.471,0.997,0,FALSE POSITIVE,9016295
3.166353562,3.3129,1473.4,3.82,0.032,128.3,1273.0,621.92,6007.0,4.47,0.998,1,CONFIRMED,9077124
23.899634407,3.81881,20953.1,44.04,1.245,547.8,652.0,42.8,6192.0,4.503,0.924,0,FALSE POSITIVE,9097120
3.388012244,2.6849,280.1,2.11,0.433,30.6,1315.0,705.93,5553.0,4.221,1.25,1,CONFIRMED,9466668
5.83909761,3.1915,273.6,2.06,0.341,25.2,1097.0,341.48,5553.0,4.221,1.25,1,CONFIRMED,9466668
1.620467654,2.1888,159.6,1.57,0.271,22.7,1681.0,1893.42,5553.0,4.221,1.25,1,CONFIRMED,9466668
10.6816951,3.605,307.8,2.3,0.646,21.9,897.0,152.75,5553.0,4.221,1.25,1,CONFIRMED,9466668
6.104849417,4.6912,2090.3,3.18,0.041,293.7,784.0,89.25,5085.0,4.584,0.712,1,CONFIRMED,9479273
3.578780566,2.91089,11382.2,10.43,0.079,1838.4,1145.0,406.6,5524.0,4.421,0.994,1,CONFIRMED,8359498
3.187067566,3.119,1037.4,23.88,1.234,37.2,1079.0,319.76,5450.0,4.552,0.811,0,FALSE POSITIVE,9171801
5.826657508,2.9183,1539.1,4.09,0.033,81.1,1013.0,248.57,5561.0,4.362,1.06,1,CONFIRMED,9334289
12.41216347,3.739,611.3,2.58,0.021,25.6,787.0,90.65,5561.0,4.362,1.06,1,CONFIRMED,9334289
18.74649011,3.895,796.8,3.05,0.508,26.7,686.0,52.38,5561.0,4.362,1.06,1,CONFIRMED,9334289
20.86021229,5.1937,1910.5,5.5,0.066,117.0,781.0,87.76,6035.0,4.22,1.257,1,CONFIRMED,9347899
42.63427848,6.1998,1719.3,5.22,0.142,78.7,615.0,33.82,6035.0,4.22,1.257,1,CONFIRMED,9347899
87.6476068,8.871,1009.6,4.0,0.147,37.5,484.0,12.94,6035.0,4.22,1.257,1,CONFIRMED,9347899
9.467821474,2.4327,2237.0,2.13,0.081,124.7,407.0,6.47,3582.0,4.807,0.458,1,CONFIRMED,9388479
0.893040969,1.0981,741.7,1.24,0.009,87.8,893.0,151.14,3582.0,4.807,0.458,1,CONFIRMED,9388479
4.942783419,3.25346,11144.7,10.62,0.566,2040.7,1008.0,244.42,5514.0,4.459,0.978,1,CONFIRMED,11359879
20.83426731,4.0454,988.4,2.74,0.256,45.1,595.0,29.62,5537.0,4.549,0.88,1,CONFIRMED,9406990
9.94602357,3.3862,994.5,3.12,0.035,51.0,807.0,100.34,5344.0,4.365,1.013,1,CONFIRMED,9415172
1.04562195,1.8955,213.0,1.45,0.037,25.3,1710.0,2031.84,5344.0,4.365,1.013,1,CONFIRMED,9415172
5.71462396,2.336,297.8,1.78,0.503,16.7,971.0,210.16,5344.0,4.365,1.013,1,CONFIRMED,9415172
102.9641952,15.735,1896.7,39.0,0.922,86.1,797.0,95.4,5047.0,3.066,7.119,0,FALSE POSITIVE,9904059
8.14515981,5.073,446.8,3.43,0.965,32.2,1050.0,287.91,5896.0,4.197,1.24,1,CONFIRMED,3231341
18.9985279,4.529,430.7,43.17,1.3,16.9,792.0,93.03,5896.0,4.197,1.24,1,CONFIRMED,3231341
4.24439049,3.282,174.0,2.07,0.949,15.1,1305.0,686.99,5896.0,4.197,1.24,1,CONFIRMED,3231341
28.5742692,4.9427,824.9,2.32,0.068,97.1,538.0,19.83,5551.0,4.508,0.812,1,CONFIRMED,7626506
7.34373964,1.1784,574.4,1.84,0.185,32.2,839.0,117.5,5757.0,4.597,0.762,1,CONFIRMED,10482160
0.445277068,3.539,186.7,35.74,1.2962,28.9,2562.0,10177.11,6167.0,4.444,1.064,0,FALSE POSITIVE,10485069
0.379463865,0.86896,1973.3,59.56,1.246,458.6,3000.0,19256.81,5075.0,3.892,1.783,0,FALSE POSITIVE,3233043
9.88047978,2.78458,18541.0,23.6,1.02,534.5,860.0,129.45,6113.0,4.512,0.917,0,FALSE POSITIVE,6579806
4.6484156,38.1939,128.4,5.06,0.968,91.7,2259.0,6152.88,6980.0,3.577,3.482,0,FALSE POSITIVE,3560301
17.512014768,1.8248,4511.7,13.66,0.994,322.3,804.0,98.77,6224.0,4.33,1.132,0,FALSE POSITIVE,4044005
0.525154153,2.1441,747.5,23.61,1.226,116.1,2073.0,4391.51,5582.0,4.497,0.846,0,FALSE POSITIVE,5802246
1.303861044,4.0541,598.2,27.85,1.258,140.6,1610.0,1595.19,5758.0,4.475,0.902,0,FALSE POSITIVE,6066403
0.73452496,6.7,,,,,,,,,,0,FALSE POSITIVE,6209637
2.55549176,9.083,113.8,23.35,1.228,24.3,1312.0,701.68,5948.0,4.508,0.901,0,FALSE POSITIVE,5988031
2.947376671,2.0911,433.2,403.59,2.641,62.3,2404.0,7903.84,8090.0,4.002,2.234,0,FALSE POSITIVE,7684873
224.7789355,11.1899,3487.5,7.67,0.652,235.7,333.0,2.92,5873.0,4.293,1.235,1,CONFIRMED,8559644
0.890110752,0.8774,321.5,1.25,0.216,19.6,1372.0,838.42,4768.0,4.628,0.711,0,FALSE POSITIVE,2851100
5.76573396,2.924,248.0,7.47,0.708,22.2,1964.0,3518.78,5772.0,3.364,4.434,0,FALSE POSITIVE,3130300
7.42608123,3.6379,443.3,2.47,0.097,37.5,1037.0,273.78,6049.0,4.353,1.176,1,CONFIRMED,3240158
15.9868932,4.158,178.5,1.62,0.533,10.9,803.0,98.51,6049.0,4.353,1.176,1,CONFIRMED,3240158
0.73094589,4.32,250.2,17.12,1.169,37.5,1922.0,3248.17,5901.0,4.553,0.848,0,FALSE POSITIVE,3228959
18.92537246,3.9835,640.9,13.92,0.806,41.0,1171.0,443.58,4941.0,3.317,4.885,1,CONFIRMED,3218908
0.933749106,4.256,186.2,3.22,0.736,136.3,2863.0,15822.49,6215.0,3.849,2.188,0,FALSE POSITIVE,10341913
2.037440623,3.442,118.6,1.19,0.715,27.0,1572.0,1448.05,6253.0,4.415,1.015,0,FALSE POSITIVE,10480921
31.5925809,13.566,145.1,1.78,0.283,25.5,688.0,53.09,5676.0,4.1,1.487,1,CONFIRMED,10350571
17.157236,11.284,110.4,1.55,0.238,23.6,844.0,119.87,5676.0,4.1,1.487,1,CONFIRMED,10350571
1.97376085,1.82542,30222.4,8.78,0.337,1252.5,753.0,76.1,3807.0,4.762,0.503,1,CONFIRMED,3749365
13.118962443,4.3045,372.2,8.25,0.042,267.4,1768.0,2310.43,7221.0,3.488,4.24,1,CONFIRMED,11013201
4.618767792,5.9957,4399.1,7.48,0.766,270.1,1170.0,442.78,6013.0,4.381,1.033,0,FALSE POSITIVE,11673674
2.785821236,3.5599,68.9,1.69,0.893,53.6,1784.0,2388.98,6202.0,4.026,1.733,1,CONFIRMED,3632418
52.56901867,6.7507,26900.0,78.54,1.197,184.3,737.0,69.62,7240.0,4.178,1.717,0,FALSE POSITIVE,3441784
3.411758679,3.158,570.6,14.71,1.213,35.6,684.0,51.85,3995.0,4.71,0.561,0,FALSE POSITIVE,5820218
0.525426427,1.0801,324.6,1.45,0.113,63.6,2069.0,4349.62,5791.0,4.575,0.802,0,FALSE POSITIVE,5876368
1.269091415,1.4647,340.9,1.41,0.412,73.5,1331.0,740.47,5041.0,4.576,0.766,1,CONFIRMED,5809890
2.853133997,1.465,277.1,1.36,0.698,39.7,1016.0,251.77,5041.0,4.576,0.766,1,CONFIRMED,5809890
6.79685353,3.1702,393.1,2.01,0.62,29.8,985.0,222.91,6061.0,4.486,0.97,1,CONFIRMED,6131236
8.667822346,4.9658,2121.9,67.37,1.276,187.6,1303.0,681.39,6266.0,3.923,1.889,0,FALSE POSITIVE,9048161
1.475323222,2.3155,154.9,5.88,0.136,27.2,2740.0,13331.51,4941.0,3.317,4.885,1,CONFIRMED,3218908
4.15246118,2.5755,223.4,7.62,0.639,24.5,1941.0,3354.56,4941.0,3.317,4.885,1,CONFIRMED,3218908
6.7210783,7.46,,,,,,,,,,0,FALSE POSITIVE,3235672
8.7348852,4.49,270.7,1.59,0.314,24.8,890.0,148.62,5982.0,4.493,0.96,1,CONFIRMED,2837111
10.26547688,3.733,399.6,1.81,0.69,20.1,770.0,83.13,5699.0,4.553,0.853,0,FALSE POSITIVE,3120276
3.305577989,2.5903,17971.0,25.89,1.145,39.6,1027.0,263.55,5534.0,4.629,0.707,0,FALSE POSITIVE,3547091
4.800653901,9.0419,15304.4,16.91,0.785,298.0,1347.0,778.45,6715.0,4.347,1.241,0,FALSE POSITIVE,3869825
15.06649901,5.9885,36348.0,56.44,1.018,154.6,932.0,177.96,5751.0,4.028,1.626,0,FALSE POSITIVE,3655332
34.82008158,11.1711,18847.8,11.36,0.663,882.6,459.0,10.49,5114.0,4.522,0.784,0,FALSE POSITIVE,4042026
0.651784374,2.0141,2779.3,33.65,1.224,195.2,2090.0,4500.59,5555.0,4.375,1.061,0,FALSE POSITIVE,3344419
1.353771892,7.012,1349.1,430.99,1.203,76.7,4903.0,136609.48,4283.0,2.012,15.76,0,FALSE POSITIVE,11192141
18.95491633,24.249,867.5,71.39,1.228,249.3,1139.0,397.48,6362.0,3.761,2.534,0,FALSE POSITIVE,11494130
4.348866254,3.2797,625.6,2436.69,1.187,56.3,6421.0,401588.95,3598.0,0.65,101.451,0,FALSE POSITIVE,5648449
47.93094546,2.6897,2144.4,68.02,1.272,221.1,905.0,158.41,8214.0,4.104,1.938,0,FALSE POSITIVE,12167361
3.99751422,3.686,32.8,2.98,0.0303,6.1,2203.0,5563.95,5066.0,3.122,5.324,0,FALSE POSITIVE,8607720
1.592633181,5.5605,633.1,1.56,0.003,66.9,1053.0,290.51,4506.0,4.626,0.651,0,FALSE POSITIVE,1433962
67.5923754,12.249,4158.1,12.1,0.728,60.9,588.0,28.2,6038.0,4.082,1.744,1,CONFIRMED,9032900
17.02902786,4.645,568.9,2.54,0.202,29.8,755.0,76.66,5839.0,4.327,1.067,1,CONFIRMED,5956342
6.84619236,3.529,246.8,1.67,0.077,17.7,1022.0,258.41,5839.0,4.327,1.067,1,CONFIRMED,5956342
67.8321638,7.358,507.8,2.39,0.027,15.5,476.0,12.14,5839.0,4.327,1.067,1,CONFIRMED,5956342
43.1312147,3.198,447.8,2.39,0.67,11.8,554.0,22.21,5839.0,4.327,1.067,1,CONFIRMED,5956342
1.224866441,1.7086,196.0,1.54,0.286,21.1,1741.0,2174.33,5553.0,4.32,1.107,1,CONFIRMED,5956656
37.8102649,8.733,570.3,2.33,0.061,35.2,566.0,24.27,6085.0,4.451,0.973,1,CONFIRMED,3109930
25.93406406,4.6142,414.5,2.48,0.014,42.2,695.0,55.1,5952.0,4.287,1.225,1,CONFIRMED,2854914
83.4463485,6.536,503.0,2.73,0.058,36.1,471.0,11.59,5952.0,4.287,1.225,1,CONFIRMED,2854914
7.04710032,2.926,400.9,25.2,1.195,24.0,986.0,223.84,5766.0,4.363,1.068,0,FALSE POSITIVE,3337425
12.99204853,6.0175,270.6,2.03,0.091,38.7,866.0,132.94,5765.0,4.236,1.242,1,CONFIRMED,3116412
11.11620211,4.211,4843.9,8.96,0.937,115.3,853.0,125.21,6122.0,4.471,0.996,0,FALSE POSITIVE,3865567
1.922861499,3.5734,1916.2,5.09,0.943,103.4,1392.0,884.12,5778.0,4.531,0.911,0,FALSE POSITIVE,3544689
0.635445336,1.8592,2547.4,19.0,1.253,182.2,1177.0,451.42,3920.0,4.7,0.55,0,FALSE POSITIVE,4037164
1.665784138,1.8946,2006.2,97.27,1.27,148.0,2636.0,11424.49,6261.0,3.686,2.789,0,FALSE POSITIVE,3443790
55.6639167,23.546,3414.4,34.14,1.298,103.4,434.0,8.38,5587.0,4.528,0.853,0,FALSE POSITIVE,3966912
52.09081627,8.6388,2894.1,7.14,0.065,243.5,592.0,29.07,6198.0,4.237,1.324,1,CONFIRMED,8394721
7.1548608,7.694,780.4,7.41,0.9848,24.2,1482.0,1141.57,7443.0,4.166,1.739,0,FALSE POSITIVE,11607193
4.28746668,1.5693,790.1,2.29,0.374,19.4,942.0,186.31,5296.0,4.576,0.815,1,CONFIRMED,1161345
2.002779769,2.231,260.5,1.42,0.242,22.2,1311.0,696.4,5346.0,4.44,0.892,0,FALSE POSITIVE,10227501
8.18739443,3.0472,517.6,1.92,0.377,38.4,782.0,88.36,5251.0,4.494,0.849,1,CONFIRMED,2854698
76.0498163,7.158,445.9,1.75,0.015,17.4,372.0,4.53,5251.0,4.494,0.849,1,CONFIRMED,2854698
3.341799486,2.9254,178.2,1.67,0.426,48.8,1356.0,798.41,5873.0,4.293,1.235,1,CONFIRMED,8559644
3.3226948,3.568,78.7,15.33,0.4722,8.6,3859.0,52428.3,5234.0,2.41,16.959,0,FALSE POSITIVE,6032981
36.97708808,4.737,1269.9,38.6,1.246,59.2,602.0,31.08,5589.0,4.193,1.239,0,FALSE POSITIVE,5866099
1.851409163,10.232,232.5,20.42,1.1117,54.4,2154.0,5090.14,7117.0,4.176,1.469,0,FALSE POSITIVE,5964985
1.303859704,2.8239,36.7,0.98,0.674,34.7,2393.0,7759.2,6802.0,4.103,1.521,0,FALSE POSITIVE,6066416
145.5624926,5.4126,2931.6,40.15,1.274,58.1,387.0,5.33,6148.0,4.346,1.095,0,FALSE POSITIVE,1996679
3.749105745,1.9826,182.6,1.68,0.942,38.0,1160.0,428.25,5751.0,4.447,0.983,1,CONFIRMED,2849805
11.08956602,6.2877,148.1,3.51,0.02,38.9,1422.0,965.62,6353.0,3.698,2.867,1,CONFIRMED,3114811
7.24476126,2.3145,58.0,0.65,0.04,27.2,837.0,116.02,5370.0,4.494,0.874,0,FALSE POSITIVE,3003992
8.70798309,2.4904,1419.6,2.01,0.063,28.1,543.0,20.59,4362.0,4.722,0.554,1,CONFIRMED,3554031
4.17634276,2.335,531.5,1.23,0.142,14.9,694.0,54.8,4362.0,4.722,0.554,1,CONFIRMED,3554031
27.40229859,6.8491,747.5,3.63,0.022,79.3,734.0,68.46,6198.0,4.237,1.324,1,CONFIRMED,8394721
3.179267286,1.0246,200.9,1.21,0.171,41.0,1101.0,347.01,5511.0,4.554,0.857,1,CONFIRMED,7295235
10.38122447,2.715,801.5,2.18,0.319,41.9,672.0,48.37,5095.0,4.566,0.78,1,CONFIRMED,2302548
24.5709023,3.587,764.2,2.82,0.945,26.3,505.0,15.33,5095.0,4.566,0.78,1,CONFIRMED,2302548
81.221876,4.1135,9883.0,16.59,1.01,63.0,385.0,5.2,5619.0,4.536,0.874,0,FALSE POSITIVE,10743597
0.817026268,2.0799,1145.5,2.92,0.01,121.1,1784.0,2386.13,5619.0,4.536,0.874,0,FALSE POSITIVE,10743597
3.024092505,2.8021,7765.0,12.14,0.424,1225.3,1489.0,1162.54,6063.0,4.261,1.358,1,CONFIRMED,9818381
5.670155713,0.9361,536.7,5.85,1.267,37.3,341.0,3.21,3337.0,5.126,0.183,0,FALSE POSITIVE,6124941
1.022678654,1.3712,129.2,1.14,0.019,21.6,1734.0,2138.47,5366.0,4.363,1.02,1,CONFIRMED,6060203
12.10968709,6.3461,284.7,2.98,0.924,33.4,1005.0,240.8,6021.0,4.093,1.458,1,CONFIRMED,5880320
4.75796103,4.66,124.5,1.7,0.621,20.9,1372.0,835.65,6021.0,4.093,1.458,1,CONFIRMED,5880320
20.4972755,8.536,242.9,2.96,0.966,22.8,843.0,119.42,6021.0,4.093,1.458,1,CONFIRMED,5880320
13.55480534,2.288,48.3,0.62,0.497,16.5,679.0,50.41,5370.0,4.494,0.874,0,FALSE POSITIVE,3003992
29.74454668,23.2842,66894.0,20.06,0.337,765.0,455.0,10.1,4889.0,4.569,0.788,0,FALSE POSITIVE,6307537
14.15402428,4.47001,61625.1,53.25,1.1,930.3,777.0,86.13,5850.0,4.404,1.037,0,FALSE POSITIVE,6359798
0.844786082,3.5289,2468.5,35.27,1.297,245.6,1864.0,2846.03,5705.0,4.452,0.915,0,FALSE POSITIVE,6311681
0.848483947,1.4451,1907.4,32.11,1.264,185.0,1908.0,3117.82,5941.0,4.504,0.936,0,FALSE POSITIVE,6365321
11.99097576,5.7401,2124.3,37.47,1.269,102.8,880.0,141.63,6110.0,4.352,1.072,0,FALSE POSITIVE,6301035
53.5292702,5.668,1086.1,2.28,0.346,34.5,348.0,3.48,4736.0,4.624,0.708,1,CONFIRMED,3859079
0.393726813,2.95,564.6,24.17,1.1898,64.8,2705.0,12661.53,6277.0,4.449,1.031,0,FALSE POSITIVE,3557493
2.757584622,0.9267,563.1,1.01,0.093,19.6,615.0,33.79,3683.0,4.84,0.424,1,CONFIRMED,4061149
0.928310036,1.1899,376.2,1.16,0.181,22.6,1115.0,365.72,4109.0,4.672,0.602,1,CONFIRMED,3444588
13.48457668,5.0197,653.5,3.39,0.011,80.8,929.0,176.29,6198.0,4.237,1.324,1,CONFIRMED,8394721
31.8841473,6.122,910.0,3.7,0.938,25.3,563.0,23.82,5779.0,4.477,0.974,1,CONFIRMED,3962243
67.69213907,51.349,25457.2,175.98,0.5581,1328.2,1173.0,448.21,5355.0,2.754,10.703,0,FALSE POSITIVE,10015516
12.06222962,2.0584,300.2,1.62,0.392,32.4,750.0,74.8,5547.0,4.451,0.933,1,CONFIRMED,10154388
9.93146307,5.678,398.6,2.41,0.037,26.2,931.0,177.83,5782.0,4.28,1.22,1,CONFIRMED,1432789
21.85362905,3.439,355.6,1.75,0.676,23.0,618.0,34.57,5830.0,4.54,0.876,1,CONFIRMED,1718189
8.19345065,5.234,115.4,1.74,0.815,15.7,1144.0,405.75,6021.0,4.093,1.458,1,CONFIRMED,5880320
19.97867,10.168,944.3,6.85,0.923,86.2,1351.0,788.02,9651.0,4.229,1.895,0,FALSE POSITIVE,5130369
41.8059544,6.057,434.4,2.02,0.029,28.3,533.0,19.02,5907.0,4.445,0.973,1,CONFIRMED,6037187
15.45158184,2.406,85.3,2.02,0.636,21.0,1285.0,643.83,7839.0,4.08,2.069,0,FALSE POSITIVE,6147122
89.698168533,5.5418,273106.0,102.08,0.684,3420.3,554.0,22.33,6214.0,4.021,1.583,0,FALSE POSITIVE,8257407
1.187352427,4.999,20703.0,67.35,1.222,717.4,2251.0,6067.3,6424.0,4.186,1.489,0,FALSE POSITIVE,8218274
3.012476582,3.1424,1138.5,65.25,1.261,253.4,2371.0,7471.65,8601.0,4.137,2.031,0,FALSE POSITIVE,3964562
4.77800306,2.7361,473.0,1.85,0.02,115.4,932.0,177.79,5192.0,4.489,0.873,1,CONFIRMED,5735762
7.814839231,3.0122,2010.3,5.33,0.945,100.0,903.0,156.74,5887.0,4.499,0.931,0,FALSE POSITIVE,6292162
29.7452499,22.695,778.9,3.6,0.941,55.9,557.0,22.74,5334.0,4.372,1.004,0,FALSE POSITIVE,6307521
5.32667299,3.4045,611.4,2.26,0.043,34.1,1007.0,242.97,5831.0,4.517,0.921,1,CONFIRMED,6359320
0.741057213,1.05299,1996.3,26.67,1.26,251.9,1730.0,2128.29,5496.0,4.592,0.776,0,FALSE POSITIVE,3848972
2.988085455,3.68,802.8,21.81,1.216,48.2,1101.0,348.05,5497.0,4.577,0.809,0,FALSE POSITIVE,3860441
2.783883492,2.4546,903.9,67.17,1.255,86.1,1934.0,3304.55,6028.0,3.835,2.147,0,FALSE POSITIVE,3765771
0.393727296,3.02,903.5,23.05,1.228,82.4,2216.0,5746.51,5628.0,4.575,0.808,0,FALSE POSITIVE,3557341
8.17242644,3.902,864.3,3.29,0.926,37.0,858.0,127.95,5705.0,4.499,0.905,1,CONFIRMED,3859628
13.0607936,3.215,236.6,1.45,0.718,19.4,734.0,68.66,5830.0,4.54,0.876,1,CONFIRMED,1718189
25.9518461,14.581,1058.5,22.32,1.22,65.8,521.0,17.37,5372.0,4.584,0.796,0,FALSE POSITIVE,3858949
25.9518536,14.755,2017.9,24.6,1.25,79.4,494.0,14.09,5198.0,4.604,0.742,0,FALSE POSITIVE,3858824
5.68628739,17.573,5559.7,4.5,0.8548,414.4,1059.0,297.81,6052.0,4.442,0.956,0,FALSE POSITIVE,2157247
15.663886949,2.4775,5144.4,27.36,0.985,175.9,1060.0,298.77,5996.0,3.901,2.221,0,FALSE POSITIVE,7601633
4.020628573,4.4085,20901.0,16.94,0.827,282.6,1232.0,543.92,6210.0,4.45,1.033,0,FALSE POSITIVE,8242681
185.02288222,4.87326,43546.7,49.82,1.004,938.2,379.0,4.89,6025.0,4.237,1.367,0,FALSE POSITIVE,8246781
2.897432135,3.1793,1223.7,14.35,0.967,73.9,2170.0,5240.0,5970.0,3.619,2.994,0,FALSE POSITIVE,8264070
8.70420525,2.9385,1074.9,2.86,0.5,74.0,748.0,74.13,5074.0,4.474,0.863,1,CONFIRMED,8222813
8.1280933,3.727,224.1,1.39,0.357,10.7,875.0,138.51,5831.0,4.517,0.921,1,CONFIRMED,6359320
0.974868896,1.6191,197.6,1.16,0.12,82.6,1612.0,1605.87,5487.0,4.563,0.832,1,CONFIRMED,6362874
4.89721006,1.812,274.4,1.48,0.66,16.9,904.0,157.93,5093.0,4.483,0.847,1,CONFIRMED,6272413
2.757794163,2.7644,39043.0,20.05,0.8,349.2,1231.0,542.43,5747.0,4.514,0.891,0,FALSE POSITIVE,8279765
1.914158508,3.2917,7829.2,13.63,0.942,124.6,1646.0,1730.47,6289.0,4.407,1.118,0,FALSE POSITIVE,8330548
3.98216698,2.396,381.3,3.32,0.775,27.1,1374.0,842.48,5570.0,4.066,1.548,0,FALSE POSITIVE,3348082
0.643794198,1.5662,456.7,19.51,1.193,53.7,2011.0,3852.91,5958.0,4.561,0.83,0,FALSE POSITIVE,3853673
16.08832318,5.731,597.8,3.42,0.648,31.3,875.0,138.64,6157.0,4.224,1.33,1,CONFIRMED,3447722
10.30067919,4.885,271.8,2.2,0.004,16.4,1015.0,251.55,6157.0,4.224,1.33,1,CONFIRMED,3447722
35.6757453,7.381,471.2,3.02,0.61,18.5,671.0,47.96,6157.0,4.224,1.33,1,CONFIRMED,3447722
161.78832712,5.31,87750.0,36.14,0.267,704.5,375.0,4.68,6018.0,4.327,1.212,0,FALSE POSITIVE,1432214
16.56806842,4.2647,1331.4,2.54,0.164,41.9,548.0,21.27,4987.0,4.602,0.716,1,CONFIRMED,2165002
47.3329299,2.708,931.5,2.18,0.43,14.0,386.0,5.25,4987.0,4.602,0.716,1,CONFIRMED,2165002
0.856895349,1.3078,82.2,0.82,0.554,33.1,1881.0,2960.82,6021.0,4.537,0.873,0,FALSE POSITIVE,2441728
40.8065333,13.135,313.9,3.71,0.016,54.8,772.0,83.75,6207.0,3.963,2.097,1,CONFIRMED,1871056
2.46697039,1.6345,308.7,1.56,0.574,29.5,1139.0,398.42,5074.0,4.474,0.863,1,CONFIRMED,8222813
6.61836309,3.6813,549.1,2.98,0.043,31.5,1066.0,304.65,5529.0,4.19,1.294,1,CONFIRMED,8240904
107.7214092,8.042,1396.2,4.75,0.003,30.5,421.0,7.39,5529.0,4.19,1.294,1,CONFIRMED,8240904
5.251916208,4.9095,10624.3,37.15,1.256,146.3,952.0,194.17,5542.0,4.52,0.872,0,FALSE POSITIVE,8374494
9.673958488,3.2641,952.7,2.63,0.194,178.0,736.0,69.42,5192.0,4.489,0.873,1,CONFIRMED,5735762
100.3039228,8.702,5450.0,29.55,1.256,63.2,313.0,2.26,5055.0,4.566,0.772,0,FALSE POSITIVE,8414907
200.61103346,7.13,,,,,,,,,,0,FALSE POSITIVE,8414907
0.986620248,3.9722,1345.8,43.98,1.252,117.7,2308.0,6719.67,6243.0,4.176,1.385,0,FALSE POSITIVE,8397446
1.63484631,6.11,,,,,,17098.4,,,,0,FALSE POSITIVE,8386035
14.12847677,3.685,628.7,2.73,0.811,23.0,739.0,70.5,5779.0,4.477,0.974,1,CONFIRMED,3962243
48.6478543,5.464,641.8,4.14,0.988,12.2,489.0,13.57,5779.0,4.477,0.974,1,CONFIRMED,3962243
8.39842977,6.344,340.1,2.0,0.573,28.0,984.0,221.66,6309.0,4.441,1.044,1,CONFIRMED,3438507
8.63847391,5.4566,395.9,5.99,0.049,38.6,1419.0,958.35,5684.0,3.657,3.046,1,CONFIRMED,3869014
140.10765,18.503,266.8,3.42,0.019,29.0,511.0,16.17,6207.0,3.963,2.097,1,CONFIRMED,1871056
3.4815917,1.8069,135.2,1.17,0.076,23.4,1156.0,421.61,5405.0,4.374,1.022,1,CONFIRMED,1865042
8.360616221,7.5385,28066.3,40.35,0.21,425.6,1263.0,601.6,5463.0,3.79,2.445,0,FALSE POSITIVE,2438502
1.838514968,2.7391,2721.7,4.86,0.045,63.7,1426.0,974.1,5751.0,4.508,0.94,0,FALSE POSITIVE,2309585
35.61760233,8.4559,4634.9,5.17,0.009,155.0,456.0,10.19,5123.0,4.523,0.779,1,CONFIRMED,5780460
1.09206833,1.8596,219.2,1.29,0.469,45.5,1611.0,1588.89,5639.0,4.551,0.859,0,FALSE POSITIVE,8244190
10.12805158,3.517,477.4,1.95,0.753,38.0,767.0,81.77,5676.0,4.548,0.82,1,CONFIRMED,8229696
1.613001111,2.394,104.1,1.25,0.448,19.3,1680.0,1878.1,5580.0,4.223,1.205,0,FALSE POSITIVE,8262210
3.770551475,3.8077,12440.0,12.05,0.053,100.8,1302.0,679.75,6322.0,4.426,1.075,1,CONFIRMED,10272640
1.343767797,1.9405,4702.6,18.66,0.891,269.8,2654.0,11675.38,6324.0,3.8,2.312,0,FALSE POSITIVE,10232123
29.12436474,3.4209,6496.0,15.25,1.181,63.4,356.0,3.81,4457.0,4.767,0.481,0,FALSE POSITIVE,10223616
31.82814583,2.917,4456.8,35.8,1.276,78.7,564.0,23.97,5908.0,4.507,0.92,0,FALSE POSITIVE,8415745
3.629442796,5.63,426.6,3.28,0.97,76.4,1434.0,1001.35,6506.0,4.336,1.217,0,FALSE POSITIVE,8378634
0.553261874,0.8875,1038.1,97.36,1.246,202.2,3689.0,43709.08,5679.0,3.565,3.142,0,FALSE POSITIVE,8397675
5.72812616,2.0295,643.4,1.38,0.22,20.8,569.0,24.74,3968.0,4.714,0.548,1,CONFIRMED,8346392
3.75574267,2.2911,417.4,1.58,0.127,27.9,977.0,215.46,5311.0,4.588,0.788,1,CONFIRMED,8288947
7.44042933,2.991,547.3,2.74,0.968,34.0,883.0,144.12,5815.0,4.54,0.877,0,FALSE POSITIVE,8312852
6.581477136,3.0896,2318.9,4.56,0.137,116.2,881.0,142.63,5188.0,4.4,0.973,1,CONFIRMED,9480189
24.669192732,7.03515,7382.3,77.76,0.073,603.0,1485.0,1150.61,5313.0,2.936,9.327,1,CONFIRMED,11974540
2.382652873,1.8888,705.4,2.74,0.682,45.5,1237.0,553.53,5188.0,4.4,0.973,1,CONFIRMED,9480189
24.66461416,2.8579,2398.8,5.34,0.8,56.7,567.0,24.53,5188.0,4.4,0.973,1,CONFIRMED,9480189
11.51517167,2.006,1357.4,2.9,0.311,53.2,657.0,43.96,5177.0,4.59,0.798,1,CONFIRMED,9512687
7.641567589,3.41018,2269.7,4.91,0.027,437.5,899.0,154.25,5356.0,4.338,1.055,1,CONFIRMED,8644288
30.6113932,3.576,3472.0,19.68,1.264,37.5,317.0,2.38,3900.0,4.727,0.534,0,FALSE POSITIVE,5738346
7.40742502,3.675,442.0,2.01,0.03,23.1,938.0,183.15,5922.0,4.474,0.961,1,CONFIRMED,1725016
569.934135,4.1904,18904.0,38.98,0.919,66.7,296.0,1.81,5367.0,3.783,2.057,0,FALSE POSITIVE,1722276
5.09246539,3.659,254.0,1.17,0.161,17.1,844.0,119.7,5037.0,4.547,0.751,0,FALSE POSITIVE,892772
110.61576622,5.0,,,,,,,,,,0,FALSE POSITIVE,1027438
1.103971357,0.926,317.9,1.37,0.52,21.7,1471.0,1109.79,5409.0,4.609,0.746,0,FALSE POSITIVE,10268907
10.916108342,3.6496,1479.0,3.93,0.7699,302.2,758.0,78.19,5575.0,4.521,0.932,1,CONFIRMED,5446285
3.353732008,1.4598,1264.7,1.65,0.051,47.8,615.0,33.76,3789.0,4.781,0.46,1,CONFIRMED,10166274
6.877446033,1.3692,1632.3,2.05,0.79,39.6,484.0,12.95,3789.0,4.781,0.46,1,CONFIRMED,10166274
28.46464804,2.6657,1629.8,1.87,0.035,28.9,301.0,1.95,3789.0,4.781,0.46,1,CONFIRMED,10166274
0.293630085,2.3857,2017.7,26.35,1.2329,170.0,2503.0,9283.34,5665.0,4.554,0.843,0,FALSE POSITIVE,10153827
42.89645024,5.6897,555.3,2.0,0.007,66.8,448.0,9.54,5192.0,4.489,0.873,1,CONFIRMED,5735762
2.44199803,2.759,251.7,1.44,0.856,27.2,1282.0,638.05,5970.0,4.564,0.796,0,FALSE POSITIVE,8302450
7.09712124,2.1059,369.5,0.74,0.05,18.3,425.0,7.73,3569.0,4.861,0.389,1,CONFIRMED,8351704
2.6827683,2.957,79.8,1.19,0.769,26.7,1551.0,1366.57,6180.0,4.262,1.223,0,FALSE POSITIVE,8299955
3.601465336,2.2753,777.7,2.31,0.021,50.7,996.0,232.65,5052.0,4.48,0.855,1,CONFIRMED,9513865
3.108251172,2.5048,1867.7,4.43,0.9,156.5,1096.0,340.69,5330.0,4.495,0.847,0,FALSE POSITIVE,9595686
25.8474958,5.985,537.4,2.4,0.054,27.3,672.0,48.23,6297.0,4.448,1.031,1,CONFIRMED,9605514
40.715561,6.894,680.9,2.7,0.008,28.9,578.0,26.34,6297.0,4.448,1.031,1,CONFIRMED,9605514
20.42720701,3.447,1273.0,4.42,0.956,36.7,674.0,48.72,6014.0,4.494,0.958,0,FALSE POSITIVE,9661877
6.198273591,7.53837,47302.6,19.81,0.343,2561.1,985.0,222.23,6038.0,4.524,0.898,0,FALSE POSITIVE,5728283
1.023471798,2.3499,861.4,3.78,0.974,63.0,1727.0,2103.09,5741.0,4.491,0.893,0,FALSE POSITIVE,8127639
0.51872711,1.252,714.1,19.07,1.199,93.3,1965.0,3537.27,5572.0,4.597,0.762,0,FALSE POSITIVE,6047498
17.31711739,3.1518,1473.0,2.04,0.684,35.9,454.0,10.07,4719.0,4.753,0.502,1,CONFIRMED,8125580
9.42889884,4.4481,565.4,4.39,0.011,50.4,1163.0,432.9,5897.0,3.98,1.86,1,CONFIRMED,8158127
1.096583368,2.1188,308.5,1.35,0.421,44.3,1474.0,1119.9,5222.0,4.528,0.763,0,FALSE POSITIVE,10158990
6.50327035,2.591,418.3,1.67,0.08,19.0,804.0,98.81,4999.0,4.49,0.843,1,CONFIRMED,10141900
4.09667624,2.19,302.3,1.42,0.142,16.2,938.0,182.9,4999.0,4.49,0.843,1,CONFIRMED,10141900
1.196548464,1.2592,224.6,1.25,0.332,16.5,1414.0,945.12,4999.0,4.49,0.843,1,CONFIRMED,10141900
11.47609015,5.046,182.3,2.07,0.755,27.7,984.0,221.34,6071.0,4.202,1.41,1,CONFIRMED,8410727
25.2630467,6.22,125.5,1.71,0.743,14.3,756.0,77.24,6071.0,4.202,1.41,1,CONFIRMED,8410727
7.1688266,1.29,,,,,,,,,,0,FALSE POSITIVE,8349405
0.677374687,1.8361,76.7,0.9,0.132,38.7,2099.0,4572.56,5718.0,4.395,1.037,1,CONFIRMED,8278371
10.43547031,3.4167,210.2,1.22,0.174,36.7,759.0,78.35,5528.0,4.499,0.853,1,CONFIRMED,8280511
7.41084314,3.245,124.1,0.94,0.064,25.6,850.0,123.4,5528.0,4.499,0.853,1,CONFIRMED,8280511
28.59914031,3.6567,1585.1,1.83,0.009,53.8,298.0,1.87,3755.0,4.781,0.461,1,CONFIRMED,9710326
24.58716355,3.984,907.5,2.37,0.648,35.6,530.0,18.72,5474.0,4.605,0.749,1,CONFIRMED,9761882
34.193600311,5.41382,13714.8,21.95,0.625,1405.6,778.0,86.74,6129.0,3.991,1.786,0,FALSE POSITIVE,5297298
12.53248222,4.0168,1145.9,3.24,0.668,66.7,775.0,85.15,5997.0,4.522,0.904,1,CONFIRMED,9766437
13.19720694,3.4872,2141.4,4.18,0.568,116.2,642.0,40.03,4954.0,4.462,0.885,1,CONFIRMED,9775938
14.85890852,3.5252,3269.0,5.94,0.255,456.8,720.0,63.52,5356.0,4.338,1.055,1,CONFIRMED,8644288
4.08897299,3.585,157.9,2.36,0.374,19.0,1537.0,1317.96,5897.0,3.98,1.86,1,CONFIRMED,8158127
2.866680334,1.1264,712.4,2.93,0.968,43.0,1045.0,282.64,5238.0,4.598,0.764,0,FALSE POSITIVE,8176653
17.44486016,4.445,826.9,3.24,0.871,46.0,679.0,50.32,5568.0,4.413,0.966,1,CONFIRMED,8174625
8.30697421,2.76,158.7,37.99,1.151,17.4,1246.0,570.93,5300.0,3.69,2.124,0,FALSE POSITIVE,8183911
2.49705175,3.79,,,,,,,,,,0,FALSE POSITIVE,8179973
7.33685101,3.548,325.8,1.52,0.018,21.6,875.0,138.46,5795.0,4.554,0.848,1,CONFIRMED,10157458
22.65117451,3.6895,2250.0,7.62,0.925,170.1,855.0,126.57,6968.0,4.31,1.333,0,FALSE POSITIVE,4649305
1.204274435,1.3362,185.8,1.19,0.528,34.7,1564.0,1413.91,5668.0,4.552,0.849,0,FALSE POSITIVE,10148521
7.71790675,1.84,306.8,0.9,0.112,12.6,502.0,15.01,3975.0,4.753,0.509,1,CONFIRMED,10118816
27.6652847,6.633,469.2,2.21,0.004,36.1,641.0,39.94,6036.0,4.396,1.017,1,CONFIRMED,10122255
0.948950734,4.0245,2133.0,36.87,1.246,238.6,2103.0,4636.91,6307.0,4.391,1.133,0,FALSE POSITIVE,3124412
14.55730897,7.7643,956.9,4.32,0.036,200.0,879.0,141.0,5774.0,4.159,1.412,1,CONFIRMED,3835670
4.722254104,3.451,82670.0,14.45,0.506,314.1,557.0,22.67,3801.0,4.776,0.488,0,FALSE POSITIVE,10287248
0.635069939,2.07171,33117.3,57.77,1.25,578.6,2351.0,7193.72,6340.0,4.434,1.058,0,FALSE POSITIVE,10351767
0.933746515,6.6522,2936.6,25.54,1.262,549.5,1508.0,1222.25,5252.0,4.596,0.716,0,FALSE POSITIVE,10342041
1.872421727,1.5261,3018.9,5.65,0.917,179.0,1298.0,672.92,5337.0,4.486,0.825,0,FALSE POSITIVE,10514770
33.6528474,3.9616,1140.8,3.05,0.567,41.9,470.0,11.5,4954.0,4.462,0.885,1,CONFIRMED,9775938
5.90127815,2.1979,1525.2,1.94,0.03,56.6,514.0,16.54,3731.0,4.75,0.498,1,CONFIRMED,9787239
8.75209691,2.3742,1367.6,1.83,0.017,44.8,451.0,9.76,3731.0,4.75,0.498,1,CONFIRMED,9787239
22.78078241,3.3002,1925.1,2.17,0.008,46.4,328.0,2.73,3731.0,4.75,0.498,1,CONFIRMED,9787239
2.896005211,1.6776,614.1,1.23,0.082,28.6,652.0,42.53,3731.0,4.75,0.498,1,CONFIRMED,9787239
0.742957911,0.6688,843.3,1.47,0.162,45.3,1026.0,262.51,3731.0,4.75,0.498,1,CONFIRMED,9787239
54.35635067,6.4345,10510.4,38.81,1.142,628.1,566.0,24.18,6161.0,4.281,1.255,0,FALSE POSITIVE,2309719
0.54624855,2.0543,639.7,18.93,1.215,42.9,1837.0,2677.36,5414.0,4.625,0.714,0,FALSE POSITIVE,2558363
18.82744023,4.664,1006.2,2.7,0.025,29.5,632.0,37.82,5687.0,4.538,0.86,1,CONFIRMED,2716853
8.4120069,3.923,819.6,1.71,0.022,39.7,590.0,28.69,4502.0,4.668,0.621,0,FALSE POSITIVE,2445154
5.747711909,1.8923,820.1,1.86,0.575,51.7,641.0,40.07,4252.0,4.64,0.632,1,CONFIRMED,2715135
3.504691252,1.9811,315.1,2.03,0.741,67.5,1165.0,435.21,5356.0,4.338,1.055,1,CONFIRMED,8644288
0.995861402,1.1507,4993.8,26.93,1.256,272.0,1477.0,1124.35,5286.0,4.604,0.706,0,FALSE POSITIVE,3113266
86.67856052,10.1289,8244.1,9.83,0.291,318.3,434.0,8.41,5822.0,4.351,1.081,1,CONFIRMED,3247268
12.21828097,2.6969,1843.4,5.1,0.778,90.1,835.0,114.59,5822.0,4.351,1.081,1,CONFIRMED,3247268
8.387210055,1.6477,4952.0,72.52,1.284,180.6,1211.0,509.55,6089.0,4.044,1.795,0,FALSE POSITIVE,3232859
15.2384539,19.292,7019.0,9.84,0.74,56.0,829.0,111.67,6384.0,4.419,1.086,0,FALSE POSITIVE,3098184
0.413334492,2.3808,2025.1,31.52,1.2313,236.9,2509.0,9374.09,5973.0,4.465,1.016,0,FALSE POSITIVE,2720309
0.93374614,6.551,1717.5,149.71,1.27,365.7,3303.0,28084.15,5438.0,3.424,4.319,0,FALSE POSITIVE,10342065
6.47179275,6.788,402.5,2.08,0.014,30.7,1075.0,316.0,6341.0,4.446,1.033,0,FALSE POSITIVE,10352945
64.617518,5.796,2486.6,5.4,0.9,61.9,383.0,5.09,5043.0,4.47,0.881,1,CONFIRMED,10354039
13.21409607,3.5641,1154.8,2.77,0.812,38.0,629.0,36.95,5333.0,4.62,0.728,1,CONFIRMED,10330115
6.05729966,3.7419,385.2,1.94,0.219,35.1,947.0,189.98,5334.0,4.372,1.004,1,CONFIRMED,10426656
3.584101048,2.7316,2608.1,4.66,0.045,166.3,1131.0,386.66,5739.0,4.518,0.922,1,CONFIRMED,9820483
1.763587535,3.16877,4590.6,21.42,0.512,4061.9,3559.0,37958.27,9107.0,3.867,3.031,1,CONFIRMED,9941662
5.014234733,4.589,6536.0,10.63,0.066,794.3,1308.0,692.13,6490.0,4.32,1.307,1,CONFIRMED,7778437
8.11528727,3.211,834.9,3.1,0.916,59.1,879.0,140.92,5926.0,4.532,0.887,1,CONFIRMED,9823457
36.9250409,4.9381,902.0,3.01,0.838,39.3,530.0,18.7,5926.0,4.532,0.887,1,CONFIRMED,9823457
37.4783492,5.317,1467.9,10.05,1.161,18.3,262.0,1.12,3687.0,4.813,0.44,0,FALSE POSITIVE,2574201
8.09695764,3.319,283.5,34.0,1.165,35.4,1197.0,484.58,5949.0,4.024,1.707,0,FALSE POSITIVE,2166206
32.3122867,6.569,677.8,4.84,0.934,33.6,699.0,56.49,5821.0,4.108,1.494,1,CONFIRMED,2164169
9.22961384,2.235,492.1,2.79,0.067,19.3,1021.0,257.11,6320.0,4.347,1.252,1,CONFIRMED,2574338
14.5598556,5.624,290.6,1.64,0.026,15.6,758.0,78.26,5959.0,4.46,0.966,1,CONFIRMED,2584163
4.176254191,3.6716,1360.1,3.07,0.715,249.7,876.0,139.48,4957.0,4.594,0.776,1,CONFIRMED,4180280
0.528755447,5.714,408.5,47.75,1.204,100.1,3271.0,27241.45,6151.0,3.92,1.954,0,FALSE POSITIVE,3239636
6.10027621,4.7476,766.6,2.59,0.015,43.2,990.0,227.15,5957.0,4.506,0.937,1,CONFIRMED,2721030
10.9110487,7.033,401.9,2.36,0.9761,28.3,786.0,90.07,5903.0,4.546,0.864,0,FALSE POSITIVE,3340070
8.408878137,3.4967,798.9,2.28,0.018,147.2,809.0,101.22,5551.0,4.508,0.812,1,CONFIRMED,7626506
10.93725572,3.0822,421.6,2.41,0.866,24.6,777.0,86.28,5334.0,4.372,1.004,1,CONFIRMED,10426656
2.97136658,2.716,233.3,1.52,0.349,25.6,1200.0,490.13,5334.0,4.372,1.004,1,CONFIRMED,10426656
158.6850022,11.5372,898.3,3.08,0.034,97.4,350.0,3.53,5751.0,4.34,1.034,1,CONFIRMED,10528068
2.936527336,1.771,352.3,1.92,0.524,34.7,1209.0,505.22,5359.0,4.375,1.002,1,CONFIRMED,10468940
7.03902016,3.8633,529.8,2.45,0.015,54.3,1051.0,288.92,6321.0,4.434,1.058,1,CONFIRMED,9825625
8.360870704,2.7144,2039.7,3.67,0.494,120.9,690.0,53.68,4743.0,4.516,0.81,1,CONFIRMED,9875711
3.14051153,8.2806,1444.4,31.01,1.251,139.5,1306.0,689.48,6108.0,4.443,0.974,0,FALSE POSITIVE,7661409
21.76129812,1.243,1300.7,2.53,0.123,60.0,486.0,13.18,4859.0,4.612,0.72,1,CONFIRMED,1026957
12.713794177,2.44093,36718.7,2.31,0.485,2981.3,181.0,0.26,2661.0,5.283,0.116,0,FALSE POSITIVE,10002261
15.801100028,6.37505,37545.0,15.61,0.512,1642.2,614.0,33.6,5383.0,4.587,0.789,0,FALSE POSITIVE,8176650
1.739428983,2.4894,5897.4,268.65,4.246,130.0,1268.0,612.49,5415.0,4.603,0.742,0,FALSE POSITIVE,5899544
1.217266418,3.3208,5811.5,14.49,0.878,603.4,2378.0,7548.29,6631.0,4.145,1.638,0,FALSE POSITIVE,5963222
19.563092517,6.9547,12992.2,23.76,0.842,2477.0,965.0,205.39,6208.0,3.959,1.831,0,FALSE POSITIVE,5982353
3.7228551,12.8164,2969.2,5.67,0.911,294.8,1118.0,368.33,5873.0,4.547,0.863,0,FALSE POSITIVE,6205468
48.93786896,6.5868,7240.1,24.19,0.981,445.7,764.0,80.37,7066.0,4.094,1.761,0,FALSE POSITIVE,8506766
5.48990788,4.02,598.9,23.6,1.199,36.7,1039.0,275.65,5982.0,4.493,0.96,0,FALSE POSITIVE,3240706
161.5278347,3.6734,4653.6,8.19,0.0,54.7,366.0,4.25,5778.0,4.285,1.213,1,CONFIRMED,2853093
0.73093905,2.8437,451.1,1.45,0.018,52.4,1488.0,1159.62,4768.0,4.588,0.711,0,FALSE POSITIVE,3228824
11.39102358,2.303,448.6,1.67,0.732,10.5,618.0,34.55,4983.0,4.617,0.728,1,CONFIRMED,3245969
12.33343853,6.221,536.4,4.12,0.979,31.7,915.0,165.3,5896.0,4.197,1.24,1,CONFIRMED,3231341
8.01500821,3.0137,363.0,2.0,0.645,28.6,865.0,132.46,5359.0,4.375,1.002,1,CONFIRMED,10468940
0.933749941,6.606,415.3,12.93,1.225,88.8,919.0,168.44,3682.0,4.786,0.48,0,FALSE POSITIVE,10341831
7.053934488,1.7244,511.5,2.36,0.899,56.3,840.0,117.33,5357.0,4.498,0.863,1,CONFIRMED,10337517
4.29263699,2.7,61.4,0.68,0.454,11.4,991.0,227.69,5357.0,4.498,0.863,1,CONFIRMED,10337517
7.6746614,1.9374,503.0,2.8,0.939,20.8,957.0,198.67,6063.0,4.47,1.001,1,CONFIRMED,10351231
0.445275074,2.276,254.7,1.21,0.639,86.3,1950.0,3419.7,5346.0,4.621,0.725,0,FALSE POSITIVE,10485179
1.213770423,0.5532,1821.0,0.78,0.83,111.4,525.0,18.03,3292.0,5.215,0.148,1,CONFIRMED,8561063
0.453287416,0.4445,1461.5,0.76,0.81,150.4,729.0,66.14,3292.0,5.215,0.148,1,CONFIRMED,8561063
10.810132734,4.4618,6165.2,13.95,0.948,806.5,985.0,222.68,6211.0,4.269,1.284,0,FALSE POSITIVE,8892910
1.865114193,0.4279,1124.8,0.66,0.785,56.9,455.0,10.1,3292.0,5.215,0.148,1,CONFIRMED,8561063
3.273699006,3.07626,6862.8,22.36,0.733,1293.1,3060.0,20728.79,10816.0,4.086,2.493,0,FALSE POSITIVE,10657664
7.047103499,3.3208,71318.0,51.86,1.047,274.9,955.0,196.62,5730.0,4.417,1.035,0,FALSE POSITIVE,3337351
0.530300102,2.8502,3040.0,35.73,1.2507,207.4,2410.0,7972.18,6184.0,4.448,1.038,0,FALSE POSITIVE,6153201
1.073917869,2.4305,1926.6,33.01,1.266,137.5,1794.0,2450.63,5962.0,4.479,0.959,0,FALSE POSITIVE,5802486
4.206096814,10.7381,1298.1,32.66,1.239,149.3,1252.0,581.11,6306.0,4.426,1.076,0,FALSE POSITIVE,5817553
19.56313723,6.8575,5536.0,9.73,0.908,157.8,706.0,58.71,5766.0,4.352,1.077,0,FALSE POSITIVE,5982368
2.227718792,4.9699,1039.0,8.88,1.04,124.3,1400.0,906.46,6038.0,4.508,0.922,0,FALSE POSITIVE,5816811
0.591914504,1.0225,1057.7,27.21,1.344,56.3,1646.0,1746.78,5122.0,4.659,0.655,0,FALSE POSITIVE,5816165
36.7704935,4.42,1346.6,2.83,0.545,40.8,437.0,8.6,5142.0,4.602,0.755,1,CONFIRMED,7102227
14.58932429,2.4184,831.3,2.32,0.694,29.3,594.0,29.53,5142.0,4.602,0.755,1,CONFIRMED,7102227
0.764017553,1.103,128.2,0.86,0.442,13.2,1589.0,1503.79,5142.0,4.602,0.755,1,CONFIRMED,7102227
59.8780258,4.8027,1419.1,2.19,0.004,51.8,273.0,1.31,4016.0,4.658,0.599,1,CONFIRMED,6960913
74.92768653,4.74,4119.2,6.39,0.796,161.5,409.0,6.62,5618.0,4.46,0.897,1,CONFIRMED,11122894
150.0189511,4.3823,4319.7,32.6,1.252,106.2,325.0,2.62,5618.0,4.46,0.897,1,CONFIRMED,11122894
2.613020421,1.9588,599.7,1.5,0.891,31.1,713.0,61.24,3883.0,4.725,0.517,1,CONFIRMED,11129738
0.927859786,1.4279,515.3,1.79,0.795,99.8,1361.0,813.3,4815.0,4.631,0.699,1,CONFIRMED,11401182
205.912735,9.992,2378.8,4.68,0.196,49.4,298.0,1.85,5644.0,4.457,0.969,1,CONFIRMED,11030711
7.10695741,5.1462,131.0,1.72,0.079,33.8,1157.0,422.8,5761.0,4.091,1.518,1,CONFIRMED,11512246
2.1395563,2.0678,266.1,1.76,0.368,48.9,1425.0,974.3,5534.0,4.338,1.08,1,CONFIRMED,6690082
4.807103254,0.9393,450.5,2.96,0.94,32.9,1088.0,330.84,5534.0,4.338,1.08,1,CONFIRMED,6690082
21.4054422,11.721,409.3,11.64,0.943,60.9,1087.0,330.0,4838.0,3.299,4.361,1,CONFIRMED,6448890
10.5007712,14.522,183.4,5.68,0.034,45.3,1378.0,852.28,4838.0,3.299,4.361,1,CONFIRMED,6448890
2.633852528,2.0206,259.8,1.38,0.204,23.3,1131.0,387.43,5114.0,4.463,0.878,1,CONFIRMED,10730034
6.18670882,2.909,202.6,1.21,0.013,14.3,851.0,123.96,5114.0,4.463,0.878,1,CONFIRMED,10730034
1.796320953,1.9139,210.9,1.2,0.015,22.1,1367.0,827.82,5576.0,4.503,0.829,1,CONFIRMED,10858691
3.468073,2.361,243.9,1.29,0.143,20.6,1098.0,343.57,5576.0,4.503,0.829,1,CONFIRMED,10858691
5.9142668,2.661,253.2,1.31,0.04,17.4,919.0,168.51,5576.0,4.503,0.829,1,CONFIRMED,10858691
14.00640392,4.6919,716.4,3.11,0.568,109.3,807.0,100.09,5788.0,4.323,1.124,1,CONFIRMED,8107380
3.546531809,2.2746,442.7,2.18,0.633,26.4,1212.0,510.26,5993.0,4.489,0.986,1,CONFIRMED,6936909
5.70070626,1.6408,379.8,2.03,0.664,15.2,1035.0,270.62,5993.0,4.489,0.986,1,CONFIRMED,6936909
20.8341497,4.522,803.1,2.26,0.269,26.2,563.0,23.82,5296.0,4.538,0.808,1,CONFIRMED,6962977
7.0556584,3.0479,705.6,2.13,0.301,32.1,808.0,100.88,5296.0,4.538,0.808,1,CONFIRMED,6962977
10.47548084,2.3024,1070.7,2.11,0.664,40.3,540.0,20.15,4463.0,4.677,0.611,1,CONFIRMED,11176127
22.92886314,2.0831,908.9,2.08,0.805,21.3,416.0,7.09,4463.0,4.677,0.611,1,CONFIRMED,11176127
77.4740991,4.168,1543.6,2.63,0.758,27.5,277.0,1.4,4463.0,4.677,0.611,1,CONFIRMED,11176127
6.88595222,4.148,428.5,2.68,0.953,34.5,946.0,189.35,5616.0,4.394,0.999,1,CONFIRMED,11014932
3.125814002,1.7895,238.8,1.88,0.506,32.0,1460.0,1073.04,6358.0,4.346,1.181,0,FALSE POSITIVE,6677256
5.660669429,4.6483,737.8,3.24,0.477,201.1,1115.0,365.53,5746.0,4.266,1.173,1,CONFIRMED,8030148
10.80487163,2.7215,292.7,1.71,0.207,27.4,857.0,127.84,6092.0,4.471,0.998,0,FALSE POSITIVE,6692833
13.71938426,5.5677,316.4,1.98,0.022,48.3,864.0,131.94,6387.0,4.41,1.105,1,CONFIRMED,6693640
29.2214959,4.014,394.0,1.81,0.779,14.6,539.0,20.03,5576.0,4.503,0.829,1,CONFIRMED,10858691
44.8520997,3.5729,780.8,3.35,0.807,33.0,513.0,16.35,5514.0,4.345,1.071,1,CONFIRMED,10973814
20.34237838,2.3351,564.6,2.88,0.826,28.7,667.0,46.93,5514.0,4.345,1.071,1,CONFIRMED,10973814
118.3786735,9.5574,1083.3,3.4,0.011,83.1,376.0,4.75,5657.0,4.364,1.046,1,CONFIRMED,6541920
23.58444746,5.5545,429.2,3.0,0.711,42.8,730.0,66.96,5655.0,4.152,1.354,1,CONFIRMED,10586208
11.97884409,3.751,707.9,2.11,0.073,27.8,678.0,49.87,5296.0,4.538,0.808,1,CONFIRMED,6962977
3.71545593,2.558,331.7,1.46,0.327,19.6,1001.0,237.42,5296.0,4.538,0.808,1,CONFIRMED,6962977
2.58083264,2.1729,270.2,1.31,0.16,17.5,1130.0,386.18,5296.0,4.538,0.808,1,CONFIRMED,6962977
1.487084251,1.3233,295.7,1.6,0.678,17.9,1462.0,1076.29,5650.0,4.551,0.876,0,FALSE POSITIVE,7174351
19.25404023,4.6509,987.7,3.04,0.548,50.7,657.0,44.17,5798.0,4.507,0.941,1,CONFIRMED,6932987
15.0549356,4.801,256.4,1.6,0.321,16.6,729.0,66.72,5616.0,4.394,0.999,1,CONFIRMED,11014932
2.92721119,2.545,170.2,1.29,0.043,18.0,1258.0,593.23,5616.0,4.394,0.999,1,CONFIRMED,11014932
38.2856338,6.512,322.8,1.77,0.115,15.0,534.0,19.24,5616.0,4.394,0.999,1,CONFIRMED,11014932
19.80787763,3.453,616.3,2.08,0.054,20.1,624.0,35.89,5775.0,4.558,0.84,1,CONFIRMED,11288505
2.343230566,2.0424,246.5,1.18,0.047,23.9,1054.0,292.31,4798.0,4.533,0.782,1,CONFIRMED,11493431
2.73987398,4.15886,20632.2,34.83,0.703,1454.3,2113.0,4705.3,6520.0,3.844,2.26,0,FALSE POSITIVE,8801343
5.801880653,4.2608,41924.0,19.91,0.773,396.8,964.0,203.62,5845.0,4.541,0.874,0,FALSE POSITIVE,8488878
85.34092607,10.6141,51746.2,1177.65,12.773,898.4,409.0,6.61,6004.0,4.522,0.898,0,FALSE POSITIVE,8560285
0.782045734,1.7945,16185.0,45.05,1.244,272.3,2070.0,4332.1,6113.0,4.463,0.995,0,FALSE POSITIVE,8620565
10.1171684,4.6677,288.7,3.07,0.296,50.6,1163.0,433.41,6306.0,4.077,1.792,1,CONFIRMED,10854768
19.12947603,3.9622,451.2,4.23,0.861,31.7,817.0,105.25,5372.0,4.007,1.71,1,CONFIRMED,10964440
83.5781976,7.2487,630.8,6.63,0.544,54.9,655.0,43.62,6056.0,3.788,2.562,1,CONFIRMED,10713616
6.1469956,3.3153,249.6,2.04,0.083,25.8,1164.0,433.72,6110.0,4.285,1.296,1,CONFIRMED,10963242
0.522457732,0.8907,143.8,1.52,0.967,48.2,2308.0,6715.55,5991.0,4.459,0.954,0,FALSE POSITIVE,10785538
54.1558384,4.432,1109.8,3.88,0.927,29.1,466.0,11.12,5798.0,4.507,0.941,1,CONFIRMED,6932987
3.548465446,4.56904,7251.5,14.92,0.075,2486.5,1640.0,1708.28,6290.0,4.074,1.746,1,CONFIRMED,8191672
11.1199028,3.3759,636.3,2.08,0.72,100.3,649.0,42.07,5078.0,4.581,0.766,1,CONFIRMED,6851425
0.567856484,1.0258,334.8,1.55,0.324,53.8,1848.0,2760.23,5073.0,4.483,0.853,1,CONFIRMED,6934291
251.0597249,5.1095,7419.8,44.2,1.264,110.3,301.0,1.93,5714.0,4.34,1.086,0,FALSE POSITIVE,7357531
11.70219638,2.6658,639.7,16.15,1.166,41.3,719.0,63.16,5758.0,4.596,0.762,0,FALSE POSITIVE,6185711
40.7150498,8.587,563.9,2.2,0.638,56.4,516.0,16.76,5968.0,4.534,0.881,1,CONFIRMED,11037335
10.44635944,2.749,354.2,2.18,0.967,34.4,812.0,102.77,5968.0,4.534,0.881,1,CONFIRMED,11037335
2.508553286,2.2664,211.6,1.28,0.009,26.8,1278.0,629.8,5814.0,4.523,0.881,1,CONFIRMED,11389771
13.75129636,3.853,348.5,1.66,0.359,24.6,725.0,65.24,5814.0,4.523,0.881,1,CONFIRMED,11389771
0.885747456,4.4788,895.2,269.98,1.205,203.6,4958.0,142553.16,5487.0,2.816,10.396,0,FALSE POSITIVE,8737796
3.611541977,8.6068,2972.3,28.07,1.254,167.1,1005.0,240.29,5203.0,4.504,0.802,0,FALSE POSITIVE,8462258
8.041347775,2.6332,591.0,1.29,0.26,77.5,507.0,15.59,3980.0,4.722,0.54,1,CONFIRMED,10925104
5.082722475,5.9139,1974.1,4.4,0.019,95.5,1059.0,296.94,5780.0,4.438,1.0,0,FALSE POSITIVE,8454250
9.991625291,3.8552,3450.5,38.93,1.256,220.3,907.0,160.14,5874.0,4.338,1.096,0,FALSE POSITIVE,8848271
8.57504983,8.653,160.6,4.26,0.129,36.9,1374.0,841.68,4986.0,3.462,3.464,1,CONFIRMED,10585852
7.64970832,6.625,55.4,1.43,0.898,28.5,1144.0,404.99,5855.0,4.125,1.613,1,CONFIRMED,10794087
10.30401132,4.2246,316.1,1.84,0.017,53.8,849.0,122.98,5657.0,4.364,1.046,1,CONFIRMED,6541920
2.171827838,3.2205,42086.0,58.56,1.323,300.6,1311.0,698.31,5650.0,4.513,0.891,0,FALSE POSITIVE,4275739
3.016182013,2.8349,222.5,2.25,0.732,31.9,1449.0,1044.49,5611.0,4.144,1.4,1,CONFIRMED,7287415
6.8833761,2.2702,458.4,1.69,0.075,28.1,857.0,127.67,5679.0,4.581,0.794,1,CONFIRMED,6924203
0.833980196,1.756,261.2,1.45,0.547,56.9,1816.0,2562.78,5747.0,4.53,0.871,0,FALSE POSITIVE,6878167
69.62754202,11.07,,,,,,,,,,0,FALSE POSITIVE,6880531
1.926353494,2.5305,185.1,1.33,0.767,36.9,1484.0,1146.34,6063.0,4.481,0.899,0,FALSE POSITIVE,6863839
0.890737359,1.9257,195.8,20.57,1.146,37.7,2022.0,3948.43,5687.0,4.293,1.169,0,FALSE POSITIVE,7296086
5.41908491,2.3379,231.0,1.38,0.536,20.2,989.0,225.71,5814.0,4.523,0.881,1,CONFIRMED,11389771
7.01733571,3.567,255.5,1.61,0.581,15.5,984.0,221.46,6052.0,4.456,0.967,1,CONFIRMED,11599038
6.91134223,5.6743,201.7,1.9,0.259,44.0,1086.0,328.65,5685.0,4.194,1.35,1,CONFIRMED,11193263
394.6249514,24.108,2013.3,7.79,0.336,234.6,325.0,2.65,5910.0,4.03,1.727,1,CONFIRMED,11027624
7.19304935,3.407,255.3,1.59,0.017,19.0,995.0,232.36,6185.0,4.472,0.991,1,CONFIRMED,11032227
86.64764448,4.2326,7311.6,9.4,0.0,241.9,419.0,7.28,5522.0,4.323,1.12,1,CONFIRMED,8751933
36.33750453,7.06,2828.4,5.3,0.825,96.8,513.0,16.36,5717.0,4.538,0.884,1,CONFIRMED,8630788
14.64613058,5.688,593.5,2.22,0.561,30.0,694.0,54.95,5717.0,4.538,0.884,1,CONFIRMED,8630788
148.272013,4.192,1707.4,4.3,0.883,21.8,321.0,2.51,5717.0,4.538,0.884,1,CONFIRMED,8630788
1.506507172,4.5346,880.9,13.4,1.226,86.7,801.0,97.56,3755.0,4.774,0.473,0,FALSE POSITIVE,8823426
1.634614356,3.4422,19761.5,44.22,1.229,376.5,1611.0,1597.73,6121.0,4.468,0.97,0,FALSE POSITIVE,4070376
16.025018977,3.8828,29090.0,1069.01,13.239,257.8,657.0,44.01,5776.0,4.582,0.789,0,FALSE POSITIVE,4078157
10.50682978,3.7769,13355.5,9.01,0.407,343.4,668.0,47.21,5127.0,4.589,0.782,1,CONFIRMED,4164994
0.711966971,2.0221,6227.5,33.34,1.268,392.2,1855.0,2808.98,5486.0,4.47,0.83,0,FALSE POSITIVE,4480676
17.72724392,4.1073,16878.0,14.77,0.825,109.7,741.0,71.06,6181.0,4.464,1.006,0,FALSE POSITIVE,4079535
321.2124365,4.012,2358.6,7.25,0.873,81.7,310.0,2.17,6018.0,4.257,1.286,1,CONFIRMED,6766634
7.13895376,4.568,254.2,49.96,1.199,32.9,1622.0,1635.0,7131.0,3.913,2.145,0,FALSE POSITIVE,6774826
4.4645454,2.8823,194.3,3.07,0.808,37.6,1601.0,1555.36,6093.0,3.91,1.985,0,FALSE POSITIVE,5652237
11.29689442,4.623,198.5,1.74,0.634,20.9,907.0,160.18,6096.0,4.358,1.176,1,CONFIRMED,7211469
19.30112039,6.0752,232.3,1.66,0.862,45.0,669.0,47.49,5687.0,4.408,0.943,0,FALSE POSITIVE,7375795
1.20320092,1.9197,2807.1,49.25,1.274,250.8,2124.0,4809.16,6218.0,4.198,1.349,0,FALSE POSITIVE,7255336
5.968724048,3.651,510.6,3.26,0.166,107.1,1251.0,579.9,6122.0,4.173,1.439,1,CONFIRMED,7831264
10.980246199,3.74464,50078.0,21.94,0.733,1555.4,821.0,107.47,5952.0,4.462,0.897,0,FALSE POSITIVE,7802136
2.144632238,6.2701,19836.9,59.19,1.228,334.8,1736.0,2146.82,6296.0,4.24,1.305,1,CONFIRMED,7532973
27.32204488,5.6716,77474.5,21.58,0.257,3622.7,531.0,18.81,5620.0,4.592,0.772,0,FALSE POSITIVE,9632895
1.152216965,2.2245,12072.0,187.73,0.811,104.5,5283.0,183811.71,5560.0,2.619,15.113,0,FALSE POSITIVE,7449844
5.2972293,3.799,1210.5,47.7,0.022,31.8,2867.0,15961.1,4631.0,2.386,14.296,0,FALSE POSITIVE,8766222
133.460999,11.4997,5032.9,11.21,0.249,162.3,433.0,8.29,5588.0,4.047,1.593,1,CONFIRMED,8678594
5.188563677,2.3683,358.7,1.0,0.179,56.4,586.0,27.95,3980.0,4.722,0.54,1,CONFIRMED,10925104
15.19423359,3.106,367.8,3.69,0.906,18.1,893.0,150.25,5588.0,4.047,1.593,1,CONFIRMED,8678594
14.17098745,3.4804,3070.8,4.19,0.041,93.6,608.0,32.22,5107.0,4.565,0.777,0,FALSE POSITIVE,8703884
31.9734169,13.262,1414.4,24.1,1.24,62.5,442.0,9.01,4931.0,4.595,0.774,0,FALSE POSITIVE,8560840
3.990105908,2.4108,6154.9,7.45,0.582,247.8,1124.0,378.53,5926.0,4.519,0.913,1,CONFIRMED,4076098
0.52205862,2.0847,1381.3,27.16,1.24,169.0,2022.0,3951.57,5359.0,4.478,0.878,0,FALSE POSITIVE,4551328
10.035381809,3.4062,2829.7,4.42,0.079,150.9,786.0,90.33,5813.0,4.561,0.833,1,CONFIRMED,4282872
53.100942624,2.2868,19981.1,24.02,0.988,1108.5,464.0,10.93,5465.0,4.396,0.973,0,FALSE POSITIVE,4639868
5.80181368,4.119,269.6,4.52,0.967,35.3,1491.0,1168.82,6020.0,3.86,2.097,0,FALSE POSITIVE,10555375
15.6402515,6.222,800.3,18.11,1.167,19.3,640.0,39.55,5346.0,4.491,0.826,0,FALSE POSITIVE,4372768
0.691666384,1.9603,35.6,0.58,0.552,20.8,2031.0,4014.57,5687.0,4.408,0.943,0,FALSE POSITIVE,7375795
5.62154315,2.4143,172.3,1.37,0.742,35.3,992.0,229.04,5637.0,4.439,0.96,1,CONFIRMED,7211221
1.074106954,1.9797,64.5,0.52,0.122,48.5,1255.0,588.96,4699.0,4.637,0.676,0,FALSE POSITIVE,7025526
5.117401517,4.3056,62929.0,28.41,0.683,456.6,1130.0,385.51,6161.0,4.454,1.053,0,FALSE POSITIVE,9451127
4.20233673,3.6973,45982.0,23.53,0.004,258.8,1246.0,570.87,6185.0,4.396,1.094,0,FALSE POSITIVE,9446824
8.50698069,2.938,295.5,1.9,0.816,20.7,900.0,155.42,5822.0,4.428,0.986,1,CONFIRMED,11356260
15.60865244,6.26,311.4,6.17,0.985,46.9,1419.0,958.55,8014.0,3.94,2.43,0,FALSE POSITIVE,11044770
0.669310092,1.6274,131.8,1.13,0.157,75.3,1983.0,3643.96,5475.0,4.426,1.003,1,CONFIRMED,11600889
4.494498254,1.9742,248.2,62.11,1.149,39.3,1667.0,1824.84,5117.0,3.578,3.403,0,FALSE POSITIVE,11197126
44.9306706,6.539,438.4,2.49,0.481,33.8,565.0,24.17,6121.0,4.397,1.164,1,CONFIRMED,11043167
14.13175309,4.0136,1033.0,3.02,0.848,40.1,675.0,49.18,5616.0,4.564,0.822,1,CONFIRMED,8612847
1.061934816,3.2551,437.2,25.72,1.25,74.5,1660.0,1789.63,5730.0,4.545,0.87,0,FALSE POSITIVE,8552583
11.41926141,3.9908,915.6,1.48,0.242,58.0,419.0,7.32,3823.0,4.765,0.492,1,CONFIRMED,8547140
5.93821065,2.5128,522.5,61.63,1.646,33.6,996.0,231.93,6123.0,4.545,0.85,0,FALSE POSITIVE,8519253
0.655001616,1.8136,271.2,31.77,1.121,104.5,3162.0,23595.49,6426.0,3.965,2.089,0,FALSE POSITIVE,8757910
33.1996355,5.022,1112.5,2.85,0.017,32.6,485.0,13.09,5102.0,4.463,0.88,1,CONFIRMED,4072526
8.65306587,4.486,1048.1,19.78,1.222,43.0,633.0,37.94,4641.0,4.589,0.694,0,FALSE POSITIVE,4150539
19.30581662,4.2902,709.1,4.0,0.001,36.3,815.0,104.41,5661.0,4.09,1.522,1,CONFIRMED,4455231
3.221785738,3.3411,46379.0,25.03,0.777,336.4,1357.0,800.37,6250.0,4.411,1.041,0,FALSE POSITIVE,8953257
0.6243875,1.92102,36854.7,29.45,1.157,628.3,1639.0,1693.36,5211.0,4.644,0.618,0,FALSE POSITIVE,8971432
18.610092584,4.98308,50833.5,55.23,1.258,1309.3,686.0,52.24,6077.0,4.526,0.891,0,FALSE POSITIVE,9278553
13.22175358,2.7884,876.5,2.38,0.451,93.6,640.0,39.56,5211.0,4.556,0.799,1,CONFIRMED,9527915
1.137525054,2.68228,18006.1,42.74,1.238,633.1,1746.0,2197.52,5912.0,4.467,0.937,0,FALSE POSITIVE,9143254
23.799939273,5.02319,60186.4,51.74,1.137,2065.8,637.0,38.92,5934.0,4.473,0.957,0,FALSE POSITIVE,8949247
7.16893064,4.6766,112.8,1.61,0.573,36.3,1187.0,469.56,6221.0,4.198,1.458,1,CONFIRMED,11336883
1.22775877,2.7545,46148.0,48.79,1.111,292.7,1859.0,2809.86,6207.0,4.412,1.044,0,FALSE POSITIVE,12506351
40.24649897,6.0203,159414.0,97.54,0.877,420.9,768.0,82.27,6594.0,4.051,1.691,0,FALSE POSITIVE,7622486
2.27999662,5.7777,12831.0,20.74,0.739,366.8,2000.0,3775.07,6594.0,4.051,1.691,0,FALSE POSITIVE,7622486
2.48658617,2.7189,42122.0,24.39,0.079,91.6,1461.0,1077.69,5892.0,4.35,1.198,0,FALSE POSITIVE,9705459
5.729317577,1.1816,865.4,2.41,0.597,59.0,850.0,123.03,5320.0,4.589,0.786,1,CONFIRMED,8564587
11.776132317,2.8971,1430.8,2.08,0.54,163.5,446.0,9.37,3980.0,4.722,0.54,1,CONFIRMED,10925104
11.60908533,2.2603,489.3,1.71,0.03,34.1,671.0,48.06,5320.0,4.589,0.786,1,CONFIRMED,8564587
0.530967162,3.3659,244.9,23.72,1.167,125.5,2704.0,12644.75,6449.0,4.316,1.193,0,FALSE POSITIVE,8552498
40.05881661,5.595,1239.4,3.43,0.819,62.6,489.0,13.57,5668.0,4.545,0.868,1,CONFIRMED,8806072
6.09747233,3.431,217.6,2.22,0.012,17.4,1197.0,485.84,5661.0,4.09,1.522,1,CONFIRMED,4455231
56.637918,6.172,589.7,3.68,0.298,20.9,570.0,24.87,5661.0,4.09,1.522,1,CONFIRMED,4455231
2.243016513,2.721,299.6,1.37,0.737,59.1,1167.0,438.46,5462.0,4.614,0.732,0,FALSE POSITIVE,4285107
8.6531216,4.39,654.8,22.58,1.214,35.7,772.0,84.05,5421.0,4.564,0.852,0,FALSE POSITIVE,4150624
8.99088621,4.2447,469.7,2.78,0.77,93.6,960.0,200.35,5881.0,4.315,1.171,1,CONFIRMED,8972058
34.064566412,9.6114,28450.4,15.57,0.524,1305.9,570.0,25.0,6161.0,4.517,0.892,0,FALSE POSITIVE,9346253
4.350087749,2.6428,23593.0,24.77,0.986,192.2,1136.0,393.2,6060.0,4.495,0.953,0,FALSE POSITIVE,9002237
1.744101106,1.5497,9681.4,7.21,0.618,152.6,1016.0,251.54,4368.0,4.593,0.703,0,FALSE POSITIVE,9288786
7.981187121,1.8071,7609.5,18.75,1.036,202.1,966.0,205.88,6217.0,4.472,0.989,0,FALSE POSITIVE,8958035
4.118775582,3.76,2647.7,4.48,0.754,125.6,1067.0,306.75,5944.0,4.579,0.802,0,FALSE POSITIVE,9040849
0.971933156,1.9265,4786.0,50.75,1.42,223.1,1754.0,2240.48,5592.0,4.445,0.931,0,FALSE POSITIVE,7842610
121.5991278,15.1596,10537.0,379.63,5.011,297.0,358.0,3.87,6036.0,4.551,0.847,0,FALSE POSITIVE,7830637
7.886632468,5.2147,6331.2,8.99,0.048,392.3,996.0,232.07,5847.0,4.304,1.135,1,CONFIRMED,7832356
8.027681123,3.0942,8725.4,8.43,0.495,461.5,824.0,109.35,5569.0,4.546,0.887,1,CONFIRMED,9643874
704.962626,18.003,2319.1,4.53,0.8495,96.1,178.0,0.24,5305.0,4.489,0.818,1,CONFIRMED,8800954
50.28635977,6.3212,1119.3,3.88,0.018,99.5,543.0,20.59,5900.0,4.309,1.167,1,CONFIRMED,8583696
22.79020351,5.0394,617.9,2.57,0.036,47.7,634.0,38.27,5478.0,4.354,1.053,1,CONFIRMED,8804283
13.26079792,3.912,199.4,1.47,0.22,17.6,760.0,78.79,5478.0,4.354,1.053,1,CONFIRMED,8804283
1.061932545,2.1429,133.6,2.29,0.713,80.2,2508.0,9391.15,6134.0,3.975,1.851,0,FALSE POSITIVE,8552565
127.8334997,10.914,1829.9,9.46,0.416,76.9,554.0,22.21,6505.0,3.973,2.17,1,CONFIRMED,4155328
10.21864532,3.802,445.3,2.33,0.416,26.6,920.0,169.13,6100.0,4.376,1.083,1,CONFIRMED,4077526
15.573637,5.326,468.1,2.94,0.946,24.7,799.0,96.38,6100.0,4.376,1.083,1,CONFIRMED,4077526
40.1015561,5.246,550.0,2.92,0.868,19.0,583.0,27.31,6100.0,4.376,1.083,1,CONFIRMED,4077526
4.45814897,2.867,188.1,1.61,0.754,14.3,1212.0,511.6,6100.0,4.376,1.083,1,CONFIRMED,4077526
5.663621501,1.2968,1225.0,2.47,0.169,39.8,774.0,84.76,4917.0,4.601,0.723,0,FALSE POSITIVE,8937021
6.230335,1.6493,1449.2,3.7,0.808,31.6,875.0,138.33,5477.0,4.557,0.865,1,CONFIRMED,8935810
12.49340725,2.2614,715.7,2.2,0.594,76.2,649.0,42.08,5207.0,4.561,0.795,1,CONFIRMED,2441495
6.62643441,3.1752,814.6,2.54,0.111,40.6,895.0,151.59,5616.0,4.529,0.903,1,CONFIRMED,9455556
3.70122061,2.523,327.4,1.62,0.178,19.6,1087.0,330.02,5616.0,4.529,0.903,1,CONFIRMED,9455556
13.73474071,2.769,746.4,2.71,0.941,31.0,634.0,38.11,5196.0,4.524,0.772,1,CONFIRMED,3732821
14.55387488,6.973,319.7,3.45,0.955,26.8,939.0,183.48,6143.0,4.177,1.507,1,CONFIRMED,3962357
0.895277575,2.711,534.5,9.27,0.928,132.1,4253.0,77480.31,8040.0,3.707,3.325,0,FALSE POSITIVE,9110357
81.0637895,3.001,476.0,3.01,0.584,19.4,511.0,16.12,6198.0,4.237,1.324,1,CONFIRMED,8394721
24.8056775,6.148,624.4,2.16,0.007,39.4,588.0,28.22,5600.0,4.455,0.872,1,CONFIRMED,8609450
13.02493307,4.5706,778.4,2.88,0.004,119.3,786.0,90.1,5657.0,4.364,1.046,1,CONFIRMED,6541920
44.3471936,6.43,791.7,2.45,0.273,40.5,484.0,13.0,5600.0,4.455,0.872,1,CONFIRMED,8609450
9.2207691,4.907,140.0,1.02,0.037,13.2,817.0,105.63,5600.0,4.455,0.872,1,CONFIRMED,8609450
13.6396648,5.425,162.7,1.1,0.105,13.3,717.0,62.6,5600.0,4.455,0.872,1,CONFIRMED,8609450
1.922799706,1.8604,259.7,1.28,0.036,30.1,1215.0,514.44,5194.0,4.559,0.815,1,CONFIRMED,4243911
3.222975318,2.9247,232.7,1.47,0.33,31.3,1239.0,558.65,5823.0,4.427,0.96,1,CONFIRMED,4466677
4.16811839,2.8084,263.0,2.28,0.709,26.7,1277.0,628.73,5689.0,4.202,1.313,1,CONFIRMED,4135665
5.82348911,2.2441,888.7,3.0,0.877,38.1,955.0,196.33,5774.0,4.526,0.864,1,CONFIRMED,9269281
9.41475056,4.736,483.4,19.33,1.148,55.2,962.0,202.58,6406.0,4.436,1.033,0,FALSE POSITIVE,9157908
0.56669006,2.1674,104.6,1.52,0.7102,53.8,2955.0,18023.71,6899.0,4.273,1.386,0,FALSE POSITIVE,9030447
7.13969705,3.981,512.9,2.24,0.027,27.8,965.0,205.23,6014.0,4.486,0.993,1,CONFIRMED,9034103
18.75470238,3.0331,995.3,1.67,0.034,33.2,382.0,5.03,3976.0,4.721,0.54,1,CONFIRMED,9214942
3.00363219,3.732,101.2,1.43,0.727,38.5,1571.0,1441.44,6309.0,4.217,1.32,0,FALSE POSITIVE,3858704
11.30123036,4.022,277.1,1.85,0.117,18.5,852.0,124.42,5730.0,4.34,1.122,1,CONFIRMED,3749134
0.796722833,2.4551,107.1,1.44,0.601,43.9,2401.0,7844.64,5959.0,4.121,1.334,0,FALSE POSITIVE,3556220
4.24153629,2.971,188.1,1.44,0.257,18.0,1177.0,452.95,5776.0,4.34,1.047,1,CONFIRMED,3660924
17.32419108,8.045,241.3,3.14,0.764,49.1,964.0,204.1,5968.0,3.972,1.857,1,CONFIRMED,3939150
14.37457572,4.7892,335.8,1.94,0.035,55.2,779.0,87.24,5768.0,4.358,1.067,1,CONFIRMED,8628758
9.65188331,4.296,103.2,1.08,0.122,19.8,890.0,148.32,5768.0,4.358,1.067,1,CONFIRMED,8628758
6.0990118,3.6112,227.5,3.16,0.688,39.3,1374.0,842.53,5743.0,3.881,1.971,0,FALSE POSITIVE,8509361
49.4781446,2.493,496.6,1.88,0.048,20.4,462.0,10.73,5776.0,4.554,0.849,1,CONFIRMED,8742590
30.8639476,8.864,256.5,3.01,0.907,63.0,743.0,72.05,5977.0,4.08,1.571,1,CONFIRMED,8822366
2.403640701,1.4012,74.9,1.24,0.918,16.3,1489.0,1164.85,5881.0,4.315,1.171,1,CONFIRMED,8972058
2.90060781,2.563,124.8,1.58,0.47,20.6,1645.0,1727.31,6547.0,4.241,1.371,0,FALSE POSITIVE,4386059
4.51436096,3.0083,230.7,1.84,0.118,28.4,1231.0,543.73,5940.0,4.306,1.215,1,CONFIRMED,4650674
3.77359871,2.7282,176.0,1.29,0.0,25.6,1270.0,614.52,6224.0,4.404,0.969,1,CONFIRMED,4275721
8.18182189,2.4566,299.6,1.77,0.655,27.4,981.0,218.9,6224.0,4.404,0.969,1,CONFIRMED,4275721
13.32389352,3.2208,781.3,1.26,0.073,25.9,378.0,4.83,3751.0,4.813,0.45,1,CONFIRMED,8874090
4.919584997,4.1988,425.7,2.86,0.243,132.0,1312.0,702.13,6236.0,4.246,1.378,1,CONFIRMED,11666881
11.41911886,5.135,509.2,3.32,0.947,23.7,921.0,170.33,6311.0,4.398,1.172,1,CONFIRMED,9264949
11.36113254,4.1886,569.5,2.6,0.734,57.0,869.0,134.97,6244.0,4.46,1.009,1,CONFIRMED,9271752
1.3866358,4.77,70.1,0.72,0.3783,6.8,1503.0,1205.94,5693.0,4.551,0.856,0,FALSE POSITIVE,9007866
14.53410833,3.3094,510.6,1.36,0.766,32.5,420.0,7.34,3957.0,4.693,0.553,1,CONFIRMED,9150827
33.0063185,7.118,278.1,3.13,0.39,38.2,778.0,86.38,5968.0,3.972,1.857,1,CONFIRMED,3939150
11.13127159,4.2372,211.2,2.06,0.01,36.8,952.0,194.31,5800.0,4.202,1.435,1,CONFIRMED,3839488
3.47143963,3.663,99.8,1.19,0.719,27.5,1358.0,805.05,6341.0,4.409,1.111,0,FALSE POSITIVE,3542588
29.6193891,4.9595,314.7,1.74,0.046,42.5,580.0,26.79,5618.0,4.401,0.996,1,CONFIRMED,3442055
3.50376155,3.16,,,,,,,,,,0,FALSE POSITIVE,3440861
8.925079516,2.6766,977.5,2.36,0.74,135.8,628.0,36.89,4728.0,4.628,0.693,1,CONFIRMED,12252424
8.0922105,5.7696,65.3,1.44,0.951,37.5,1089.0,331.65,5774.0,4.106,1.395,1,CONFIRMED,8700771
3.117087797,3.06941,12152.1,88.51,1.255,441.7,1842.0,2725.12,6338.0,3.973,2.046,0,FALSE POSITIVE,10960993
22.687155,5.4921,960.0,3.2,0.023,122.8,653.0,42.95,5657.0,4.364,1.046,1,CONFIRMED,6541920
0.937406378,1.9515,5079.6,7.09,0.8735,138.9,1659.0,1790.11,5480.0,4.529,0.843,0,FALSE POSITIVE,10599397
0.668483615,2.0909,2899.8,29.53,1.269,161.2,1832.0,2642.17,5546.0,4.575,0.81,0,FALSE POSITIVE,10879208
4.429633087,3.0257,6120.1,32.12,1.264,166.3,950.0,192.62,5344.0,4.545,0.809,0,FALSE POSITIVE,10843203
1.544927524,1.0134,138.5,1.39,0.533,25.4,1824.0,2606.96,6309.0,4.34,1.132,0,FALSE POSITIVE,4570931
4.48758768,2.874,112.0,1.37,0.532,25.9,1305.0,684.07,6060.0,4.227,1.257,1,CONFIRMED,4136466
0.323021692,2.3442,47100.0,46.4,1.1083,520.6,2545.0,9913.7,5458.0,4.381,0.972,0,FALSE POSITIVE,7284688
4.70818628,3.278,56545.0,42.99,1.082,24.7,1046.0,282.41,5868.0,4.53,0.894,0,FALSE POSITIVE,7199774
14.405857436,5.48509,30430.6,23.42,0.001,2294.1,888.0,146.95,5945.0,4.196,1.346,0,FALSE POSITIVE,7037540
7.702374154,3.8459,18377.0,225.25,3.346,157.2,825.0,109.38,5598.0,4.565,0.83,0,FALSE POSITIVE,6866228
16.56062577,2.611,700.8,2.94,0.96,30.8,701.0,57.28,5818.0,4.436,0.855,1,CONFIRMED,9391208
15.74958583,4.6672,659.5,2.77,0.637,42.6,777.0,86.18,6191.0,4.454,1.025,1,CONFIRMED,9391506
37.8145252,9.109,412.5,3.04,0.845,57.9,626.0,36.25,5988.0,4.278,1.314,1,CONFIRMED,8950853
12.64504291,9.117,200.4,1.55,0.931,32.7,741.0,71.28,5607.0,4.447,0.886,1,CONFIRMED,9006449
21.5262958,8.392,190.0,1.36,0.804,23.4,621.0,35.03,5607.0,4.447,0.886,1,CONFIRMED,9006449
33.8845825,6.538,224.1,1.74,0.961,17.2,533.0,19.13,5607.0,4.447,0.886,1,CONFIRMED,9006449
6.40087137,2.5561,133.6,1.91,0.861,24.4,1109.0,357.44,5426.0,4.107,1.421,1,CONFIRMED,4043190
30.1599411,7.874,175.9,4.54,0.802,32.3,836.0,115.69,5010.0,3.62,3.051,1,CONFIRMED,3640905
51.0771048,11.233,141.5,3.66,0.498,24.1,702.0,57.28,5010.0,3.62,3.051,1,CONFIRMED,3640905
4.2856756,4.059,31.4,2.13,0.5445,8.3,1790.0,2429.13,5055.0,3.443,3.733,0,FALSE POSITIVE,4060815
7.388833611,5.62857,13063.5,10.66,0.799,1509.3,877.0,139.94,5845.0,4.558,0.838,0,FALSE POSITIVE,6613006
2.698021895,23.192,6721.2,52.51,1.3,647.1,1582.0,1481.76,6568.0,4.36,1.211,0,FALSE POSITIVE,6606653
117.93110803,5.8796,8506.6,10.36,0.615,212.5,418.0,7.2,6392.0,4.425,1.072,1,CONFIRMED,10790387
4.887806806,2.4078,4676.0,5.71,0.561,116.1,918.0,167.54,5284.0,4.523,0.812,0,FALSE POSITIVE,10748393
11.973605044,4.3117,3822.9,38.2,1.3,172.9,820.0,106.83,6146.0,4.497,0.943,0,FALSE POSITIVE,10874226
1.231364189,5.8574,1097.1,5.39,0.995,229.7,1707.0,2005.15,5897.0,4.429,0.891,0,FALSE POSITIVE,10661771
2.102416517,1.7684,1502.5,29.29,1.236,94.3,1435.0,1003.06,5999.0,4.494,0.959,0,FALSE POSITIVE,10924853
11.703109303,2.0467,4201.0,37.3,1.279,126.6,811.0,102.47,6014.0,4.494,0.958,0,FALSE POSITIVE,10874926
13.73808249,3.354,660.7,3.84,0.957,68.4,912.0,163.52,6375.0,4.292,1.178,0,FALSE POSITIVE,6631721
16.66216657,3.8762,27442.0,843.45,7.444,114.5,834.0,114.41,6440.0,4.38,1.169,0,FALSE POSITIVE,6847018
0.752159702,2.3621,3425.0,43.73,1.272,291.1,2224.0,5767.22,5916.0,4.296,1.175,0,FALSE POSITIVE,7220322
4.81886153,6.223,1318.6,2.96,0.924,86.3,803.0,98.29,5030.0,4.658,0.651,0,FALSE POSITIVE,6956233
125.86540191,9.0191,12389.5,12.37,0.101,544.7,394.0,5.71,5933.0,4.342,1.115,1,CONFIRMED,7303287
34.5439452,3.482,429.8,2.67,0.87,23.4,607.0,32.02,5933.0,4.342,1.115,1,CONFIRMED,7303287
10.74241765,6.0633,415.2,3.06,0.034,95.4,1008.0,243.94,5761.0,4.091,1.518,1,CONFIRMED,11512246
4.02378908,3.237,32.1,2.24,0.715,36.1,2504.0,9293.19,7516.0,3.651,3.685,0,FALSE POSITIVE,8916492
0.312941621,2.0646,35262.0,58.02,1.1789,413.9,3151.0,23300.36,6286.0,4.312,1.188,0,FALSE POSITIVE,11193447
2.495780169,4.2721,25070.0,15.75,0.133,171.4,1408.0,929.47,6039.0,4.426,0.992,1,CONFIRMED,11517719
8.428090255,1.881,11355.5,517.43,6.787,183.0,817.0,105.54,5761.0,4.573,0.805,0,FALSE POSITIVE,11599264
8.344104633,1.8014,9695.0,836.31,10.047,89.7,785.0,89.55,5447.0,4.559,0.838,0,FALSE POSITIVE,11100657
137.75960504,9.1713,83298.0,49.52,0.776,885.9,396.0,5.81,5323.0,4.085,1.452,0,FALSE POSITIVE,6621116
2.155278342,2.1064,20739.0,16.89,0.926,142.7,1272.0,620.67,5665.0,4.568,0.82,0,FALSE POSITIVE,6629332
3.661326482,2.5714,17846.0,12.07,0.812,424.6,1023.0,258.6,5319.0,4.501,0.798,0,FALSE POSITIVE,6387450
4.75400072,2.5394,748.7,2.0,0.672,141.4,775.0,85.23,4728.0,4.628,0.693,1,CONFIRMED,12252424
0.76973817,2.5,,,,,,,,,,0,FALSE POSITIVE,6432059
165.739861,24.9393,7343.4,57.54,0.263,527.8,692.0,54.1,5019.0,2.99,6.836,0,FALSE POSITIVE,6470149
9.08937826,6.255,779.8,5.35,0.982,72.7,1104.0,351.45,6739.0,4.332,1.275,0,FALSE POSITIVE,10549562
3.234699282,3.59385,10558.7,13.06,0.079,3003.8,1356.0,797.62,5640.0,4.236,1.291,1,CONFIRMED,10874614
31.99552485,4.2817,1376.1,4.12,0.69,128.0,582.0,27.17,5657.0,4.364,1.046,1,CONFIRMED,6541920
1.577800747,2.1626,697.7,31.24,1.332,79.6,1513.0,1236.23,6089.0,4.566,0.802,0,FALSE POSITIVE,10666230
2.380862632,4.20416,32634.0,21.65,0.664,2590.6,1480.0,1133.0,5821.0,4.297,1.129,0,FALSE POSITIVE,10971674
1.752567456,5.4993,607.3,26.56,1.218,92.2,1502.0,1202.54,5739.0,4.433,0.996,0,FALSE POSITIVE,6891543
51.92920654,5.2637,3425.8,8.49,0.398,81.8,574.0,25.6,5671.0,4.128,1.442,1,CONFIRMED,7211141
5.644914154,2.2599,1397.9,2.66,0.445,63.9,744.0,72.38,4769.0,4.622,0.714,1,CONFIRMED,7376983
3.105507835,1.7458,904.6,2.68,0.799,178.6,980.0,217.91,4989.0,4.585,0.791,1,CONFIRMED,5084942
1.336109338,1.7419,2204.3,35.19,1.28,150.0,1727.0,2106.49,6119.0,4.46,0.967,0,FALSE POSITIVE,11125936
5.841636615,1.8734,1336.3,1.38,0.026,41.1,446.0,9.38,3526.0,4.866,0.383,1,CONFIRMED,11497958
19.85029495,2.8407,1607.5,1.52,0.217,34.4,297.0,1.83,3526.0,4.866,0.383,1,CONFIRMED,11497958
15.27443889,6.0765,206.7,2.17,0.153,40.3,896.0,152.62,5761.0,4.091,1.518,1,CONFIRMED,11512246
22.34293693,7.0813,2691.1,2.92,0.001,35.3,399.0,6.01,4260.0,4.663,0.58,0,FALSE POSITIVE,6462874
119.40817159,9.3537,18563.3,16.26,0.915,508.4,328.0,2.72,5316.0,4.477,0.872,0,FALSE POSITIVE,6665223
1.171536413,1.5878,1132.7,7.12,0.973,67.0,2387.0,7673.2,7021.0,4.275,1.485,0,FALSE POSITIVE,6545358
0.973547911,2.2858,435.7,11.52,1.097,38.7,1814.0,2556.6,6084.0,4.542,0.863,0,FALSE POSITIVE,6390824
3.053563251,3.2551,508.4,21.79,1.208,50.4,1171.0,444.16,5764.0,4.548,0.863,0,FALSE POSITIVE,6546528
1.031096352,2.781,265.4,2.36,0.979,37.8,2020.0,3954.46,6371.0,4.426,1.072,0,FALSE POSITIVE,10676923
11.00817635,2.013,1462.5,2.15,0.025,42.1,488.0,13.39,4141.0,4.684,0.582,1,CONFIRMED,10604335
92.7495777,5.506,1105.1,1.87,0.019,18.0,240.0,0.78,4141.0,4.684,0.582,1,CONFIRMED,10604335
52.5008645,14.9066,946.7,12.41,0.11,116.2,812.0,102.94,4976.0,3.331,4.157,1,CONFIRMED,10864656
0.63133171,1.1487,434.5,1.2,0.726,95.8,1322.0,726.72,4441.0,4.71,0.53,1,CONFIRMED,10975146
12.69905011,2.9899,797.4,2.62,0.663,30.4,686.0,52.55,5291.0,4.489,0.882,1,CONFIRMED,10538176
8.74292005,2.6277,779.5,1.92,0.025,30.7,643.0,40.33,4769.0,4.622,0.714,1,CONFIRMED,7376983
3.64830183,1.9985,371.7,1.33,0.063,19.9,860.0,129.44,4769.0,4.622,0.714,1,CONFIRMED,7376983
2.345863002,1.6795,316.7,1.23,0.035,19.6,997.0,233.38,4769.0,4.622,0.714,1,CONFIRMED,7376983
37.1011418,5.5556,1357.5,3.19,0.41,55.2,532.0,18.95,5986.0,4.527,0.85,1,CONFIRMED,6946199
10.8644095,1.853,748.7,1.14,0.763,16.8,363.0,4.09,3526.0,4.866,0.383,1,CONFIRMED,11497958
124.4197175,3.7197,4107.0,10.3,0.017,39.9,416.0,7.07,5066.0,3.974,1.659,1,CONFIRMED,11177707
1.219568047,1.5681,494.9,1.51,0.067,65.9,1252.0,578.96,4838.0,4.625,0.701,1,CONFIRMED,11611600
2.05388477,2.1635,546.7,2.74,0.282,50.0,1523.0,1271.11,5632.0,4.282,1.176,1,CONFIRMED,11254382
38.86848956,6.0573,1004.9,2.81,0.028,73.4,509.0,15.89,5618.0,4.46,0.897,1,CONFIRMED,11122894
35.7353616,8.491,778.8,5.47,0.878,58.4,774.0,84.66,6366.0,4.045,1.697,1,CONFIRMED,6677841
12.30971679,6.74,396.0,3.82,0.847,45.9,1104.0,350.46,6366.0,4.045,1.697,1,CONFIRMED,6677841
54.4205407,8.559,598.0,3.2,0.9414,44.9,574.0,25.6,6781.0,4.422,1.067,1,CONFIRMED,6677841
30.00908916,3.15,,,,,,,,,,0,FALSE POSITIVE,9970525
14.32407216,4.6577,2053.9,38.86,1.292,58.0,782.0,88.38,6022.0,4.453,1.039,0,FALSE POSITIVE,6531491
27.07237655,6.9592,514.2,2.18,0.015,44.0,605.0,31.58,5936.0,4.501,0.965,1,CONFIRMED,6383821
37.5142128,5.303,935.0,2.68,0.366,28.9,478.0,12.38,5291.0,4.489,0.882,1,CONFIRMED,10538176
55.6391882,7.316,853.0,3.13,0.811,48.3,478.0,12.33,5949.0,4.493,0.962,1,CONFIRMED,10724369
46.6856205,6.3794,588.8,2.52,0.217,59.0,513.0,16.41,5657.0,4.364,1.046,1,CONFIRMED,6541920
4.59726613,2.909,313.0,1.69,0.033,17.0,1105.0,352.4,5999.0,4.494,0.959,1,CONFIRMED,10744335
9.97716876,5.908,252.9,2.53,0.002,21.8,1028.0,263.89,5557.0,4.037,1.616,1,CONFIRMED,4860678
3.02168007,2.8264,171.9,1.31,0.349,32.9,1332.0,744.35,6201.0,4.472,0.989,1,CONFIRMED,5177104
30.882538697,5.3737,24012.0,15.4,0.197,1266.2,593.0,29.12,6014.0,4.486,0.993,0,FALSE POSITIVE,7023960
72.4914068,3.612,1063.5,15.33,0.989,39.2,700.0,56.76,5754.0,3.639,2.758,0,FALSE POSITIVE,10033279
4.93913074,1.362,382.9,24.03,1.167,22.0,1182.0,461.47,5956.0,4.324,1.17,0,FALSE POSITIVE,5009189
2.240486703,1.3988,436.3,1.22,0.461,33.8,837.0,115.98,4198.0,4.689,0.574,1,CONFIRMED,8230616
105.0145774,7.426,296.0,2.29,0.954,33.9,406.0,6.44,5868.0,4.363,1.042,1,CONFIRMED,9836959
4.88084456,2.5574,343.0,1.55,0.227,32.6,879.0,141.0,4929.0,4.481,0.861,1,CONFIRMED,9838949
10.56137217,3.2645,238.4,2.43,0.963,21.7,867.0,133.56,5610.0,4.316,1.171,1,CONFIRMED,9895006
67.6690554,9.556,961.1,3.39,0.354,37.2,495.0,14.24,6127.0,4.356,1.08,1,CONFIRMED,9896558
3.949627144,1.5485,807.2,2.32,0.049,45.1,966.0,206.05,5155.0,4.523,0.836,1,CONFIRMED,9589323
16.00460392,3.9475,831.9,2.24,0.49,34.3,583.0,27.41,5180.0,4.597,0.769,1,CONFIRMED,9823487
3.55650737,8.545,293.6,3.05,0.01,77.1,1405.0,918.25,4951.0,3.876,1.843,0,FALSE POSITIVE,9602514
3.148661555,2.1978,550.5,2.15,0.652,35.3,1097.0,342.76,5258.0,4.458,0.873,1,CONFIRMED,9726659
0.70544824,2.9423,462.4,20.03,1.2,118.2,1868.0,2899.07,5717.0,4.564,0.826,0,FALSE POSITIVE,12108312
3.295701024,1.8268,1745.7,2.81,0.267,114.7,875.0,138.38,4723.0,4.628,0.691,1,CONFIRMED,5371776
9.65349016,2.9029,1308.6,2.41,0.149,63.1,611.0,32.98,4723.0,4.628,0.691,1,CONFIRMED,5371776
5.315954488,1.1165,965.9,2.33,0.718,37.7,746.0,73.19,4723.0,4.628,0.691,1,CONFIRMED,5371776
10.04556377,3.2027,671.4,2.19,0.075,66.5,766.0,81.61,5632.0,4.554,0.853,1,CONFIRMED,9573539
1.499144441,1.4259,258.9,1.09,0.331,22.2,1137.0,395.06,4723.0,4.628,0.691,1,CONFIRMED,5371776
5.082748362,1.7732,276.7,1.4,0.063,40.9,928.0,175.06,5430.0,4.555,0.858,1,CONFIRMED,9886661
5.00673576,1.9398,191.2,2.0,0.599,26.6,1324.0,726.94,6116.0,4.158,1.383,0,FALSE POSITIVE,5477805
9.17617167,4.2642,206.9,1.66,0.107,34.3,960.0,200.99,5903.0,4.3,1.156,1,CONFIRMED,10055126
19.7383992,4.894,168.1,1.61,0.732,20.3,744.0,72.32,5903.0,4.3,1.156,1,CONFIRMED,10055126
41.6980186,5.7047,440.8,2.03,0.002,43.4,537.0,19.61,5997.0,4.466,0.971,1,CONFIRMED,5009743
59.6585348,5.514,1043.8,3.59,0.956,21.2,393.0,5.66,5243.0,4.547,0.831,1,CONFIRMED,10015937
52.6298542,6.118,675.8,3.68,0.311,27.2,544.0,20.65,5339.0,4.096,1.433,1,CONFIRMED,10019065
10.290994129,4.28889,9655.7,13.43,0.049,1245.7,996.0,233.08,5803.0,4.134,1.373,1,CONFIRMED,7950644
14.8783945,7.491,322.8,1.63,0.749,22.9,692.0,54.19,5822.0,4.557,0.837,1,CONFIRMED,10080248
59.6222627,6.888,993.4,3.63,0.873,31.9,486.0,13.23,6108.0,4.471,0.997,1,CONFIRMED,10213902
4.9883873,9.059,507.6,3.28,0.944,42.4,1236.0,550.52,6418.0,4.395,1.171,0,FALSE POSITIVE,9842906
8.19596647,2.824,792.8,2.04,0.252,20.2,672.0,48.2,4723.0,4.557,0.747,1,CONFIRMED,11821363
15.59466045,5.0478,867.7,2.74,0.266,49.2,718.0,62.88,5900.0,4.5,0.929,1,CONFIRMED,7629518
56.35407916,3.4449,1037.0,2.59,0.835,59.4,352.0,3.63,4802.0,4.582,0.701,1,CONFIRMED,10810838
36.12895451,2.2348,3758.6,53.72,1.474,66.3,546.0,21.05,5921.0,4.484,0.912,0,FALSE POSITIVE,4828341
32.50456309,2.4657,7589.6,10.68,0.927,148.1,591.0,28.8,6132.0,4.479,0.947,0,FALSE POSITIVE,10019763
1.332560589,4.2427,566.6,1.4,0.009,108.8,1086.0,330.32,4489.0,4.662,0.609,0,FALSE POSITIVE,9899280
9.08590495,2.0718,2121.3,6.28,0.978,50.5,861.0,130.1,5931.0,4.479,0.866,0,FALSE POSITIVE,4940438
0.784512952,2.4623,586.0,25.48,1.234,44.4,1952.0,3432.93,5997.0,4.522,0.904,0,FALSE POSITIVE,5308663
0.883778461,1.6339,120.1,1.09,0.605,31.7,1934.0,3316.4,5975.0,4.453,0.949,0,FALSE POSITIVE,5474733
2.465024332,1.262,30.7,0.69,0.548,23.2,1561.0,1406.11,6139.0,4.291,1.194,1,CONFIRMED,10963065
15.86624787,4.25,77.3,1.31,0.858,28.4,879.0,141.18,6099.0,4.193,1.308,1,CONFIRMED,6268648
4.288515468,2.2959,3456.7,76.51,1.283,292.1,1722.0,2081.57,6378.0,3.878,2.002,0,FALSE POSITIVE,10125352
3.797018259,2.2608,14431.2,10.07,0.321,1549.0,982.0,219.64,5167.0,4.527,0.848,1,CONFIRMED,5357901
1.340596782,1.6484,107.5,1.16,0.007,37.6,1783.0,2393.35,5992.0,4.385,1.125,1,CONFIRMED,4278221
17.42393582,4.929,770.9,3.29,0.927,33.2,722.0,64.13,6018.0,4.46,0.969,1,CONFIRMED,10214162
9.8786461,1.8915,1472.7,1.6,0.019,49.2,393.0,5.65,3609.0,4.843,0.422,1,CONFIRMED,10905746
44.96407458,4.981,811.6,2.0,0.11,88.0,379.0,4.89,4827.0,4.615,0.729,1,CONFIRMED,8242434
49.7700907,10.065,3529.2,5.12,0.655,109.8,455.0,10.16,5774.0,4.567,0.818,1,CONFIRMED,6185331
12.7319385,4.4157,11449.0,70.11,1.278,69.9,1145.0,405.75,7238.0,4.221,1.568,0,FALSE POSITIVE,11820830
0.520222869,1.2216,269.5,1.52,0.562,28.9,2145.0,5038.49,5776.0,4.527,0.889,0,FALSE POSITIVE,11774387
5.83376197,3.9988,532.9,2.98,0.742,36.6,1143.0,403.49,6213.0,4.387,1.195,1,CONFIRMED,9636135
2.42150341,2.965,171.5,1.62,0.55,15.8,1532.0,1305.04,6213.0,4.387,1.195,1,CONFIRMED,9636135
14.16400071,4.3031,728.1,2.35,0.027,71.5,694.0,54.95,5440.0,4.438,0.885,1,CONFIRMED,7841925
6.20920207,2.637,101.9,0.89,0.272,12.1,914.0,164.98,5440.0,4.438,0.885,1,CONFIRMED,7841925
5.48711441,2.93,1328.6,3.24,0.812,51.9,836.0,115.29,5103.0,4.562,0.787,1,CONFIRMED,5219234
8.29084167,3.613,1033.9,3.21,0.929,34.7,728.0,66.47,5103.0,4.562,0.787,1,CONFIRMED,5219234
3.20539622,2.143,453.6,1.7,0.512,20.6,1000.0,236.11,5103.0,4.562,0.787,1,CONFIRMED,5219234
16.73869035,2.398,996.8,2.56,0.578,20.4,576.0,26.06,5103.0,4.562,0.787,1,CONFIRMED,5219234
5.093938816,3.93144,25026.7,17.19,0.618,1131.7,1137.0,395.38,6197.0,4.449,1.035,0,FALSE POSITIVE,12504988
13.93291548,2.6239,131.6,1.66,0.908,28.9,852.0,124.53,6026.0,4.321,1.207,1,CONFIRMED,9015738
2.36436762,3.372,28.4,0.82,0.146,12.4,1752.0,2228.09,6250.0,4.184,1.543,1,CONFIRMED,7215603
20.31047472,5.3357,164.6,2.41,0.05,46.1,931.0,177.81,6065.0,3.97,1.877,1,CONFIRMED,5561278
2.53475568,4.5716,463.0,2.02,0.878,51.3,1218.0,519.95,5662.0,4.532,0.806,1,CONFIRMED,6387542
43.3167427,4.995,987.5,2.42,0.034,27.1,459.0,10.47,5654.0,4.59,0.774,1,CONFIRMED,6869184
37.590298548,4.3855,19938.9,14.39,0.38,929.0,573.0,25.53,6147.0,4.463,1.003,0,FALSE POSITIVE,10799735
31.0033072,5.253,645.2,2.72,0.151,22.1,616.0,34.03,6090.0,4.447,1.071,1,CONFIRMED,6604328
3.351556891,2.4005,341.9,1.64,0.129,38.8,1074.0,314.73,5185.0,4.442,0.911,0,FALSE POSITIVE,9719634
2.617028373,2.046,499.4,1.57,0.146,30.8,996.0,233.23,4831.0,4.568,0.724,1,CONFIRMED,7439316
1.876406096,1.531,433.8,1.57,0.302,37.0,1192.0,476.68,5198.0,4.6,0.759,0,FALSE POSITIVE,12061238
6.71425632,3.339,283.5,5.76,0.965,46.5,1565.0,1416.6,6093.0,3.737,2.623,0,FALSE POSITIVE,8323753
150.2412582,10.849,2378.5,4.6,0.345,72.3,327.0,2.72,5604.0,4.451,0.943,1,CONFIRMED,12400538
53.44944498,5.3091,3437.0,5.82,0.092,119.5,486.0,13.23,5919.0,4.485,1.0,1,CONFIRMED,5184584
0.466743525,1.3956,796.1,20.43,1.186,103.6,2197.0,5480.92,5791.0,4.549,0.856,0,FALSE POSITIVE,5636648
1.727177258,2.081,347.4,1.42,0.676,17.1,1250.0,576.55,5394.0,4.622,0.72,0,FALSE POSITIVE,5564247
7.24022418,2.9153,864.9,2.14,0.507,48.2,716.0,62.1,4955.0,4.61,0.721,1,CONFIRMED,5438099
4.64622383,2.5137,446.5,1.82,0.88,28.2,830.0,112.18,4955.0,4.61,0.721,1,CONFIRMED,5438099
10.29674097,2.7292,1011.8,5.75,0.298,31.3,1129.0,384.86,6068.0,4.04,1.797,1,CONFIRMED,6543893
5.93919041,2.285,424.5,3.7,0.107,15.9,1357.0,801.92,6068.0,4.04,1.797,1,CONFIRMED,6543893
19.74733983,3.4444,480.7,2.62,0.595,47.1,754.0,76.57,6243.0,4.406,1.149,1,CONFIRMED,6975129
30.360445359,6.0134,21124.7,10.99,0.359,1126.2,459.0,10.47,4939.0,4.541,0.765,1,CONFIRMED,11391018
4.4096675,2.1418,132.7,1.51,0.814,26.4,1192.0,476.94,5836.0,4.347,1.166,1,CONFIRMED,8685497
4.16787814,2.2136,168.1,1.07,0.168,32.9,962.0,202.48,5251.0,4.541,0.847,1,CONFIRMED,4365645
11.79161234,3.036,415.4,2.41,0.034,20.7,857.0,127.75,5619.0,4.264,1.199,1,CONFIRMED,8197343
20.55848388,1.449,677.3,36.9,1.334,20.8,624.0,35.76,5578.0,4.484,0.936,0,FALSE POSITIVE,7032421
26.964501,3.792,601.7,2.2,0.006,20.1,573.0,25.56,5754.0,4.534,0.905,1,CONFIRMED,6786348
7.76845639,3.689,217.8,1.35,0.353,23.6,841.0,118.09,5447.0,4.481,0.917,1,CONFIRMED,6209677
2.178154348,3.4874,428.6,22.22,1.21,93.0,1392.0,886.88,5947.0,4.482,0.881,0,FALSE POSITIVE,9641018
5.03257009,4.213,439.1,2.53,0.97,26.3,1047.0,283.49,5970.0,4.521,0.908,1,CONFIRMED,9813499
40.4286676,7.102,916.1,2.92,0.872,40.9,494.0,14.08,5813.0,4.561,0.833,1,CONFIRMED,12254792
21.3588236,5.823,640.1,2.52,0.092,33.2,691.0,53.89,6170.0,4.472,0.992,1,CONFIRMED,12020218
22.0459163,5.22,804.8,3.05,0.837,29.7,640.0,39.69,5900.0,4.509,0.951,1,CONFIRMED,7690844
49.6456235,23.568,857.5,43.41,1.236,176.5,648.0,41.57,6273.0,4.129,1.493,0,FALSE POSITIVE,9535080
17.32670445,4.269,800.0,2.23,0.756,34.8,535.0,19.38,4955.0,4.61,0.721,1,CONFIRMED,5438099
44.8411168,5.902,1051.6,2.75,0.864,28.9,390.0,5.45,4955.0,4.61,0.721,1,CONFIRMED,5438099
1.008917105,1.4577,338.5,1.51,0.545,34.2,1636.0,1698.88,5708.0,4.578,0.795,0,FALSE POSITIVE,5210475
13.75207851,2.8831,1215.6,2.81,0.836,36.8,556.0,22.57,4802.0,4.616,0.699,1,CONFIRMED,8009350
6.33855946,3.4617,721.7,3.31,0.907,57.4,1034.0,270.47,6108.0,4.466,1.03,1,CONFIRMED,8082001
4.59489816,3.1381,109.7,1.85,0.953,27.7,1319.0,716.65,6056.0,4.217,1.381,1,CONFIRMED,9277896
32.2964275,4.561,472.2,1.9,0.207,17.9,503.0,15.14,5246.0,4.47,0.891,1,CONFIRMED,9401997
2.97041801,2.2369,530.7,1.7,0.379,22.4,991.0,228.11,5068.0,4.608,0.743,1,CONFIRMED,10686864
6.814984472,3.05409,23915.3,14.18,0.793,742.2,836.0,115.58,5465.0,4.566,0.817,0,FALSE POSITIVE,8043714
63.9354965,13.321,1250.6,2637.6,1.2,57.6,2590.0,10631.01,3626.0,0.684,97.41,0,FALSE POSITIVE,7918217
7.891448838,4.2854,10344.6,12.63,0.306,1955.1,1028.0,263.54,5972.0,4.313,1.237,1,CONFIRMED,9631995
2.578852119,2.3581,334.3,1.63,0.625,36.7,1230.0,540.56,5743.0,4.553,0.853,1,CONFIRMED,7901948
9.04189129,2.789,783.4,3.24,0.967,34.5,729.0,66.83,5237.0,4.572,0.826,0,FALSE POSITIVE,11955499
30.22910274,6.6751,443.4,3.49,0.77,71.7,755.0,76.88,6325.0,4.188,1.518,1,CONFIRMED,6442377
0.798200403,1.8261,396.8,24.03,1.193,65.9,2128.0,4875.01,6258.0,4.449,1.031,0,FALSE POSITIVE,9784222
3.479425638,3.4479,19550.0,12.86,0.612,123.3,1166.0,435.85,5907.0,4.519,0.878,0,FALSE POSITIVE,5376836
2.92878704,4.634,549.4,22.76,1.212,47.7,1239.0,556.77,5955.0,4.534,0.883,0,FALSE POSITIVE,5557821
9.80321143,4.4617,813.4,2.99,0.663,53.1,896.0,152.12,6170.0,4.472,0.992,1,CONFIRMED,10004519
24.81097206,3.2245,2090.8,4.22,0.039,123.9,631.0,37.43,6086.0,4.511,0.921,1,CONFIRMED,5031857
4.8538404,3.198,196.4,1.72,0.943,15.4,1052.0,288.7,5778.0,4.483,0.968,1,CONFIRMED,10879038
11.04605365,4.799,308.3,1.8,0.064,24.3,869.0,134.66,6093.0,4.429,1.025,1,CONFIRMED,10990917
2.621706694,1.941,4572.0,34.68,1.279,24.3,1288.0,648.75,5749.0,4.436,0.881,0,FALSE POSITIVE,11043136
3.72020708,1.892,156.9,0.99,0.341,15.0,954.0,195.7,5017.0,4.516,0.797,1,CONFIRMED,11046025
12.264867364,4.7366,11310.9,28.29,0.818,560.2,1077.0,317.89,5372.0,3.81,2.344,0,FALSE POSITIVE,5771719
8.689301216,2.563,1117.0,2.92,0.029,70.9,782.0,88.24,5211.0,4.447,0.895,1,CONFIRMED,9729691
20.99757968,2.454,1131.8,2.97,0.277,44.7,582.0,27.2,5211.0,4.447,0.895,1,CONFIRMED,9729691
0.979442525,1.0348,469.3,1.64,0.388,27.0,1567.0,1420.01,5532.0,4.607,0.745,0,FALSE POSITIVE,4950232
3.120828136,2.1878,16456.0,14.16,0.784,113.5,1303.0,680.79,6122.0,4.471,0.996,1,CONFIRMED,10904857
15.13590453,2.236,255.7,2.57,0.46,19.8,933.0,179.16,6050.0,4.137,1.572,1,CONFIRMED,8651389
1.399326503,1.8305,206.4,1.0,0.009,22.7,1143.0,402.58,4502.0,4.572,0.728,0,FALSE POSITIVE,9520668
1.937029968,1.4727,312.3,0.87,0.105,42.8,802.0,97.94,4042.0,4.761,0.49,1,CONFIRMED,7871954
7.06117322,1.0406,481.7,1.23,0.845,27.2,521.0,17.41,4042.0,4.761,0.49,1,CONFIRMED,7871954
20.55331441,5.3136,678.3,3.19,0.795,40.6,749.0,74.49,6325.0,4.409,1.112,1,CONFIRMED,12418724
40.0686713,5.8875,970.9,3.1,0.029,62.0,560.0,23.27,6026.0,4.411,0.992,1,CONFIRMED,7456001
114.73658,12.0355,4850.0,12.28,0.595,230.6,476.0,12.13,5597.0,3.963,1.699,1,CONFIRMED,10028792
191.239133,16.942,1061.2,6.47,0.876,36.8,401.0,6.14,5597.0,3.963,1.699,1,CONFIRMED,10028792
24.3282251,6.158,1120.6,294.02,4.426,26.4,520.0,17.33,5286.0,4.59,0.78,0,FALSE POSITIVE,5553652
10.41572666,2.7719,825.3,3.01,0.682,69.3,797.0,95.64,5511.0,4.426,0.987,1,CONFIRMED,5299459
14.97031664,5.884,290.5,2.53,0.352,28.9,883.0,143.33,5726.0,4.123,1.483,1,CONFIRMED,11153121
32.2753853,8.622,223.9,2.31,0.608,17.9,683.0,51.5,5726.0,4.123,1.483,1,CONFIRMED,11153121
38.3262237,3.073,392.1,2.43,0.963,15.0,480.0,12.56,5229.0,4.441,0.903,1,CONFIRMED,11177543
4.04355245,1.965,416.2,1.75,0.984,21.2,613.0,33.34,3871.0,4.744,0.532,1,CONFIRMED,11337141
5.52418625,2.826,491.0,2.25,0.492,20.7,976.0,214.86,5334.0,4.372,1.004,1,CONFIRMED,3967760
8.77514782,3.176,351.9,1.91,0.504,12.7,837.0,115.84,5334.0,4.372,1.004,1,CONFIRMED,3967760
10.12742274,1.2762,933.5,3.8,0.696,19.5,969.0,208.77,6392.0,4.399,1.162,0,FALSE POSITIVE,4067336
0.870693883,1.2137,438.5,2.09,0.832,55.6,1876.0,2923.54,5985.0,4.519,0.883,0,FALSE POSITIVE,5387843
27.5071114,5.907,580.7,2.58,0.918,30.7,569.0,24.71,5783.0,4.539,0.88,1,CONFIRMED,7549209
5.1443645,2.703,310.7,1.55,0.031,20.2,923.0,171.63,5157.0,4.445,0.904,1,CONFIRMED,7663405
18.45848388,3.3703,535.3,2.5,0.832,41.5,632.0,37.81,5311.0,4.419,0.948,1,CONFIRMED,9765975
25.9421582,4.045,569.7,1.95,0.577,31.6,501.0,14.85,5167.0,4.585,0.796,1,CONFIRMED,9818462
21.06075303,5.2472,301.2,1.78,0.176,54.4,669.0,47.39,5706.0,4.382,1.034,1,CONFIRMED,6803202
13.08424286,3.0401,662.0,2.71,0.701,51.2,739.0,70.51,5511.0,4.426,0.987,1,CONFIRMED,5299459
2.684328541,2.69382,18136.5,12.73,0.076,2833.1,1265.0,603.57,5561.0,4.411,0.956,1,CONFIRMED,9651668
2.806243488,1.6271,599.6,1.41,0.043,22.4,771.0,83.53,4153.0,4.684,0.581,1,CONFIRMED,12506770
2.27190723,5.383,149.0,1.12,0.719,36.8,1318.0,714.27,5788.0,4.506,0.856,0,FALSE POSITIVE,5629985
7.132351753,2.9674,744.1,49.34,1.206,91.2,1579.0,1466.12,7530.0,4.08,1.93,0,FALSE POSITIVE,9898364
6.53194024,3.3351,771.9,3.09,0.83,39.6,907.0,159.66,5301.0,4.391,0.977,1,CONFIRMED,11337372
51.3011844,5.359,498.9,2.07,0.003,19.6,492.0,13.86,6032.0,4.508,0.929,1,CONFIRMED,11337833
1.097211085,1.6738,38946.0,16.07,1.145,83.5,740.0,71.01,3497.0,4.92,0.334,0,FALSE POSITIVE,11546211
0.938466959,1.3015,217.4,1.58,0.054,54.4,1876.0,2919.17,5499.0,4.323,1.087,1,CONFIRMED,11547505
3.217518511,2.11481,14319.4,11.38,0.638,1287.4,1185.0,464.73,5720.0,4.473,0.903,1,CONFIRMED,11502867
4.66271902,2.757,1630.6,3.86,0.485,28.2,1039.0,274.98,5729.0,4.514,0.939,1,CONFIRMED,9909735
11.8150174,2.834,1003.0,3.48,0.875,10.5,762.0,79.66,5729.0,4.514,0.939,1,CONFIRMED,9909735
7.834433676,2.89,2018.1,3.47,0.714,246.6,689.0,53.33,4920.0,4.62,0.72,1,CONFIRMED,11551692
3.005156911,2.0747,691.6,2.2,0.844,115.1,949.0,191.27,4920.0,4.62,0.72,1,CONFIRMED,11551692
33.3856176,5.0361,553.2,2.48,0.562,37.1,580.0,26.73,5833.0,4.407,1.022,1,CONFIRMED,12266636
8.48039789,6.249,259.7,1.71,0.486,22.7,866.0,132.85,5401.0,4.364,1.05,0,FALSE POSITIVE,9850893
1.333395306,1.188,114.5,0.86,0.151,11.5,1390.0,880.53,5199.0,4.527,0.811,0,FALSE POSITIVE,4826110
7.71467686,4.5871,233.9,4.65,0.899,33.3,1622.0,1636.72,6900.0,3.843,2.599,1,CONFIRMED,7869917
4.4444826,3.686,163.0,1.71,0.941,18.0,1217.0,518.45,6240.0,4.426,1.079,1,CONFIRMED,9824805
21.3781146,19.359,556.1,3.18,0.906,35.4,727.0,65.94,6218.0,4.417,1.131,0,FALSE POSITIVE,5193400
29.5422566,13.902,879.9,3.15,0.959,39.5,515.0,16.56,5510.0,4.572,0.803,1,CONFIRMED,7939330
144.551628,16.599,1035.2,3.06,0.887,27.1,303.0,1.99,5510.0,4.572,0.803,1,CONFIRMED,7939330
8.04727721,5.159,486.0,2.33,0.937,36.1,855.0,126.56,5840.0,4.553,0.849,1,CONFIRMED,12602568
5.87063416,2.5736,505.6,1.44,0.642,23.2,616.0,33.99,4166.0,4.66,0.612,1,CONFIRMED,9941066
15.358767771,4.1223,14638.1,10.89,0.487,812.6,662.0,45.46,5422.0,4.484,0.887,1,CONFIRMED,5972334
29.5390897,4.139,403.3,2.51,0.213,18.8,714.0,61.49,6572.0,4.365,1.238,1,CONFIRMED,4650733
0.94773253,1.7645,11306.0,45.58,1.186,103.9,2321.0,6862.81,6302.0,4.183,1.269,0,FALSE POSITIVE,4832197
0.784031658,0.7773,352.2,1.55,0.102,28.2,1705.0,1995.65,5435.0,4.578,0.824,0,FALSE POSITIVE,4844004
13.07141889,3.0946,251.1,2.47,0.751,32.0,964.0,203.87,6122.0,4.173,1.439,1,CONFIRMED,7831264
0.692015479,1.1315,4518.1,19.31,1.267,163.4,1057.0,294.34,3752.0,4.747,0.497,0,FALSE POSITIVE,9761199
17.0421346,7.507,3616.7,5.14,0.784,108.9,594.0,29.47,5367.0,4.59,0.773,0,FALSE POSITIVE,7751571
7.94671044,2.8419,6084.4,27.43,1.255,165.3,673.0,48.5,4859.0,4.626,0.702,0,FALSE POSITIVE,9579499
3.74781242,5.241,5367.0,38.04,1.258,44.8,1172.0,446.47,5780.0,4.438,1.0,0,FALSE POSITIVE,11913013
3.989544192,1.591,190.0,0.93,0.085,26.2,903.0,157.1,5229.0,4.643,0.688,1,CONFIRMED,7691260
17.9776037,4.605,213.9,1.58,0.721,23.3,752.0,75.61,6296.0,4.46,1.006,1,CONFIRMED,9821454
11.8693144,4.653,101.9,1.09,0.73,13.9,864.0,131.58,6296.0,4.46,1.006,1,CONFIRMED,9821454
12.98494603,3.4497,257.2,1.64,0.046,38.4,818.0,105.74,5948.0,4.384,1.025,1,CONFIRMED,11954842
7.300735516,5.78725,13051.7,13.32,0.446,1640.0,1086.0,328.98,6434.0,4.394,1.138,0,FALSE POSITIVE,7972785
19.17893976,5.144,752.8,2.4,0.004,34.3,640.0,39.65,5767.0,4.538,0.881,1,CONFIRMED,5470739
6.99130452,2.1568,555.4,1.95,0.74,36.3,716.0,62.05,4847.0,4.606,0.761,1,CONFIRMED,10022908
3.517494725,1.5639,532.8,1.42,0.742,52.6,704.0,58.08,4132.0,4.699,0.564,1,CONFIRMED,5617854
6.93365167,4.608,119.6,1.7,0.904,20.1,1104.0,351.27,5861.0,4.212,1.304,1,CONFIRMED,4932442
61.0373591,8.378,437.5,3.38,0.071,40.2,610.0,32.74,6309.0,4.154,1.614,1,CONFIRMED,5183357
33.8677783,3.72,894.8,2.31,0.787,23.8,394.0,5.69,4564.0,4.593,0.691,1,CONFIRMED,5269467
1064.2680956,11.5521,22771.7,33.63,0.447,1171.2,281.0,1.47,6340.0,3.833,2.173,0,FALSE POSITIVE,7672940
2.113202658,3.5234,2104.8,207.71,3.178,97.2,1281.0,635.47,5482.0,4.502,0.858,0,FALSE POSITIVE,7838655
1.157808038,3.6705,866.7,22.9,1.203,78.8,1579.0,1472.38,5566.0,4.532,0.886,0,FALSE POSITIVE,7770450
6.14281498,4.624,122.0,1.82,0.67,36.0,1355.0,796.26,6495.0,4.128,1.554,0,FALSE POSITIVE,11455491
5.69919592,2.3906,159.4,1.16,0.007,35.3,964.0,204.18,5646.0,4.493,0.932,1,CONFIRMED,11764462
18.11473813,5.2706,241.5,2.49,0.896,51.3,830.0,112.43,6109.0,4.247,1.36,1,CONFIRMED,11656246
6.24145791,3.0998,163.7,1.6,0.029,30.8,1111.0,360.09,5810.0,4.25,1.259,1,CONFIRMED,7808587
20.4222447,6.22,189.3,1.78,0.059,34.7,785.0,89.74,6119.0,4.274,1.299,1,CONFIRMED,4741126
8.72585478,4.473,446.7,2.86,0.911,37.7,985.0,222.19,6036.0,4.326,1.131,1,CONFIRMED,5301750
12.88291395,5.676,460.5,3.15,0.962,33.6,865.0,132.23,6036.0,4.326,1.131,1,CONFIRMED,5301750
27.4345973,5.038,472.6,2.56,0.603,25.3,672.0,48.29,6036.0,4.326,1.131,1,CONFIRMED,5301750
4.22453631,3.128,159.1,1.6,0.823,16.7,1254.0,584.24,6036.0,4.326,1.131,1,CONFIRMED,5301750
44.5520266,6.0,362.1,2.29,0.689,16.7,572.0,25.3,6036.0,4.326,1.131,1,CONFIRMED,5301750
52.069002,3.0089,558.3,2.92,0.275,25.6,524.0,17.76,5565.0,4.251,1.246,1,CONFIRMED,5526717
2.418406841,2.0744,665.4,2.25,0.018,69.1,1226.0,535.84,5422.0,4.484,0.887,1,CONFIRMED,5972334
5.0825188,3.328,105.0,0.88,0.522,17.1,968.0,207.45,5706.0,4.561,0.834,0,FALSE POSITIVE,5530882
9.11500269,4.558,268.3,1.78,0.675,21.7,906.0,159.34,5962.0,4.431,1.028,1,CONFIRMED,6034945
8.48031942,7.297,1426.7,4.54,0.918,92.8,918.0,168.01,5951.0,4.439,0.991,0,FALSE POSITIVE,9851226
13.7223682,5.1231,571.1,2.23,0.009,97.9,746.0,73.16,5637.0,4.399,0.943,1,CONFIRMED,8692861
3.582076914,4.4228,1534.4,5.33,0.966,138.4,1265.0,604.27,6109.0,4.422,0.993,0,FALSE POSITIVE,7543649
15.43400996,4.2572,1785.9,4.3,0.707,59.7,721.0,63.79,5900.0,4.509,0.951,1,CONFIRMED,9480310
1.780984316,2.173,590.9,2.33,0.782,46.0,1397.0,899.03,5730.0,4.545,0.87,0,FALSE POSITIVE,11858748
7.63846084,3.957,71.7,1.12,0.405,16.6,1089.0,333.3,6119.0,4.274,1.299,1,CONFIRMED,4741126
70.6981724,6.632,357.7,1.63,0.026,37.7,417.0,7.11,5811.0,4.536,0.866,1,CONFIRMED,11669125
3.74443645,2.9191,73.3,1.1,0.169,25.4,1328.0,736.89,5876.0,4.269,1.293,1,CONFIRMED,12159249
10.581581895,6.66929,112642.0,53.19,0.202,1241.4,1098.0,342.98,6168.0,4.074,1.567,0,FALSE POSITIVE,9963461
2.819453322,4.4127,71867.0,29.8,0.532,202.0,1357.0,803.4,5767.0,4.33,1.074,0,FALSE POSITIVE,8081482
2.35574505,1.796,266.9,1.34,0.5,17.0,1093.0,338.4,4915.0,4.512,0.812,1,CONFIRMED,5542466
19.65639342,3.226,843.2,2.83,0.955,25.5,549.0,21.5,5288.0,4.613,0.74,1,CONFIRMED,10028140
62.81584402,2.6901,1688.4,57.62,1.31,54.6,582.0,27.14,6340.0,4.23,1.492,0,FALSE POSITIVE,6048024
70.468171,6.653,922.4,3.46,0.031,45.0,511.0,16.17,6461.0,4.396,1.131,1,CONFIRMED,6049190
56.86716792,4.23,,,,,,,,,,0,FALSE POSITIVE,6149553
3.93246069,2.1763,455.5,1.65,0.416,30.6,894.0,151.31,4841.0,4.533,0.779,1,CONFIRMED,6198999
0.921030497,2.6077,101.5,1.62,0.025,27.0,2362.0,7380.64,5843.0,4.069,1.615,1,CONFIRMED,6310636
5.960400011,2.8617,828.3,2.85,0.8,126.1,890.0,148.26,5418.0,4.534,0.886,1,CONFIRMED,6616218
85.3514875,6.7504,4674.7,6.31,0.052,142.8,390.0,5.44,5584.0,4.478,0.938,1,CONFIRMED,7761545
69.72646639,3.7177,4491.2,11.65,0.019,300.7,613.0,33.3,6430.0,4.107,1.731,1,CONFIRMED,12365184
1.609321941,1.6067,728.5,1.57,0.016,35.3,958.0,199.28,4224.0,4.662,0.603,1,CONFIRMED,4770365
9.51220046,2.9497,1169.4,1.99,0.133,31.9,530.0,18.66,4224.0,4.662,0.603,1,CONFIRMED,4770365
4.72941177,2.234,434.3,1.22,0.236,14.6,669.0,47.3,4224.0,4.662,0.603,1,CONFIRMED,4770365
4.887803076,2.36255,4315.8,4.82,0.054,862.3,800.0,96.67,4778.0,4.591,0.763,1,CONFIRMED,10748390
4.437962934,4.69813,16387.6,18.05,0.069,3535.6,1338.0,757.65,5953.0,4.175,1.415,1,CONFIRMED,11804465
20.74028645,10.3939,1023.3,4.24,0.431,155.3,798.0,95.68,6226.0,4.264,1.299,1,CONFIRMED,9663113
1.207852845,3.5802,49720.0,38.59,1.113,205.9,1539.0,1331.31,5601.0,4.533,0.797,0,FALSE POSITIVE,5649956
2.379282197,3.1729,48434.0,25.74,0.003,538.0,1571.0,1442.19,6392.0,4.399,1.162,0,FALSE POSITIVE,4840513
26.0692512,7.487,831.5,23.61,1.206,59.7,591.0,28.85,5585.0,4.409,0.91,0,FALSE POSITIVE,5217586
9.69501146,2.75,515.2,2.08,0.293,18.3,833.0,114.06,5896.0,4.516,0.914,1,CONFIRMED,5289854
15.3825394,3.815,550.5,2.14,0.015,18.4,714.0,61.61,5896.0,4.516,0.914,1,CONFIRMED,5289854
1.818939148,1.644,331.2,1.82,0.56,39.3,1549.0,1364.15,6153.0,4.487,0.962,0,FALSE POSITIVE,9895709
40.1097817,5.2096,732.0,3.11,0.016,40.3,556.0,22.65,5509.0,4.265,1.169,1,CONFIRMED,10006581
2.46106962,2.184,84.2,0.84,0.575,18.0,1195.0,483.09,5418.0,4.534,0.886,1,CONFIRMED,6616218
3.403743926,1.5017,815.9,10.77,1.075,59.5,1101.0,346.98,5596.0,4.533,0.853,0,FALSE POSITIVE,6696462
8.03753796,2.9118,286.5,1.54,0.821,31.1,744.0,72.44,5044.0,4.511,0.804,1,CONFIRMED,7220429
2.43902575,1.1598,82.5,2.61,0.483,20.5,2307.0,6700.04,6546.0,3.817,2.784,0,FALSE POSITIVE,7222086
56.3587987,6.927,2559.6,5.04,0.906,44.4,419.0,7.29,5446.0,4.525,0.821,1,CONFIRMED,12406749
242.467406,12.808,340.3,1.73,0.173,23.2,286.0,1.59,5637.0,4.399,0.943,1,CONFIRMED,8692861
76.13622222,7.9393,2949.5,4.78,0.044,339.4,399.0,6.01,5591.0,4.494,0.892,1,CONFIRMED,12403119
4.9883872,9.142,638.2,2.59,0.939,52.9,990.0,227.27,5819.0,4.565,0.823,0,FALSE POSITIVE,9842890
2.586878667,6.1614,25480.0,19.84,0.651,261.3,1666.0,1823.52,6812.0,4.343,1.172,0,FALSE POSITIVE,8113154
3.964333304,4.7136,25886.2,37.09,0.094,408.5,1680.0,1881.78,5758.0,3.808,2.318,0,FALSE POSITIVE,5270698
1.525924389,3.15998,24627.2,49.86,1.217,423.9,1722.0,2072.8,6203.0,4.427,1.06,0,FALSE POSITIVE,5024450
5.910371418,3.88962,17219.2,12.62,0.065,990.3,1053.0,290.83,6200.0,4.488,0.958,0,FALSE POSITIVE,5282049
5.92365747,2.6302,406.5,0.99,0.045,26.4,531.0,18.87,3883.0,4.762,0.496,1,CONFIRMED,10027323
105.3582299,3.81,1210.2,1.87,0.75,22.6,204.0,0.41,3883.0,4.762,0.496,1,CONFIRMED,10027323
3.24325988,3.03318,16450.9,12.91,0.117,1586.2,1243.0,563.17,5823.0,4.438,1.013,1,CONFIRMED,12019440
56.4758069,5.961,1091.8,3.22,0.862,70.0,417.0,7.14,5497.0,4.57,0.839,1,CONFIRMED,10004738
92.8747294,7.474,658.8,2.64,0.917,37.9,353.0,3.68,5497.0,4.57,0.839,1,CONFIRMED,10004738
1.538180949,1.2635,841.0,1.0,0.932,47.7,602.0,30.85,3364.0,4.978,0.274,1,CONFIRMED,7304449
10.4188915,3.0069,670.0,3.17,0.856,42.1,855.0,126.48,5692.0,4.36,1.064,1,CONFIRMED,7386827
20.4998763,6.501,437.8,2.8,0.943,21.1,731.0,67.67,6249.0,4.428,1.076,1,CONFIRMED,7522911
1.921437488,1.9046,278.7,1.77,0.919,56.7,1276.0,626.79,5238.0,4.472,0.851,1,CONFIRMED,7626370
96.109323,9.877,982.3,4.01,0.948,28.7,409.0,6.59,5792.0,4.375,1.005,1,CONFIRMED,7703955
20.38174802,3.7922,1597.1,3.16,0.295,46.8,528.0,18.36,4883.0,4.515,0.808,1,CONFIRMED,7512982
5.101375725,2.595,894.6,2.84,0.027,55.1,1050.0,287.28,5869.0,4.479,0.954,1,CONFIRMED,9597806
17.7940049,4.091,879.4,312.48,3.72,27.7,762.0,79.54,6273.0,4.442,1.044,0,FALSE POSITIVE,7812167
3.47021401,2.289,1105.2,2.4,0.076,8.3,933.0,179.02,4922.0,4.555,0.744,0,FALSE POSITIVE,11760959
2.139325409,2.8056,6897.8,11.61,1.019,164.4,1007.0,243.34,4765.0,4.642,0.666,0,FALSE POSITIVE,9940565
572.376632,24.42,1743.4,5.8,0.712,78.6,264.0,1.15,6226.0,4.264,1.299,1,CONFIRMED,9663113
2.233799622,3.04,2658.5,28.63,1.249,228.9,1287.0,650.73,5741.0,4.555,0.846,0,FALSE POSITIVE,8111381
31.13862664,5.2482,11427.0,12.88,0.889,163.7,582.0,27.22,5919.0,4.485,1.0,0,FALSE POSITIVE,5444549
13.93068791,2.312,186.5,1.4,0.912,14.9,665.0,46.19,5497.0,4.57,0.839,1,CONFIRMED,10004738
20.4074846,8.839,363.4,2.9,0.986,24.5,660.0,44.8,5823.0,4.472,0.972,1,CONFIRMED,5474613
12.36564669,3.644,388.4,24.89,1.22,22.8,804.0,98.51,6075.0,4.495,0.952,0,FALSE POSITIVE,4860932
10.35078415,6.253,273.1,1.97,0.79,36.5,842.0,119.01,5534.0,4.338,1.08,1,CONFIRMED,5438757
62.9224936,11.64,417.8,2.75,0.928,28.7,462.0,10.73,5534.0,4.338,1.08,1,CONFIRMED,5438757
38.6520796,5.607,566.5,2.07,0.038,24.8,487.0,13.28,5422.0,4.484,0.887,1,CONFIRMED,5972334
14.20442616,3.898,800.6,1.9,0.011,26.7,602.0,31.1,5350.0,4.647,0.678,1,CONFIRMED,7815744
55.673582,3.778,765.1,2.19,0.274,22.7,384.0,5.16,4998.0,4.53,0.808,1,CONFIRMED,7955580
6.82778157,2.3726,545.8,1.34,0.336,32.2,577.0,26.31,4198.0,4.689,0.574,1,CONFIRMED,8230616
0.687895191,2.4233,462.5,1.35,0.018,60.9,1391.0,888.72,4478.0,4.615,0.651,0,FALSE POSITIVE,9692345
127.2824442,7.1545,8088.6,12.04,0.827,148.1,392.0,5.61,5733.0,4.281,1.183,1,CONFIRMED,7898352
10.06083238,4.5718,460.2,2.58,0.672,86.4,899.0,154.16,5705.0,4.297,1.14,1,CONFIRMED,11402995
30.1837021,5.879,974.9,3.65,0.011,37.9,634.0,38.2,5733.0,4.281,1.183,1,CONFIRMED,7898352
2.92928244,6.794,268.6,38.42,1.14,39.2,2112.0,4706.45,6634.0,3.831,2.251,0,FALSE POSITIVE,12062667
52.75878505,6.6517,5805.8,8.76,0.344,265.4,540.0,20.08,6228.0,4.413,1.137,1,CONFIRMED,7951018
1.332564478,6.0325,1071.5,27.04,1.248,119.6,1618.0,1627.5,5995.0,4.536,0.878,0,FALSE POSITIVE,9899355
41.0772969,5.525,1216.8,3.25,0.03,28.8,523.0,17.74,5665.0,4.381,0.938,0,FALSE POSITIVE,12644774
135.9121619,5.628,10188.0,40.18,1.256,99.5,370.0,4.41,6141.0,4.468,0.959,0,FALSE POSITIVE,9902856
42.4729078,7.253,334.0,2.03,0.361,22.8,539.0,19.93,5616.0,4.327,1.111,1,CONFIRMED,7747425
15.17026921,4.3311,224.8,2.47,0.917,45.4,905.0,158.23,6297.0,4.26,1.369,1,CONFIRMED,9892816
39.4576228,9.557,244.8,2.8,0.967,41.6,658.0,44.26,6297.0,4.26,1.369,1,CONFIRMED,9892816
17.8159689,3.6765,776.8,3.12,0.911,22.5,699.0,56.48,5964.0,4.484,0.933,1,CONFIRMED,9836149
36.5157639,3.6577,861.3,2.55,0.787,34.7,425.0,7.71,4847.0,4.54,0.781,1,CONFIRMED,4813563
14.07969236,1.375,169.5,2.08,0.544,26.2,931.0,177.81,5821.0,4.097,1.547,1,CONFIRMED,2985767
16.54081386,2.5996,370.0,1.57,0.688,32.8,570.0,24.87,5064.0,4.572,0.769,1,CONFIRMED,2304320
3.609313059,1.7752,1375.1,3.26,0.408,35.0,1092.0,336.16,5668.0,4.545,0.868,1,CONFIRMED,3657758
1.93155546,1.614,504.9,2.25,0.861,8.6,1290.0,655.43,5461.0,4.552,0.858,1,CONFIRMED,9790806
8.41100305,2.4553,755.6,1.8,0.905,27.6,472.0,11.71,3757.0,4.718,0.539,1,CONFIRMED,6382217
13.52252364,3.987,690.6,2.11,0.216,22.4,652.0,42.82,5338.0,4.557,0.816,1,CONFIRMED,5375194
134.2520474,9.0636,832.1,3.43,0.001,57.2,393.0,5.63,5818.0,4.276,1.2,1,CONFIRMED,6468138
3.268695042,3.45188,10091.4,16.91,0.065,1429.9,1597.0,1539.0,5927.0,4.046,1.691,1,CONFIRMED,10019708
99.7468804,6.804,1287.0,3.94,0.828,45.6,391.0,5.55,5620.0,4.363,0.974,1,CONFIRMED,11875734
22.84156293,2.5997,2940.7,30.0,1.267,47.6,557.0,22.78,5381.0,4.538,0.826,0,FALSE POSITIVE,7697568
11.720123999,3.0039,9763.3,7.94,0.623,707.3,660.0,44.89,5215.0,4.564,0.77,1,CONFIRMED,7046804
4.33643506,4.1445,108.5,1.75,0.641,48.0,1453.0,1054.56,6180.0,4.133,1.603,1,CONFIRMED,7449136
15.95541913,3.9851,762.6,2.18,0.314,39.0,573.0,25.54,4891.0,4.516,0.805,1,CONFIRMED,8680979
8.25980352,2.928,298.4,1.35,0.161,18.3,714.0,61.43,4891.0,4.516,0.805,1,CONFIRMED,8680979
62.5613879,5.907,1372.6,3.54,0.842,35.0,417.0,7.13,5662.0,4.56,0.84,1,CONFIRMED,9030537
8.96847034,4.4073,234.3,2.17,0.558,38.2,1024.0,259.95,5808.0,4.185,1.374,1,CONFIRMED,6949061
1.907810683,1.8707,120.5,0.91,0.41,40.9,1268.0,609.28,5435.0,4.578,0.824,1,CONFIRMED,7269493
48.118812545,5.27958,69850.7,45.18,1.079,2145.1,490.0,13.6,6003.0,4.536,0.872,0,FALSE POSITIVE,9164836
2.514628496,1.6239,228.4,1.27,0.247,33.3,1217.0,517.89,5662.0,4.56,0.84,1,CONFIRMED,11657891
8.025118521,5.3694,3120.4,7.79,0.454,373.0,1093.0,336.73,6002.0,4.196,1.369,1,CONFIRMED,6305192
5.79529495,2.272,334.3,1.05,0.714,14.8,534.0,19.23,3757.0,4.718,0.539,1,CONFIRMED,6382217
73.7578875,2.69,1836.9,4.28,0.714,20.2,375.0,4.66,5029.0,4.429,0.93,1,CONFIRMED,9634821
8.30537702,3.751,365.6,1.69,0.489,28.5,809.0,101.43,5435.0,4.495,0.873,1,CONFIRMED,8950568
13.22714056,3.2861,812.0,2.22,0.013,51.8,638.0,39.1,5180.0,4.548,0.8,1,CONFIRMED,3326377
51.8098276,6.343,1025.4,2.6,0.273,56.8,410.0,6.71,5191.0,4.53,0.826,1,CONFIRMED,11601584
4.38536428,2.5126,198.5,1.15,0.335,25.9,935.0,180.22,5191.0,4.53,0.826,1,CONFIRMED,11601584
34.205785079,5.1691,183.2,1.1,0.319,11.6,471.0,11.67,5191.0,4.53,0.826,1,CONFIRMED,11601584
13.97945055,1.2325,356.1,1.97,0.924,17.1,635.0,38.44,5191.0,4.53,0.826,1,CONFIRMED,11601584
3.554856338,2.1004,232.9,1.29,0.331,40.8,1157.0,425.04,6068.0,4.565,0.831,1,CONFIRMED,8689793
5.28790754,8.5274,343.9,7.1,0.474,90.6,1661.0,1802.31,4994.0,3.433,3.818,1,CONFIRMED,11673802
8.45746636,2.2906,1320.3,1.87,0.209,21.8,540.0,20.08,4347.0,4.73,0.524,1,CONFIRMED,4263293
17.28116957,2.829,1562.8,2.04,0.206,20.3,425.0,7.75,4347.0,4.73,0.524,1,CONFIRMED,4263293
32.1340014,2.691,1262.0,1.84,0.256,11.8,346.0,3.39,4347.0,4.73,0.524,1,CONFIRMED,4263293
59.7711433,4.843,574.5,3.17,0.899,38.5,522.0,17.53,6214.0,4.382,1.122,1,CONFIRMED,5695524
4.417692516,2.323,279.2,1.57,0.971,35.1,790.0,92.16,4766.0,4.645,0.664,1,CONFIRMED,6205897
10.08744556,2.9884,568.1,3.15,0.921,39.9,942.0,186.14,6310.0,4.417,1.095,1,CONFIRMED,7948784
16.34355902,5.474,829.4,3.26,0.716,34.0,730.0,67.34,5730.0,4.394,1.056,1,CONFIRMED,9244756
21.96401646,2.7509,693.4,2.57,0.483,26.9,643.0,40.41,5774.0,4.447,0.958,1,CONFIRMED,9650808
125.602323,7.105,925.7,2.89,0.065,23.3,360.0,3.95,5774.0,4.447,0.958,1,CONFIRMED,9650808
12.51353325,4.301,430.8,1.88,0.596,30.0,706.0,58.69,5435.0,4.495,0.873,1,CONFIRMED,8950568
17.9134215,4.364,197.8,1.39,0.832,11.4,626.0,36.38,5435.0,4.495,0.873,1,CONFIRMED,8950568
25.2149143,5.76,174.1,1.19,0.599,9.9,559.0,23.05,5435.0,4.495,0.873,1,CONFIRMED,8950568
5.42586901,2.5342,259.0,1.48,0.1,26.1,973.0,211.66,5594.0,4.489,0.934,1,CONFIRMED,8804845
19.58561177,1.755,532.9,3.09,0.964,27.1,666.0,46.51,5618.0,4.401,0.996,1,CONFIRMED,10480915
4.544436472,1.8141,879.3,3.0,0.731,42.5,1017.0,253.48,5445.0,4.458,0.937,1,CONFIRMED,11709244
12.76220558,2.0688,653.8,3.18,0.955,17.4,721.0,63.86,5445.0,4.458,0.937,1,CONFIRMED,11709244
38.7149617,3.441,694.8,2.62,0.691,16.2,498.0,14.55,5445.0,4.458,0.937,1,CONFIRMED,11709244
8.78458274,6.459,210.8,2.6,0.681,25.9,1149.0,411.55,5927.0,4.046,1.691,0,FALSE POSITIVE,10019708
3.69298623,1.7744,763.3,1.74,0.775,33.9,745.0,72.66,4402.0,4.682,0.572,1,CONFIRMED,11853878
5.334082429,6.2226,4676.5,13.08,0.045,653.4,1495.0,1180.64,6332.0,4.016,1.905,1,CONFIRMED,5728139
6.4980147,2.4384,190.9,1.87,0.92,41.2,1026.0,262.18,5727.0,4.328,1.104,1,CONFIRMED,7668663
19.76169247,3.9097,392.5,2.81,0.924,35.3,791.0,92.38,6327.0,4.327,1.175,1,CONFIRMED,7047922
5.18498961,2.1397,430.1,1.15,0.021,36.4,652.0,42.62,4325.0,4.68,0.56,1,CONFIRMED,9353314
85.6542476,6.866,476.0,3.56,0.012,36.6,522.0,17.51,5818.0,4.065,1.647,1,CONFIRMED,3629967
19.32945602,3.794,935.5,2.26,0.009,26.8,529.0,18.57,5026.0,4.604,0.763,1,CONFIRMED,9347009
3.290114076,1.5151,645.3,1.49,0.203,30.3,802.0,97.96,4484.0,4.654,0.594,1,CONFIRMED,4917596
2.086075752,2.2647,3657.8,10.3,0.914,102.2,1845.0,2747.42,6131.0,4.071,1.417,0,FALSE POSITIVE,4743513
3.311864148,1.4049,5976.5,9.06,0.905,448.2,1116.0,365.94,5461.0,4.499,0.937,1,CONFIRMED,11046458
2.422084188,2.5613,1871.8,3.55,0.058,423.7,1213.0,511.66,5598.0,4.565,0.83,1,CONFIRMED,7132798
78.5461106,8.689,658.7,3.55,0.044,35.6,501.0,14.85,5808.0,4.172,1.397,1,CONFIRMED,3448130
16.92342126,4.1864,1125.3,3.4,0.515,40.8,702.0,57.37,5786.0,4.465,0.99,1,CONFIRMED,9656252
5.47665801,2.5482,648.0,2.01,0.788,32.1,741.0,71.0,4650.0,4.589,0.706,1,CONFIRMED,6026438
4.580346161,2.097,308.3,1.38,0.384,49.8,889.0,147.56,5103.0,4.558,0.789,1,CONFIRMED,9471268
2.248288213,2.0361,263.2,1.25,0.004,59.7,1127.0,380.75,5103.0,4.558,0.789,1,CONFIRMED,9471268
6.76690759,1.7062,249.3,1.31,0.648,29.7,781.0,87.79,5103.0,4.558,0.789,1,CONFIRMED,9471268
34.1732156,4.7679,635.0,2.37,0.815,38.9,465.0,11.09,5201.0,4.573,0.834,1,CONFIRMED,10657406
16.7364755,2.151,1147.0,2.73,0.9,9.9,464.0,10.99,4334.0,4.618,0.653,1,CONFIRMED,5526527
137.8645881,1.922,2363.0,15.9,1.265,28.2,170.0,0.2,3645.0,4.797,0.449,0,FALSE POSITIVE,5809954
12.43929428,3.176,254.3,1.3,0.663,24.9,627.0,36.57,4987.0,4.531,0.773,1,CONFIRMED,8766650
7.62635494,2.4168,296.1,1.21,0.237,32.5,703.0,57.89,4955.0,4.61,0.721,1,CONFIRMED,10328393
11.35010642,2.2792,1221.0,1.75,0.035,38.3,403.0,6.25,3597.0,4.734,0.514,1,CONFIRMED,7094486
109.4450597,3.792,1269.6,3.04,0.149,30.1,340.0,3.14,5403.0,4.5,0.868,1,CONFIRMED,7289577
7.56052209,3.8573,659.8,2.4,0.022,34.6,914.0,164.9,5895.0,4.503,0.94,1,CONFIRMED,8543100
12.12401737,3.3091,788.4,2.37,0.029,40.1,675.0,48.98,5094.0,4.469,0.87,1,CONFIRMED,2693736
9.38740646,1.6165,384.6,1.69,0.946,22.3,575.0,25.83,4500.0,4.656,0.646,1,CONFIRMED,9412760
7.41556471,1.973,150.4,0.79,0.434,11.8,622.0,35.37,4500.0,4.656,0.646,1,CONFIRMED,9412760
24.2101973,4.046,458.0,1.5,0.45,14.1,451.0,9.8,4650.0,4.589,0.706,1,CONFIRMED,6026438
23.8990075,15.955,293.4,3.26,0.153,61.5,823.0,108.3,5511.0,3.914,1.93,1,CONFIRMED,10663396
6.22161107,3.4117,165.0,1.59,0.838,29.0,1101.0,348.15,6277.0,4.417,1.097,1,CONFIRMED,11457726
6.17998508,2.1094,750.5,2.12,0.175,29.0,814.0,104.06,5149.0,4.551,0.791,1,CONFIRMED,8956206
1.569066598,2.7803,147.2,1.68,0.097,48.7,1849.0,2763.39,5821.0,4.172,1.395,1,CONFIRMED,9649706
9.59068586,3.452,544.6,3.93,0.359,40.0,1087.0,329.34,5476.0,3.904,1.673,1,CONFIRMED,5856571
7.03932913,3.514,836.7,4.67,0.956,48.6,1060.0,298.33,5846.0,4.278,1.24,1,CONFIRMED,7765528
49.6075771,2.9575,626.7,2.12,0.764,44.9,402.0,6.17,5187.0,4.592,0.774,1,CONFIRMED,11760231
16.84183355,2.6194,822.1,3.08,0.688,23.6,699.0,56.43,5602.0,4.404,1.009,1,CONFIRMED,7779077
7.340714946,2.9987,8510.5,14.31,0.568,856.3,1155.0,421.03,6056.0,4.191,1.498,1,CONFIRMED,6046540
12.55111099,3.1293,494.1,1.34,0.519,33.2,480.0,12.56,4213.0,4.669,0.598,1,CONFIRMED,5706966
3.003879547,3.2848,8538.0,10.96,0.338,80.8,1438.0,1011.87,6311.0,4.398,1.172,1,CONFIRMED,3762468
24.0884178,3.952,387.2,1.16,0.376,21.0,386.0,5.26,4213.0,4.669,0.598,1,CONFIRMED,5706966
12.75800092,4.1828,187.9,1.49,0.011,41.7,822.0,107.96,5782.0,4.34,1.095,1,CONFIRMED,10130039
5.47033376,3.1441,112.0,1.15,0.074,32.7,1090.0,334.27,5782.0,4.34,1.095,1,CONFIRMED,10130039
6.51112385,1.6919,695.1,3.09,0.882,38.4,1008.0,243.67,6032.0,4.465,1.001,1,CONFIRMED,9518318
23.85163321,2.4453,833.7,3.37,0.88,28.6,654.0,43.19,6032.0,4.465,1.001,1,CONFIRMED,9518318
2.714078374,1.3115,143.5,1.38,0.868,36.8,1301.0,675.86,5815.0,4.461,0.992,1,CONFIRMED,7273277
122.8799543,7.835,717.7,2.7,0.872,41.9,326.0,2.66,5413.0,4.51,0.861,1,CONFIRMED,11769890
4.88753111,2.034,679.6,2.45,0.147,17.4,1003.0,239.11,5568.0,4.499,0.957,1,CONFIRMED,6862721
6.14728341,2.7645,119.7,0.79,0.188,26.8,770.0,83.18,4997.0,4.598,0.746,1,CONFIRMED,12301181
2.800111267,1.0237,706.7,2.13,0.806,33.5,956.0,197.81,4786.0,4.579,0.704,1,CONFIRMED,9279354
34.3511339,4.4408,599.4,2.75,0.88,28.8,576.0,26.1,6091.0,4.487,0.967,1,CONFIRMED,6774880
3.413036353,2.61366,3868.7,6.62,0.046,480.7,1200.0,490.24,5392.0,4.314,1.087,1,CONFIRMED,3937519
3.00725068,4.4302,285.8,1.56,0.897,30.0,1122.0,373.99,5667.0,4.587,0.781,1,CONFIRMED,7449541
4.194496867,1.7807,660.7,1.57,0.863,45.0,577.0,26.2,3706.0,4.747,0.522,1,CONFIRMED,5080636
1.970340203,1.7901,403.2,3.97,0.859,56.3,1599.0,1540.07,4883.0,3.972,1.667,1,CONFIRMED,3338885
5.05821338,1.132,748.3,10.69,1.004,43.2,1168.0,439.8,4883.0,3.972,1.667,1,CONFIRMED,3338885
26.85323647,4.4557,965.8,2.65,0.01,53.3,544.0,20.77,5329.0,4.455,0.869,1,CONFIRMED,6776401
25.0985083,2.7727,167.6,1.59,0.814,21.3,656.0,43.84,5782.0,4.34,1.095,1,CONFIRMED,10130039
34.2685741,4.8251,699.3,2.44,0.677,38.2,477.0,12.2,5083.0,4.468,0.872,1,CONFIRMED,8226050
5.75321539,1.7948,733.8,3.14,0.921,31.8,920.0,169.44,5445.0,4.51,0.929,1,CONFIRMED,9965957
5.50860699,3.0788,203.9,1.49,0.879,38.2,934.0,179.62,5448.0,4.489,0.883,1,CONFIRMED,9704384
18.93055119,3.372,684.0,4.41,0.583,26.2,766.0,81.42,5015.0,3.987,1.643,1,CONFIRMED,8426567
42.94386258,3.7591,9207.9,41.62,1.285,273.0,520.0,17.26,5750.0,4.4,0.94,0,FALSE POSITIVE,12508335
22.06402,4.1,388.7,2.67,0.941,31.5,712.0,60.81,6232.0,4.432,1.09,1,CONFIRMED,10094670
5.756245244,1.071,623.6,2.24,0.888,45.5,773.0,84.16,4931.0,4.605,0.734,1,CONFIRMED,8142942
148.4601819,5.499,1532.1,3.61,0.808,33.7,285.0,1.56,5159.0,4.548,0.821,1,CONFIRMED,8257205
0.934885365,1.4083,270.4,3.21,0.731,57.8,2080.0,4435.29,4777.0,3.909,1.795,1,CONFIRMED,9044228
25.7626846,6.908,619.5,2.66,0.327,38.0,633.0,37.99,5739.0,4.381,1.069,1,CONFIRMED,7265298
11.0317836,4.753,182.3,1.45,0.405,14.1,840.0,117.67,5739.0,4.381,1.069,1,CONFIRMED,7265298
4.12511935,2.877,114.7,0.88,0.253,21.6,1016.0,252.18,5598.0,4.565,0.83,1,CONFIRMED,7132798
13.12162167,3.6138,196.9,1.99,0.807,32.7,913.0,164.48,6140.0,4.265,1.277,1,CONFIRMED,2307415
49.6220669,7.222,505.5,3.33,0.939,47.6,546.0,20.99,5938.0,4.331,1.184,1,CONFIRMED,7430034
8.08801663,1.8334,952.9,2.94,0.744,46.1,792.0,92.93,5269.0,4.494,0.874,1,CONFIRMED,9735426
11.55103848,3.3601,402.8,2.17,0.493,49.8,845.0,120.76,5907.0,4.395,1.058,1,CONFIRMED,8826168
4.469754641,1.813,553.9,2.26,0.494,37.1,1103.0,350.69,5988.0,4.507,0.934,1,CONFIRMED,10464050
15.77382794,4.957,313.6,2.72,0.035,30.4,955.0,196.14,6283.0,4.129,1.531,1,CONFIRMED,9763348
6.56226483,4.0144,260.8,3.07,0.643,41.2,1290.0,654.67,5878.0,4.005,1.812,1,CONFIRMED,9101496
20.67876365,4.6395,323.9,2.42,0.665,42.6,749.0,74.36,5865.0,4.266,1.272,1,CONFIRMED,6037581
50.79034648,10.8474,5671.1,10.6,0.058,508.8,612.0,33.12,6163.0,4.185,1.406,1,CONFIRMED,10723750
9.59993246,4.3206,271.2,2.08,0.063,52.0,967.0,206.91,5865.0,4.266,1.272,1,CONFIRMED,6037581
2.0248205,2.55,63.3,1.01,0.248,20.2,1625.0,1652.5,5865.0,4.266,1.272,1,CONFIRMED,6037581
201.118319,10.328,584.8,2.28,0.001,34.7,300.0,1.92,5646.0,4.447,0.954,1,CONFIRMED,10779233
24.7577652,6.998,458.7,2.44,0.896,37.6,644.0,40.74,6106.0,4.487,0.966,1,CONFIRMED,11614617
12.7983174,6.401,336.6,2.88,0.738,38.2,908.0,160.33,5592.0,4.115,1.451,1,CONFIRMED,11450414
10.13200555,3.1683,911.6,1.67,0.03,37.6,574.0,25.66,4777.0,4.689,0.561,1,CONFIRMED,4736569
38.505224,5.941,695.2,2.45,0.654,35.5,532.0,18.98,5974.0,4.504,0.881,1,CONFIRMED,10384798
4.6126736,3.0643,133.2,1.6,0.755,34.3,1294.0,663.8,6140.0,4.265,1.277,1,CONFIRMED,2307415
8.67890312,3.5317,540.6,2.56,0.203,37.4,905.0,158.43,5509.0,4.308,1.116,1,CONFIRMED,3128552
39.3135699,5.0137,500.1,2.07,0.006,33.8,540.0,20.04,6060.0,4.509,0.925,1,CONFIRMED,10134152
5.94565516,2.1604,401.2,1.12,0.229,28.5,568.0,24.71,3974.0,4.7,0.564,1,CONFIRMED,9573685
1.52373073,1.4796,364.7,1.26,0.942,34.1,818.0,105.95,3746.0,4.736,0.51,1,CONFIRMED,10329835
4.225384543,2.82038,7563.0,9.0,0.074,1457.8,1111.0,360.46,5574.0,4.403,1.054,1,CONFIRMED,6849046
60.0853848,7.007,432.2,2.4,0.79,51.7,485.0,13.07,6028.0,4.459,1.047,1,CONFIRMED,8804397
43.0343364,6.571,541.6,2.5,0.882,50.0,484.0,13.01,5550.0,4.476,0.911,1,CONFIRMED,9662811
88.6440015,7.82,625.5,2.51,0.724,57.6,391.0,5.51,5661.0,4.471,0.934,1,CONFIRMED,11297236
35.01190875,2.868,436.7,2.97,0.927,34.0,603.0,31.35,5872.0,4.332,1.153,1,CONFIRMED,10074466
16.57099265,2.9052,644.9,2.03,0.55,40.9,614.0,33.53,5483.0,4.589,0.779,1,CONFIRMED,8218379
16.00496657,6.5047,377.5,3.71,0.013,49.8,1040.0,276.53,6384.0,4.029,1.904,1,CONFIRMED,7755636
1.954525966,2.0944,392.8,2.38,0.673,43.1,1540.0,1331.18,5741.0,4.331,1.136,1,CONFIRMED,9411166
7.23400381,2.165,453.3,1.78,0.032,34.3,831.0,112.48,5411.0,4.523,0.85,1,CONFIRMED,4989057
6.77408984,2.6215,520.3,2.5,0.026,33.6,1058.0,295.82,6246.0,4.433,1.092,1,CONFIRMED,9834040
20.172024672,3.1488,5368.1,6.24,0.334,226.8,564.0,24.0,5064.0,4.474,0.864,1,CONFIRMED,6152974
26.41044199,3.0715,991.1,2.45,0.674,31.2,512.0,16.27,5448.0,4.613,0.734,1,CONFIRMED,8802693
8.27745764,2.713,197.2,2.46,0.261,17.3,1088.0,331.35,5129.0,3.884,1.781,1,CONFIRMED,6061773
14.37504582,3.208,251.1,2.05,0.927,15.7,786.0,90.16,5931.0,4.403,1.053,1,CONFIRMED,10024701
147.97391,6.854,1267.1,3.33,0.034,26.4,329.0,2.78,5578.0,4.44,0.95,1,CONFIRMED,3239671
13.24503482,4.4078,156.1,1.77,0.498,35.7,887.0,146.31,5636.0,4.147,1.39,1,CONFIRMED,9304101
77.2550726,10.214,589.5,3.7,0.837,44.0,548.0,21.37,6564.0,4.255,1.356,1,CONFIRMED,11360571
3.85690686,2.0808,127.8,0.93,0.466,24.3,972.0,210.44,5272.0,4.574,0.813,1,CONFIRMED,6035124
116.3311739,7.025,1586.3,3.26,0.032,31.5,323.0,2.59,5354.0,4.533,0.835,1,CONFIRMED,8160953
6.31943553,3.3422,581.1,2.71,0.775,61.0,986.0,223.15,5670.0,4.397,1.022,1,CONFIRMED,4157325
12.20951755,4.1808,538.1,2.61,0.779,45.5,791.0,92.68,5670.0,4.397,1.022,1,CONFIRMED,4157325
3.07644709,2.6326,216.7,1.61,0.708,29.3,1253.0,583.25,5670.0,4.397,1.022,1,CONFIRMED,4157325
2.11913005,4.141,28.7,1.35,0.67,21.5,2090.0,4512.1,5799.0,3.813,2.377,0,FALSE POSITIVE,5108214
68.958447,3.128,123.3,1.11,0.821,30.0,402.0,6.17,5455.0,4.497,0.888,1,CONFIRMED,9955598
18.79591276,7.5235,2431.4,7.39,0.695,282.3,852.0,124.64,6163.0,4.185,1.406,1,CONFIRMED,10723750
47.76397728,4.08,,,,,,,,,,0,FALSE POSITIVE,7219761
63.0380366,7.3702,658.7,2.59,0.021,53.1,465.0,11.1,5798.0,4.411,1.019,1,CONFIRMED,5770074
9.69315023,5.6725,141.8,1.89,0.734,45.1,1017.0,253.08,5683.0,4.108,1.472,1,CONFIRMED,10136549
8.48031229,7.105,351.1,2.58,0.951,37.3,952.0,193.86,5910.0,4.364,1.078,0,FALSE POSITIVE,9851271
56.1886436,6.5272,346.2,2.56,0.873,35.6,503.0,15.13,5700.0,4.327,1.176,1,CONFIRMED,12154526
6.92101452,4.3591,529.7,1.48,0.771,39.9,619.0,34.85,4461.0,4.661,0.585,1,CONFIRMED,6665512
3.27344784,1.7292,262.5,0.81,0.44,34.0,625.0,36.05,3758.0,4.769,0.496,1,CONFIRMED,10525027
15.3789014,4.662,185.1,2.94,0.359,17.6,1039.0,275.53,5817.0,3.877,2.153,1,CONFIRMED,11069176
134.4785189,5.9288,4033.5,10.52,0.924,149.9,412.0,6.81,5791.0,4.185,1.336,1,CONFIRMED,10005758
24.68662378,15.168,8052.3,48.04,0.643,210.9,1149.0,412.55,4648.0,2.996,5.132,0,FALSE POSITIVE,3128793
98.7179332,6.593,7320.0,6.99,0.588,124.4,360.0,3.97,5808.0,4.583,0.786,1,CONFIRMED,5864975
71.52543938,5.9189,5904.3,5.76,0.066,111.3,340.0,3.15,4855.0,4.542,0.778,1,CONFIRMED,2975770
1.72086129,2.0243,10184.5,13.25,0.725,1654.9,1647.0,1743.61,5742.0,4.297,1.215,1,CONFIRMED,7877496
56.4349933,4.7381,580.0,2.37,0.019,47.7,465.0,11.04,5534.0,4.381,1.001,1,CONFIRMED,7286173
33.7888028,5.496,649.2,2.71,0.078,36.0,611.0,33.01,6202.0,4.436,1.062,1,CONFIRMED,11126381
3.215109385,4.365,158.0,1.54,0.954,53.3,1155.0,421.21,5541.0,4.472,0.934,1,CONFIRMED,4149450
3.29276797,4.8069,80.7,1.39,0.663,40.8,1458.0,1068.95,5683.0,4.108,1.472,1,CONFIRMED,10136549
13.72710334,7.3419,199.2,2.38,0.025,62.5,1005.0,241.58,5951.0,4.017,1.693,1,CONFIRMED,5511081
24.3110031,8.7682,184.4,2.3,0.146,48.9,831.0,112.64,5951.0,4.017,1.693,1,CONFIRMED,5511081
44.4304059,10.306,238.5,2.61,0.025,50.5,680.0,50.42,5951.0,4.017,1.693,1,CONFIRMED,5511081
9.34145925,6.18,81.7,1.56,0.455,29.4,1143.0,403.44,5951.0,4.017,1.693,1,CONFIRMED,5511081
4.97760447,2.5719,287.3,1.75,0.474,27.5,1023.0,258.91,5353.0,4.358,1.023,1,CONFIRMED,10978763
21.1285655,3.852,176.7,2.88,0.36,12.5,935.0,180.55,5817.0,3.877,2.153,1,CONFIRMED,11069176
24.4851178,4.642,263.8,7.14,0.987,10.9,1179.0,456.64,6655.0,3.638,2.995,0,FALSE POSITIVE,8098728
7.51854537,2.845,286.7,1.42,0.13,19.4,784.0,89.41,5064.0,4.474,0.864,1,CONFIRMED,6152974
25.96190067,6.2732,350.3,3.25,0.02,37.5,850.0,123.11,6369.0,4.088,1.729,1,CONFIRMED,5631630
130.3543929,6.474,5128.7,7.7,0.675,103.7,369.0,4.36,5970.0,4.463,1.015,1,CONFIRMED,6504954
1.855557556,2.35672,10570.1,10.05,0.554,1853.8,1436.0,1004.89,5657.0,4.441,0.947,1,CONFIRMED,9410930
3.364425589,1.3261,4843.0,56.83,1.597,32.0,1106.0,352.97,5813.0,4.589,0.775,0,FALSE POSITIVE,6153672
16.78175788,3.7386,908.0,2.25,0.502,118.8,545.0,20.82,4925.0,4.588,0.742,1,CONFIRMED,10676014
105.3035093,6.214,1362.2,3.18,0.027,40.6,351.0,3.58,5534.0,4.515,0.875,1,CONFIRMED,9520838
2.549562652,1.6999,495.1,1.11,0.047,43.7,682.0,50.9,3716.0,4.74,0.506,1,CONFIRMED,8167996
13.96950181,1.5871,1110.0,2.04,0.901,37.0,387.0,5.29,3716.0,4.74,0.506,1,CONFIRMED,8167996
5.21230171,2.098,430.0,1.04,0.187,29.3,537.0,19.7,3716.0,4.74,0.506,1,CONFIRMED,8167996
17.76076524,1.6679,1287.2,1.93,0.627,42.6,368.0,4.34,3826.0,4.744,0.516,1,CONFIRMED,6773862
10.55840479,3.366,194.2,1.41,0.31,14.6,796.0,94.94,5353.0,4.358,1.023,1,CONFIRMED,10978763
6.98800953,3.103,193.2,1.39,0.024,17.1,914.0,164.86,5353.0,4.358,1.023,1,CONFIRMED,10978763
22.8245144,6.617,322.7,3.36,0.279,15.9,946.0,189.46,6642.0,4.057,1.846,1,CONFIRMED,5202905
49.1011093,6.341,845.6,3.28,0.52,39.7,498.0,14.57,5393.0,4.299,1.11,1,CONFIRMED,9072190
7.05675145,2.0261,130.0,1.68,0.631,25.2,1196.0,483.95,6388.0,4.244,1.402,1,CONFIRMED,5384079
34.8536903,5.333,767.7,2.4,0.493,27.0,522.0,17.62,5818.0,4.554,0.848,1,CONFIRMED,9839821
2.41434868,1.2701,191.0,0.97,0.221,30.0,953.0,195.08,4507.0,4.573,0.724,1,CONFIRMED,4056616
2.466070972,1.9559,704.5,24.3,1.223,42.6,1260.0,595.8,5708.0,4.529,0.884,0,FALSE POSITIVE,6707908
4.30656389,4.1107,257.0,1.95,0.894,39.8,1177.0,453.2,6108.0,4.466,1.03,1,CONFIRMED,8492026
12.964717746,1.8303,3732.9,39.93,1.282,183.3,834.0,114.24,6210.0,4.45,1.033,0,FALSE POSITIVE,6867766
1.731079436,1.8419,11974.0,56.05,1.404,36.2,1541.0,1332.5,6045.0,4.494,0.955,0,FALSE POSITIVE,6058614
7.794302043,1.1081,3387.4,16.51,1.06,159.2,882.0,142.82,5494.0,4.405,0.982,1,CONFIRMED,11017901
14.5324483,3.13,1355.9,3.11,0.001,16.5,664.0,46.06,5345.0,4.473,0.86,1,CONFIRMED,5088591
5.248667607,1.917,601.2,2.84,0.847,59.5,1056.0,293.42,5807.0,4.437,1.012,1,CONFIRMED,11298298
7.96431492,1.5342,746.0,2.44,0.189,44.3,805.0,99.42,5185.0,4.44,0.91,1,CONFIRMED,10187159
92.7297248,6.83,1257.5,2.81,0.857,43.3,276.0,1.38,4580.0,4.641,0.675,1,CONFIRMED,9758089
1.485710994,2.2874,20823.9,14.48,0.105,1176.6,1562.0,1404.81,5624.0,4.432,1.018,1,CONFIRMED,10619192
71.3116598,8.813,2138.0,4.94,0.035,43.4,475.0,12.01,6194.0,4.445,1.069,1,CONFIRMED,4939346
15.44428875,2.0791,3596.2,37.58,1.275,44.9,731.0,67.39,5895.0,4.489,0.991,0,FALSE POSITIVE,5396122
1.411230023,1.4325,388.2,1.71,0.851,89.3,1164.0,436.04,4575.0,4.564,0.737,1,CONFIRMED,10190777
96.9151707,6.065,862.8,2.37,0.541,53.4,325.0,2.64,5162.0,4.559,0.791,1,CONFIRMED,9651234
13.47472742,2.5995,729.6,1.96,0.025,25.3,634.0,38.21,5395.0,4.615,0.734,1,CONFIRMED,7045496
2.29503515,1.654,172.1,1.18,0.16,11.6,1304.0,681.51,5637.0,4.482,0.909,1,CONFIRMED,8750043
27.495634,4.858,483.3,2.11,0.664,24.7,590.0,28.66,5657.0,4.401,0.911,1,CONFIRMED,9973109
14.08826442,4.1847,889.4,2.66,0.133,34.2,724.0,64.97,5853.0,4.529,0.895,1,CONFIRMED,6226290
3.905081685,2.8213,21340.5,12.78,0.131,1315.8,1046.0,282.59,5543.0,4.54,0.887,1,CONFIRMED,9595827
110.9643706,12.831,1283.2,2.11,0.729,42.1,239.0,0.77,4441.0,4.695,0.546,1,CONFIRMED,9349482
6.94135824,1.8899,825.0,2.96,0.871,43.1,876.0,139.05,5527.0,4.491,0.88,1,CONFIRMED,4644952
17.276296682,3.94738,10458.0,7.31,0.085,871.4,538.0,19.88,4941.0,4.599,0.738,1,CONFIRMED,2987027
31.7821117,3.856,570.2,2.08,0.17,21.6,528.0,18.32,5527.0,4.491,0.88,1,CONFIRMED,4644952
4.36273233,2.2375,341.6,1.76,0.732,25.6,1023.0,258.7,5527.0,4.491,0.88,1,CONFIRMED,4644952
18.6848377,3.7965,1251.5,1.93,0.405,41.2,402.0,6.16,4156.0,4.712,0.545,1,CONFIRMED,8978528
7.41634701,2.1362,505.5,1.24,0.476,20.6,547.0,21.1,4156.0,4.712,0.545,1,CONFIRMED,8978528
9.91724268,3.2241,457.9,2.85,0.786,38.8,903.0,157.41,5539.0,4.244,1.207,1,CONFIRMED,9967771
82.5341188,4.8556,1895.4,2.45,0.033,40.1,260.0,1.08,4316.0,4.678,0.58,1,CONFIRMED,11622600
20.16037858,4.13,343.6,1.75,0.941,35.1,510.0,16.03,4975.0,4.614,0.724,1,CONFIRMED,10454632
10.99470891,1.5929,884.7,1.71,0.265,32.7,512.0,16.24,4302.0,4.661,0.586,1,CONFIRMED,10005788
1.194812329,1.3777,189.5,1.36,0.404,41.2,1806.0,2521.46,6198.0,4.475,0.97,0,FALSE POSITIVE,5213902
10.84969477,3.474,1122.1,2.67,0.55,43.5,676.0,49.3,5251.0,4.592,0.778,1,CONFIRMED,2832589
12.18420006,2.5014,499.3,2.59,0.746,23.3,819.0,106.52,5771.0,4.374,1.068,1,CONFIRMED,2438513
3.76417012,2.0111,558.4,1.7,0.287,27.2,908.0,160.99,5063.0,4.617,0.728,1,CONFIRMED,6356207
5.92972237,2.518,412.1,1.92,0.048,8.9,972.0,210.95,5741.0,4.492,0.956,1,CONFIRMED,8564674
12.2476121,3.209,402.7,1.9,0.116,6.8,763.0,80.29,5741.0,4.492,0.956,1,CONFIRMED,8564674
13.59051547,3.784,621.9,2.4,0.232,27.7,724.0,64.8,5442.0,4.409,0.974,1,CONFIRMED,8578780
46.8776724,10.041,539.8,2.62,0.834,37.5,484.0,13.01,5504.0,4.418,0.993,1,CONFIRMED,4544907
89.1935737,4.0104,868.3,3.81,0.015,43.5,483.0,12.83,6071.0,4.239,1.295,1,CONFIRMED,7761918
13.09390911,2.2805,398.7,2.2,0.86,62.2,752.0,75.58,5772.0,4.487,0.956,1,CONFIRMED,8240797
4.915385452,2.7757,225.5,1.46,0.484,65.6,1042.0,279.43,5772.0,4.487,0.956,1,CONFIRMED,8240797
87.455958,18.257,1604.9,70.11,1.262,118.9,728.0,66.26,7700.0,4.018,2.111,0,FALSE POSITIVE,8164262
0.805259257,1.42246,1384.3,63.55,1.245,329.7,2723.0,12990.09,5872.0,3.926,2.022,0,FALSE POSITIVE,6279974
9.76785911,2.1649,585.4,2.54,0.916,54.1,749.0,74.48,5371.0,4.513,0.852,1,CONFIRMED,9455325
40.80957343,3.158,436.1,3.44,0.949,39.3,623.0,35.68,6183.0,4.301,1.3,1,CONFIRMED,3098810
22.08551599,2.1727,3157.4,3.34,0.656,48.5,352.0,3.63,3828.0,4.712,0.565,1,CONFIRMED,8367644
1.151166776,1.0907,578.4,1.28,0.029,83.7,957.0,199.25,3951.0,4.73,0.535,1,CONFIRMED,10332883
4.693305543,5.17249,14522.9,17.85,0.23,1765.2,1389.0,881.73,6365.0,4.22,1.47,0,FALSE POSITIVE,9071386
3.246732048,3.0535,6998.2,12.4,0.475,775.0,1459.0,1072.7,5763.0,4.15,1.457,1,CONFIRMED,9305831
8.3606759,6.287,194.8,1.49,0.259,17.7,929.0,176.04,5771.0,4.374,1.068,0,FALSE POSITIVE,2438513
62.1385979,4.2938,886.3,5.14,0.699,36.1,524.0,17.88,5123.0,3.992,1.621,1,CONFIRMED,11656918
26.635216,5.949,1492.8,27.64,1.242,30.6,536.0,19.45,5215.0,4.455,0.882,0,FALSE POSITIVE,9536692
17.84850835,5.8919,391.2,3.29,0.849,43.5,888.0,146.82,6188.0,4.152,1.465,1,CONFIRMED,4636578
26.1363443,6.613,362.2,2.8,0.187,38.1,782.0,88.29,6188.0,4.152,1.465,1,CONFIRMED,4636578
11.1895709,5.3,143.3,1.81,0.541,19.9,1037.0,273.37,6188.0,4.152,1.465,1,CONFIRMED,4636578
2.757977384,2.1489,211.0,1.69,0.875,22.5,1332.0,744.97,5919.0,4.435,1.0,1,CONFIRMED,11923284
18.692860599,3.88584,51256.5,14.81,0.116,1281.9,528.0,18.4,5190.0,4.66,0.66,0,FALSE POSITIVE,9838975
14.80075082,5.762,501.4,17.38,0.367,54.0,1912.0,3158.09,6327.0,3.092,7.663,1,CONFIRMED,5621125
3.126861192,1.1926,794.6,5.12,0.603,94.6,1391.0,886.72,4854.0,3.939,1.749,1,CONFIRMED,9872283
87.24250316,4.1206,17860.5,15.86,0.884,335.2,390.0,5.49,5671.0,4.501,0.955,0,FALSE POSITIVE,10666242
16.87725775,3.7917,818.4,2.54,0.516,43.1,642.0,40.09,5497.0,4.512,0.872,1,CONFIRMED,7870032
12.05705659,2.3462,523.9,1.96,0.548,20.8,689.0,53.26,5365.0,4.537,0.834,1,CONFIRMED,9597058
28.26727385,4.5839,1160.2,2.93,0.01,42.1,517.0,16.84,5132.0,4.457,0.886,1,CONFIRMED,4035640
3.770590654,2.029,314.4,2.13,0.24,37.1,1272.0,619.65,5714.0,4.274,1.208,1,CONFIRMED,6205228
2.7073064,3.4378,69.5,1.36,0.007,31.7,1709.0,2012.12,6045.0,4.069,1.629,1,CONFIRMED,11758544
66.4159789,7.061,2053.2,3.44,0.371,33.6,376.0,4.71,5383.0,4.603,0.759,1,CONFIRMED,3118797
8.0103929,4.2713,294.1,1.88,0.045,34.6,940.0,184.38,5616.0,4.327,1.111,1,CONFIRMED,7747425
27.6666375,6.315,324.0,2.04,0.519,24.4,622.0,35.27,5616.0,4.327,1.111,1,CONFIRMED,7747425
5.19559398,3.748,116.0,1.18,0.054,16.0,1085.0,327.78,5616.0,4.327,1.111,1,CONFIRMED,7747425
57.2488518,6.083,1455.6,3.19,0.022,29.8,431.0,8.17,5642.0,4.542,0.846,1,CONFIRMED,7102316
37.0551726,5.439,1028.8,3.19,0.884,23.2,498.0,14.59,5642.0,4.542,0.846,1,CONFIRMED,7102316
16.33269981,2.174,300.4,1.61,0.893,17.5,591.0,28.76,5208.0,4.563,0.772,1,CONFIRMED,9489524
10.05550267,2.951,147.7,0.92,0.061,13.6,694.0,54.96,5208.0,4.563,0.772,1,CONFIRMED,9489524
9.30413878,1.9254,637.3,1.67,0.488,24.2,583.0,27.35,4458.0,4.611,0.658,1,CONFIRMED,5940165
4.33722007,2.4973,358.5,1.63,0.053,47.9,996.0,231.86,5390.0,4.499,0.876,1,CONFIRMED,8277797
1.653889476,1.7242,124.4,0.97,0.226,22.3,1373.0,838.03,5390.0,4.499,0.876,1,CONFIRMED,8277797
150.8783198,8.6797,659.9,4.37,0.022,70.6,423.0,7.56,5504.0,3.999,1.737,1,CONFIRMED,5124667
3.553831111,3.1029,191.8,1.62,0.74,77.4,1292.0,658.37,6015.0,4.37,1.081,1,CONFIRMED,2989404
1.6783263,2.5123,146.3,1.57,0.91,76.1,1659.0,1797.15,6015.0,4.37,1.081,1,CONFIRMED,2989404
5.65378163,1.9483,366.8,1.82,0.439,37.8,1020.0,256.14,5988.0,4.507,0.934,1,CONFIRMED,11413812
5.99185827,1.7215,186.3,2.75,0.905,32.1,1355.0,796.76,6157.0,4.049,1.695,1,CONFIRMED,9549648
120.0183551,11.637,886.0,4.54,0.58,46.1,473.0,11.84,6469.0,4.253,1.467,1,CONFIRMED,10063802
14.30517579,4.535,863.4,3.05,0.924,37.5,693.0,54.59,5741.0,4.555,0.846,1,CONFIRMED,11074178
9.18189122,4.343,363.6,2.17,0.971,18.2,804.0,98.61,5741.0,4.555,0.846,1,CONFIRMED,11074178
2.935362067,1.5043,1052.6,3.15,0.86,38.0,1022.0,258.48,4922.0,4.505,0.823,1,CONFIRMED,5942808
13.53953595,4.389,134.2,2.32,0.219,21.8,1079.0,320.19,6109.0,3.985,1.997,1,CONFIRMED,6206214
22.7082375,3.503,298.8,1.72,0.032,22.0,677.0,49.67,6170.0,4.472,0.992,1,CONFIRMED,8959839
7.97033985,2.6675,490.8,1.81,0.107,23.5,839.0,116.77,5774.0,4.567,0.818,1,CONFIRMED,7672097
5.33459393,2.642,226.3,0.79,0.158,14.7,627.0,36.55,4275.0,4.704,0.533,0,FALSE POSITIVE,6142862
8.49640437,2.2128,834.0,2.14,0.628,21.8,702.0,57.43,5093.0,4.586,0.709,1,CONFIRMED,5599774
66.1843646,5.155,560.5,2.72,0.877,21.3,436.0,8.57,5640.0,4.447,0.978,1,CONFIRMED,8099138
2.032318856,1.1596,287.5,1.12,0.009,20.4,1011.0,247.21,4670.0,4.635,0.682,1,CONFIRMED,7033233
3.62275506,2.7868,180.6,1.62,0.007,22.3,1304.0,683.84,5794.0,4.282,1.216,1,CONFIRMED,6383785
2.892216772,1.3596,360.5,1.31,0.806,23.9,794.0,93.66,4229.0,4.655,0.615,1,CONFIRMED,9411412
187.746606,5.885,1583.0,2.95,0.015,20.2,267.0,1.2,5303.0,4.55,0.753,1,CONFIRMED,7008211
2.543063763,2.8473,152.0,1.26,0.215,26.5,1319.0,716.3,5579.0,4.389,1.029,1,CONFIRMED,7620413
3.177414601,1.5262,1134.3,2.65,0.786,113.7,997.0,233.26,5303.0,4.63,0.708,1,CONFIRMED,4545187
2.168451063,1.458,466.9,2.41,0.207,45.5,1558.0,1389.18,6153.0,4.382,1.109,1,CONFIRMED,10854546
37.8154157,4.662,286.4,1.21,0.533,22.4,401.0,6.09,4856.0,4.624,0.705,1,CONFIRMED,11774991
53.5783052,5.194,224.9,1.16,0.769,15.4,357.0,3.82,4856.0,4.624,0.705,1,CONFIRMED,11774991
33.1362861,4.163,825.2,2.05,0.791,16.3,357.0,3.86,4245.0,4.641,0.637,1,CONFIRMED,8261920
7.72513619,2.042,382.2,1.71,0.954,10.5,581.0,26.91,4245.0,4.641,0.637,1,CONFIRMED,8261920
10.71253475,2.7186,1198.6,2.02,0.72,31.2,485.0,13.09,4175.0,4.715,0.544,1,CONFIRMED,9112931
32.5635249,5.418,578.3,2.05,0.371,24.1,490.0,13.63,5225.0,4.505,0.859,1,CONFIRMED,9071593
12.19140405,1.8832,665.8,2.46,0.091,19.4,763.0,80.01,5516.0,4.399,0.967,1,CONFIRMED,8126558
6.11784972,3.458,60.5,1.05,0.391,25.8,1211.0,509.24,6226.0,4.247,1.333,1,CONFIRMED,11811193
3.97599629,2.2029,206.0,1.11,0.331,27.3,936.0,181.47,5143.0,4.561,0.778,1,CONFIRMED,3734418
7.68478504,2.447,274.1,1.47,0.045,21.4,830.0,112.06,5344.0,4.469,0.907,1,CONFIRMED,8681734
0.990516282,2.019,101.6,3.52,0.989,20.4,2841.0,15469.83,5975.0,3.755,2.399,0,FALSE POSITIVE,10232693
15.0447098,5.823,97.9,1.51,0.022,23.4,931.0,177.24,5798.0,4.025,1.525,1,CONFIRMED,10212441
1.118547814,1.5534,234.8,0.98,0.221,21.7,1174.0,447.97,4496.0,4.65,0.658,1,CONFIRMED,8247771
6.42199919,2.6192,161.6,1.25,0.281,25.4,1000.0,236.21,5985.0,4.468,0.981,1,CONFIRMED,8165946
9.75374033,2.348,430.8,1.87,0.295,18.9,813.0,103.3,5806.0,4.528,0.899,1,CONFIRMED,12017109
81.3153052,5.807,715.5,2.55,0.013,20.7,393.0,5.64,5325.0,4.39,0.975,1,CONFIRMED,9225395
51.3283527,9.357,692.3,3.06,0.582,34.7,546.0,21.06,6119.0,4.353,1.119,1,CONFIRMED,10709622
19.7919389,3.787,383.7,2.58,0.954,22.8,736.0,69.48,6285.0,4.441,1.039,1,CONFIRMED,11499228
26.8475962,10.068,254.1,3.2,0.457,39.2,800.0,96.89,5508.0,3.897,1.988,1,CONFIRMED,9022166
62.8917493,6.831,791.0,2.5,0.632,22.6,384.0,5.13,5052.0,4.48,0.855,1,CONFIRMED,10965588
14.87149773,2.4076,944.9,1.59,0.018,27.3,391.0,5.51,3825.0,4.749,0.524,1,CONFIRMED,10670119
2.732767897,1.1102,613.1,1.42,0.748,27.0,687.0,52.68,3825.0,4.749,0.524,1,CONFIRMED,10670119
119.8401019,3.6796,5448.7,26.96,1.269,83.7,255.0,1.0,4602.0,4.637,0.675,0,FALSE POSITIVE,4043443
9.61375316,4.654,797.9,3.27,0.604,108.6,931.0,177.26,5997.0,4.364,1.11,1,CONFIRMED,8491277
29.9685917,6.678,309.5,1.91,0.282,26.5,644.0,40.76,6249.0,4.428,1.076,1,CONFIRMED,8613535
33.2407985,4.675,341.9,1.51,0.231,20.4,486.0,13.17,5382.0,4.571,0.827,1,CONFIRMED,12256520
2.97600846,4.274,103.2,2.27,0.715,25.9,1892.0,3034.68,6208.0,3.898,2.088,0,FALSE POSITIVE,3337432
15.18727049,4.509,292.5,1.94,0.839,21.4,789.0,91.56,6136.0,4.414,1.005,1,CONFIRMED,5629538
28.6853212,6.307,689.1,2.69,0.922,23.8,547.0,21.09,5726.0,4.559,0.838,1,CONFIRMED,8561231
0.588001053,1.1451,297.4,0.99,0.403,50.9,1188.0,473.45,3814.0,4.687,0.57,1,CONFIRMED,8235924
85.7357202,7.625,747.7,2.94,0.033,20.8,448.0,9.54,6096.0,4.397,1.077,1,CONFIRMED,6941084
1.078389713,1.3394,300.5,1.98,0.846,23.6,1667.0,1817.38,5325.0,4.384,0.985,1,CONFIRMED,6200235
5.03728033,2.0619,76.3,1.55,0.96,20.9,1321.0,720.22,6387.0,4.271,1.381,1,CONFIRMED,11460462
3.289726319,2.3274,234.9,1.37,0.052,27.0,1116.0,367.18,5463.0,4.492,0.91,1,CONFIRMED,8612275
7.18644594,1.4972,402.0,2.19,0.892,23.8,860.0,129.48,5463.0,4.492,0.91,1,CONFIRMED,8612275
15.94248453,3.4894,1093.7,2.62,0.022,34.3,616.0,34.06,5376.0,4.576,0.806,1,CONFIRMED,7207061
41.0081117,4.376,1004.5,2.64,0.878,43.9,425.0,7.72,5303.0,4.63,0.708,1,CONFIRMED,4545187
11.55562042,1.6758,441.5,2.11,0.874,22.7,703.0,57.75,5420.0,4.555,0.85,1,CONFIRMED,7286911
12.2885046,2.807,342.1,3.22,0.632,12.0,913.0,164.61,5109.0,3.96,1.671,1,CONFIRMED,8591173
17.13263125,3.0555,850.2,2.31,0.298,26.4,611.0,32.91,5477.0,4.578,0.794,1,CONFIRMED,6962109
19.0231361,3.431,401.6,2.04,0.698,19.7,647.0,41.5,5569.0,4.459,0.954,1,CONFIRMED,5706595
4.57948235,3.106,207.1,1.35,0.055,20.0,1040.0,276.82,5569.0,4.459,0.954,1,CONFIRMED,5706595
1.003931703,1.4361,491.1,1.6,0.023,25.2,1419.0,962.58,4949.0,4.552,0.741,1,CONFIRMED,10489345
0.614083885,0.9817,389.5,2.55,0.106,36.4,2603.0,10827.22,6521.0,4.352,1.276,0,FALSE POSITIVE,11774303
55.8224775,5.457,879.6,2.13,0.031,23.7,379.0,4.85,5162.0,4.611,0.736,1,CONFIRMED,10329469
6.11010439,2.314,59.7,0.93,0.284,11.8,1125.0,378.84,6213.0,4.387,1.195,1,CONFIRMED,9717943
4.286866229,4.4726,1321.9,4.14,0.757,167.3,1217.0,517.66,6228.0,4.441,1.049,1,CONFIRMED,8026752
10.27380957,3.252,352.8,1.68,0.125,19.2,799.0,96.27,5806.0,4.528,0.899,1,CONFIRMED,1872821
13.39155154,3.391,48.9,1.58,0.539,24.5,1180.0,459.23,6197.0,3.837,2.188,1,CONFIRMED,8013439
5.62904396,3.7295,39.5,1.39,0.237,32.2,1576.0,1459.41,6197.0,3.837,2.188,1,CONFIRMED,8013439
8.2562857,2.0378,37.3,1.49,0.816,18.2,1387.0,874.56,6197.0,3.837,2.188,1,CONFIRMED,8013439
12.33087921,3.0664,872.2,2.34,0.011,28.3,671.0,47.99,5376.0,4.576,0.806,1,CONFIRMED,7207061
4.421566535,2.1229,684.0,2.19,0.869,31.9,729.0,66.94,4299.0,4.604,0.697,1,CONFIRMED,6921944
15.72585941,3.8284,1313.1,2.69,0.122,32.7,602.0,31.13,5332.0,4.597,0.755,1,CONFIRMED,9532052
1.252753881,2.1472,200.0,2.44,0.4,40.5,2199.0,5545.35,5907.0,4.041,1.705,1,CONFIRMED,8164012
13.36019864,2.788,699.9,1.84,0.534,21.3,520.0,17.3,4500.0,4.638,0.688,1,CONFIRMED,4140813
76.957056,9.551,367.1,2.09,0.638,26.5,451.0,9.81,5878.0,4.363,1.041,1,CONFIRMED,8611781
8.84784273,2.0572,460.2,1.15,0.047,21.1,479.0,12.48,3867.0,4.718,0.552,1,CONFIRMED,5601258
9.98970266,3.7,988.4,2.48,0.005,24.1,705.0,58.26,5265.0,4.58,0.81,1,CONFIRMED,7960980
5.63252508,2.1448,634.4,2.04,0.455,70.9,844.0,119.75,5216.0,4.58,0.804,1,CONFIRMED,8107225
1.442592305,2.9698,166.0,2.67,0.207,27.1,2700.0,12557.23,7216.0,3.983,2.043,1,CONFIRMED,3458028
14.17222858,2.6297,246.8,2.39,0.869,24.5,873.0,137.33,5845.0,4.2,1.314,1,CONFIRMED,3342794
4.92031063,4.046,81.0,1.18,0.242,17.7,1242.0,562.99,5845.0,4.2,1.314,1,CONFIRMED,3342794
56.4931698,8.704,411.9,4.43,0.707,31.8,681.0,50.79,6160.0,3.976,2.046,1,CONFIRMED,5716932
13.82142084,3.985,765.2,2.2,0.904,75.3,560.0,23.15,4983.0,4.66,0.651,1,CONFIRMED,11288051
2.30367952,3.0898,136.4,1.3,0.964,18.9,1384.0,866.21,6191.0,4.546,0.865,0,FALSE POSITIVE,7515670
5.78387049,1.3966,413.3,2.07,0.227,20.7,1051.0,288.69,6063.0,4.476,1.012,1,CONFIRMED,11566256
11.08507658,1.751,771.8,2.5,0.819,17.7,665.0,46.17,5080.0,4.538,0.793,1,CONFIRMED,8495415
0.571038347,1.1267,242.1,1.65,0.876,38.2,1897.0,3069.59,5132.0,4.457,0.886,1,CONFIRMED,4055304
8.77425786,2.2245,239.6,1.75,0.917,22.3,771.0,83.63,5146.0,4.445,0.905,1,CONFIRMED,4857213
4.51005082,2.1533,294.8,1.74,0.115,21.5,1063.0,301.74,5362.0,4.352,1.032,1,CONFIRMED,9415108
37.6468519,6.344,427.4,5.37,0.008,31.0,787.0,90.85,5443.0,3.74,2.652,1,CONFIRMED,4262581
29.4557841,3.451,533.8,2.19,0.018,26.6,598.0,30.3,6036.0,4.491,0.949,1,CONFIRMED,8591693
12.466004437,5.0066,2232.1,5.65,0.209,304.6,897.0,152.76,6038.0,4.284,1.191,1,CONFIRMED,4833421
2.361724472,1.2167,587.0,1.53,0.009,34.6,922.0,170.59,4478.0,4.615,0.651,1,CONFIRMED,8282651
34.7630543,4.309,293.7,1.75,0.731,24.0,554.0,22.23,5670.0,4.387,0.95,1,CONFIRMED,3548044
20.0545282,7.173,305.4,2.63,0.939,26.9,755.0,76.97,6056.0,4.332,1.209,1,CONFIRMED,11401767
3.17059731,1.6686,325.4,1.69,0.793,20.1,1080.0,321.28,5431.0,4.563,0.843,1,CONFIRMED,10909127
27.0142622,5.385,287.6,2.0,0.009,25.5,677.0,49.65,5949.0,4.303,1.184,1,CONFIRMED,3661886
12.50945798,3.479,155.3,1.54,0.626,16.0,875.0,138.54,5949.0,4.303,1.184,1,CONFIRMED,3661886
26.0203329,4.965,1164.4,4.53,0.704,23.7,675.0,49.09,5624.0,4.218,1.244,1,CONFIRMED,2439243
0.769854899,1.0243,109.6,0.93,0.705,28.7,1650.0,1756.8,5173.0,4.55,0.822,1,CONFIRMED,9221517
6.89226333,2.4921,214.4,2.13,0.061,22.4,1156.0,422.14,5862.0,4.148,1.463,1,CONFIRMED,6751874
8.07127043,2.393,318.2,1.53,0.271,16.9,856.0,126.94,5766.0,4.517,0.853,1,CONFIRMED,10863608
11.01819178,4.635,545.7,2.64,0.883,22.0,840.0,117.97,6075.0,4.486,0.969,1,CONFIRMED,5602588
30.9505927,5.394,301.4,1.51,0.958,23.2,428.0,7.91,4983.0,4.66,0.651,1,CONFIRMED,11288051
3.979867514,2.3607,907.6,26.5,1.216,65.2,1173.0,446.89,6032.0,4.485,0.973,0,FALSE POSITIVE,5547480
23.3593589,5.389,570.1,2.98,0.94,25.9,684.0,51.68,6244.0,4.46,1.009,1,CONFIRMED,9405595
9.69310837,2.734,1130.7,2.12,0.534,30.4,609.0,32.4,4818.0,4.639,0.618,1,CONFIRMED,3546060
24.2598301,3.897,1540.3,25.42,1.244,26.3,547.0,21.13,5485.0,4.574,0.805,0,FALSE POSITIVE,7019489
116.5214317,5.577,771.5,44.41,1.26,25.0,457.0,10.33,6056.0,4.179,1.411,0,FALSE POSITIVE,2141783
0.813166357,1.4122,173.5,1.14,0.06,34.8,1693.0,1945.44,5237.0,4.5,0.887,1,CONFIRMED,4144576
10.86062378,2.2874,189.6,2.09,0.261,20.7,1108.0,356.24,6455.0,4.125,1.496,1,CONFIRMED,8494542
24.08632177,2.236,1041.7,2.78,0.802,18.0,500.0,14.78,4973.0,4.537,0.768,1,CONFIRMED,9992325
17.40208965,3.745,616.5,16.37,1.216,20.9,422.0,7.49,4098.0,4.662,0.615,0,FALSE POSITIVE,10206675
37.9456138,4.093,1032.9,2.79,0.263,24.0,515.0,16.61,5861.0,4.546,0.865,1,CONFIRMED,9945370
1.141877248,4.33931,309490.0,88.62,0.598,2036.3,2184.0,5358.79,6158.0,4.152,1.368,0,FALSE POSITIVE,3832716
5.77675928,6.789,3522.5,32.77,1.272,141.4,954.0,195.79,5544.0,4.435,0.875,0,FALSE POSITIVE,8453211
24.1738244,3.056,532.6,2.21,0.251,21.5,595.0,29.69,5468.0,4.427,0.968,1,CONFIRMED,8973129
5.186737262,0.8023,712.7,2.4,0.825,25.7,860.0,129.37,5230.0,4.594,0.777,1,CONFIRMED,12505654
1.217000383,1.3285,459.8,1.58,0.028,26.5,1314.0,707.61,4859.0,4.545,0.757,1,CONFIRMED,11670125
13.6823798,4.153,179.6,1.43,0.595,17.0,802.0,97.74,6102.0,4.457,1.026,1,CONFIRMED,11461844
8.79618433,3.3781,286.3,1.77,0.05,27.0,938.0,183.26,6142.0,4.456,1.046,1,CONFIRMED,9351920
16.85592593,2.309,871.5,1.7,0.038,19.5,408.0,6.52,3967.0,4.674,0.587,1,CONFIRMED,2161536
14.36270451,4.564,349.4,2.31,0.272,26.8,918.0,167.88,6643.0,4.357,1.216,1,CONFIRMED,10549023
69.8956789,5.276,548.4,3.04,0.872,21.9,442.0,8.99,5390.0,4.303,1.104,1,CONFIRMED,9661979
6.24667547,11.261,396.8,14.93,0.877,63.6,1902.0,3095.83,4604.0,2.936,6.221,1,CONFIRMED,8219268
2.344512589,1.4116,58.9,0.97,0.803,21.9,1471.0,1106.25,5821.0,4.328,1.132,1,CONFIRMED,10531955
5.766165573,3.8314,364.8,2.27,0.017,65.6,1159.0,426.48,6038.0,4.284,1.191,1,CONFIRMED,4833421
18.3027235,8.262,186.7,2.72,0.742,24.7,902.0,156.71,5528.0,3.892,1.839,1,CONFIRMED,8168187
2.888904439,1.6043,402.2,1.68,0.77,23.7,976.0,215.06,4895.0,4.589,0.759,1,CONFIRMED,4142847
17.14648756,4.2354,440.3,3.64,0.918,28.3,811.0,102.24,5559.0,4.127,1.412,1,CONFIRMED,10203349
16.09227518,2.1072,128.5,0.98,0.932,18.1,503.0,15.15,4657.0,4.641,0.67,1,CONFIRMED,9718066
62.7843981,4.81,325.0,2.28,0.272,21.1,530.0,18.7,6053.0,4.279,1.26,1,CONFIRMED,3867615
91.500873,4.842,704.8,1.82,0.032,22.6,310.0,2.18,5051.0,4.628,0.706,1,CONFIRMED,12121570
44.2993483,4.298,797.9,2.68,0.614,23.2,463.0,10.85,5316.0,4.459,0.915,1,CONFIRMED,8410415
3.13877646,1.6663,174.1,0.97,0.436,20.2,1022.0,257.32,5242.0,4.556,0.722,1,CONFIRMED,7987866
35.9682692,2.839,269.7,2.95,0.883,21.0,674.0,48.68,5883.0,4.149,1.529,1,CONFIRMED,11560897
25.3690868,4.746,110.1,1.67,0.845,21.6,755.0,76.9,6126.0,4.224,1.406,1,CONFIRMED,11342416
6.89213244,1.725,82.0,1.35,0.541,17.3,1177.0,454.45,6164.0,4.227,1.446,1,CONFIRMED,9086251
42.3006282,4.372,507.9,2.54,0.269,23.8,558.0,22.94,5852.0,4.353,1.129,1,CONFIRMED,4254466
0.838597429,1.68668,2482.1,44.67,1.274,303.7,2278.0,6353.25,6366.0,4.352,1.236,0,FALSE POSITIVE,5801571
55.1866213,9.133,375.5,2.47,0.225,36.2,568.0,24.56,6178.0,4.269,1.267,1,CONFIRMED,9904006
1.728528176,3.682,197.6,5.07,0.787,26.2,2720.0,12977.86,6153.0,3.597,3.279,0,FALSE POSITIVE,5288570
14.97436238,2.4461,265.4,1.28,0.092,24.9,631.0,37.53,5311.0,4.532,0.8,1,CONFIRMED,9364609
3.97076603,1.814,349.2,1.6,0.775,23.9,958.0,198.43,5178.0,4.521,0.778,1,CONFIRMED,7457296
2.352273912,1.7389,318.6,1.29,0.095,20.4,1019.0,255.03,4816.0,4.608,0.748,1,CONFIRMED,10328458
22.0425953,61.2018,348.0,28.78,1.191,90.4,760.0,78.85,5974.0,4.216,1.26,0,FALSE POSITIVE,7050060
23.34036251,2.054,615.1,2.21,0.25,18.2,601.0,30.94,5530.0,4.425,0.892,1,CONFIRMED,4248120
15.03366411,3.272,374.9,1.7,0.01,22.2,669.0,47.32,5523.0,4.526,0.891,1,CONFIRMED,8321314
106.247882,13.78,397.4,2.01,0.586,24.0,377.0,4.75,5679.0,4.435,0.972,1,CONFIRMED,11498128
8.508333104,3.4559,646.5,2.6,0.004,93.4,909.0,161.66,5767.0,4.396,1.03,1,CONFIRMED,8041216
12.94123564,4.636,328.8,1.7,0.028,22.1,795.0,94.29,6119.0,4.497,0.938,1,CONFIRMED,11824786
5.349791,4.279,88.8,1.29,0.867,23.3,1156.0,422.79,6074.0,4.368,1.183,1,CONFIRMED,12254909
5.26211833,3.244,194.5,1.95,0.71,20.3,1166.0,436.61,5587.0,4.188,1.309,1,CONFIRMED,9364290
12.1628195,2.3161,306.3,3.14,0.971,15.2,882.0,142.77,5587.0,4.188,1.309,1,CONFIRMED,9364290
23.5541012,7.3,95.2,2.33,0.536,29.9,1381.0,859.63,9565.0,4.088,2.286,1,CONFIRMED,5022828
41.6977582,5.513,684.8,2.26,0.018,27.7,488.0,13.45,5730.0,4.545,0.87,1,CONFIRMED,8233702
4.79029482,2.7219,142.0,1.01,0.46,23.1,938.0,183.02,5412.0,4.562,0.843,1,CONFIRMED,11403339
38.6715843,5.532,599.3,2.45,0.773,25.2,502.0,15.03,5432.0,4.42,0.913,1,CONFIRMED,8260902
8.32651854,5.483,267.9,1.8,0.782,27.2,938.0,182.69,6057.0,4.45,1.0,1,CONFIRMED,8381204
5.53533152,2.793,260.6,1.75,0.051,27.5,1054.0,292.33,5588.0,4.331,1.1,1,CONFIRMED,12058204
16.7261969,2.708,194.9,1.56,0.496,11.6,729.0,66.83,5588.0,4.331,1.1,1,CONFIRMED,12058204
21.58752788,4.4968,336.8,2.18,0.009,34.0,747.0,73.42,6038.0,4.284,1.191,1,CONFIRMED,4833421
3.757294695,0.9269,273.3,1.23,0.586,23.4,877.0,139.89,4901.0,4.618,0.716,1,CONFIRMED,5357545
3.2828024,3.2532,142.5,1.79,0.159,24.4,1467.0,1093.39,5640.0,4.087,1.515,1,CONFIRMED,6871071
4.64495172,3.366,147.4,1.38,0.301,19.8,1209.0,504.23,6047.0,4.343,1.129,1,CONFIRMED,5342473
16.48686712,1.431,987.9,27.45,1.198,22.1,760.0,78.99,6090.0,4.447,1.071,1,CONFIRMED,9963265
2.685054445,1.0473,252.7,1.46,0.762,28.9,1137.0,395.08,5266.0,4.484,0.829,1,CONFIRMED,10583761
16.8600805,5.557,273.4,1.71,0.682,22.4,765.0,80.9,6205.0,4.419,0.973,1,CONFIRMED,7542813
1.54320541,2.5779,91.2,1.23,0.217,35.2,1827.0,2636.85,5866.0,4.2,1.282,1,CONFIRMED,12058147
49.5004725,5.772,965.2,2.49,0.162,27.8,402.0,6.2,4954.0,4.5,0.828,1,CONFIRMED,8164257
6.47539108,2.7048,530.6,1.92,0.486,28.1,793.0,93.41,4954.0,4.5,0.828,1,CONFIRMED,8164257
16.85825609,2.0728,759.6,2.51,0.763,21.8,576.0,26.05,4954.0,4.5,0.828,1,CONFIRMED,8164257
3.132604547,3.6337,9969.2,48.73,1.251,222.3,1444.0,1028.81,6248.0,4.328,1.181,0,FALSE POSITIVE,10593759
2.949029106,2.0311,358.3,1.48,0.044,29.3,1027.0,263.92,4983.0,4.512,0.807,1,CONFIRMED,6774537
37.8658964,4.782,395.2,2.01,0.18,25.9,543.0,20.61,5757.0,4.431,1.017,1,CONFIRMED,10404582
8.30865307,3.2747,836.1,2.42,0.333,74.3,747.0,73.53,5022.0,4.485,0.849,1,CONFIRMED,5959753
11.93205399,6.205,178.5,1.83,0.123,32.3,905.0,158.22,5711.0,4.221,1.391,1,CONFIRMED,6021193
7.54235832,4.73,132.5,1.59,0.318,25.8,1054.0,292.19,5711.0,4.221,1.391,1,CONFIRMED,6021193
5.02818253,3.526,181.3,2.03,0.3,26.1,1272.0,620.0,5640.0,4.087,1.515,1,CONFIRMED,6871071
1.897828815,2.7114,132.4,1.73,0.227,27.2,1761.0,2278.95,5640.0,4.087,1.515,1,CONFIRMED,6871071
10.62788695,4.576,326.7,1.87,0.473,22.6,872.0,136.34,6082.0,4.445,1.014,1,CONFIRMED,6287313
1.104462494,1.0458,469.1,1.6,0.151,35.3,1397.0,898.79,5002.0,4.543,0.753,1,CONFIRMED,9278725
4.89336495,3.485,138.3,1.6,0.218,15.9,1374.0,842.45,6688.0,4.304,1.347,1,CONFIRMED,4458082
11.17392077,3.307,324.8,1.64,0.025,21.4,796.0,94.84,5911.0,4.519,0.914,1,CONFIRMED,8042453
31.0325991,3.476,737.4,2.64,0.611,17.6,561.0,23.41,5841.0,4.52,0.931,1,CONFIRMED,10874215
0.512407185,1.0579,329.2,1.03,0.301,46.1,1255.0,583.45,3862.0,4.69,0.563,0,FALSE POSITIVE,6666233
4.150297119,1.2058,593.4,3.03,0.971,24.2,981.0,218.44,5290.0,4.519,0.858,0,FALSE POSITIVE,7661065
5.89661966,3.154,144.0,1.28,0.039,15.3,1000.0,237.1,5392.0,4.314,1.087,1,CONFIRMED,3937519
33.4178173,4.645,1166.8,3.13,0.913,28.4,448.0,9.56,5136.0,4.607,0.744,1,CONFIRMED,8866137
2.053341891,2.596,65.5,1.44,0.966,23.2,1737.0,2154.14,6084.0,4.204,1.358,1,CONFIRMED,10857519
56.7769831,6.864,884.3,3.21,0.703,33.6,491.0,13.74,6063.0,4.476,1.012,1,CONFIRMED,9517393
18.78429232,3.1136,1009.5,2.14,0.658,23.8,433.0,8.3,4243.0,4.637,0.641,1,CONFIRMED,9351316
3.61460279,3.227,64.8,1.14,0.516,14.9,1347.0,776.7,5711.0,4.221,1.391,1,CONFIRMED,6021193
13.15140223,5.439,97.8,1.87,0.872,25.5,1008.0,243.84,6154.0,4.12,1.636,1,CONFIRMED,10617017
18.5084526,6.596,758.9,29.33,1.258,30.1,683.0,51.32,5942.0,4.506,0.938,1,CONFIRMED,3229150
7.47763833,2.5693,110.0,2.05,0.012,26.2,1346.0,776.56,5957.0,3.849,1.953,0,FALSE POSITIVE,7989422
42.1918331,7.083,488.7,2.35,0.067,25.7,526.0,18.08,5520.0,4.339,1.08,1,CONFIRMED,9641481
3.73090026,2.9095,191.2,1.48,0.822,24.0,1128.0,383.51,5709.0,4.489,0.95,1,CONFIRMED,8892157
2.787874175,2.0348,197.4,2.33,0.153,22.2,1432.0,993.06,4827.0,3.942,1.727,1,CONFIRMED,11569782
37.9962369,6.7751,403.7,2.39,0.023,37.8,618.0,34.55,6038.0,4.284,1.191,1,CONFIRMED,4833421
17.23232894,4.5568,509.8,2.79,0.395,64.1,817.0,105.47,6086.0,4.274,1.216,1,CONFIRMED,7219825
28.5057217,6.324,755.8,2.55,0.695,20.8,555.0,22.43,5712.0,4.534,0.87,1,CONFIRMED,3749978
53.5991459,6.811,523.1,2.49,0.658,23.1,529.0,18.54,6319.0,4.447,1.032,1,CONFIRMED,10010440
16.4581861,1.9637,435.8,1.82,0.108,22.4,644.0,40.61,5475.0,4.521,0.884,1,CONFIRMED,11718144
0.693842661,1.6197,49.3,0.83,0.195,28.9,2161.0,5182.78,5457.0,4.239,1.196,1,CONFIRMED,9473078
83.4887405,6.21,955.4,2.95,0.42,24.7,411.0,6.76,5910.0,4.505,0.94,1,CONFIRMED,10864531
34.0607677,2.471,818.9,2.96,0.786,20.5,554.0,22.32,5910.0,4.505,0.94,1,CONFIRMED,10864531
31.5888979,3.438,360.6,2.59,0.194,27.3,682.0,51.02,5866.0,4.175,1.367,1,CONFIRMED,9472000
59.9809868,7.588,282.4,2.81,0.918,25.2,568.0,24.58,6103.0,4.202,1.383,1,CONFIRMED,10253547
25.7457957,7.073,140.3,1.73,0.661,19.3,753.0,75.97,6103.0,4.202,1.383,1,CONFIRMED,10253547
11.92979348,6.152,709.3,2.43,0.003,27.8,770.0,83.04,5831.0,4.517,0.921,1,CONFIRMED,12505076
4.3394569,2.3652,337.4,2.11,0.821,31.6,1061.0,300.07,5330.0,4.366,1.013,1,CONFIRMED,12116380
2.852348262,0.7051,1402.9,1.66,0.295,33.3,621.0,34.95,3731.0,4.83,0.433,1,CONFIRMED,2556650
65.6480892,5.746,588.7,3.93,0.949,22.0,485.0,13.04,5565.0,4.251,1.246,1,CONFIRMED,10600955
102.653705,53.5887,687.3,39.16,1.184,82.1,562.0,23.66,6711.0,4.097,1.698,0,FALSE POSITIVE,10801100
14.83340944,3.927,783.0,2.54,0.399,19.1,694.0,54.74,5570.0,4.471,0.904,1,CONFIRMED,4473226
0.987338654,2.591,26.5,0.98,0.002,25.0,2669.0,11973.87,6258.0,3.939,1.896,0,FALSE POSITIVE,8914779
101.1323475,4.366,1502.9,3.87,0.057,25.7,380.0,4.91,5492.0,4.389,1.016,1,CONFIRMED,2854181
1.811460943,5.065,428.5,2.83,0.971,83.9,1508.0,1224.37,5700.0,4.382,1.008,0,FALSE POSITIVE,8963721
16.07673148,2.205,488.0,2.14,0.108,19.3,724.0,64.75,5957.0,4.498,0.971,1,CONFIRMED,10132832
18.87058705,3.4701,588.0,2.67,0.878,28.5,701.0,56.97,6103.0,4.496,0.949,1,CONFIRMED,3219995
22.1334224,2.049,654.6,1.76,0.025,16.3,507.0,15.65,5165.0,4.633,0.702,1,CONFIRMED,6062929
17.1369408,6.416,362.1,2.05,0.03,25.4,775.0,85.15,6218.0,4.421,1.077,1,CONFIRMED,7504778
26.6951944,4.576,132.6,1.4,0.136,13.4,706.0,58.81,6086.0,4.274,1.216,1,CONFIRMED,7219825
7.72085047,1.8264,267.0,2.53,0.963,25.0,1021.0,257.14,5887.0,4.29,1.177,1,CONFIRMED,7097965
6.312508525,2.7455,1286.0,2.0,0.029,112.5,575.0,25.94,4090.0,4.696,0.571,1,CONFIRMED,4249725
4.19577385,2.1557,874.2,3.02,0.521,23.3,1047.0,283.78,5229.0,4.378,1.005,1,CONFIRMED,3967326
7.1329472,4.368,145.0,1.64,0.612,27.2,1102.0,349.21,5862.0,4.194,1.307,1,CONFIRMED,6768394
8.91901228,4.141,180.6,1.84,0.619,29.6,1023.0,258.92,5862.0,4.194,1.307,1,CONFIRMED,6768394
4.5620407,2.8521,81.6,2.82,0.925,22.8,1533.0,1306.97,5343.0,3.764,2.506,1,CONFIRMED,5211199
2.392630668,1.3705,101.5,1.33,0.909,20.5,1418.0,955.41,5716.0,4.343,1.091,0,FALSE POSITIVE,8804455
17.6700291,6.693,348.4,2.89,0.932,25.0,778.0,86.37,5795.0,4.265,1.247,1,CONFIRMED,5546761
108.593113,7.989,338.2,1.68,0.007,24.3,374.0,4.64,5678.0,4.409,0.921,1,CONFIRMED,9205938
19.9865916,4.391,648.0,4.22,0.962,21.8,720.0,63.67,5500.0,4.218,1.238,1,CONFIRMED,10723367
12.12580644,3.289,327.5,2.5,0.805,14.0,851.0,123.78,5500.0,4.218,1.238,1,CONFIRMED,10723367
76.421501,7.218,578.4,2.81,0.015,23.9,455.0,10.11,5561.0,4.263,1.19,1,CONFIRMED,5005121
56.2590881,8.114,348.8,2.22,0.026,29.7,543.0,20.49,6038.0,4.284,1.191,1,CONFIRMED,4833421
1.646801683,1.1966,284.2,0.86,0.129,25.2,806.0,99.8,3810.0,4.753,0.513,1,CONFIRMED,8229458
3.78861833,2.808,143.4,1.23,0.183,18.2,1158.0,424.17,5560.0,4.379,1.04,1,CONFIRMED,10684670
10.45839865,3.154,306.8,1.25,0.009,18.6,609.0,32.45,4641.0,4.557,0.747,1,CONFIRMED,11495458
21.1033014,2.059,192.5,1.56,0.125,21.3,718.0,62.99,6000.0,4.363,1.126,1,CONFIRMED,9003401
95.6114617,7.489,487.4,2.37,0.046,21.6,421.0,7.45,6002.0,4.424,1.081,1,CONFIRMED,5978559
11.8984948,3.015,130.9,1.69,0.836,15.9,929.0,176.27,5862.0,4.194,1.307,1,CONFIRMED,6768394
23.1274171,4.901,157.3,1.44,0.737,20.9,667.0,46.89,5865.0,4.393,1.066,1,CONFIRMED,6922710
5.132486123,1.4575,908.4,1.69,0.217,35.4,584.0,27.41,3879.0,4.707,0.578,1,CONFIRMED,11348997
8.77997349,3.2201,755.7,2.12,0.481,32.7,713.0,61.24,5191.0,4.597,0.764,1,CONFIRMED,5705819
57.6896212,5.118,1626.6,5.14,0.924,30.2,512.0,16.19,6228.0,4.441,1.049,1,CONFIRMED,6696580
10.66489514,3.159,292.6,1.76,0.308,25.3,865.0,132.15,6014.0,4.436,1.021,1,CONFIRMED,11358389
5.1233204,2.7466,286.2,1.65,0.308,25.1,994.0,231.12,5364.0,4.394,0.982,1,CONFIRMED,7204981
3.573202801,2.88,2975.0,5.81,0.053,362.1,1210.0,507.91,5646.0,4.37,1.08,1,CONFIRMED,3847907
61.6174528,3.816,1350.7,3.36,0.091,19.5,424.0,7.67,5480.0,4.485,0.931,1,CONFIRMED,4370527
24.3398202,3.891,777.3,5.09,0.928,27.8,737.0,69.79,5596.0,4.105,1.466,1,CONFIRMED,6041734
7.16520428,1.705,433.8,2.31,0.142,17.6,1034.0,270.34,6174.0,4.417,1.103,1,CONFIRMED,5125347
1.755843555,1.9425,386.0,1.94,0.893,25.1,1343.0,771.02,5569.0,4.566,0.829,1,CONFIRMED,9336200
5.18560081,4.054,252.6,2.34,0.012,27.6,1314.0,705.79,6172.0,4.198,1.471,1,CONFIRMED,4770617
33.4698571,4.749,370.7,2.45,0.876,23.2,609.0,32.52,5912.0,4.342,1.094,1,CONFIRMED,4454934
11.89520436,3.433,184.3,1.33,0.067,22.3,787.0,90.77,5649.0,4.411,0.992,1,CONFIRMED,9458343
1.025857984,0.8069,270.7,1.57,0.779,36.0,1520.0,1264.7,5123.0,4.501,0.847,1,CONFIRMED,7120108
5.60013327,2.6508,329.2,1.73,0.046,22.8,952.0,194.26,5288.0,4.391,0.978,1,CONFIRMED,10730703
25.2034128,4.515,697.1,2.42,0.168,22.3,600.0,30.62,5831.0,4.517,0.921,1,CONFIRMED,8007644
1.615357809,1.1435,499.6,1.37,0.931,31.2,806.0,99.32,3821.0,4.755,0.486,1,CONFIRMED,11192235
5.640676975,2.8354,1453.3,4.59,0.033,145.9,1125.0,379.36,5794.0,4.282,1.216,1,CONFIRMED,6383785
25.5638626,4.685,1124.9,4.0,0.85,31.6,671.0,47.94,6228.0,4.441,1.049,1,CONFIRMED,6696580
12.7945474,3.4197,816.7,1.6,0.18,54.1,455.0,10.1,4090.0,4.696,0.571,1,CONFIRMED,4249725
42.4269647,5.907,632.4,3.44,0.962,26.0,496.0,14.33,5330.0,4.366,1.013,1,CONFIRMED,8505920
1.434745129,1.862,200.7,1.5,0.108,28.4,1664.0,1813.0,5806.0,4.4,1.064,1,CONFIRMED,7918992
3.28192056,2.917,191.0,1.6,0.223,24.5,1326.0,728.9,5859.0,4.335,1.162,1,CONFIRMED,11308499
12.51610549,4.853,263.0,1.87,0.023,22.6,848.0,122.54,5859.0,4.335,1.162,1,CONFIRMED,11308499
5.45298742,2.1328,86.0,0.92,0.879,21.0,904.0,158.12,5450.0,4.563,0.842,1,CONFIRMED,9006186
3.26662733,2.056,59.9,0.68,0.623,18.6,1072.0,312.85,5450.0,4.563,0.842,1,CONFIRMED,9006186
4.45743267,2.3226,175.7,0.79,0.175,20.8,732.0,67.7,4487.0,4.644,0.612,1,CONFIRMED,7802719
2.81814715,1.763,278.6,1.3,0.305,16.5,1059.0,298.2,5167.0,4.555,0.787,1,CONFIRMED,11030475
1.824649,4.2285,3218.5,5.31,0.901,184.3,1508.0,1222.28,6190.0,4.487,0.793,0,FALSE POSITIVE,5023956
2.832647249,2.306,114.7,1.37,0.374,27.5,1453.0,1054.98,5865.0,4.266,1.272,1,CONFIRMED,12401863
3.70063251,5.408,68.6,1.24,0.71,29.8,1329.0,737.02,5423.0,4.105,1.404,1,CONFIRMED,5534941
3.93083997,2.932,101.4,1.2,0.222,22.0,1317.0,711.45,6038.0,4.284,1.191,1,CONFIRMED,11121752
7.63008196,2.78,124.0,1.39,0.628,18.6,1056.0,293.67,6038.0,4.284,1.191,1,CONFIRMED,11121752
16.22378479,2.5462,262.3,1.51,0.413,20.6,676.0,49.35,5547.0,4.46,0.925,1,CONFIRMED,2990873
9.76293284,3.064,553.2,1.94,0.499,23.6,703.0,57.59,5052.0,4.503,0.816,1,CONFIRMED,9307509
58.601926,5.522,396.4,2.06,0.392,19.1,508.0,15.8,6250.0,4.44,1.019,1,CONFIRMED,10158729
25.0823402,6.423,244.6,2.26,0.865,30.5,776.0,85.76,6429.0,4.241,1.262,1,CONFIRMED,6105462
78.0998908,8.422,656.9,3.37,0.528,23.8,480.0,12.52,5779.0,4.238,1.284,1,CONFIRMED,3120355
4.27103727,2.2759,180.4,1.22,0.02,24.6,1108.0,356.54,5984.0,4.521,0.906,1,CONFIRMED,6047072
4.27226421,2.113,48.9,0.64,0.744,13.7,981.0,218.63,5450.0,4.563,0.842,1,CONFIRMED,9006186
3.53232429,2.765,224.2,1.43,0.299,12.8,1159.0,427.65,5761.0,4.492,0.956,1,CONFIRMED,11410904
15.03946326,5.1008,5237.7,12.36,0.902,181.6,962.0,202.6,6501.0,4.212,1.441,0,FALSE POSITIVE,5021737
4.702495974,2.3421,4787.3,37.24,1.303,101.1,981.0,219.08,5408.0,4.476,0.878,0,FALSE POSITIVE,3862246
10.44087398,3.743,821.5,3.41,0.914,22.2,829.0,111.52,5738.0,4.426,0.981,1,CONFIRMED,4173026
12.5722897,4.765,86.5,1.09,0.252,12.4,886.0,145.82,6084.0,4.319,1.169,1,CONFIRMED,5350244
40.8366307,4.956,264.8,1.5,0.363,18.7,496.0,14.3,5529.0,4.457,0.925,1,CONFIRMED,5374403
11.7761073,2.829,281.3,1.31,0.829,15.1,619.0,34.75,5096.0,4.618,0.689,0,FALSE POSITIVE,10925113
29.7123181,70.3707,385.4,46.43,1.202,130.0,870.0,135.31,6440.0,3.984,1.921,0,FALSE POSITIVE,11769801
20.6180348,3.267,769.5,1.57,0.155,16.3,359.0,3.92,3757.0,4.681,0.576,1,CONFIRMED,11752906
19.9401211,4.283,758.9,2.42,0.862,18.0,588.0,28.29,5623.0,4.596,0.763,1,CONFIRMED,1995519
22.2420032,7.532,63.5,2.04,0.897,16.2,954.0,195.54,5979.0,3.854,2.164,1,CONFIRMED,4914566
3.88148385,2.679,36.3,0.59,0.252,11.9,1156.0,423.0,5854.0,4.469,0.979,1,CONFIRMED,6198182
0.577369336,1.0852,400.4,1.42,0.032,68.3,1757.0,2239.26,5255.0,4.617,0.716,1,CONFIRMED,10024051
186.65435483,10.51,,,,,,,,,,0,FALSE POSITIVE,8676038
12.720370263,2.7306,1180.1,4.75,0.787,485.5,934.0,180.23,6267.0,4.28,1.258,1,CONFIRMED,4349452
86.59322294,7.98,,,,,,,,,,0,FALSE POSITIVE,8676038
11.96407399,4.526,784.2,3.21,0.903,22.9,808.0,100.96,5903.0,4.437,0.961,1,CONFIRMED,8073806
2.493237866,2.644,259.2,9.48,0.975,20.7,2241.0,5975.48,5002.0,3.344,4.131,0,FALSE POSITIVE,10419312
12.90467523,3.28,412.4,1.49,0.553,21.2,545.0,20.91,4513.0,4.574,0.722,1,CONFIRMED,3234598
68.8861017,5.925,143.9,1.47,0.241,19.5,501.0,14.91,5753.0,4.2,1.222,1,CONFIRMED,10453588
9.99115241,2.657,391.7,1.68,0.691,16.7,660.0,44.77,4838.0,4.524,0.796,1,CONFIRMED,11125613
36.292017,8.198,374.7,3.1,0.002,21.4,694.0,54.91,5843.0,4.069,1.615,1,CONFIRMED,7212184
0.925589891,1.967,400.8,50.6,0.616,20.6,6637.0,460202.18,4094.0,1.627,24.488,0,FALSE POSITIVE,6956014
17.25121397,2.0371,2054.8,2.64,0.749,68.6,385.0,5.17,3879.0,4.708,0.537,1,CONFIRMED,9757613
1.867281146,7.495,701.1,31.18,1.252,58.5,1561.0,1405.94,6117.0,4.457,1.025,0,FALSE POSITIVE,5307858
9.30991834,3.455,114.5,1.21,0.551,19.2,913.0,164.38,5806.0,4.353,1.101,1,CONFIRMED,6605493
3.23941775,2.569,77.4,0.77,0.386,17.2,1213.0,511.14,6075.0,4.541,0.858,1,CONFIRMED,7259298
2.524017517,1.1968,303.0,1.5,0.077,19.8,1203.0,495.14,5420.0,4.487,0.871,1,CONFIRMED,6211812
31.2012202,4.077,360.1,1.47,0.714,13.7,406.0,6.44,4513.0,4.574,0.722,1,CONFIRMED,3234598
22.5968256,6.179,142.9,1.3,0.062,22.2,670.0,47.7,5610.0,4.301,1.104,1,CONFIRMED,8611832
45.3486381,4.858,162.9,1.61,0.847,15.9,531.0,18.84,5610.0,4.301,1.104,1,CONFIRMED,8611832
5.25419589,2.9878,461.8,2.12,0.007,26.1,1093.0,338.15,6123.0,4.472,0.987,1,CONFIRMED,5621586
5.90608902,2.409,340.7,1.77,0.025,9.3,1012.0,247.83,5966.0,4.493,0.961,1,CONFIRMED,9210387
13.81504449,2.3244,1032.6,1.91,0.868,46.7,391.0,5.52,3732.0,4.736,0.509,1,CONFIRMED,11852982
12.4128518,4.298,108.1,1.5,0.711,19.4,933.0,179.24,5945.0,4.196,1.346,1,CONFIRMED,8559152
3.92453009,3.691,463.5,1.82,0.112,25.3,1074.0,314.25,5776.0,4.554,0.849,1,CONFIRMED,2718778
11.60653061,2.194,771.7,1.88,0.024,17.8,584.0,27.47,4703.0,4.582,0.701,1,CONFIRMED,3122913
2.66831274,2.4141,266.2,1.48,0.333,23.3,1252.0,581.38,5806.0,4.528,0.899,1,CONFIRMED,9229657
2.9322509,2.931,181.2,1.33,0.457,13.1,1312.0,700.81,6106.0,4.487,0.966,0,FALSE POSITIVE,10415227
23.4772553,6.735,141.4,1.34,0.013,17.6,738.0,70.05,6384.0,4.361,1.121,1,CONFIRMED,5175024
66.5576728,10.532,214.2,4.96,0.254,21.3,757.0,77.68,5734.0,3.591,3.405,1,CONFIRMED,9026749
2.01948607,5.248,275.4,2.15,0.977,27.9,1430.0,988.37,5884.0,4.481,0.944,0,FALSE POSITIVE,12216278
3.04468229,5.951,71.4,0.86,0.623,22.2,1244.0,566.03,5575.0,4.363,0.98,0,FALSE POSITIVE,9159242
15.05028313,1.848,615.2,2.46,0.3125,13.4,735.0,69.16,5887.0,4.49,0.989,0,FALSE POSITIVE,12061096
2.455240626,1.72722,36911.9,10.6,0.144,1341.6,730.0,67.3,3793.0,4.697,0.568,1,CONFIRMED,5794240
9.08233411,2.008,296.9,1.35,0.262,15.8,734.0,68.75,5354.0,4.587,0.788,1,CONFIRMED,6933567
0.790539912,1.0567,277.3,1.24,0.008,31.5,1502.0,1200.65,4791.0,4.541,0.767,0,FALSE POSITIVE,9993529
1.705782214,1.007,278.0,1.82,0.709,11.5,1455.0,1060.41,5387.0,4.38,1.009,0,FALSE POSITIVE,11303815
0.532086296,4.023,495.8,16.99,1.199,85.2,1790.0,2417.28,5271.0,4.636,0.698,0,FALSE POSITIVE,6044553
47.7052566,5.959,1161.5,2.89,0.918,22.8,347.0,3.42,4551.0,4.609,0.672,1,CONFIRMED,9654468
6.238535444,3.5255,401.6,2.53,0.008,274.5,1185.0,465.61,6267.0,4.28,1.258,1,CONFIRMED,4349452
86.829519,7.464,751.0,1.68,0.953,15.1,196.0,0.35,3576.0,4.791,0.463,1,CONFIRMED,10027247
9.95667035,3.534,586.8,3.41,0.949,16.8,946.0,189.48,6165.0,4.365,1.115,1,CONFIRMED,6343170
10.41728722,4.125,210.4,1.64,0.12,20.3,870.0,135.34,5557.0,4.288,1.151,1,CONFIRMED,7107802
0.984941669,1.9724,81.4,1.49,0.045,22.9,2335.0,7044.68,5825.0,4.046,1.662,1,CONFIRMED,11752632
0.663085361,1.1522,322.7,1.6,0.841,35.3,1681.0,1894.94,5172.0,4.6,0.767,1,CONFIRMED,10028535
19.1187425,6.805,217.5,2.33,0.74,20.5,823.0,108.48,5862.0,4.148,1.463,1,CONFIRMED,7047207
1.08749101,1.6192,126.4,4.91,0.979,33.5,3081.0,21388.7,5988.0,3.594,3.204,0,FALSE POSITIVE,5212220
1.183818383,1.393,84.3,0.91,0.17,12.7,1775.0,2337.65,6014.0,4.459,0.992,0,FALSE POSITIVE,9964748
4.98845099,7.453,193.9,1.33,0.041,23.3,1055.0,292.71,5695.0,4.411,0.961,0,FALSE POSITIVE,9842937
3.543919702,1.8717,507.0,1.21,0.022,38.2,652.0,42.68,3879.0,4.708,0.537,1,CONFIRMED,9757613
8.83929462,1.719,316.2,1.94,0.924,14.8,778.0,86.5,5330.0,4.491,0.87,1,CONFIRMED,11962284
0.631795416,1.0703,145.2,1.88,0.433,24.7,2797.0,14547.08,6414.0,4.173,1.519,0,FALSE POSITIVE,2573056
7.56126152,2.851,180.6,1.2,0.253,15.7,891.0,149.17,5853.0,4.529,0.895,1,CONFIRMED,6842682
34.9897847,4.208,498.5,1.14,0.034,11.5,292.0,1.71,3765.0,4.725,0.521,1,CONFIRMED,8890150
7.05429483,1.716,359.3,1.0,0.48,11.2,497.0,14.46,3765.0,4.725,0.521,1,CONFIRMED,8890150
26.7838935,4.584,365.3,1.59,0.036,20.9,523.0,17.69,5242.0,4.512,0.856,1,CONFIRMED,11360805
45.126216,6.656,373.1,2.32,0.49,17.1,604.0,31.54,6499.0,4.378,1.169,1,CONFIRMED,9845898
11.94019101,2.866,631.7,1.86,0.348,15.6,625.0,35.99,5073.0,4.607,0.748,1,CONFIRMED,12453581
3.51295674,3.06,83.1,1.1,0.499,22.5,1434.0,999.6,6453.0,4.326,1.17,0,FALSE POSITIVE,11922678
48.4313003,4.03,886.4,2.78,0.846,17.3,396.0,5.81,4891.0,4.516,0.805,1,CONFIRMED,11179076
7.203855862,2.5418,1765.9,2.25,0.037,101.1,509.0,15.87,3834.0,4.708,0.539,1,CONFIRMED,5364071
6.73808701,2.591,92.9,0.73,0.148,14.4,786.0,90.19,5168.0,4.566,0.769,1,CONFIRMED,5959719
7.57571414,2.357,418.5,2.45,0.413,12.8,1075.0,315.8,6418.0,4.395,1.171,0,FALSE POSITIVE,5544903
4.76887671,1.672,115.8,2.11,0.654,20.0,1532.0,1303.61,6063.0,3.926,1.855,0,FALSE POSITIVE,5542983
1.347512632,1.9817,2651.8,23.45,1.252,88.7,1346.0,775.18,5316.0,4.585,0.685,0,FALSE POSITIVE,8256453
0.512581697,1.5789,259.1,1.32,0.283,45.2,2009.0,3827.79,5547.0,4.571,0.82,0,FALSE POSITIVE,9474493
12.07760884,2.233,151.0,1.03,0.264,14.0,708.0,59.51,5370.0,4.471,0.845,0,FALSE POSITIVE,4551663
6.38315744,1.7075,1112.6,2.35,0.029,23.8,787.0,91.0,5262.0,4.623,0.714,0,FALSE POSITIVE,11752908
27.52194772,4.047,2312.8,2.47,0.35,106.5,314.0,2.28,3780.0,4.746,0.511,1,CONFIRMED,7021681
16.1289679,6.271,389.0,2.94,0.968,21.3,715.0,61.87,5392.0,4.314,1.087,1,CONFIRMED,4346178
13.5631157,5.438,336.4,1.75,0.704,15.4,733.0,68.41,5853.0,4.529,0.895,1,CONFIRMED,9664142
16.2959916,2.116,369.6,1.83,0.213,15.7,678.0,49.81,5495.0,4.442,0.961,1,CONFIRMED,10018233
4.16056658,2.61,75.8,0.7,0.069,16.3,985.0,222.54,5481.0,4.574,0.815,1,CONFIRMED,8081899
2.93101771,2.231,199.1,1.15,0.523,15.0,1134.0,390.28,5485.0,4.5,0.788,0,FALSE POSITIVE,10189557
39.79220077,4.466,610.4,1.9,0.019,179.5,458.0,10.38,5437.0,4.571,0.781,1,CONFIRMED,8478994
16.2276756,3.699,525.8,2.11,0.633,20.5,648.0,41.57,5328.0,4.447,0.883,0,FALSE POSITIVE,9965184
1.595630597,1.793,259.6,17.94,1.21,18.3,1346.0,778.05,5632.0,4.616,0.729,0,FALSE POSITIVE,9911882
14.8200596,3.902,184.9,0.96,0.059,21.9,552.0,21.92,4825.0,4.603,0.732,1,CONFIRMED,8631504
20.49041,4.369,661.8,2.34,0.011,23.3,625.0,36.01,5681.0,4.524,0.923,1,CONFIRMED,8110767
0.962827066,4.48,86.3,29.27,1.079,28.7,3399.0,31471.91,6534.0,3.647,3.028,0,FALSE POSITIVE,5471574
8.679037,2.864,301.6,1.79,0.224,19.9,949.0,191.84,6117.0,4.42,1.027,1,CONFIRMED,6767840
11.1296971,2.942,371.0,1.93,0.572,14.7,843.0,119.44,6122.0,4.487,0.964,1,CONFIRMED,8379705
2.7296036,2.721,145.6,1.53,0.509,18.4,1455.0,1056.15,5887.0,4.292,1.235,1,CONFIRMED,9896018
3.11604194,1.7763,345.2,1.59,0.195,18.8,1123.0,375.55,5591.0,4.559,0.86,1,CONFIRMED,11037511
46.82767725,1.9033,1537.7,2.13,0.393,32.4,276.0,1.37,3879.0,4.708,0.537,1,CONFIRMED,9757613
12.7372371,3.358,100.8,0.87,0.364,12.9,697.0,55.82,5420.0,4.502,0.868,1,CONFIRMED,11818872
40.0306267,4.815,214.5,2.01,0.322,19.5,617.0,34.19,5855.0,4.227,1.373,1,CONFIRMED,11771430
0.679336747,1.2188,240.7,1.4,0.209,36.7,1883.0,2982.78,5440.0,4.491,0.913,1,CONFIRMED,5513012
213.6103207,10.7643,110990.0,46.07,0.977,534.5,291.0,1.69,5931.0,4.554,0.845,0,FALSE POSITIVE,11761199
170.8658492,16.9895,29840.8,24.4,0.684,897.0,387.0,5.33,5989.0,4.221,1.324,0,FALSE POSITIVE,8074805
17.5509742,4.064,3859.0,5.97,0.2023,9.7,700.0,56.9,5780.0,4.438,1.0,0,FALSE POSITIVE,2437505
88.5122014,6.8214,2518.7,4.7,0.242,63.1,390.0,5.47,5593.0,4.45,0.945,1,CONFIRMED,11253827
10.21507506,3.395,258.6,1.5,0.1,17.4,780.0,87.48,5406.0,4.433,0.95,0,FALSE POSITIVE,3533469
8.3806973,3.028,650.8,1.91,0.5317,4.6,701.0,57.04,5062.0,4.601,0.735,0,FALSE POSITIVE,8956706
31.0572947,3.401,636.6,1.85,0.335,15.8,480.0,12.57,5395.0,4.615,0.734,1,CONFIRMED,7047363
15.1622287,7.332,479.8,3.12,0.959,28.5,829.0,111.74,6325.0,4.409,1.112,1,CONFIRMED,11968463
10.04378351,5.548,437.9,2.94,0.953,28.8,951.0,193.39,6325.0,4.409,1.112,1,CONFIRMED,11968463
4.5513988,2.457,188.7,1.13,0.248,19.4,907.0,159.65,5009.0,4.491,0.84,1,CONFIRMED,9880190
10.91274065,2.1801,1387.2,2.13,0.685,57.4,443.0,9.12,3834.0,4.708,0.539,1,CONFIRMED,5364071
12.2141545,10.262,535.8,18.13,1.175,24.7,683.0,51.37,5435.0,4.578,0.824,0,FALSE POSITIVE,5392702
3.732261,2.054,153.6,1.09,0.4,15.7,1119.0,369.47,5762.0,4.495,0.867,0,FALSE POSITIVE,8429566
3.03267135,1.774,42.4,0.6,0.238,15.6,1187.0,468.31,5640.0,4.492,0.921,1,CONFIRMED,10387742
5.34182466,3.577,70.5,0.95,0.07,19.2,1125.0,379.09,5767.0,4.287,1.135,1,CONFIRMED,7673841
2.131945045,1.8061,269.4,1.66,0.209,22.9,1418.0,955.16,5845.0,4.469,1.013,1,CONFIRMED,9827149
12.9462567,9.568,168.7,1.13,0.109,15.7,764.0,80.34,6058.0,4.54,0.867,1,CONFIRMED,5546691
5.77957133,2.5213,396.6,1.5,0.946,18.9,598.0,30.22,4102.0,4.687,0.581,1,CONFIRMED,12156347
11.6601667,5.882,181.0,2.08,0.983,20.4,834.0,114.36,5791.0,4.381,1.083,1,CONFIRMED,8547429
89.465468,9.88,67.9,2.57,0.931,5.7,549.0,21.43,5192.0,3.773,2.46,0,FALSE POSITIVE,8803882
18.0161227,4.016,499.5,2.39,0.023,16.7,768.0,82.38,6245.0,4.406,1.065,1,CONFIRMED,9893318
40.8777605,9.745,719.1,29.55,1.262,23.6,526.0,18.15,5930.0,4.489,0.937,0,FALSE POSITIVE,6864885
6.80243431,3.817,249.1,2.6,1.0,14.9,895.0,151.72,5836.0,4.561,0.816,0,FALSE POSITIVE,5097868
84.5733346,5.762,891.6,2.59,0.024,20.4,366.0,4.26,5418.0,4.543,0.888,1,CONFIRMED,8570333
21.30181863,3.8763,87.3,0.72,0.086,32.4,564.0,23.89,5437.0,4.571,0.781,1,CONFIRMED,8478994
4.14789051,3.829,137.6,1.93,0.878,16.4,1389.0,878.32,6150.0,4.223,1.417,1,CONFIRMED,5036705
19.0054098,1.843,542.4,28.47,1.228,20.2,758.0,78.19,6347.0,4.423,1.036,1,CONFIRMED,9653622
1.96433113,2.381,139.1,1.33,0.16,14.2,1638.0,1704.63,6306.0,4.405,1.121,0,FALSE POSITIVE,4391348
0.968527683,1.3672,114.6,1.21,0.941,16.9,1677.0,1867.0,5580.0,4.538,0.886,1,CONFIRMED,8947520
0.664074145,1.0925,212.6,1.19,0.525,20.9,1703.0,1998.48,5178.0,4.585,0.797,1,CONFIRMED,10468885
11.7489907,4.043,36.7,1.01,0.1228,12.5,1114.0,363.51,6440.0,4.081,1.655,0,FALSE POSITIVE,12016267
3.849371737,2.632,1298.6,12.94,0.915,132.7,2034.0,4055.29,6244.0,3.657,2.992,1,CONFIRMED,3861595
0.366197145,1.2335,275.3,51.34,0.319,16.7,9983.0,2335438.28,4448.0,1.694,31.5,0,FALSE POSITIVE,5725087
4.164384505,1.8464,2338.0,2.54,0.59,132.1,590.0,28.75,3808.0,4.754,0.508,1,CONFIRMED,10489206
2.10433534,1.1168,242.1,0.79,0.872,20.7,662.0,45.34,3605.0,4.837,0.433,1,CONFIRMED,3426367
28.8431751,3.171,756.7,2.66,0.913,15.0,491.0,13.77,5151.0,4.528,0.785,1,CONFIRMED,5562090
1.378649746,1.2232,22462.0,6.51,0.099,172.2,734.0,68.34,3440.0,4.82,0.439,0,FALSE POSITIVE,11548140
1.112207126,1.35,54.7,0.73,0.402,13.0,1797.0,2467.09,6046.0,4.486,0.972,0,FALSE POSITIVE,12110786
1.303576682,1.021,245.5,1.51,0.08,22.1,1694.0,1940.45,6045.0,4.494,0.955,0,FALSE POSITIVE,3654095
1.958577398,2.388,453.0,1.8,0.59,24.5,1252.0,579.19,5402.0,4.568,0.816,0,FALSE POSITIVE,5078939
5.19103699,4.222,290.1,1.92,0.117,25.2,1183.0,462.91,6321.0,4.417,1.125,1,CONFIRMED,6867555
4.86638504,2.296,143.8,1.32,0.176,17.1,1121.0,372.7,5688.0,4.333,1.111,1,CONFIRMED,5339567
4.79176993,4.52,116.6,0.81,0.372,23.0,883.0,143.74,5138.0,4.536,0.756,0,FALSE POSITIVE,4459924
25.1933989,4.62,481.2,1.95,0.679,18.0,513.0,16.34,5009.0,4.491,0.84,1,CONFIRMED,11080405
0.759762021,4.912,227.0,24.2,1.183,65.3,2280.0,6419.35,6386.0,4.402,1.123,0,FALSE POSITIVE,5529738
6.49441464,2.344,357.3,1.75,0.911,17.7,732.0,68.05,4769.0,4.557,0.742,1,CONFIRMED,10059645
2.576571021,1.5997,852.8,1.57,0.187,63.6,717.0,62.42,3834.0,4.708,0.539,1,CONFIRMED,5364071
28.4750006,4.718,763.8,2.64,0.835,21.4,489.0,13.5,4996.0,4.497,0.831,1,CONFIRMED,7183745
14.7966306,5.613,56.1,0.98,0.182,22.4,874.0,138.25,6175.0,4.299,1.307,1,CONFIRMED,8212002
11.25401871,4.759,433.4,2.42,0.603,17.0,888.0,147.13,5995.0,4.351,1.118,1,CONFIRMED,8004903
9.18244299,4.318,87.6,1.24,0.257,20.3,1052.0,289.74,6194.0,4.242,1.314,1,CONFIRMED,8883329
14.6134781,5.266,72.8,1.12,0.086,15.2,901.0,155.87,6194.0,4.242,1.314,1,CONFIRMED,8883329
119.682075,31.28,1704.1,30.39,1.259,38.1,351.0,3.59,5778.0,4.531,0.911,0,FALSE POSITIVE,3644653
42.9923284,4.726,1120.1,3.32,0.643,34.1,496.0,14.33,5593.0,4.45,0.945,1,CONFIRMED,11253827
6.88341278,2.0674,487.4,2.63,0.083,35.4,1080.0,321.63,6139.0,4.359,1.193,1,CONFIRMED,5514383
4.593595496,2.7468,45034.0,44.14,1.147,92.0,1022.0,258.12,5717.0,4.538,0.884,0,FALSE POSITIVE,10747445
197.5111484,11.106,2575.6,9.52,0.814,175.2,391.0,5.54,5616.0,4.004,1.674,1,CONFIRMED,8022489
11.1726723,6.106,76.8,1.5,0.504,17.0,1019.0,255.06,5616.0,4.004,1.674,1,CONFIRMED,8022489
2.53573284,3.989,68.0,1.36,0.054,25.5,1671.0,1842.18,5616.0,4.004,1.674,1,CONFIRMED,8022489
6.79164656,3.343,102.6,1.01,0.121,18.5,994.0,230.81,5772.0,4.351,1.003,1,CONFIRMED,9209624
11.8376933,3.381,92.9,1.0,0.557,12.7,826.0,110.03,5772.0,4.351,1.003,1,CONFIRMED,9209624
18.5525162,4.385,771.5,2.53,0.78,17.2,612.0,33.14,5569.0,4.566,0.829,1,CONFIRMED,3354846
13.3669309,3.733,12.2,0.27,0.4064,7.4,656.0,43.71,5417.0,4.567,0.772,1,CONFIRMED,8478994
1.045492348,2.933,28.7,0.83,0.708,21.7,2291.0,6522.69,6057.0,4.088,1.457,0,FALSE POSITIVE,3946023
4.86634094,1.885,366.7,1.94,0.895,15.2,881.0,142.39,4996.0,4.497,0.831,1,CONFIRMED,7183745
5.60402307,1.0273,224.9,1.25,0.8,20.6,774.0,84.65,4847.0,4.581,0.737,1,CONFIRMED,9177629
13.0313583,4.521,573.3,2.88,0.813,18.9,774.0,84.94,5514.0,4.345,1.071,1,CONFIRMED,7778767
40.9905002,7.336,297.3,2.41,0.048,15.4,627.0,36.5,5842.0,4.17,1.41,1,CONFIRMED,7515762
57.2932309,4.878,773.6,1.95,0.021,15.7,355.0,3.76,4806.0,4.564,0.729,1,CONFIRMED,5942949
8.00504749,3.32,187.5,1.52,0.054,15.6,1035.0,271.68,6398.0,4.411,1.101,1,CONFIRMED,12120307
12.13070414,3.843,211.2,1.61,0.083,15.3,901.0,155.85,6398.0,4.411,1.101,1,CONFIRMED,12120307
5.61357653,2.905,162.3,1.41,0.119,15.2,1165.0,435.61,6398.0,4.411,1.101,1,CONFIRMED,12120307
1.33255087,3.565,123.3,1.19,0.415,14.0,1728.0,2107.29,5774.0,4.347,1.054,0,FALSE POSITIVE,9777251
40.8792243,7.005,413.6,1.62,0.79,23.4,437.0,8.59,5383.0,4.609,0.72,0,FALSE POSITIVE,6864893
18.8262877,2.344,795.8,2.34,0.198,19.9,591.0,28.85,5215.0,4.481,0.845,1,CONFIRMED,11701407
3.41045981,2.866,136.2,1.06,0.971,22.5,892.0,149.88,4983.0,4.66,0.651,1,CONFIRMED,11288051
4.76702759,2.013,163.4,1.19,0.077,14.3,1046.0,282.97,5629.0,4.43,0.937,1,CONFIRMED,10813132
13.62801048,3.5374,912.8,3.28,0.927,26.7,639.0,39.48,5052.0,4.48,0.855,1,CONFIRMED,5857540
16.83203175,4.031,326.0,1.86,0.533,21.6,690.0,53.44,5518.0,4.4,1.008,1,CONFIRMED,7289317
13.37499553,1.639,458.1,2.01,0.045,16.9,703.0,57.85,5263.0,4.404,0.961,0,FALSE POSITIVE,6500206
4.35370136,1.913,168.9,1.33,0.535,12.2,1179.0,456.83,5992.0,4.382,0.985,0,FALSE POSITIVE,5545815
134.96694,18.43,68.4,0.87,0.0156,6.9,385.0,5.18,6154.0,4.416,1.053,0,FALSE POSITIVE,3116302
1.385787741,1.6449,85.4,0.55,0.35,19.1,1008.0,245.15,4239.0,4.667,0.6,1,CONFIRMED,7879433
12.02295362,1.2667,778.6,3.28,0.965,20.1,776.0,85.78,5982.0,4.535,0.879,1,CONFIRMED,9205907
16.79716262,3.83,1023.8,2.75,0.899,21.2,503.0,15.19,4652.0,4.617,0.697,1,CONFIRMED,8463346
18.59611518,2.3052,813.8,1.53,0.014,27.6,371.0,4.48,3834.0,4.708,0.539,1,CONFIRMED,5364071
5.77440326,1.768,245.3,0.8,0.425,11.8,529.0,18.6,3808.0,4.754,0.508,1,CONFIRMED,10489206
2.622134451,4.735,128.2,1.64,0.664,42.9,1548.0,1359.14,5864.0,4.199,1.369,0,FALSE POSITIVE,7531677
11.47685263,2.756,240.6,1.58,0.07,16.5,796.0,94.94,5550.0,4.384,1.032,1,CONFIRMED,10068659
40.0088894,3.616,582.3,20.75,1.16,20.2,585.0,27.65,6237.0,4.403,1.023,0,FALSE POSITIVE,9718379
6.58738839,4.758,258.5,1.35,0.523,15.7,871.0,136.02,5616.0,4.564,0.822,0,FALSE POSITIVE,4055774
0.759706632,1.0896,39.7,1.38,0.52,21.6,3834.0,51080.76,8621.0,4.101,2.094,0,FALSE POSITIVE,6670075
4.37033233,2.845,177.8,1.56,0.093,17.7,1191.0,475.39,5657.0,4.282,1.182,1,CONFIRMED,9395024
1.08070294,3.363,145.6,1.04,0.688,17.6,1565.0,1419.52,5482.0,4.539,0.813,0,FALSE POSITIVE,11401822
4.74254518,1.023,305.7,1.77,0.051,13.2,1118.0,369.34,6046.0,4.478,1.007,0,FALSE POSITIVE,6507427
18.13559979,2.019,452.7,24.49,1.194,16.4,744.0,72.36,6184.0,4.448,1.038,0,FALSE POSITIVE,5521300
51.20690303,8.99,,,,,,,,,,1,CONFIRMED,8478994
3.70429015,3.37,55.7,1.45,0.001,15.9,1839.0,2708.57,6732.0,3.958,1.927,1,CONFIRMED,9753154
37.3331165,7.643,187.8,2.5,0.851,22.5,657.0,44.17,5623.0,4.079,1.588,1,CONFIRMED,9011825
7.9709719,1.2893,488.4,2.27,0.911,17.3,760.0,79.1,5237.0,4.572,0.826,1,CONFIRMED,5174858
6.03355539,10.049,89.5,3.34,0.35,26.1,1598.0,1540.84,4924.0,3.356,3.588,1,CONFIRMED,11074835
3.02558494,3.0008,128.3,1.62,0.839,23.8,1484.0,1148.47,6123.0,4.263,1.263,1,CONFIRMED,1996180
0.933746783,4.255,417.5,1.3,0.007,62.8,1309.0,696.63,4643.0,4.61,0.663,0,FALSE POSITIVE,10407221
6.09740316,4.635,568.5,45.49,1.2051,14.0,1826.0,2630.31,8828.0,4.227,1.828,0,FALSE POSITIVE,5991936
2.7612237,3.681,66.8,1.84,0.238,14.2,2017.0,3906.36,6381.0,3.897,2.232,1,CONFIRMED,6269070
5.59727625,1.659,200.8,1.26,0.403,15.3,975.0,213.15,5796.0,4.522,0.876,0,FALSE POSITIVE,6705137
50.5715805,3.726,1282.6,2.74,0.074,19.9,406.0,6.44,5262.0,4.59,0.783,0,FALSE POSITIVE,8345172
2.032319072,1.6762,315.5,1.87,0.133,24.5,1542.0,1333.35,6156.0,4.443,1.05,1,CONFIRMED,12254378
4.100870416,8.15361,123521.0,82.46,0.938,2619.2,1413.0,939.61,5923.0,4.118,1.51,0,FALSE POSITIVE,4247791
4.35407371,2.427,277.1,1.63,0.734,19.0,1043.0,279.53,5455.0,4.421,0.909,1,CONFIRMED,7604328
11.32269749,3.517,311.0,1.51,0.951,16.0,554.0,22.24,4563.0,4.624,0.642,1,CONFIRMED,11236244
13.71218522,2.437,786.7,2.47,0.68,22.6,676.0,49.26,5550.0,4.562,0.831,1,CONFIRMED,9837685
12.14684625,6.197,70.7,1.75,0.687,27.1,1097.0,342.49,5877.0,3.927,1.963,1,CONFIRMED,5042210
7.46718958,3.633,75.7,1.04,0.486,18.8,1035.0,271.25,6161.0,4.399,1.169,1,CONFIRMED,12454461
48.8882668,6.468,462.8,2.96,0.988,13.5,386.0,5.23,4821.0,4.529,0.788,1,CONFIRMED,9635606
51.1319346,6.019,382.3,2.43,0.829,19.6,542.0,20.36,6071.0,4.353,1.107,1,CONFIRMED,3728701
133.516435,2.196,510.0,2.01,0.6285,6.5,344.0,3.3,5989.0,4.553,0.848,0,FALSE POSITIVE,10861715
39.8312536,2.442,388.8,1.46,0.24,15.8,420.0,7.33,5026.0,4.58,0.759,1,CONFIRMED,1849702
9.549277089,1.5832,1826.9,1.57,0.068,112.2,374.0,4.62,3547.0,4.899,0.369,1,CONFIRMED,9390653
17.60461401,3.716,2292.1,2.64,0.715,80.1,362.0,4.07,3744.0,4.737,0.516,1,CONFIRMED,11187837
1.228721184,1.041,465.6,1.62,0.208,26.4,1324.0,728.99,4897.0,4.542,0.764,0,FALSE POSITIVE,8885673
4.69505576,3.058,240.0,1.49,0.204,15.9,1098.0,343.6,5999.0,4.494,0.959,1,CONFIRMED,8025596
0.569115976,2.028,796.9,1.8,0.068,59.8,1589.0,1504.24,4788.0,4.61,0.656,0,FALSE POSITIVE,5956787
7.258450123,5.7297,3714.7,5.53,0.05,288.6,880.0,141.3,5638.0,4.513,0.92,0,FALSE POSITIVE,3642741
6.0959841,10.39,112.7,0.99,0.657,29.2,988.0,225.07,5826.0,4.43,0.885,0,FALSE POSITIVE,12071037
22.9221181,8.2,140.3,1.33,0.603,24.0,684.0,51.7,5897.0,4.357,1.081,1,CONFIRMED,8494617
16.10474503,5.712,124.1,3.21,0.224,25.4,1159.0,425.93,5822.0,3.683,2.886,1,CONFIRMED,10289119
7.42697378,3.206,205.2,1.4,0.337,15.4,899.0,154.52,5573.0,4.434,0.982,1,CONFIRMED,7382313
0.874629873,1.782,68.1,0.72,0.665,19.2,1597.0,1538.25,5099.0,4.491,0.832,0,FALSE POSITIVE,9887224
5.46091846,1.781,172.0,1.25,0.4,21.2,1106.0,353.34,6319.0,4.465,0.93,0,FALSE POSITIVE,7542369
3.17323012,1.9094,204.5,0.88,0.085,21.4,830.0,112.21,4500.0,4.632,0.633,1,CONFIRMED,8544992
13.2970695,3.283,219.7,0.91,0.03,14.9,515.0,16.64,4500.0,4.632,0.633,1,CONFIRMED,8544992
5.398752862,3.4303,346.5,2.21,0.015,289.6,1140.0,398.33,5790.0,4.279,1.198,1,CONFIRMED,11295426
5.26648126,1.964,97.8,1.07,0.403,16.0,1155.0,420.53,6204.0,4.394,1.065,0,FALSE POSITIVE,7289162
2.67596808,2.021,420.6,1.57,0.115,17.5,998.0,234.19,4732.0,4.53,0.795,0,FALSE POSITIVE,3001885
7.41683033,7.274,72.6,3.36,0.873,20.6,1425.0,973.85,4938.0,3.45,3.324,1,CONFIRMED,12306058
0.727331746,0.8323,357.4,0.67,0.153,20.4,849.0,122.92,3460.0,4.92,0.356,1,CONFIRMED,6183511
1.302017467,1.3692,290.5,1.37,0.286,21.4,1344.0,772.73,4948.0,4.508,0.816,1,CONFIRMED,12469800
8.63050092,3.144,325.8,1.43,0.595,14.9,739.0,70.63,5352.0,4.599,0.764,1,CONFIRMED,4915638
12.49117388,2.848,189.9,1.36,0.747,17.0,763.0,80.08,5753.0,4.461,0.911,0,FALSE POSITIVE,6351097
3.27645723,2.219,323.0,1.71,0.001,17.9,1195.0,482.56,5812.0,4.504,0.963,1,CONFIRMED,8081905
16.0573291,3.546,575.0,2.27,0.883,17.5,645.0,41.04,5644.0,4.575,0.806,1,CONFIRMED,11465950
8.44326557,3.353,359.5,1.97,0.42,19.0,934.0,179.79,6081.0,4.468,1.023,0,FALSE POSITIVE,9996632
4.60300256,2.6848,302.5,1.32,0.072,22.2,848.0,122.02,4821.0,4.529,0.788,1,CONFIRMED,4665571
16.9329284,1.218,488.3,2.46,0.319,20.4,793.0,93.34,6310.0,4.417,1.095,0,FALSE POSITIVE,4829935
12.00089667,3.266,420.7,1.47,0.595,20.0,632.0,37.81,5195.0,4.598,0.69,1,CONFIRMED,9269042
1.169010526,1.1717,165.9,91.91,1.13,37.1,3766.0,47688.8,5944.0,3.25,5.847,0,FALSE POSITIVE,6199056
1.916940872,1.4243,105.1,0.89,0.405,17.7,1246.0,571.25,5083.0,4.468,0.872,1,CONFIRMED,11461433
5.05661302,3.926,137.9,1.15,0.616,17.6,1049.0,286.32,5926.0,4.506,0.939,1,CONFIRMED,11818607
24.3344939,6.557,323.1,1.74,0.017,18.1,647.0,41.3,6091.0,4.487,0.967,1,CONFIRMED,8380709
131.187921,6.905,915.9,2.34,0.069,23.9,284.0,1.54,4898.0,4.518,0.803,1,CONFIRMED,6149910
2.17489806,4.599,74.8,1.08,0.76,29.3,1496.0,1187.26,5749.0,4.323,1.15,0,FALSE POSITIVE,9108085
25.8859397,4.548,217.1,1.66,0.922,16.1,542.0,20.35,5190.0,4.446,0.899,1,CONFIRMED,5436013
28.6253502,4.551,652.7,2.38,0.021,18.3,573.0,25.54,5774.0,4.508,0.941,1,CONFIRMED,8676148
6.98141327,6.527,38.0,1.42,0.699,20.9,1384.0,865.81,6054.0,3.923,2.163,1,CONFIRMED,9696358
1.319677953,1.978,100.7,1.13,0.62,17.4,1843.0,2729.71,6306.0,4.426,1.076,0,FALSE POSITIVE,5039129
8.94337724,2.469,215.1,1.48,0.163,18.4,946.0,188.93,6074.0,4.375,1.005,1,CONFIRMED,4484336
12.282998287,2.7096,2794.7,2.83,0.047,137.2,431.0,8.14,3879.0,4.708,0.537,1,CONFIRMED,9757613
0.328686504,0.8592,171.9,1.11,0.233,26.8,2324.0,6891.11,5430.0,4.535,0.847,0,FALSE POSITIVE,10527135
6.383159135,1.7504,2313.2,2.73,0.197,64.4,530.0,18.73,3757.0,4.681,0.576,1,CONFIRMED,11752906
5.57654782,3.673,53.6,0.92,0.45,13.2,1183.0,462.81,6187.0,4.341,1.238,1,CONFIRMED,10916600
115.6863392,4.65,945.9,3.52,0.226,20.7,401.0,6.09,5800.0,4.327,1.149,1,CONFIRMED,8429314
3.81371423,1.973,281.0,1.37,0.306,11.4,1029.0,264.63,5547.0,4.571,0.82,1,CONFIRMED,9153570
38.0970717,4.307,913.3,1.58,0.953,17.0,242.0,0.81,3554.0,4.867,0.398,1,CONFIRMED,11768142
2.637574744,5.4573,5423.5,9.16,0.909,222.8,1385.0,868.86,6108.0,4.466,1.03,0,FALSE POSITIVE,9592579
16.3012727,3.974,259.5,1.54,0.88,19.7,557.0,22.73,4873.0,4.558,0.796,1,CONFIRMED,8481129
13.32354078,3.873,116.6,1.32,0.225,16.3,872.0,136.61,6113.0,4.341,1.218,1,CONFIRMED,2142522
2.607545159,1.3916,351.5,2.07,0.206,23.0,1431.0,993.79,6147.0,4.435,1.096,1,CONFIRMED,9395719
3.24417541,1.992,371.9,1.84,0.761,18.0,1047.0,283.66,5094.0,4.469,0.87,1,CONFIRMED,8753896
6.85567248,2.268,197.7,1.27,0.479,17.2,897.0,153.07,5734.0,4.538,0.883,0,FALSE POSITIVE,8746295
2.28607282,7.82,261.8,1.01,0.059,35.9,942.0,186.39,4583.0,4.65,0.654,0,FALSE POSITIVE,10090257
9.60505976,3.0063,55.0,0.91,0.54,32.2,941.0,185.15,5790.0,4.279,1.198,1,CONFIRMED,11295426
3.54789928,2.861,185.3,0.99,0.325,13.6,987.0,224.45,5399.0,4.619,0.725,0,FALSE POSITIVE,10679583
3.65690909,2.064,107.4,1.32,0.217,12.8,1368.0,828.52,6078.0,4.294,1.271,1,CONFIRMED,8757824
88.0712769,6.758,885.4,2.4,0.347,18.1,330.0,2.79,4939.0,4.506,0.819,1,CONFIRMED,9832208
8.38395796,5.2,108.5,3.24,0.892,14.1,1285.0,645.64,5405.0,3.741,2.605,1,CONFIRMED,6124512
1.68189051,2.992,83.2,1.27,0.415,17.4,1790.0,2432.14,5827.0,4.191,1.374,1,CONFIRMED,10070468
8.59000355,6.68,298.1,1.82,0.909,18.9,843.0,119.26,5817.0,4.538,0.876,0,FALSE POSITIVE,10031656
44.9977604,9.686,170.2,1.59,0.928,21.4,508.0,15.74,5871.0,4.493,0.983,1,CONFIRMED,7584650
7.12815163,5.522,45.9,1.36,0.201,22.0,1373.0,839.5,6311.0,3.998,1.994,1,CONFIRMED,11337566
0.872952088,1.4499,137.3,25.5,1.1,41.6,3165.0,23715.46,7102.0,3.972,2.082,0,FALSE POSITIVE,10202759
7.01074295,2.1787,222.8,3.76,0.427,21.3,1453.0,1054.63,5814.0,3.745,2.476,1,CONFIRMED,5007345
17.2922631,7.042,203.1,2.13,0.865,23.7,809.0,101.22,5936.0,4.261,1.299,1,CONFIRMED,12120484
94.289223,4.102,505.4,2.11,0.613,22.5,369.0,4.39,5632.0,4.537,0.904,1,CONFIRMED,6429812
14.02634692,1.2808,403.6,2.66,0.877,19.3,822.0,108.07,5970.0,4.355,1.131,1,CONFIRMED,6846911
12.425866431,29.1428,257.9,2.12,0.977,62.2,741.0,71.19,5428.0,4.404,0.94,0,FALSE POSITIVE,5385439
25.5433704,8.567,138.6,2.11,0.44,28.4,772.0,84.0,5422.0,3.945,1.782,1,CONFIRMED,5963582
33.8542586,12.689,253.3,15.96,0.1881,10.0,1326.0,730.99,4553.0,2.605,10.472,0,FALSE POSITIVE,4476423
45.0909201,4.605,436.3,2.44,0.957,14.1,487.0,13.27,5790.0,4.528,0.9,1,CONFIRMED,11403389
15.0539886,4.422,221.5,1.44,0.886,16.3,665.0,46.3,5475.0,4.479,0.818,1,CONFIRMED,9851662
159.388788,8.432,1033.0,2.73,0.109,17.3,289.0,1.65,5135.0,4.464,0.874,1,CONFIRMED,8758204
1.565412613,0.7572,2754.6,1.73,0.003,48.6,648.0,41.85,3464.0,4.923,0.328,1,CONFIRMED,8733898
5.14892346,0.9613,2355.0,1.72,0.719,25.4,436.0,8.54,3464.0,4.923,0.328,1,CONFIRMED,8733898
0.730943372,3.004,134.7,1.37,0.792,27.0,2190.0,5461.14,6143.0,4.418,1.067,0,FALSE POSITIVE,3228945
0.515552803,1.7869,1224.1,13.96,1.128,79.6,1807.0,2508.21,5068.0,4.556,0.73,0,FALSE POSITIVE,7008149
2.522590567,1.406,210.2,25.82,1.261,18.5,1205.0,499.07,5591.0,4.559,0.86,1,CONFIRMED,10332213
6.73968289,4.183,142.0,1.48,0.662,15.4,1011.0,246.9,5511.0,4.261,1.176,1,CONFIRMED,7090524
41.74598855,4.6125,421.8,2.4,0.049,110.5,584.0,27.58,5978.0,4.316,1.171,1,CONFIRMED,11133306
75.378004,6.744,447.8,3.82,0.989,20.5,455.0,10.13,5876.0,4.374,1.077,0,FALSE POSITIVE,6307063
213.258526,7.768,1992.3,2.72,0.037,36.1,202.0,0.39,4477.0,4.649,0.637,1,CONFIRMED,5871985
100.2830675,10.8636,351.2,2.51,0.535,81.9,475.0,12.07,6214.0,4.238,1.297,1,CONFIRMED,8292840
4.871223664,1.5916,6462.0,1.56,0.706,50.5,341.0,3.18,3157.0,5.112,0.18,1,CONFIRMED,9730163
2.984157711,1.2637,2598.0,0.92,0.45,24.3,401.0,6.12,3157.0,5.112,0.18,1,CONFIRMED,9730163
2.8867624,0.9879,631.8,1.24,0.92,37.1,557.0,22.75,3483.0,4.875,0.389,1,CONFIRMED,11453592
0.498434645,0.955,239.2,1.08,0.288,26.8,1676.0,1873.28,4784.0,4.618,0.708,0,FALSE POSITIVE,3834322
2.75505467,3.426,85.5,1.74,0.738,27.8,1783.0,2387.41,6257.0,4.063,1.748,0,FALSE POSITIVE,11188249
1.572181216,7.219,219.5,77.12,1.149,48.2,3384.0,30903.98,6622.0,3.421,4.315,0,FALSE POSITIVE,4677282
1.28805834,3.419,92.6,1.08,0.214,28.1,1736.0,2142.23,5631.0,4.33,1.132,0,FALSE POSITIVE,5097470
2.72288246,2.408,152.6,1.06,0.08,15.5,1162.0,431.75,5458.0,4.53,0.872,0,FALSE POSITIVE,4858610
1.574090323,1.5796,224.9,0.93,0.071,17.7,998.0,234.92,4313.0,4.662,0.65,1,CONFIRMED,10591855
0.947738312,1.206,202.2,0.88,0.022,13.9,1229.0,537.85,4464.0,4.643,0.638,0,FALSE POSITIVE,4832175
13.7872627,5.747,75.1,1.55,0.921,23.9,894.0,150.64,5691.0,4.139,1.458,1,CONFIRMED,7749773
14.4359459,3.414,107.3,1.46,0.613,22.0,884.0,144.45,6075.0,4.264,1.352,1,CONFIRMED,9451706
5.95958637,2.899,133.1,1.02,0.26,16.1,897.0,153.48,5452.0,4.535,0.9,1,CONFIRMED,10064256
0.497581917,1.46,140.6,0.76,0.328,17.1,1801.0,2487.04,5271.0,4.634,0.63,0,FALSE POSITIVE,4381282
2.279523364,1.6202,126.8,0.87,0.033,16.7,1123.0,374.78,5017.0,4.516,0.797,1,CONFIRMED,7609553
12.2854718,2.996,1617.1,2.21,0.291,23.8,434.0,8.39,3891.0,4.718,0.564,1,CONFIRMED,10122538
5.53609368,2.2942,1223.3,2.2,0.791,22.6,566.0,24.23,3891.0,4.718,0.564,1,CONFIRMED,10122538
58.0337426,5.584,807.1,3.21,0.021,34.9,486.0,13.17,5467.0,4.271,1.152,1,CONFIRMED,5480640
14.4252635,3.754,221.2,1.68,0.013,15.2,773.0,84.28,5467.0,4.271,1.152,1,CONFIRMED,5480640
26.6757818,2.696,474.8,2.69,0.713,20.0,630.0,37.15,5467.0,4.271,1.152,1,CONFIRMED,5480640
0.868386354,1.066,488.5,1.52,0.135,27.3,1389.0,880.33,4792.0,4.627,0.704,1,CONFIRMED,5175986
11.8288843,3.337,191.0,1.18,0.2658,9.1,730.0,67.13,5653.0,4.551,0.857,1,CONFIRMED,9008737
14.7512034,1.25,261.1,1.63,0.8759,8.3,678.0,49.97,5653.0,4.551,0.857,1,CONFIRMED,9008737
1.480323978,1.833,166.2,1.46,0.617,43.4,1743.0,2180.25,5996.0,4.342,1.081,0,FALSE POSITIVE,9692128
6.88707073,4.4679,68.7,1.3,0.696,38.2,1155.0,420.97,5788.0,4.122,1.474,1,CONFIRMED,6521045
165.75597,8.45,57.3,15049.8,98.6021,12.8,398.0,5.96,5800.0,4.119,1.412,0,FALSE POSITIVE,8167959
1.11431205,2.112,160.4,1.07,0.141,15.5,1635.0,1691.99,5776.0,4.554,0.849,0,FALSE POSITIVE,4075015
3.42064689,1.767,356.8,2.27,0.92,13.9,1129.0,382.68,5370.0,4.411,0.966,1,CONFIRMED,6697605
0.675650404,1.8261,200.7,1.36,0.03,22.4,2085.0,4473.06,5966.0,4.493,0.961,1,CONFIRMED,6294819
17.7337356,5.558,217.3,1.24,0.514,17.0,597.0,29.95,5335.0,4.56,0.831,0,FALSE POSITIVE,3230753
10.06478627,2.86,285.7,1.49,0.729,18.6,729.0,66.74,5438.0,4.574,0.82,0,FALSE POSITIVE,8358012
1.12976597,3.096,133.7,0.83,0.338,14.3,1429.0,987.44,5366.0,4.625,0.715,0,FALSE POSITIVE,4664046
16.23191704,7.461,501.6,3.54,0.017,194.9,926.0,174.1,5919.0,4.042,1.585,1,CONFIRMED,11401755
15.4126766,3.402,599.8,2.82,0.958,7.5,618.0,34.56,5240.0,4.555,0.856,0,FALSE POSITIVE,4180401
1.110599919,1.3493,157.6,1.07,0.214,38.7,1539.0,1320.65,5227.0,4.463,0.867,0,FALSE POSITIVE,6350476
21.86965714,5.5177,125.5,1.51,0.557,43.5,790.0,92.0,6214.0,4.238,1.297,1,CONFIRMED,8292840
9.02436414,3.011,214.6,1.62,0.014,23.5,939.0,183.39,5885.0,4.348,1.111,1,CONFIRMED,5272233
17.3408735,3.398,159.0,1.43,0.489,13.5,755.0,76.86,5885.0,4.348,1.111,1,CONFIRMED,5272233
0.814280672,2.326,134.9,1.91,0.701,12.3,2563.0,10224.99,6366.0,4.167,1.543,0,FALSE POSITIVE,11456382
0.878855771,1.1014,269.7,1.57,0.41,25.3,1864.0,2857.19,5727.0,4.438,0.937,0,FALSE POSITIVE,3130548
2.49432176,2.3269,8043.0,8.91,0.069,43.2,1342.0,766.49,5780.0,4.438,1.0,0,FALSE POSITIVE,9593757
1.00652785,1.3175,125.9,1.03,0.467,17.9,1815.0,2556.97,6089.0,4.527,0.889,0,FALSE POSITIVE,4275117
1.99566293,4.514,197.0,1.11,0.564,21.9,1182.0,462.26,5235.0,4.595,0.771,0,FALSE POSITIVE,6545051
0.755111225,3.164,168.0,1.38,0.694,76.4,1999.0,3759.62,5780.0,4.438,1.0,0,FALSE POSITIVE,5513866
25.8730914,5.085,694.4,2.88,0.196,20.1,667.0,46.82,6036.0,4.382,1.093,1,CONFIRMED,5688910
20.2642023,4.664,185.3,2.12,0.914,19.9,770.0,82.92,5937.0,4.251,1.291,1,CONFIRMED,6345732
7.44136102,4.554,79.7,1.33,0.862,14.2,1075.0,315.02,5937.0,4.251,1.291,1,CONFIRMED,6345732
99.2532336,7.208,538.0,2.17,0.947,20.5,300.0,1.93,5010.0,4.623,0.715,1,CONFIRMED,8611257
3.84933401,2.299,503.9,2.12,0.591,13.6,1147.0,408.84,5984.0,4.521,0.906,0,FALSE POSITIVE,3861611
6.4802138,3.27,142.0,1.26,0.725,13.7,934.0,180.05,5496.0,4.417,0.983,1,CONFIRMED,10880507
21.3910125,3.512,645.8,1.72,0.347,25.1,483.0,12.88,4889.0,4.637,0.686,0,FALSE POSITIVE,5443604
14.3832267,8.378,178.5,1.84,0.7,39.0,889.0,147.78,6115.0,4.249,1.291,1,CONFIRMED,12206313
47.3186631,10.465,263.4,2.1,0.189,36.2,598.0,30.22,6115.0,4.249,1.291,1,CONFIRMED,12206313
11.12827427,2.6118,6057.0,4.04,0.594,65.6,408.0,6.52,3640.0,4.744,0.503,1,CONFIRMED,9837661
2.21571296,1.8211,285.1,1.7,0.796,22.1,1283.0,638.56,5417.0,4.447,0.901,1,CONFIRMED,7769819
34.4585495,7.434,431.0,1.88,0.626,23.7,559.0,23.05,6161.0,4.545,0.862,1,CONFIRMED,11874577
3.35184041,1.9855,345.3,1.88,0.091,20.0,1294.0,661.69,6198.0,4.464,1.005,1,CONFIRMED,12164564
1.615758517,1.734,41.7,1.31,0.234,18.0,2158.0,5140.67,5622.0,3.813,2.017,0,FALSE POSITIVE,8190354
3.4462125,2.101,83.5,0.7,0.704,15.6,1015.0,251.24,5374.0,4.555,0.721,1,CONFIRMED,10397751
2.005414293,1.934,59.5,0.65,0.874,13.9,1216.0,516.85,5374.0,4.555,0.721,1,CONFIRMED,10397751
1.868564038,1.192,176.7,1.4,0.456,17.2,1565.0,1417.56,6065.0,4.427,1.023,0,FALSE POSITIVE,7815931
15.1408916,4.359,476.8,1.93,0.136,20.1,714.0,61.42,5926.0,4.532,0.887,1,CONFIRMED,9642292
11.39169531,5.0,51.0,1.02,0.849,19.0,886.0,145.67,5557.0,4.198,1.249,1,CONFIRMED,6356692
2.44358543,1.852,59.1,0.67,0.258,11.9,1249.0,574.37,5561.0,4.486,0.873,1,CONFIRMED,4991208
1.7592691,2.381,140.4,1.21,0.564,13.5,1519.0,1254.94,5784.0,4.416,0.984,0,FALSE POSITIVE,8243283
2.226496196,1.7073,1839.1,2.1,0.048,36.0,697.0,55.76,3640.0,4.744,0.503,1,CONFIRMED,9837661
5.72084599,2.744,1316.0,1.78,0.166,20.5,509.0,15.84,3640.0,4.744,0.503,1,CONFIRMED,9837661
0.962864171,1.6802,303.5,1.52,0.736,31.6,1666.0,1828.67,5704.0,4.575,0.804,1,CONFIRMED,9092504
16.23847733,3.9699,646.7,2.76,0.766,125.8,711.0,60.35,5683.0,4.422,0.993,1,CONFIRMED,5383248
6.46004728,1.979,394.2,1.8,0.828,17.0,883.0,144.06,5704.0,4.575,0.804,1,CONFIRMED,9092504
4.76831033,3.2363,251.8,1.78,0.191,35.4,1219.0,522.81,6237.0,4.374,1.116,1,CONFIRMED,10001368
44.616751,7.831,239.7,2.31,0.618,28.4,693.0,54.56,6763.0,4.22,1.424,1,CONFIRMED,9466429
1.714410345,3.336,50.4,1.84,0.56,22.9,2551.0,10025.53,6340.0,3.731,2.498,0,FALSE POSITIVE,4365442
3.40165617,1.9617,155.9,1.34,0.906,19.9,1236.0,552.42,6177.0,4.516,0.906,1,CONFIRMED,8885643
14.00948631,3.399,169.9,0.98,0.268,22.6,617.0,34.32,5153.0,4.551,0.767,1,CONFIRMED,5652893
1.703359172,1.914,57.6,0.69,0.152,13.9,1525.0,1284.58,6026.0,4.503,0.904,0,FALSE POSITIVE,3241557
3.77881664,5.819,47.1,3.99,0.628,22.2,2580.0,10473.57,6115.0,3.267,5.544,0,FALSE POSITIVE,3957082
1.311558909,1.919,141.3,1.15,0.218,17.2,1655.0,1776.99,5926.0,4.501,0.963,1,CONFIRMED,8681833
1.291233083,1.855,66.0,0.89,0.2,15.9,1887.0,2993.7,6384.0,4.419,1.086,1,CONFIRMED,4138951
10.573751447,1.7259,298.9,2.07,0.785,82.0,844.0,120.25,5720.0,4.4,1.08,1,CONFIRMED,3102384
3.7847507,2.924,33.5,0.7,0.021,12.2,1311.0,699.15,6017.0,4.326,1.206,1,CONFIRMED,10471515
18.2206024,5.109,201.8,1.78,0.125,19.7,786.0,90.43,5951.0,4.283,1.262,1,CONFIRMED,8760040
47.4497134,10.675,206.4,1.61,0.016,16.9,551.0,21.82,6007.0,4.353,1.126,1,CONFIRMED,10098844
0.929906166,1.743,108.7,1.48,0.102,79.7,2291.0,6514.57,6039.0,4.169,1.413,1,CONFIRMED,9467404
0.784513087,1.9206,316.6,131.4,0.029,47.7,10634.0,3036857.56,3853.0,0.892,78.869,0,FALSE POSITIVE,5308666
4.11585514,1.4858,425.8,1.93,0.807,20.8,895.0,151.55,4827.0,4.508,0.823,1,CONFIRMED,5184911
33.878639,6.194,700.1,3.52,0.923,27.9,564.0,24.0,5533.0,4.348,1.072,1,CONFIRMED,6587105
27.5722144,5.256,296.3,1.94,0.562,20.0,636.0,38.62,5912.0,4.397,1.09,1,CONFIRMED,11662184
2.12821621,3.146,25.9,0.7,0.098,22.1,1668.0,1831.55,5952.0,4.227,1.377,1,CONFIRMED,11127479
0.703399912,0.823,531.4,2.15,0.393,32.0,2013.0,3879.31,5955.0,4.52,0.91,0,FALSE POSITIVE,5428668
2.5355023,7.189,354.6,2.7,0.965,37.6,1477.0,1127.68,6268.0,4.429,1.1,0,FALSE POSITIVE,5041569
1.332560553,3.315,31.7,0.4,0.37,26.1,1249.0,574.99,4947.0,4.621,0.714,0,FALSE POSITIVE,9899181
18.936061,22.27,24.3,0.34,0.285,14.0,516.0,16.7,4947.0,4.621,0.714,0,FALSE POSITIVE,9899181
10.65275054,2.684,740.7,2.2,0.051,17.5,737.0,69.81,5602.0,4.571,0.817,1,CONFIRMED,8884274
3.30040818,4.462,98.8,1.43,0.008,19.3,1543.0,1341.9,6333.0,4.229,1.438,1,CONFIRMED,7767162
5.62950902,6.542,297.5,2.11,0.974,14.3,979.0,216.41,5822.0,4.529,0.898,0,FALSE POSITIVE,4861791
24.2758992,4.59,702.2,2.25,0.441,17.0,580.0,26.68,5745.0,4.559,0.837,1,CONFIRMED,4385148
54.4099612,9.314,193.0,1.56,0.157,20.8,513.0,16.35,5746.0,4.309,1.133,1,CONFIRMED,9838468
9.12209336,4.347,906.8,28.17,1.236,22.2,863.0,131.35,5899.0,4.499,0.96,0,FALSE POSITIVE,6781548
19.94752741,1.756,861.3,2.52,0.094,16.0,625.0,36.14,5749.0,4.547,0.864,1,CONFIRMED,8617363
13.84984567,7.2783,84.6,1.45,0.012,35.2,977.0,214.98,5919.0,4.042,1.585,1,CONFIRMED,11401755
6.12479773,3.466,129.3,1.51,0.79,20.1,1140.0,399.43,6052.0,4.285,1.202,1,CONFIRMED,7673192
11.24284815,4.241,136.0,1.44,0.52,17.4,931.0,177.7,6052.0,4.285,1.202,1,CONFIRMED,7673192
4.02877097,3.173,100.4,1.21,0.193,18.6,1311.0,699.45,6052.0,4.285,1.202,1,CONFIRMED,7673192
8.92114318,3.933,110.8,1.27,0.12,15.3,1006.0,241.79,6052.0,4.285,1.202,1,CONFIRMED,7673192
7.81285862,4.098,117.3,1.68,0.03,32.3,1196.0,483.06,6237.0,4.136,1.543,1,CONFIRMED,11807274
18.01164974,6.7367,107.8,1.83,0.924,60.8,900.0,155.37,6477.0,4.224,1.459,1,CONFIRMED,7670943
0.916142298,1.1555,98.5,0.6,0.232,23.0,1212.0,507.47,4374.0,4.639,0.614,1,CONFIRMED,6697756
0.597933473,1.918,106.0,1.24,0.562,26.0,2564.0,10196.42,6543.0,4.382,1.159,0,FALSE POSITIVE,5649833
2.69636494,3.892,109.0,1.24,0.628,22.2,1406.0,925.14,5653.0,4.25,1.139,0,FALSE POSITIVE,10518399
6.99205021,5.037,33.4,1.06,0.944,24.4,1194.0,479.87,6057.0,4.139,1.467,1,CONFIRMED,5905822
12.0999065,3.558,165.5,1.39,0.14,15.1,807.0,100.37,5553.0,4.33,1.098,1,CONFIRMED,10793172
5.36375016,2.94,114.3,1.15,0.008,14.4,1059.0,296.73,5553.0,4.33,1.098,1,CONFIRMED,10793172
3.17319407,2.512,135.8,0.91,0.211,16.2,1077.0,318.23,5369.0,4.508,0.784,0,FALSE POSITIVE,7136729
5.24368302,10.873,225.4,0.91,0.006,36.9,654.0,43.13,4194.0,4.633,0.629,0,FALSE POSITIVE,6364276
0.591280187,1.1656,135.0,1.3,0.395,21.6,2385.0,7620.01,6246.0,4.433,1.092,0,FALSE POSITIVE,5108946
3.93766786,4.655,24.3,1.36,0.226,16.8,1947.0,3388.82,6277.0,3.728,2.741,1,CONFIRMED,8801316
1.465943491,1.513,52.3,1.6,0.211,15.8,2472.0,8804.6,6230.0,3.847,2.19,0,FALSE POSITIVE,10876237
28.45489091,8.1593,1418.6,6.08,0.5,244.7,769.0,82.7,6206.0,4.159,1.573,1,CONFIRMED,12314973
1.952711161,0.872,403.0,2.58,0.962,30.7,1403.0,917.15,5741.0,4.495,0.946,1,CONFIRMED,3346154
0.620739667,2.477,108.2,29.28,1.158,30.8,2947.0,17924.29,6559.0,4.133,1.602,0,FALSE POSITIVE,5308387
0.587470828,2.4382,193.8,51.02,1.161,48.3,3434.0,33039.47,5787.0,3.678,2.667,0,FALSE POSITIVE,6233573
0.934924739,2.052,73.8,2.29,0.309,20.3,3156.0,23533.0,6477.0,3.781,2.628,0,FALSE POSITIVE,10363281
25.7054557,6.059,266.3,1.75,0.722,27.6,670.0,47.76,6326.0,4.459,1.001,0,FALSE POSITIVE,4861527
3.84822189,2.013,203.9,1.72,0.368,17.6,1283.0,641.53,5927.0,4.323,1.193,1,CONFIRMED,5775129
2.37752442,2.307,32.1,0.53,0.256,15.9,1278.0,632.62,5615.0,4.505,0.936,1,CONFIRMED,9898447
2.62838097,3.193,89.9,1.01,0.087,15.3,1375.0,846.09,5884.0,4.408,1.07,0,FALSE POSITIVE,5307568
1.877878538,2.39,47.5,0.78,0.248,20.6,1701.0,1977.35,6324.0,4.352,1.115,1,CONFIRMED,11135308
35.3331932,5.966,99.7,1.55,0.656,28.8,670.0,47.52,5788.0,4.122,1.474,1,CONFIRMED,6521045
15.0896415,4.3349,77.8,1.42,0.02,29.5,968.0,207.64,6063.0,4.061,1.613,1,CONFIRMED,8077137
5.30873978,3.018,127.5,1.08,0.173,16.7,1042.0,279.21,5914.0,4.483,0.955,1,CONFIRMED,7019524
3.89524296,1.689,189.0,1.13,0.224,16.2,956.0,197.66,5018.0,4.492,0.838,1,CONFIRMED,5106313
0.740926358,1.0163,195.5,1.22,0.202,20.0,1873.0,2909.21,5618.0,4.494,0.874,1,CONFIRMED,9825174
1.352564873,3.469,56.7,1.45,0.669,34.9,2447.0,8505.97,6463.0,3.959,1.823,0,FALSE POSITIVE,8429415
7.72768833,2.06,404.8,1.89,0.203,14.6,899.0,154.46,5765.0,4.468,0.94,0,FALSE POSITIVE,5014903
37.3033197,7.793,551.7,2.31,0.908,19.5,493.0,14.0,5646.0,4.55,0.817,1,CONFIRMED,5980783
31.9729501,9.41,156.3,2.41,0.773,38.3,757.0,77.49,6007.0,4.064,1.759,0,FALSE POSITIVE,8560804
14.8877665,4.981,252.5,1.96,0.795,28.4,831.0,112.85,6143.0,4.344,1.116,1,CONFIRMED,12008872
4.52158614,3.4702,106.2,1.31,0.203,26.2,1214.0,513.68,5576.0,4.201,1.289,1,CONFIRMED,8415200
2.007750531,2.0715,352.0,1.64,0.42,21.8,1319.0,716.79,5645.0,4.549,0.865,0,FALSE POSITIVE,4072333
7.03146295,5.922,85.4,1.38,0.014,33.8,1194.0,480.26,6170.0,4.192,1.499,1,CONFIRMED,9886361
54.2811949,5.517,147.8,2.07,0.85,20.0,604.0,31.45,6170.0,4.192,1.499,1,CONFIRMED,9886361
0.596087893,0.7159,105.1,1.92,0.283,30.3,2967.0,18259.79,6049.0,3.997,1.827,0,FALSE POSITIVE,3730335
12.58229808,6.375,118.7,1.53,0.044,62.1,917.0,167.41,5587.0,4.091,1.423,1,CONFIRMED,6528464
7.12684695,3.179,206.3,1.38,0.71,20.7,941.0,185.17,6050.0,4.525,0.896,0,FALSE POSITIVE,7428316
0.661749944,4.112,215.6,23.92,1.169,34.5,2420.0,8123.02,6363.0,4.386,1.198,0,FALSE POSITIVE,10275766
354.95118,13.02,421.9,2.53,0.0405,7.0,303.0,1.99,6392.0,4.366,1.23,0,FALSE POSITIVE,10275766
1.35477049,1.618,145.3,0.8,0.24,14.8,1102.0,348.9,4414.0,4.621,0.689,0,FALSE POSITIVE,6370120
0.493393859,1.1319,264.7,1.4,0.961,20.3,1505.0,1203.14,4474.0,4.67,0.614,0,FALSE POSITIVE,5642620
11.95401876,2.656,855.9,2.1,0.744,19.3,525.0,17.92,4359.0,4.611,0.659,1,CONFIRMED,5209845
2.48883033,4.268,51.4,0.64,0.696,15.1,1230.0,540.34,5615.0,4.514,0.833,0,FALSE POSITIVE,9652649
20.2340219,3.674,193.6,0.99,0.249,11.5,562.0,23.53,5528.0,4.627,0.71,0,FALSE POSITIVE,11100670
0.88184263,1.3117,249.9,1.24,0.454,21.2,1564.0,1419.46,5268.0,4.594,0.776,1,CONFIRMED,6129524
5.448321078,2.2213,529.4,2.17,0.614,55.1,978.0,215.95,5721.0,4.517,0.905,1,CONFIRMED,5794570
1.116127169,1.3235,109.2,1.0,0.648,19.2,1659.0,1797.63,5721.0,4.517,0.905,1,CONFIRMED,5794570
195.613824,23.777,1651.9,10.65,0.891,102.7,467.0,11.24,5970.0,3.835,2.229,0,FALSE POSITIVE,5649325
3.833087643,1.51,461.4,2.25,0.932,40.2,1012.0,247.8,5397.0,4.543,0.831,1,CONFIRMED,6779260
9.37663713,2.1033,118.4,1.89,0.828,21.0,1125.0,379.3,6237.0,4.136,1.543,1,CONFIRMED,11807274
5.62006198,2.751,190.1,1.45,0.969,17.4,772.0,84.01,4868.0,4.6,0.746,1,CONFIRMED,5953297
3.8259005,1.8057,857.2,3.45,0.951,20.3,1005.0,241.25,5223.0,4.505,0.885,1,CONFIRMED,7659389
0.558841234,0.7918,280.9,1.33,0.307,26.3,1787.0,2412.15,5151.0,4.592,0.792,1,CONFIRMED,9472074
9.33648141,2.5449,885.4,2.39,0.901,23.1,577.0,26.22,4442.0,4.619,0.648,1,CONFIRMED,10842192
76.6139446,10.22,498.7,2.61,0.851,28.6,466.0,11.12,6173.0,4.408,1.03,1,CONFIRMED,2442448
1.545388842,3.037,52.8,0.56,0.341,20.6,1421.0,964.53,5782.0,4.594,0.767,0,FALSE POSITIVE,9665922
1.289590179,1.3541,286.0,1.38,0.401,18.9,1448.0,1040.23,5467.0,4.578,0.808,1,CONFIRMED,11283615
0.634003002,0.9207,316.9,1.35,0.367,21.0,1714.0,2030.16,5226.0,4.606,0.75,1,CONFIRMED,7605093
1.56859048,11.591,280.6,23.41,1.198,43.3,1693.0,1935.28,6248.0,4.442,1.002,0,FALSE POSITIVE,3859363
22.8030252,4.768,62.9,1.29,0.291,20.4,843.0,119.6,6063.0,4.061,1.613,1,CONFIRMED,8077137
0.623441939,1.4053,128.1,13.89,1.027,40.6,3219.0,25489.88,5385.0,3.639,2.871,0,FALSE POSITIVE,12023078
5.24364571,16.984,270.4,25.01,1.201,45.6,1149.0,411.58,6197.0,4.406,1.056,0,FALSE POSITIVE,6364162
8.98826122,4.96,160.8,1.39,0.92,14.5,864.0,131.92,5984.0,4.521,0.906,1,CONFIRMED,7463685
4.15743922,9.572,1472.0,96.99,1.242,52.5,2089.0,4503.26,6529.0,3.657,3.131,0,FALSE POSITIVE,11231334
135.4978256,6.769,5038.1,6.01,0.804,73.2,295.0,1.8,5307.0,4.572,0.757,1,CONFIRMED,6878240
22.2508509,1.745,618.7,2.07,0.771,11.4,539.0,20.01,5307.0,4.572,0.757,1,CONFIRMED,6878240
8.53161917,2.9596,65744.0,54.6,1.118,86.1,891.0,148.92,5780.0,4.438,1.0,0,FALSE POSITIVE,2436378
0.526615152,1.0582,64.0,1.46,0.028,40.9,2959.0,18152.32,5718.0,3.966,1.832,0,FALSE POSITIVE,6614629
0.690405794,1.7407,178.4,1.04,0.281,43.0,1731.0,2129.33,5204.0,4.515,0.786,0,FALSE POSITIVE,6630943
10.10773789,3.828,294.9,1.98,0.151,25.3,879.0,140.75,5480.0,4.26,1.174,1,CONFIRMED,4831728
1.844857057,1.6557,85.6,0.97,0.594,21.5,1601.0,1548.86,6143.0,4.403,1.004,0,FALSE POSITIVE,3336765
18.0116764,6.006,417.2,2.02,0.683,23.3,695.0,55.07,6003.0,4.507,0.932,0,FALSE POSITIVE,4270565
33.67280658,8.2267,170.9,1.86,0.309,61.2,661.0,45.09,5587.0,4.091,1.423,1,CONFIRMED,6528464
3.00912491,2.228,191.4,1.22,0.009,16.5,1177.0,452.27,5713.0,4.541,0.893,1,CONFIRMED,11963206
4.44589508,2.3816,441.4,1.94,0.704,20.9,1063.0,302.6,5918.0,4.544,0.865,1,CONFIRMED,8263545
2.023126394,1.2771,72.2,0.92,0.391,19.2,1607.0,1582.75,6349.0,4.422,1.059,0,FALSE POSITIVE,10068024
10.63609504,3.48,290.6,1.36,0.029,20.9,728.0,66.5,5546.0,4.575,0.81,0,FALSE POSITIVE,9636563
10.3108232,5.617,204.0,1.27,0.129,14.0,786.0,90.1,5708.0,4.521,0.893,1,CONFIRMED,6937402
1.069842837,5.275,540.3,1.77,0.001,65.2,1433.0,998.07,4999.0,4.523,0.786,0,FALSE POSITIVE,5475641
1.077467951,2.1125,75.7,31.06,1.181,47.4,2339.0,7064.38,6329.0,4.137,1.508,0,FALSE POSITIVE,2853828
2.8736467,1.682,215.7,6.47,0.985,21.2,2866.0,15977.28,8173.0,3.744,3.169,0,FALSE POSITIVE,4035667
2.846517614,4.228,2154.4,1.88,0.931,58.0,528.0,18.32,3468.0,4.931,0.32,0,FALSE POSITIVE,9612825
211.032819,7.119,1953.4,3.43,0.808,69.3,215.0,0.5,4658.0,4.632,0.686,1,CONFIRMED,7826659
1.716828304,2.068,59.5,0.74,0.7,14.2,1455.0,1056.84,5808.0,4.522,0.902,1,CONFIRMED,7202957
0.755103143,2.885,43.8,1.49,0.662,27.3,2927.0,17302.11,5996.0,3.87,2.128,0,FALSE POSITIVE,5513893
20.71927223,4.0388,224.6,2.51,0.744,36.0,818.0,105.78,5729.0,4.058,1.545,0,FALSE POSITIVE,10514430
11.87457664,1.9797,220.7,1.32,0.432,21.4,728.0,66.33,5523.0,4.506,0.88,1,CONFIRMED,8095441
109.6469948,6.568,899.7,4.85,0.797,26.7,428.0,7.95,5332.0,4.083,1.453,1,CONFIRMED,5881813
15.64588656,3.959,572.1,2.18,0.033,26.9,710.0,60.08,5896.0,4.518,0.916,1,CONFIRMED,12456601
0.93375241,6.352,518.0,3.18,0.989,55.5,1594.0,1528.26,5402.0,4.581,0.815,0,FALSE POSITIVE,10341917
1.70336496,1.7045,316.7,1.67,0.508,19.8,1484.0,1151.45,5881.0,4.516,0.915,0,FALSE POSITIVE,3241604
0.764174368,2.346,100.2,1.18,0.626,34.5,2241.0,5972.52,6321.0,4.417,1.125,0,FALSE POSITIVE,9591070
1.85373924,1.816,348.6,0.23,0.551,18.0,345.0,3.36,2661.0,5.283,0.116,0,FALSE POSITIVE,8227661
7.06321927,2.411,207.2,1.21,0.56,12.6,827.0,110.22,5305.0,4.489,0.818,1,CONFIRMED,7428736
0.584310213,2.1801,809.4,23.09,1.209,91.9,2053.0,4190.91,5783.0,4.539,0.88,0,FALSE POSITIVE,5817986
25.384175,3.576,594.0,2.44,0.245,15.8,649.0,42.01,6137.0,4.471,0.994,1,CONFIRMED,11129258
15.79196594,7.2772,203.1,2.4,0.032,77.3,910.0,161.97,5758.0,4.072,1.704,1,CONFIRMED,10586004
8.16733851,3.337,104.9,1.03,0.801,14.8,865.0,132.43,5808.0,4.522,0.902,1,CONFIRMED,7202957
12.81590421,6.3856,220.5,2.26,0.58,106.7,939.0,183.68,5788.0,4.122,1.474,1,CONFIRMED,6521045
79.99623328,6.3339,24383.5,40.73,0.594,721.9,717.0,62.49,6796.0,3.88,2.49,0,FALSE POSITIVE,5790807
5.424749327,1.139,7680.0,5.15,0.016,78.0,625.0,36.05,4137.0,4.658,0.591,1,CONFIRMED,8892303
3.606940379,1.0418,432.3,2.04,0.857,20.8,1046.0,283.23,5508.0,4.569,0.84,1,CONFIRMED,5369827
69.2002312,5.679,2271.5,45.24,1.276,30.0,585.0,27.66,7044.0,4.337,1.267,0,FALSE POSITIVE,5302643
6.26404774,2.39,378.7,1.55,0.232,20.1,809.0,101.27,5032.0,4.511,0.817,1,CONFIRMED,6586746
23.1985852,9.821,224.7,2.61,0.305,28.2,793.0,93.34,5416.0,3.951,1.756,1,CONFIRMED,9962455
5.77721259,2.462,134.3,2.17,0.692,17.7,1260.0,596.37,5416.0,3.951,1.756,1,CONFIRMED,9962455
0.905037231,1.4351,37.5,1.1,0.323,29.0,2627.0,11199.46,6223.0,4.01,1.763,0,FALSE POSITIVE,8687088
59.4969009,5.404,1262.1,2.92,0.406,23.2,369.0,4.36,4817.0,4.499,0.833,1,CONFIRMED,6436029
10.61345333,0.9829,150.2,1.77,0.535,20.0,987.0,224.63,5865.0,4.163,1.388,1,CONFIRMED,6197215
48.6303805,7.0805,339.8,2.48,0.034,53.9,590.0,28.6,6075.0,4.264,1.352,1,CONFIRMED,9451706
40.5289885,10.604,360.7,5.92,0.325,35.3,933.0,178.81,6443.0,3.74,3.086,1,CONFIRMED,9244508
0.571940563,0.9031,54.3,1.88,0.792,22.8,3320.0,28727.59,5827.0,3.74,2.286,0,FALSE POSITIVE,9692557
0.633514386,1.2792,179.1,0.81,0.231,22.3,1357.0,807.27,4330.0,4.64,0.618,0,FALSE POSITIVE,9366886
17.4166143,2.445,314.2,1.84,0.489,13.1,723.0,64.73,5946.0,4.444,1.017,0,FALSE POSITIVE,3657176
16.3583482,9.858,116.4,2.23,0.887,30.0,959.0,200.1,6133.0,4.084,1.765,1,CONFIRMED,3969687
36.0054414,3.262,117.5,3.33,0.745,14.6,1024.0,259.71,7048.0,3.797,2.838,0,FALSE POSITIVE,9369366
13.9093544,6.765,86.8,1.33,0.132,15.6,928.0,175.14,6052.0,4.183,1.424,1,CONFIRMED,6716545
1.257689465,0.8399,945.6,2.45,0.197,45.6,1513.0,1244.66,5676.0,4.571,0.787,0,FALSE POSITIVE,2989706
4.081411554,2.3239,171.9,1.0,0.876,36.9,755.0,77.0,4498.0,4.661,0.635,1,CONFIRMED,5185897
11.41941928,3.3075,150.5,0.99,0.918,22.9,536.0,19.47,4498.0,4.661,0.635,1,CONFIRMED,5185897
6.83440674,2.2726,177.1,1.01,0.871,29.1,636.0,38.68,4498.0,4.661,0.635,1,CONFIRMED,5185897
24.4004378,2.987,860.5,2.47,0.909,20.2,437.0,8.64,4583.0,4.606,0.674,1,CONFIRMED,9881077
4.029810359,3.3316,111.1,1.77,0.45,62.8,1479.0,1132.21,5929.0,4.055,1.651,0,FALSE POSITIVE,3097346
1.287622419,0.821,36.5,0.87,0.819,16.9,1957.0,3450.59,6170.0,4.308,1.274,0,FALSE POSITIVE,5717567
0.935115863,1.6172,64.8,1.05,0.243,21.6,2124.0,4811.82,5874.0,4.252,1.297,1,CONFIRMED,6265792
3.57551429,2.364,92.8,0.89,0.462,16.6,1061.0,299.19,5213.0,4.434,0.917,1,CONFIRMED,9995402
136.205112,5.568,1209.3,2.35,0.49,20.0,248.0,0.89,4648.0,4.631,0.675,1,CONFIRMED,5609593
6.30922043,1.3251,691.2,1.37,0.118,22.5,606.0,31.73,4380.0,4.71,0.53,1,CONFIRMED,5436338
2.94194296,2.056,278.0,1.22,0.03,18.2,988.0,225.15,4901.0,4.544,0.758,1,CONFIRMED,11414465
1.146934644,1.7247,256.2,1.39,0.405,19.7,1554.0,1382.04,5423.0,4.502,0.862,0,FALSE POSITIVE,2708885
1.245353252,2.152,224.2,1.48,0.528,20.3,1704.0,1996.55,5982.0,4.493,0.96,0,FALSE POSITIVE,6612284
82.2001239,10.627,233.9,2.57,0.001,47.9,525.0,17.96,5758.0,4.072,1.704,1,CONFIRMED,10586004
15.3626052,3.736,468.3,1.8,0.25,19.7,608.0,32.23,5011.0,4.484,0.851,1,CONFIRMED,4483138
0.843379985,1.4474,343.3,1.7,0.696,53.6,1541.0,1329.99,4818.0,4.481,0.856,1,CONFIRMED,9475552
6.56606941,1.8455,402.4,1.83,0.687,25.8,777.0,86.27,4818.0,4.481,0.856,1,CONFIRMED,9475552
10.49566303,4.7356,106.1,1.34,0.16,48.7,1009.0,244.59,6214.0,4.238,1.297,1,CONFIRMED,8292840
1.34155642,1.6462,58.2,0.74,0.259,23.7,1642.0,1715.26,5779.0,4.44,0.97,1,CONFIRMED,10905911
8.48299282,2.505,69.1,0.8,0.564,21.3,879.0,141.04,5827.0,4.471,0.933,1,CONFIRMED,3545135
0.665025941,1.7542,104.7,1.11,0.448,26.5,2174.0,5246.66,5884.0,4.408,1.07,1,CONFIRMED,6964929
234.635652,6.965,868.5,2.56,0.025,26.7,267.0,1.2,5422.0,4.481,0.885,1,CONFIRMED,6432345
13.32191461,6.213,133.5,2.88,0.784,24.3,1299.0,672.06,6995.0,3.925,2.274,1,CONFIRMED,11565924
7.69994466,4.432,70.9,0.92,0.018,17.4,969.0,208.61,5727.0,4.328,1.104,1,CONFIRMED,6607357
4.77466043,3.804,54.3,0.81,0.03,15.5,1137.0,395.06,5727.0,4.328,1.104,1,CONFIRMED,6607357
29.39337161,7.0445,327.0,2.5,0.512,69.7,698.0,55.98,6075.0,4.264,1.352,1,CONFIRMED,9451706
2.164570593,1.2862,525.1,1.27,0.338,19.8,783.0,88.91,3941.0,4.713,0.554,1,CONFIRMED,6186964
12.4258343,28.1171,449.4,2.75,0.967,72.0,830.0,111.92,6185.0,4.472,0.991,0,FALSE POSITIVE,5471202
0.873227249,0.7948,221.8,1.68,0.14,21.9,2152.0,5053.02,6341.0,4.409,1.111,0,FALSE POSITIVE,9640439
2.88878583,2.977,40.9,0.84,0.242,17.2,1423.0,969.05,5696.0,4.247,1.331,1,CONFIRMED,9693006
7.37453336,3.745,304.4,87.08,1.139,33.1,1654.0,1770.84,5028.0,3.289,4.991,0,FALSE POSITIVE,6627507
87.9724227,14.638,866.7,3.39,0.015,64.6,446.0,9.37,5837.0,4.305,1.159,1,CONFIRMED,5128673
0.568874717,1.2177,378.4,1.49,0.05,50.4,1796.0,2473.19,5223.0,4.593,0.78,1,CONFIRMED,6690836
22.023514,1.932,1670.0,4.79,0.934,10.2,639.0,39.45,5860.0,4.489,0.936,0,FALSE POSITIVE,5481148
56.5732318,4.188,688.5,2.69,0.942,21.6,356.0,3.79,4701.0,4.54,0.775,1,CONFIRMED,7877978
1.846861455,1.6605,648.6,2.23,0.48,35.9,1337.0,753.4,5591.0,4.559,0.86,0,FALSE POSITIVE,7903086
3.568099612,3.2131,98.4,1.36,0.531,52.5,1407.0,926.89,6007.0,4.232,1.334,1,CONFIRMED,12024120
132.9955503,7.436,1275.4,2.51,0.703,29.3,241.0,0.8,4523.0,4.636,0.659,1,CONFIRMED,8210018
6.002548291,4.1628,202.0,2.33,0.914,71.6,1209.0,504.79,6204.0,4.269,1.36,1,CONFIRMED,3642289
11.44865823,4.953,75.2,1.32,0.824,21.9,975.0,213.39,6204.0,4.269,1.36,1,CONFIRMED,3642289
24.85466504,9.182,776.2,7.61,0.746,88.0,1095.0,339.33,6967.0,3.864,2.527,1,CONFIRMED,3662838
60.92818866,6.3336,755.6,2.78,0.009,120.1,467.0,11.28,5638.0,4.359,1.023,1,CONFIRMED,5966322
8.512037736,2.1861,597.8,2.14,0.005,102.2,839.0,117.11,5767.0,4.538,0.881,1,CONFIRMED,6029239
5.93720557,4.882,371.4,1.84,0.976,59.9,894.0,150.81,5857.0,4.633,0.712,0,FALSE POSITIVE,12106929
5.93719982,3.95,175.6,1.47,0.748,37.0,1059.0,297.14,6102.0,4.457,1.026,0,FALSE POSITIVE,12107021
1.63345402,3.817,359.0,24.87,1.19,7.4,1750.0,2211.18,6283.0,4.372,1.091,0,FALSE POSITIVE,8248939
3.247548814,2.5146,209.7,1.41,0.31,51.6,1181.0,460.67,5703.0,4.498,0.975,1,CONFIRMED,12404954
14.022451457,8.08619,20082.9,14.93,0.189,2707.7,810.0,101.92,6061.0,4.401,1.05,0,FALSE POSITIVE,1571511
2.442945167,4.0145,677.9,38.29,1.217,102.8,1587.0,1499.89,5657.0,4.121,1.428,0,FALSE POSITIVE,2438070
1.312459403,1.459,36.9,1.65,0.732,13.9,2824.0,15018.33,6543.0,3.782,2.507,0,FALSE POSITIVE,3747262
2.99792926,4.398,45.4,1.12,0.403,16.0,1616.0,1611.51,5888.0,4.061,1.645,1,CONFIRMED,9070666
60.8660974,4.397,714.3,1.39,0.004,15.4,244.0,0.84,3808.0,4.734,0.522,1,CONFIRMED,3642335
2.11547854,3.665,222.9,1.66,0.755,21.6,1521.0,1264.56,6208.0,4.454,1.024,0,FALSE POSITIVE,3328052
5.54867998,4.665,68.9,0.68,0.095,15.4,882.0,143.26,5258.0,4.514,0.835,0,FALSE POSITIVE,9119568
1.22174063,7.443,32.2,0.46,0.004,19.4,1461.0,1081.5,5258.0,4.514,0.835,0,FALSE POSITIVE,9119568
3.48412874,1.422,161.6,1.16,0.106,13.3,1132.0,389.41,5696.0,4.519,0.921,1,CONFIRMED,9020114
13.74883059,6.0968,425.9,3.63,0.658,167.6,975.0,213.84,5862.0,4.05,1.67,1,CONFIRMED,6196457
4.603575293,2.3499,440.4,1.51,0.246,79.7,810.0,101.65,4783.0,4.602,0.741,1,CONFIRMED,6063220
24.30784323,2.6054,677.1,2.14,0.425,35.6,532.0,18.87,5313.0,4.571,0.82,1,CONFIRMED,6071903
19.67409703,3.7535,204.9,1.78,0.914,39.0,711.0,60.37,6023.0,4.423,1.031,1,CONFIRMED,6289257
3.487688776,3.83661,1298.8,5.64,0.026,350.6,1445.0,1033.07,5576.0,4.065,1.593,1,CONFIRMED,10905239
81.737872,6.6923,628.8,2.16,0.02,135.4,385.0,5.2,5559.0,4.502,0.873,1,CONFIRMED,11623629
31.578651216,2.12791,2125.4,4.52,0.04,324.3,570.0,24.94,5733.0,4.442,0.99,1,CONFIRMED,4815520
110.32167272,13.3624,7296.6,18.6,0.715,2217.1,761.0,79.11,9244.0,4.159,2.025,0,FALSE POSITIVE,6603043
5.88527364,1.9531,112.7,1.59,0.622,27.4,1253.0,583.47,6070.0,4.157,1.431,1,CONFIRMED,7175184
1.086486129,0.8383,66.0,1.69,0.524,20.2,2539.0,9816.28,5911.0,3.861,2.0,0,FALSE POSITIVE,7109851
86.1160885,6.058,875.2,3.11,0.016,17.8,441.0,8.93,6161.0,4.454,1.053,1,CONFIRMED,7347246
3.61460332,3.227,43.9,0.9,0.026,15.4,1397.0,900.38,5799.0,4.161,1.375,1,CONFIRMED,11403530
8.45744892,3.2893,77.4,1.02,0.494,31.0,982.0,220.05,5903.0,4.304,1.137,1,CONFIRMED,5088536
3.82223397,1.924,362.7,1.05,0.725,15.9,601.0,30.84,3729.0,4.733,0.514,1,CONFIRMED,6609270
17.067644,6.026,262.4,1.62,0.106,13.5,769.0,82.56,6347.0,4.464,0.996,1,CONFIRMED,12406807
5.78542702,2.271,256.2,1.91,0.163,15.4,1212.0,510.79,6555.0,4.374,1.178,0,FALSE POSITIVE,8046689
29.6099055,7.433,120.1,1.74,0.984,14.3,629.0,37.12,5812.0,4.329,1.122,1,CONFIRMED,5096590
3.42390809,1.773,153.1,1.25,0.213,13.1,1212.0,508.75,5788.0,4.442,1.015,1,CONFIRMED,9650989
5.21104597,3.3447,102.7,1.18,0.833,36.9,1107.0,354.82,6023.0,4.423,1.031,1,CONFIRMED,6289257
35.5969684,6.691,684.5,3.72,0.895,52.5,646.0,41.06,6212.0,4.309,1.209,1,CONFIRMED,6291837
1.633107509,1.491,60.8,0.53,0.35,21.7,1083.0,324.97,4579.0,4.596,0.684,0,FALSE POSITIVE,7024222
66.1544958,6.945,1972.0,3.33,0.8526,42.7,315.0,2.33,4679.0,4.627,0.643,0,FALSE POSITIVE,7024511
11.57890926,2.7207,243.4,2.06,0.359,54.8,951.0,193.48,6156.0,4.284,1.303,1,CONFIRMED,7050989
10.10463142,2.369,114.6,1.59,0.571,24.1,1046.0,283.38,6070.0,4.157,1.431,1,CONFIRMED,7175184
42.88247951,9.7471,408.9,3.61,0.391,112.2,709.0,59.6,6143.0,4.039,1.763,1,CONFIRMED,8494142
9.43414171,2.8112,3977.0,5.73,0.538,40.2,791.0,92.39,5578.0,4.518,0.886,1,CONFIRMED,11554435
22.95062278,4.4814,129.8,2.17,0.748,32.9,873.0,137.23,6143.0,4.039,1.763,1,CONFIRMED,8494142
498.391282,6.135,1590.0,17.14,0.959,49.7,339.0,3.11,5134.0,3.611,3.107,0,FALSE POSITIVE,5652983
125.6291479,9.108,7841.6,10.02,0.471,150.4,388.0,5.35,5819.0,4.334,1.111,1,CONFIRMED,6471021
45.1178526,3.737,389.2,2.78,0.97,17.3,517.0,16.87,5585.0,4.339,1.038,0,FALSE POSITIVE,7906671
4.17939037,2.647,172.8,1.52,0.317,16.1,1194.0,478.98,5633.0,4.296,1.162,1,CONFIRMED,8709688
0.803835923,1.397,52.6,0.78,0.447,12.4,2129.0,4863.18,6242.0,4.442,1.047,0,FALSE POSITIVE,3348285
2.76263737,1.821,185.0,1.25,0.46,14.1,1231.0,544.05,5772.0,4.528,0.901,1,CONFIRMED,11618601
11.9216035,5.009,43.2,0.87,0.929,15.1,851.0,123.89,6006.0,4.403,1.082,1,CONFIRMED,7582689
6.80257947,4.608,32.7,0.73,0.889,14.7,1026.0,262.26,6006.0,4.403,1.082,1,CONFIRMED,7582689
8.70312154,4.807,32.0,0.72,0.886,13.0,945.0,188.7,6006.0,4.403,1.082,1,CONFIRMED,7582689
1.332557603,6.043,225.3,19.88,1.174,28.1,1703.0,1983.27,6091.0,4.487,0.967,0,FALSE POSITIVE,9959589
11.32029599,4.5866,4303.5,8.02,0.914,85.0,811.0,102.12,5780.0,4.438,1.0,0,FALSE POSITIVE,9025922
26.723169,8.501,195.0,2.31,0.035,67.5,781.0,88.1,5862.0,4.05,1.67,1,CONFIRMED,6196457
16.39926461,3.4108,220.8,1.94,0.115,46.4,847.0,121.53,6156.0,4.284,1.303,1,CONFIRMED,7050989
18.73577127,3.0356,567.2,2.1,0.785,81.8,568.0,24.66,5188.0,4.547,0.795,1,CONFIRMED,7419318
8.43639829,3.2451,345.5,1.5,0.51,76.8,742.0,71.51,5188.0,4.547,0.795,1,CONFIRMED,7419318
13.78109471,2.3188,756.0,1.42,0.545,112.8,402.0,6.17,3846.0,4.738,0.503,1,CONFIRMED,7603200
23.08902241,1.7012,598.3,1.24,0.32,57.4,338.0,3.1,3846.0,4.738,0.503,1,CONFIRMED,7603200
6.02977241,3.961,54.6,1.18,0.379,11.5,1204.0,496.46,5576.0,4.065,1.593,1,CONFIRMED,10905239
135.1879934,8.8191,663.4,2.32,0.023,85.8,345.0,3.33,5731.0,4.451,0.906,1,CONFIRMED,7364176
172.7046083,11.347,659.1,2.85,0.004,92.9,355.0,3.77,5851.0,4.302,1.116,1,CONFIRMED,8686097
988.8811177,5.9504,5060.0,10.81,0.1667,136.4,223.0,0.58,5755.0,4.101,1.549,1,CONFIRMED,12356617
44.14599042,3.4015,4467.8,121.48,1.902,99.6,624.0,35.87,6692.0,4.383,1.152,0,FALSE POSITIVE,12643589
1.411627439,1.0814,515.2,2.99,0.853,53.1,1966.0,3523.63,6692.0,4.383,1.152,0,FALSE POSITIVE,12643589
19.270825843,4.1281,6660.5,7.74,0.169,577.1,661.0,45.05,5779.0,4.491,0.956,1,CONFIRMED,3323887
5.05368985,2.514,171.5,1.21,0.53,11.5,1007.0,243.06,5772.0,4.528,0.901,1,CONFIRMED,11618601
4.39049637,3.0112,113.5,2.07,0.389,31.1,1637.0,1701.16,6429.0,3.989,1.908,0,FALSE POSITIVE,7732285
13.1829329,3.594,518.0,1.84,0.016,13.8,661.0,45.19,5382.0,4.571,0.827,1,CONFIRMED,9716391
3.51575492,1.381,237.4,1.35,0.061,15.2,1033.0,269.57,5094.0,4.45,0.901,1,CONFIRMED,6929841
87.5177787,2.55,136.5,1.85,0.983,12.2,451.0,9.76,5903.0,4.304,1.137,1,CONFIRMED,5088536
14.0498182,2.907,472.0,1.45,0.569,14.5,480.0,12.56,4228.0,4.618,0.652,0,FALSE POSITIVE,5124254
14.2563272,4.796,206.1,1.73,0.894,14.3,797.0,95.22,6140.0,4.455,1.027,1,CONFIRMED,11508644
0.968980781,1.517,118.5,1.08,0.065,12.8,1844.0,2730.51,5866.0,4.473,1.0,1,CONFIRMED,8895758
8.589562,9.885,245.4,15.95,1.138,14.0,891.0,148.61,5766.0,4.404,0.945,0,FALSE POSITIVE,10031500
10.31282204,2.0138,137.6,0.59,0.061,22.0,443.0,9.07,3846.0,4.738,0.503,1,CONFIRMED,7603200
35.58349688,3.9885,937.6,2.03,0.001,90.8,408.0,6.54,4894.0,4.637,0.684,1,CONFIRMED,7700622
15.77111067,5.0574,547.1,2.62,0.009,123.2,752.0,75.61,5620.0,4.333,1.143,1,CONFIRMED,8008067
157.0659976,8.1289,551.4,2.63,0.004,50.9,350.0,3.53,5620.0,4.333,1.143,1,CONFIRMED,8008067
7.305706326,1.4228,264.9,2.11,0.826,43.6,972.0,210.72,5620.0,4.333,1.143,1,CONFIRMED,8008067
38.90787517,4.5271,6159.1,7.98,0.6883,366.1,523.0,17.66,5779.0,4.491,0.956,1,CONFIRMED,3323887
1.59295975,1.9313,248.3,1.48,0.0779,48.9,1517.0,1251.43,5779.0,4.491,0.956,1,CONFIRMED,3323887
4.94402197,4.062,363.3,32.92,1.157,33.0,1419.0,958.29,6013.0,4.035,1.7,0,FALSE POSITIVE,2449074
6.71725648,2.5207,272.7,2.78,0.163,49.1,1264.0,603.71,6078.0,4.094,1.683,0,FALSE POSITIVE,2446113
6.07032548,1.341,311.6,1.36,0.454,11.9,789.0,91.45,5076.0,4.598,0.763,1,CONFIRMED,11137180
1.33256952,2.915,163.5,1.06,0.463,16.5,1461.0,1076.99,5547.0,4.571,0.82,0,FALSE POSITIVE,9838804
7.19552624,4.095,214.6,1.67,0.593,15.6,1037.0,273.05,6242.0,4.432,1.093,0,FALSE POSITIVE,5524881
7.36272124,1.3287,429.3,1.86,0.253,17.8,901.0,155.72,5868.0,4.53,0.894,1,CONFIRMED,3756264
10.6761592,4.594,151.0,1.79,0.403,14.1,1049.0,285.79,6460.0,4.267,1.434,1,CONFIRMED,11572193
4.48494315,2.752,134.9,1.23,0.3,12.4,1199.0,488.22,6217.0,4.437,1.051,1,CONFIRMED,11285870
49.3567907,10.954,130.2,1.91,0.277,35.0,637.0,38.86,5862.0,4.05,1.67,1,CONFIRMED,6196457
22.20809549,7.3327,463.2,3.02,0.017,92.7,803.0,98.36,6336.0,4.266,1.403,1,CONFIRMED,8121310
38.5833679,12.391,1388.2,8.56,0.905,46.1,761.0,79.08,6273.0,4.04,1.927,1,CONFIRMED,8156120
46.15119482,6.3427,1817.3,10.02,0.904,286.0,703.0,57.8,5877.0,3.927,1.963,1,CONFIRMED,8684730
4.79179893,2.9283,123.9,26.26,1.209,46.3,1249.0,575.43,6499.0,4.408,1.103,0,FALSE POSITIVE,8700558
2.426304127,2.6624,185.4,1.41,0.694,97.0,1302.0,679.12,5678.0,4.484,0.97,1,CONFIRMED,8753657
3.741231778,2.469,419.0,1.55,0.25,66.6,951.0,193.55,5206.0,4.598,0.767,0,FALSE POSITIVE,3847708
1.168310132,1.31,283.3,1.43,0.107,64.7,1577.0,1469.16,5509.0,4.487,0.857,0,FALSE POSITIVE,3849155
25.9525478,21.328,478.4,74.69,1.228,57.0,865.0,132.4,5211.0,3.715,2.721,0,FALSE POSITIVE,3858804
33.4160553,8.605,275.8,2.98,0.947,29.3,689.0,53.18,6007.0,4.178,1.42,1,CONFIRMED,3942670
12.6119685,6.372,76.5,1.33,0.709,12.2,953.0,194.9,6007.0,4.178,1.42,1,CONFIRMED,3942670
0.636424848,0.947,217.9,1.31,0.319,18.1,1846.0,2754.93,5343.0,4.538,0.885,1,CONFIRMED,10585738
8.55935323,4.303,148.8,1.21,0.744,20.4,921.0,169.77,6115.0,4.462,0.919,0,FALSE POSITIVE,7186665
21.3419702,10.73,,,,,,105.86,,,,0,FALSE POSITIVE,6388770
2.46050095,1.861,276.8,1.03,0.052,16.7,969.0,208.54,4811.0,4.626,0.634,1,CONFIRMED,7676423
5.8660127,3.985,183.0,1.45,0.539,16.8,1064.0,302.77,6020.0,4.427,1.04,1,CONFIRMED,11714231
23.9107056,4.996,294.0,1.91,0.398,12.9,709.0,59.76,6338.0,4.418,1.091,1,CONFIRMED,11720424
23.836808884,6.02854,29684.7,59.31,1.008,2793.4,919.0,168.28,6095.0,3.894,1.94,0,FALSE POSITIVE,7837302
4.62334491,3.0189,62.0,0.77,0.388,25.2,1050.0,287.25,5678.0,4.484,0.97,1,CONFIRMED,8753657
5.888835386,3.7988,19466.0,584.67,6.217,208.2,1008.0,243.87,5780.0,4.438,1.0,0,FALSE POSITIVE,8948424
5.83599485,2.062,553.3,1.92,0.129,11.2,884.0,144.5,5423.0,4.542,0.828,1,CONFIRMED,9139084
1.089077863,2.4676,133.6,1.96,0.778,104.8,2359.0,7312.11,6280.0,4.098,1.551,0,FALSE POSITIVE,9641041
7.86335883,3.4303,467.3,7.84,0.995,74.3,1195.0,482.18,5731.0,4.005,1.913,0,FALSE POSITIVE,9724984
8.0970583,5.699,680.7,4.83,0.959,76.4,1203.0,495.31,6573.0,4.2,1.455,0,FALSE POSITIVE,2452450
6.337614357,1.742,1807.4,9.57,0.972,132.7,1351.0,787.89,6581.0,4.138,1.536,0,FALSE POSITIVE,3230578
3.900140077,3.77,543.1,23.78,1.205,53.6,1253.0,582.32,6407.0,4.48,0.955,0,FALSE POSITIVE,3231137
5.0800579,5.207,222.8,3.95,0.636,56.7,1673.0,1851.94,6049.0,3.769,2.52,1,CONFIRMED,3353050
13.14496741,3.6399,300.8,1.59,0.591,44.1,698.0,56.15,5411.0,4.477,0.888,1,CONFIRMED,3446746
16.09196369,2.8943,415.8,2.13,0.546,84.9,718.0,62.74,5680.0,4.414,1.016,1,CONFIRMED,5695396
161.239891,24.472,1075.4,3.48,0.946,23.0,294.0,1.77,5514.0,4.569,0.826,0,FALSE POSITIVE,5217891
1.4951513,3.43,52.0,1.44,0.974,14.2,1870.0,2880.38,5635.0,4.117,1.452,1,CONFIRMED,8051946
20.3504704,7.225,101.8,1.01,0.192,16.6,695.0,55.07,5952.0,4.41,1.002,1,CONFIRMED,5445681
4.13592927,2.377,156.2,1.43,0.168,15.2,1226.0,535.42,5886.0,4.345,1.152,1,CONFIRMED,11499192
8.05337912,5.382,38.3,1.28,0.035,14.9,1320.0,717.7,6231.0,3.976,2.062,1,CONFIRMED,12416661
23.6272223,7.9,154.6,3.84,0.711,65.8,1358.0,804.44,8308.0,3.861,2.879,0,FALSE POSITIVE,8258171
8.97349999,3.1408,935.1,36.0,0.56,44.1,2262.0,6178.9,4751.0,2.52,11.536,0,FALSE POSITIVE,9880467
108.546946,7.567,711.3,29.67,0.055,15.3,985.0,222.7,4751.0,2.52,11.536,0,FALSE POSITIVE,9880467
3.254277742,2.9903,159.9,1.38,0.303,58.6,1301.0,675.56,5945.0,4.402,1.089,1,CONFIRMED,9881662
91.3514816,8.707,210.0,1.57,0.008,25.5,428.0,7.93,5945.0,4.402,1.089,1,CONFIRMED,9881662
2.250826647,1.536,534.4,30.03,1.221,104.3,1489.0,1161.8,5779.0,4.308,1.119,0,FALSE POSITIVE,9895004
31.1588249,5.1803,959.0,3.56,0.029,73.6,639.0,39.46,5951.0,4.319,1.155,1,CONFIRMED,3656121
0.436282594,1.3988,536.4,83.25,1.269,218.3,5187.0,170399.16,8491.0,3.853,2.622,0,FALSE POSITIVE,10620329
76.7324556,6.243,685.7,3.08,0.462,34.3,473.0,11.86,5951.0,4.319,1.155,1,CONFIRMED,3656121
13.89963233,3.5791,1121.7,2.46,0.777,98.2,521.0,17.37,4538.0,4.607,0.663,1,CONFIRMED,3733628
6.14955931,5.5694,333.7,3.26,0.368,87.3,1287.0,649.26,5687.0,3.973,1.775,1,CONFIRMED,3831053
44.8702042,4.199,636.1,2.56,0.436,16.4,536.0,19.5,6122.0,4.471,0.996,1,CONFIRMED,5092266
4.8807805,9.4,79.0,0.48,0.581,15.9,706.0,58.98,4763.0,4.738,0.516,0,FALSE POSITIVE,4076976
4.45342418,3.654,46.6,0.9,0.569,16.3,1331.0,740.51,6256.0,4.269,1.269,1,CONFIRMED,8751796
2.21396685,4.374,81.6,0.84,0.017,19.1,1418.0,952.61,5986.0,4.461,0.93,0,FALSE POSITIVE,7097534
9.705693,7.702,140.8,2.07,0.941,14.2,1001.0,237.46,5808.0,4.178,1.385,1,CONFIRMED,9907129
8.31377304,2.964,837.4,2.74,0.002,19.6,886.0,145.51,5900.0,4.509,0.951,1,CONFIRMED,9527334
8.58969597,8.471,245.1,20.8,1.197,45.9,882.0,143.02,6024.0,4.523,0.9,0,FALSE POSITIVE,10031885
7.97420583,5.3503,293.1,1.85,0.128,55.1,974.0,212.75,5973.0,4.386,1.081,1,CONFIRMED,11361646
1.88899036,3.486,59.0,0.83,0.011,18.2,1574.0,1449.92,5973.0,4.386,1.081,1,CONFIRMED,11361646
18.68405716,6.9329,381.5,3.64,0.858,54.2,832.0,113.34,5548.0,4.038,1.614,1,CONFIRMED,10285631
21.41624083,7.081,314.5,2.09,0.081,42.7,748.0,74.2,6156.0,4.331,1.18,1,CONFIRMED,3964109
12.28351275,3.634,597.8,74.76,1.224,23.4,1342.0,765.56,6171.0,3.668,2.759,0,FALSE POSITIVE,4159347
4.72674037,2.9267,273.1,1.56,0.657,287.8,1028.0,264.08,5648.0,4.472,0.894,1,CONFIRMED,3544595
6.77449545,2.5416,481.9,29.41,1.178,41.9,1219.0,521.03,6517.0,4.265,1.342,0,FALSE POSITIVE,4165960
27.677680103,2.1704,11545.0,14.41,0.933,431.6,618.0,34.55,6075.0,4.486,0.969,0,FALSE POSITIVE,4376644
0.605223042,0.8986,232.3,1.14,0.109,20.7,1728.0,2099.47,5089.0,4.559,0.757,0,FALSE POSITIVE,9301506
25.5172744,4.735,66.8,0.83,0.322,13.5,615.0,33.91,5680.0,4.414,1.016,1,CONFIRMED,5695396
4.73292061,1.746,151.6,0.97,0.121,15.5,957.0,198.57,5595.0,4.581,0.796,1,CONFIRMED,9714550
22.4765952,3.437,481.4,1.21,0.176,13.3,419.0,7.27,4563.0,4.704,0.567,1,CONFIRMED,6263593
25.503628,3.913,204.4,1.61,0.953,13.3,586.0,27.85,5815.0,4.54,0.877,0,FALSE POSITIVE,6964159
14.8638496,2.705,220.6,2.9,1.006,12.3,620.0,35.04,5159.0,4.508,0.8,1,CONFIRMED,10252275
5.65245733,2.062,121.0,1.05,0.889,11.7,856.0,127.1,5159.0,4.508,0.8,1,CONFIRMED,10252275
10.9294815,5.893,196.9,1.21,0.197,14.3,770.0,83.14,5792.0,4.547,0.864,1,CONFIRMED,11455181
5.45849914,4.0448,255.9,1.91,0.65,72.0,1099.0,344.32,5914.0,4.396,1.135,1,CONFIRMED,10290666
13.28536452,6.283,377.6,4.03,0.774,26.8,1157.0,423.65,6534.0,3.973,1.9,1,CONFIRMED,10337258
8.4879444,3.224,119.3,1.23,0.752,19.5,969.0,208.99,6134.0,4.396,1.039,0,FALSE POSITIVE,10383687
46.56675437,7.831,801.1,5.25,0.87,111.3,708.0,59.34,6629.0,4.132,1.619,0,FALSE POSITIVE,10470206
19.5148412,3.096,102.7,2.8,0.742,13.1,1200.0,489.75,7004.0,3.854,2.556,0,FALSE POSITIVE,10518725
15.4130812,6.6358,264.3,2.59,0.372,55.2,944.0,187.39,6206.0,4.159,1.573,1,CONFIRMED,12314973
4.82051088,3.588,40.9,1.08,0.922,14.8,1328.0,735.25,6046.0,4.158,1.396,1,CONFIRMED,5450893
5.76556718,3.138,213.3,1.66,0.678,17.6,1120.0,371.86,6218.0,4.404,1.072,0,FALSE POSITIVE,5091016
15.6112238,3.873,113.5,0.91,0.468,15.7,637.0,38.99,5383.0,4.528,0.842,1,CONFIRMED,8827575
42.5217006,5.723,685.6,2.45,0.495,14.7,510.0,15.97,5911.0,4.519,0.914,1,CONFIRMED,2716801
0.566805887,5.2317,1.7,0.08,0.762,0.8,1554.0,1368.32,5000.0,4.708,0.549,0,FALSE POSITIVE,7281454
6.69958851,2.831,253.7,1.24,0.0,13.6,806.0,99.83,5296.0,4.586,0.799,1,CONFIRMED,7216284
14.170972781,3.7316,13496.5,20.88,0.579,308.1,1288.0,650.07,8347.0,4.231,1.715,0,FALSE POSITIVE,8703887
1.332562831,6.24,297.9,24.29,1.241,37.3,1532.0,1301.29,5718.0,4.549,0.863,0,FALSE POSITIVE,9899352
2.39161966,1.906,189.2,0.93,0.299,13.6,1031.0,266.01,4935.0,4.589,0.685,1,CONFIRMED,6945786
5.68879083,2.55,241.5,0.99,0.39,13.8,645.0,40.88,4234.0,4.63,0.639,1,CONFIRMED,5978170
2.31941571,1.591,96.4,1.24,0.429,11.7,1490.0,1164.84,5624.0,4.256,1.248,1,CONFIRMED,5440317
19.7830259,5.4898,373.2,2.1,0.015,41.8,708.0,59.39,5747.0,4.335,1.099,1,CONFIRMED,10545066
10.431146765,3.8853,29375.6,50.44,1.225,400.2,833.0,114.02,5780.0,4.438,1.0,0,FALSE POSITIVE,6056992
7.0106324,3.0688,327.3,1.5,0.683,48.7,738.0,70.32,4908.0,4.567,0.782,1,CONFIRMED,10552611
3.10762684,2.361,77.2,0.73,0.7,15.6,968.0,207.72,4908.0,4.567,0.782,1,CONFIRMED,10552611
1.980356674,2.4743,271.9,2.1,0.713,71.9,1662.0,1808.41,6078.0,4.29,1.189,1,CONFIRMED,10587105
12.8344771,3.846,281.0,2.55,0.956,35.0,891.0,149.42,6078.0,4.29,1.189,1,CONFIRMED,10587105
175.329014,6.269,1059.1,27.03,1.231,16.7,327.0,2.69,6008.0,4.499,0.93,0,FALSE POSITIVE,6948480
2.7881793,3.397,55.8,1.02,0.058,17.7,1510.0,1228.07,5758.0,4.168,1.385,1,CONFIRMED,11090556
4.13827684,3.449,63.8,1.13,0.499,16.8,1324.0,725.53,5758.0,4.168,1.385,1,CONFIRMED,11090556
2.61846258,3.505,275.3,1.03,0.013,18.7,843.0,119.68,4266.0,4.626,0.643,0,FALSE POSITIVE,10686814
29.72722,3.45,1010.2,3.02,0.744,19.4,557.0,22.7,5815.0,4.54,0.877,1,CONFIRMED,3234843
18.01019956,3.516,177.7,1.93,0.966,43.4,758.0,77.99,5931.0,4.322,1.101,1,CONFIRMED,6021275
10.61368712,3.498,559.8,2.06,0.024,18.9,785.0,89.65,5815.0,4.54,0.877,1,CONFIRMED,3234843
7.53887442,3.147,342.1,1.33,0.727,13.6,751.0,75.14,5318.0,4.601,0.667,0,FALSE POSITIVE,8192911
0.53633519,1.0547,444.1,1.81,0.489,29.9,1974.0,3603.58,5508.0,4.569,0.84,0,FALSE POSITIVE,10554967
8.07394097,2.455,1056.0,1.59,0.928,16.0,420.0,7.33,3675.0,4.869,0.398,1,CONFIRMED,5688790
4.53702121,1.813,504.4,1.66,0.706,15.7,798.0,95.61,4805.0,4.633,0.688,1,CONFIRMED,1717722
39.859505,7.987,155.5,1.62,0.398,13.9,597.0,29.97,5675.0,4.209,1.292,1,CONFIRMED,10908248
23.6731242,14.3948,23112.9,17.74,0.21,842.3,676.0,49.42,5769.0,4.338,1.177,0,FALSE POSITIVE,10616571
7.170710381,2.9225,863.3,2.73,0.188,89.3,890.0,148.09,5497.0,4.437,0.941,1,CONFIRMED,10878263
4.699652821,2.553,351.4,1.74,0.135,41.6,1024.0,260.54,5497.0,4.437,0.941,1,CONFIRMED,10878263
4.761705895,3.3061,497.1,2.75,0.384,138.5,1201.0,491.37,5794.0,4.263,1.225,1,CONFIRMED,10982872
2.024143568,2.5273,239.4,1.94,0.513,88.4,1597.0,1535.09,5794.0,4.263,1.225,1,CONFIRMED,10982872
1.371288853,1.4528,66.2,1.15,0.953,16.9,1837.0,2695.6,6220.0,4.378,1.108,0,FALSE POSITIVE,2720514
11.87290814,2.5342,332.7,2.25,0.904,84.7,863.0,131.55,6147.0,4.412,1.04,1,CONFIRMED,4141376
1.638652525,1.952,166.9,1.29,0.365,16.4,1610.0,1585.07,6119.0,4.472,0.981,1,CONFIRMED,9468551
9.06687613,3.381,367.2,1.9,0.928,14.6,725.0,65.52,5142.0,4.515,0.789,1,CONFIRMED,9076971
4.0223109,0.853,227.8,1.37,0.741,11.0,1017.0,253.28,5516.0,4.544,0.827,1,CONFIRMED,8360640
6.9131732,4.73,39.1,0.91,0.264,12.5,1209.0,505.0,6296.0,4.21,1.444,1,CONFIRMED,11019987
7.32851947,1.211,277.8,2.33,0.983,14.0,807.0,100.13,5135.0,4.464,0.874,1,CONFIRMED,4857058
18.6052046,6.829,242.5,1.94,0.093,13.1,833.0,113.88,6572.0,4.365,1.238,1,CONFIRMED,10924562
1.332562787,6.28,1111.9,29.1,1.24,125.2,1703.0,1983.27,6091.0,4.487,0.967,0,FALSE POSITIVE,9899505
39.4420781,7.029,172.4,2.51,0.42,15.2,682.0,51.14,5430.0,3.923,1.902,1,CONFIRMED,7534267
10.27532513,6.3093,209.7,3.04,0.315,99.5,1211.0,508.21,6150.0,3.96,2.086,1,CONFIRMED,9592705
11.50528603,2.098,260.2,1.83,0.461,11.4,912.0,163.79,6355.0,4.41,1.108,0,FALSE POSITIVE,10611420
26.62941953,7.8709,492.8,3.13,0.015,106.9,742.0,71.75,5866.0,4.117,1.417,1,CONFIRMED,10386922
296.6375817,16.425,2763.1,7.56,0.429,250.0,332.0,2.88,5866.0,4.117,1.417,1,CONFIRMED,10386922
41.8085031,7.797,190.4,1.67,0.011,27.3,582.0,27.15,5794.0,4.263,1.225,1,CONFIRMED,10982872
2.98786272,2.5814,42789.0,17.82,0.621,98.0,1064.0,303.15,5231.0,4.544,0.821,0,FALSE POSITIVE,3558981
39.30944096,5.77,1132.1,2.87,0.028,122.9,488.0,13.46,5607.0,4.536,0.863,1,CONFIRMED,11015108
29.88487723,4.5612,1275.7,2.81,0.658,128.3,453.0,9.95,4883.0,4.549,0.749,1,CONFIRMED,11074541
12.92489803,2.6811,959.0,2.62,0.768,49.5,620.0,34.95,5103.0,4.584,0.768,1,CONFIRMED,11100383
0.575884418,2.0734,272.2,31.17,1.258,43.2,2397.0,7790.32,6290.0,4.442,1.044,0,FALSE POSITIVE,8847111
0.562555067,1.7402,198.3,1.21,0.527,21.7,2046.0,4128.4,5793.0,4.561,0.832,0,FALSE POSITIVE,4568298
0.993703494,0.7645,67.4,2.32,0.436,14.5,3257.0,26588.4,6854.0,3.808,2.715,0,FALSE POSITIVE,4374339
6.33125228,2.688,306.6,1.31,0.094,16.2,822.0,108.04,5383.0,4.603,0.759,1,CONFIRMED,6636320
24.2204192,3.271,806.3,2.1,0.032,14.0,505.0,15.43,5165.0,4.599,0.761,1,CONFIRMED,4067925
30.9597053,5.42,410.7,16.63,1.191,13.7,438.0,8.67,4947.0,4.621,0.714,0,FALSE POSITIVE,4847782
6.41491277,3.3629,121.0,1.4,0.869,51.1,1069.0,309.12,5931.0,4.322,1.101,1,CONFIRMED,6021275
93.881556,20.644,188.7,2.02,0.008,23.7,479.0,12.42,5676.0,4.1,1.487,0,FALSE POSITIVE,10350571
2.683395376,1.8592,234.7,2.55,0.763,52.9,1860.0,2833.83,6958.0,4.195,1.529,0,FALSE POSITIVE,10488450
31.51779463,7.634,357.6,2.72,0.561,63.2,663.0,45.68,5611.0,4.144,1.4,1,CONFIRMED,10933561
8.12999858,2.1492,148.0,2.04,0.896,26.1,1041.0,277.89,5611.0,4.144,1.4,1,CONFIRMED,10933561
66.46746217,19.6638,12643.7,11.97,0.116,1049.3,466.0,11.18,5843.0,4.403,1.073,0,FALSE POSITIVE,8845026
2.586639524,2.253,217.7,1.44,0.349,77.3,1328.0,735.48,5780.0,4.421,0.966,1,CONFIRMED,11075737
2.671942657,1.9119,15942.0,22.36,0.982,97.5,1458.0,1069.47,6116.0,4.335,1.055,0,FALSE POSITIVE,11189127
28.51117639,4.5941,1844.6,3.27,0.77,145.5,423.0,7.55,4687.0,4.627,0.69,1,CONFIRMED,11194032
14.38682567,2.1417,569.6,2.54,0.021,61.7,776.0,85.46,5725.0,4.353,1.072,1,CONFIRMED,11394027
331.5972732,14.404,8322.1,10.89,0.02,355.0,294.0,1.76,5970.0,4.317,1.2,1,CONFIRMED,11442793
11.20058855,4.562,219.9,1.7,0.956,19.2,808.0,100.91,6038.0,4.524,0.898,1,CONFIRMED,5520547
1.50179931,3.275,100.1,0.72,0.256,19.1,1229.0,540.71,5024.0,4.613,0.736,0,FALSE POSITIVE,4848424
17.83367834,4.5112,326.9,2.43,0.013,154.5,866.0,132.94,6407.0,4.268,1.337,1,CONFIRMED,8866102
19.55662003,8.087,298.9,2.45,0.606,111.0,797.0,95.35,5671.0,4.094,1.36,1,CONFIRMED,4143755
2.03387483,3.097,73.6,1.6,0.238,15.7,1789.0,2422.92,5282.0,3.913,1.899,1,CONFIRMED,11244137
5.07538255,1.7,163.1,1.74,0.919,16.0,1154.0,419.23,5933.0,4.334,1.118,0,FALSE POSITIVE,6072593
23.9553986,3.204,228.7,2.84,0.669,13.9,741.0,71.16,5011.0,3.903,1.781,1,CONFIRMED,5865654
1.02425556,2.6439,1631.7,29.83,1.312,40.6,1503.0,1211.99,5337.0,4.594,0.764,0,FALSE POSITIVE,8197560
4.63958598,2.768,83.4,1.52,0.014,28.1,1587.0,1496.31,6591.0,4.024,1.646,0,FALSE POSITIVE,11200415
34.4359387,5.82,424.5,2.78,0.017,52.6,652.0,42.68,5929.0,4.243,1.363,1,CONFIRMED,11259686
5.317440164,2.9331,292.5,1.94,0.72,80.9,1105.0,351.52,5923.0,4.377,1.054,1,CONFIRMED,11547513
10.10575764,2.0138,116.8,1.28,0.828,19.9,892.0,149.4,5923.0,4.377,1.054,1,CONFIRMED,11547513
28.86236571,5.4033,449.2,2.53,0.778,64.4,623.0,35.56,5725.0,4.326,1.088,1,CONFIRMED,11802615
210.6013843,11.9922,4159.3,7.7,0.002,232.4,342.0,3.22,5970.0,4.317,1.2,1,CONFIRMED,11442793
59.7371443,8.0006,566.4,2.84,0.005,43.5,520.0,17.26,5970.0,4.317,1.2,1,CONFIRMED,11442793
3.388887193,2.4475,11267.8,10.72,0.387,162.9,1212.0,511.3,5780.0,4.438,1.0,0,FALSE POSITIVE,2445975
27.08239734,5.0119,423.2,3.25,0.915,40.9,703.0,57.77,5857.0,4.204,1.305,1,CONFIRMED,11521793
30.6528935,4.99,269.7,2.86,0.682,17.4,780.0,87.69,6200.0,4.072,1.64,1,CONFIRMED,11566064
0.512869432,4.015,2313.0,31.12,1.263,133.9,2185.0,5384.53,5853.0,4.529,0.895,0,FALSE POSITIVE,6531496
5.19492747,3.167,272.9,2.03,0.093,16.5,1238.0,554.37,6415.0,4.374,1.224,1,CONFIRMED,3848275
15.9314412,2.435,556.7,1.77,0.604,14.8,596.0,29.83,5380.0,4.616,0.721,1,CONFIRMED,12021625
1.33251589,4.216,140.5,1.3,0.53,22.2,1747.0,2207.85,5701.0,4.291,1.068,0,FALSE POSITIVE,9777256
28.227413,5.782,1113.4,2.82,0.025,25.3,565.0,24.03,5858.0,4.553,0.849,1,CONFIRMED,4175630
0.545544979,1.954,92.6,0.93,0.604,24.8,2240.0,5913.74,6050.0,4.509,0.92,0,FALSE POSITIVE,7433585
419.97507836,12.1687,275.1,1.53,0.68,5.9,215.0,0.51,5316.0,4.477,0.872,0,FALSE POSITIVE,6665223
4.76559056,2.2,67.5,0.92,0.14,15.2,1167.0,439.42,5702.0,4.258,1.125,1,CONFIRMED,3328080
2.98618134,2.969,122.9,1.16,0.249,12.0,1356.0,798.35,6173.0,4.447,1.041,1,CONFIRMED,8430964
25.9200092,5.609,331.4,1.28,0.054,10.9,515.0,16.59,5517.0,4.631,0.704,0,FALSE POSITIVE,3654719
6.17817366,3.2601,101.9,1.22,0.775,43.5,1082.0,324.69,5931.0,4.322,1.101,1,CONFIRMED,6021275
2.04516705,3.625,154.8,2.9,0.74,16.5,2945.0,17791.98,9206.0,4.112,2.157,0,FALSE POSITIVE,10619142
5.65178922,3.0933,134.1,2.03,0.906,39.5,1248.0,574.71,6085.0,4.218,1.463,1,CONFIRMED,11905011
19.96367208,2.6403,270.9,1.5,0.846,36.3,564.0,23.88,5250.0,4.541,0.79,1,CONFIRMED,12785320
1.541676547,1.9118,296.5,1.88,0.362,94.1,1592.0,1517.84,5533.0,4.337,1.089,1,CONFIRMED,2692377
6.397185875,5.8638,18887.0,15.02,0.755,394.7,981.0,218.59,5780.0,4.438,1.0,0,FALSE POSITIVE,3742855
2.976020742,3.73,114.9,2.07,0.721,60.6,1740.0,2169.16,5947.0,3.939,1.796,0,FALSE POSITIVE,3438975
15.95995611,4.3149,523.2,2.27,0.526,70.9,721.0,63.95,5936.0,4.501,0.965,1,CONFIRMED,11568987
7.37867551,3.349,125.1,1.11,0.513,22.3,933.0,178.68,5936.0,4.501,0.965,1,CONFIRMED,11568987
4.903321801,2.8887,334.5,2.37,0.016,84.5,1247.0,570.65,6045.0,4.276,1.298,1,CONFIRMED,11621223
1.82708193,1.96401,1164.7,5.95,0.033,273.7,1877.0,2925.17,5311.0,3.864,1.769,1,CONFIRMED,11624249
22.845241036,5.3007,45676.5,30.35,0.617,3845.4,762.0,79.78,5926.0,4.187,1.351,0,FALSE POSITIVE,12017140
18.3980827,4.438,145.0,1.26,0.587,17.2,686.0,52.31,5605.0,4.381,1.015,0,FALSE POSITIVE,5702939
11.62904159,2.97,88.0,1.31,0.925,13.7,854.0,125.89,5721.0,4.307,1.131,1,CONFIRMED,3852655
13.6550963,4.117,196.3,1.35,0.235,14.6,780.0,87.46,6065.0,4.487,0.962,0,FALSE POSITIVE,11255231
27.50871575,5.9291,639.2,2.98,0.577,190.3,663.0,45.66,5903.0,4.304,1.137,1,CONFIRMED,5088536
20.0708757,6.354,405.7,3.2,0.643,12.8,826.0,110.19,5902.0,4.128,1.513,1,CONFIRMED,6103377
98.353149,24.708,423.0,4.13,0.906,30.5,552.0,21.96,6366.0,4.045,1.697,1,CONFIRMED,6677841
1.540411479,1.703,107.1,0.92,0.781,12.1,1446.0,1029.25,5769.0,4.57,0.812,0,FALSE POSITIVE,3324986
3.74785358,3.713,98.2,0.89,0.468,18.8,1093.0,337.14,5706.0,4.537,0.886,0,FALSE POSITIVE,11912932
25.75274977,2.7678,738.9,2.27,0.516,36.7,501.0,14.88,4963.0,4.501,0.826,1,CONFIRMED,8037145
10.161023528,3.1627,1653.9,4.62,0.716,111.1,904.0,157.97,6032.0,4.387,1.06,1,CONFIRMED,8162789
49.41121127,5.278,3184.0,6.77,0.885,125.4,497.0,14.48,5768.0,4.434,1.015,1,CONFIRMED,8806123
36.8567758,7.495,714.1,2.68,0.05,43.8,549.0,21.4,5768.0,4.434,1.015,1,CONFIRMED,8806123
35.080928,6.92,100.7,1.21,0.712,7.6,610.0,32.63,6007.0,4.353,1.126,0,FALSE POSITIVE,10098844
10.39986173,3.377,275.3,1.5,0.757,22.8,678.0,49.86,4963.0,4.501,0.826,1,CONFIRMED,8355239
0.828206212,1.737,132.3,3.88,0.615,68.1,3274.0,27125.5,5812.0,3.598,3.227,0,FALSE POSITIVE,9210823
24.31574009,4.1344,643.3,2.8,0.653,42.5,683.0,51.53,6242.0,4.442,1.047,1,CONFIRMED,8367113
199.443024,7.409,4036.0,9.3,0.932,55.1,332.0,2.86,5646.0,4.278,1.153,0,FALSE POSITIVE,8474898
39.6766071,5.04,611.2,2.29,0.639,24.9,473.0,11.85,5244.0,4.449,0.888,1,CONFIRMED,8558011
358.66044,16.732,133.8,1.62,0.062,15.6,304.0,2.02,5619.0,4.07,1.406,0,FALSE POSITIVE,7429287
4.454194254,2.3061,16041.5,11.76,0.479,1022.2,1017.0,252.22,5359.0,4.425,0.915,1,CONFIRMED,9115800
21.0871953,5.92691,8894.7,14.43,0.065,556.2,873.0,137.06,6266.0,4.101,1.522,1,CONFIRMED,9478990
1.575631524,2.59202,25626.6,28.66,1.065,465.4,1577.0,1464.43,6202.0,4.537,0.858,0,FALSE POSITIVE,9597411
6.09855603,2.9815,84.4,0.84,0.21,24.8,927.0,174.3,5465.0,4.449,0.925,1,CONFIRMED,6850504
203.250506,9.81,238.9,1.35,0.336,7.0,292.0,1.71,5600.0,4.455,0.872,0,FALSE POSITIVE,8609450
16.54295261,3.8516,726.0,2.31,0.329,36.1,611.0,32.94,5215.0,4.518,0.867,1,CONFIRMED,10934674
11.023474798,1.4814,1795.5,2.46,0.724,77.2,429.0,8.04,3744.0,4.718,0.537,1,CONFIRMED,10990886
34.18884323,5.3278,1063.2,2.97,0.065,83.9,526.0,18.05,5515.0,4.453,0.925,1,CONFIRMED,11015323
4.30165843,2.1055,739.4,2.42,0.547,88.3,1009.0,244.48,5480.0,4.509,0.865,1,CONFIRMED,11134879
7.650243513,2.752,981.4,2.3,0.014,98.8,772.0,83.86,5409.0,4.609,0.746,1,CONFIRMED,11192998
4.592393816,2.2748,1027.7,2.51,0.02,105.9,924.0,172.6,5351.0,4.582,0.796,1,CONFIRMED,8934495
5.859935955,4.0185,322.8,2.56,0.049,186.7,1246.0,569.5,6181.0,4.22,1.424,1,CONFIRMED,5866724
2.104721971,1.7547,905.5,2.89,0.001,153.3,1365.0,821.44,5703.0,4.498,0.975,1,CONFIRMED,9157634
10.63624422,5.055,231.7,1.58,0.978,24.7,756.0,77.02,5834.0,4.591,0.774,0,FALSE POSITIVE,9636569
6.412512953,5.2677,1156.4,3.89,0.553,183.1,1069.0,308.76,6026.0,4.366,1.108,1,CONFIRMED,8565266
2.019997006,1.8073,332.8,1.46,0.502,52.1,1166.0,437.85,5103.0,4.562,0.787,1,CONFIRMED,8616637
3.763041531,1.6011,354.5,1.63,0.76,37.9,948.0,190.67,5103.0,4.562,0.787,1,CONFIRMED,8616637
6.521209629,2.7975,760.4,2.54,0.514,69.8,932.0,178.27,5822.0,4.529,0.898,1,CONFIRMED,8625925
6.996926239,2.7374,1317.4,3.21,0.022,101.6,888.0,147.07,5713.0,4.541,0.893,1,CONFIRMED,8822216
5.428344915,1.8931,13756.0,14.88,0.911,140.2,1033.0,269.19,5936.0,4.501,0.965,0,FALSE POSITIVE,9967884
24.61480613,2.6602,1798.0,4.2,0.435,68.4,586.0,27.93,5312.0,4.384,0.986,1,CONFIRMED,10189546
42.949522,5.4154,959.1,2.98,0.013,40.7,487.0,13.29,5312.0,4.384,0.986,1,CONFIRMED,10189546
117.033521,6.822,770.4,2.68,0.188,21.9,349.0,3.49,5312.0,4.384,0.986,1,CONFIRMED,10189546
386.39833,8.519,748.0,2.2,0.287,4.9,214.0,0.49,5284.0,4.523,0.812,0,FALSE POSITIVE,10748393
1.55400389,1.7664,465.8,1.59,0.016,82.1,1313.0,704.5,5409.0,4.609,0.746,1,CONFIRMED,11192998
34.25951418,4.7743,1072.5,2.41,0.008,66.1,468.0,11.36,5409.0,4.609,0.746,1,CONFIRMED,11192998
23.8761144,9.3113,1611.7,10.45,0.014,225.5,1481.0,1135.6,9974.0,4.048,2.533,0,FALSE POSITIVE,8823868
4.99270186,3.1008,557.4,26.6,1.232,42.3,1051.0,288.29,5724.0,4.429,0.951,0,FALSE POSITIVE,11255761
4.79860021,3.0384,817.4,2.51,0.594,88.1,978.0,216.54,5631.0,4.557,0.847,1,CONFIRMED,11497977
7.7333361,2.807,126.9,0.57,0.084,9.3,479.0,12.41,3780.0,4.746,0.511,0,FALSE POSITIVE,7021681
9.57665962,3.3603,746.8,2.88,0.043,82.6,846.0,121.26,5386.0,4.322,1.076,1,CONFIRMED,9941859
96.6781852,5.6957,951.3,3.29,0.336,44.7,392.0,5.55,5386.0,4.322,1.076,1,CONFIRMED,9941859
20.55280311,2.2013,727.3,2.99,0.568,42.4,656.0,43.8,5386.0,4.322,1.076,1,CONFIRMED,9941859
2.023123903,1.1829,1288.9,2.87,0.026,76.0,1266.0,608.26,5559.0,4.578,0.803,0,FALSE POSITIVE,10068030
10.94026745,2.3494,538.6,2.08,0.595,30.6,764.0,80.52,5749.0,4.547,0.864,1,CONFIRMED,10266615
19.5352551,1.013,1732.0,0.53,0.702,5.9,161.0,0.16,2703.0,5.274,0.118,1,CONFIRMED,6444896
151.863949,8.577,747.0,2.41,0.016,22.5,318.0,2.43,5713.0,4.541,0.893,1,CONFIRMED,8822216
5.945043548,2.7004,800.2,2.69,0.763,67.6,857.0,127.64,5105.0,4.469,0.868,1,CONFIRMED,9020160
65.7045275,3.3104,636.1,2.78,0.663,70.4,472.0,11.72,5918.0,4.403,1.043,1,CONFIRMED,7941200
17.73842886,3.0049,605.5,2.47,0.845,29.8,596.0,29.74,5105.0,4.469,0.868,1,CONFIRMED,9020160
9.93962361,3.432,300.1,1.93,0.934,21.5,722.0,64.29,5105.0,4.469,0.868,1,CONFIRMED,9020160
6.8731664,6.8569,3753.8,13.44,0.055,535.5,1482.0,1140.56,6490.0,3.942,2.179,1,CONFIRMED,10418224
8.600099313,4.0077,2791.6,4.17,0.048,209.2,760.0,78.72,5246.0,4.501,0.805,1,CONFIRMED,10616679
12.37646897,2.7075,1709.0,2.53,0.468,81.2,483.0,12.87,4200.0,4.664,0.607,1,CONFIRMED,10717241
330.071558,4.295,616.7,2.94,0.681,10.6,286.0,1.58,5933.0,4.342,1.115,1,CONFIRMED,7303287
18.87022157,3.1404,1096.6,2.82,0.013,72.7,621.0,35.13,5402.0,4.452,0.865,1,CONFIRMED,10843590
19.5776073,3.382,98.1,0.9,0.049,17.2,628.0,36.82,5465.0,4.449,0.925,1,CONFIRMED,6850504
17.20522898,3.6688,1080.6,2.22,0.012,75.7,553.0,22.05,5211.0,4.643,0.689,1,CONFIRMED,12061222
17.90766147,5.396,1089.3,4.89,0.978,78.4,731.0,67.59,6153.0,4.471,0.993,0,FALSE POSITIVE,12316431
22.18332255,5.1364,748.1,2.78,0.024,70.3,646.0,41.24,5565.0,4.361,1.03,1,CONFIRMED,12404305
354.78194,6.46,193.0,30.53,1.17,7.7,325.0,2.62,5798.0,4.025,1.525,0,FALSE POSITIVE,10212441
7.65880048,3.0427,668.2,2.19,0.017,57.6,858.0,128.18,5657.0,4.508,0.855,1,CONFIRMED,12834874
9.3789167,3.3427,563.5,2.03,0.671,42.6,803.0,98.22,5684.0,4.493,0.808,1,CONFIRMED,2557816
4.221626193,3.0619,658.0,2.87,0.847,83.7,1176.0,453.2,6123.0,4.472,0.987,1,CONFIRMED,10454313
16.54967098,4.3808,744.5,2.95,0.88,46.8,656.0,43.72,5372.0,4.434,0.916,1,CONFIRMED,10513530
2.154911236,3.1341,99.7,1.42,0.113,83.0,1740.0,2162.35,6181.0,4.22,1.424,1,CONFIRMED,5866724
3.52467888,2.484,129.7,1.46,0.976,12.3,1098.0,344.61,5372.0,4.434,0.916,1,CONFIRMED,10513530
6.400157105,2.0004,743.2,2.52,0.898,49.1,810.0,101.72,5299.0,4.597,0.766,1,CONFIRMED,10554999
2.437029217,3.2005,244.0,2.04,0.014,49.0,1513.0,1237.66,5573.0,4.177,1.329,1,CONFIRMED,9076513
9.9267215,3.8428,725.5,2.76,0.625,97.3,803.0,98.34,5475.0,4.43,0.982,1,CONFIRMED,9146018
21.22349325,4.9416,582.9,2.63,0.794,60.2,623.0,35.69,5475.0,4.43,0.982,1,CONFIRMED,9146018
6.47027706,3.343,116.9,1.15,0.732,18.3,926.0,173.79,5475.0,4.43,0.982,1,CONFIRMED,9146018
3.722158895,1.9941,757.4,2.33,0.644,70.3,1046.0,283.28,5617.0,4.574,0.806,1,CONFIRMED,9279669
46.9026431,3.9264,821.3,2.6,0.645,40.6,458.0,10.44,5402.0,4.452,0.865,1,CONFIRMED,10843590
5.263415218,2.1446,1030.7,3.77,0.853,117.0,1103.0,349.4,6099.0,4.456,1.028,1,CONFIRMED,10858832
4.030466786,2.7734,2908.3,4.48,0.033,227.4,970.0,209.11,5234.0,4.542,0.854,1,CONFIRMED,10937029
9.27989,3.33,164.3,1.29,0.579,8.6,897.0,152.86,6052.0,4.456,0.967,0,FALSE POSITIVE,11599038
328.240201,12.2726,13888.6,10.99,0.75,287.6,224.0,0.59,5234.0,4.542,0.854,1,CONFIRMED,10937029
22.264806569,8.7941,19372.6,12.34,0.75,873.4,585.0,27.79,5681.0,4.566,0.813,0,FALSE POSITIVE,11656302
2.217038096,1.8575,543.7,3.23,0.754,49.5,1697.0,1956.29,6521.0,4.352,1.276,0,FALSE POSITIVE,2576197
8.874603,2.88,93.3,1.24,0.1897,5.4,1070.0,309.5,6517.0,4.349,1.278,0,FALSE POSITIVE,2576197
4.393157678,2.4455,447.2,1.41,0.102,63.0,807.0,99.9,4799.0,4.631,0.692,1,CONFIRMED,3239945
251.7512,4.314,114.3,1.25,0.943,7.5,272.0,1.29,5640.0,4.492,0.921,0,FALSE POSITIVE,10387742
16.145671932,3.7236,941.1,2.48,0.75,242.7,546.0,20.98,4900.0,4.602,0.741,1,CONFIRMED,10187017
1071.232624,16.1784,19045.6,9.27,0.216,544.2,129.0,0.07,4799.0,4.631,0.692,1,CONFIRMED,3239945
2.735900074,1.9359,428.9,1.56,0.189,44.5,1075.0,315.95,5299.0,4.597,0.766,1,CONFIRMED,10554999
5.852968845,4.5973,1146.5,3.46,0.316,152.4,1056.0,293.93,6050.0,4.45,1.013,1,CONFIRMED,10873260
81.1701587,8.358,1183.2,4.71,0.875,51.0,436.0,8.55,5460.0,4.263,1.165,1,CONFIRMED,10965008
371.17573,8.2,133.7,4.07,0.781,12.1,610.0,32.64,9030.0,3.822,3.218,0,FALSE POSITIVE,10467815
2.820190603,2.554,467.5,2.53,0.614,64.2,1367.0,824.92,5831.0,4.359,1.121,1,CONFIRMED,11073351
21.21712312,5.89,636.0,2.97,0.89,56.2,706.0,58.63,6191.0,4.438,1.007,1,CONFIRMED,11090765
200.0,7.27,,,,,,,,,,0,FALSE POSITIVE,11246364
15.77980122,4.0369,541.4,2.11,0.025,39.4,713.0,60.96,5941.0,4.519,0.911,1,CONFIRMED,9570741
14.03490255,3.638,851.8,2.41,0.66,60.9,641.0,39.97,5258.0,4.513,0.785,1,CONFIRMED,9607164
10.35586478,2.8431,660.9,1.92,0.178,49.5,620.0,34.93,4646.0,4.539,0.778,1,CONFIRMED,9631762
22.342964828,6.66405,5612.8,9.99,0.031,1118.9,785.0,89.61,6181.0,4.234,1.331,1,CONFIRMED,6462863
11.38840217,3.6949,438.0,3.04,0.243,34.7,979.0,216.55,5876.0,4.151,1.456,1,CONFIRMED,9782691
20.5498184,5.5484,1564.3,4.04,0.649,123.1,657.0,44.11,5688.0,4.415,0.971,1,CONFIRMED,11709124
17.4217322,4.718,208.4,1.42,0.415,9.3,727.0,65.92,6052.0,4.456,0.967,0,FALSE POSITIVE,11599038
5.931196562,2.4999,1007.4,2.01,0.886,90.5,562.0,23.5,3984.0,4.72,0.539,1,CONFIRMED,12302530
0.837491225,1.796,190.4,1.43,0.022,189.5,1980.0,3630.32,5676.0,4.347,1.044,1,CONFIRMED,11904151
7.40611676,2.8826,417.9,1.37,0.077,49.6,678.0,49.89,4799.0,4.631,0.692,1,CONFIRMED,3239945
21.803708,3.369,246.4,1.11,0.568,18.5,473.0,11.82,4799.0,4.631,0.692,1,CONFIRMED,3239945
4.66229074,3.73,345.4,24.12,1.197,29.8,1166.0,437.35,6191.0,4.454,1.025,0,FALSE POSITIVE,3541800
29.9111886,6.6436,942.0,2.9,0.041,50.8,541.0,20.31,5275.0,4.397,0.969,1,CONFIRMED,3559935
2.908453928,2.5363,427.5,19.44,1.195,40.4,1181.0,459.47,5786.0,4.558,0.824,0,FALSE POSITIVE,3834360
25.69581456,4.0251,1130.8,1.7,0.68,45.1,314.0,2.3,3787.0,4.775,0.477,1,CONFIRMED,3966801
25.70280003,3.1644,5623.8,33.1,1.27,67.9,562.0,23.68,5532.0,4.488,0.835,0,FALSE POSITIVE,11521048
13.64617478,3.4098,633.0,2.06,0.115,43.4,678.0,49.89,5569.0,4.566,0.829,1,CONFIRMED,11656721
3.213668926,3.98235,727.8,4.13,0.021,346.9,1515.0,1244.44,5795.0,4.101,1.545,1,CONFIRMED,11853905
8.13121389,4.2386,111.8,1.58,0.622,55.3,1117.0,368.36,6181.0,4.22,1.424,1,CONFIRMED,5866724
41.8854433,6.763,687.4,3.28,0.917,47.0,540.0,20.05,5735.0,4.356,1.028,1,CONFIRMED,11669239
13.81733587,4.261,223.2,2.04,0.967,20.4,781.0,88.04,5735.0,4.356,1.028,1,CONFIRMED,11669239
52.8148051,7.309,553.7,3.33,0.002,27.4,562.0,23.57,5565.0,4.117,1.439,1,CONFIRMED,10600261
8.30783912,3.1516,777.5,2.15,0.019,66.4,751.0,75.09,5320.0,4.589,0.786,1,CONFIRMED,10656823
34.0963441,3.896,472.7,1.71,0.386,21.5,469.0,11.42,5320.0,4.589,0.786,1,CONFIRMED,10656823
6.45442931,2.6772,586.1,2.48,0.749,45.3,999.0,234.98,6092.0,4.496,0.943,1,CONFIRMED,10676824
3.595769013,3.1569,383.7,2.39,0.496,45.9,1296.0,666.88,5762.0,4.283,1.196,1,CONFIRMED,10718726
52.6615266,3.1592,1078.1,1.87,0.682,38.4,271.0,1.28,3984.0,4.72,0.539,1,CONFIRMED,12302530
1.902208647,2.19877,2343.5,4.45,0.116,363.2,1346.0,778.26,5400.0,4.463,0.937,1,CONFIRMED,12470954
15.90688891,3.9879,924.7,2.35,0.014,75.0,588.0,28.32,5097.0,4.554,0.797,1,CONFIRMED,2438264
4.973455252,1.6519,741.6,2.46,0.817,65.4,867.0,133.55,5097.0,4.554,0.797,1,CONFIRMED,2438264
30.5528972,5.269,865.2,30.74,1.216,35.6,670.0,47.63,6284.0,4.349,1.138,0,FALSE POSITIVE,3340312
4.804469031,3.4587,744.4,3.35,0.979,67.3,953.0,194.68,5470.0,4.528,0.809,0,FALSE POSITIVE,4049108
1.616883373,1.6325,437.3,4.47,0.856,43.9,1774.0,2342.49,4868.0,3.902,1.816,1,CONFIRMED,4454752
13.19322809,5.0036,585.7,2.94,0.005,50.9,862.0,130.35,5946.0,4.309,1.223,1,CONFIRMED,4757437
10.31174786,3.1818,275.9,1.34,0.747,81.7,634.0,38.13,4900.0,4.602,0.741,1,CONFIRMED,10187017
4.42535097,3.504,179.0,1.63,0.177,22.1,1240.0,559.22,5946.0,4.309,1.223,1,CONFIRMED,4757437
4.302139338,2.0289,747.2,2.46,0.652,65.5,937.0,182.7,5041.0,4.479,0.857,1,CONFIRMED,11823054
3.137845914,1.91,305.7,1.5,0.454,30.8,1041.0,277.64,5041.0,4.479,0.857,1,CONFIRMED,11823054
3.74782314,5.133,423.4,25.59,1.202,53.8,1253.0,583.52,6161.0,4.454,1.053,0,FALSE POSITIVE,11913012
1.09173174,1.9719,186.9,1.07,0.334,32.2,1488.0,1153.1,5354.0,4.587,0.788,0,FALSE POSITIVE,11972666
20.68420772,6.4415,858.5,3.28,0.488,59.6,729.0,66.83,6246.0,4.433,1.092,1,CONFIRMED,12058931
50.6985408,5.972,610.9,3.58,0.137,30.1,595.0,29.58,5876.0,4.151,1.456,1,CONFIRMED,9782691
2.9926465,1.81,105.9,0.89,0.319,16.1,1170.0,443.12,5718.0,4.549,0.863,0,FALSE POSITIVE,9886221
39.7529915,4.9641,549.3,2.37,0.046,40.9,568.0,24.54,6072.0,4.411,1.01,1,CONFIRMED,9957627
9.99760285,3.4423,638.7,2.82,0.851,39.0,860.0,129.18,6004.0,4.484,0.977,1,CONFIRMED,9958962
90.4117992,7.106,1265.0,3.96,0.849,35.4,413.0,6.86,6004.0,4.484,0.977,1,CONFIRMED,9958962
13.54057461,4.4673,461.0,2.17,0.18,53.3,779.0,87.1,5767.0,4.389,1.014,1,CONFIRMED,3745690
1.732346403,2.2139,182.4,1.37,0.184,41.2,1546.0,1345.92,5767.0,4.389,1.014,1,CONFIRMED,3745690
7.0257409,2.245,190.7,1.56,0.812,21.2,969.0,208.92,5767.0,4.389,1.014,1,CONFIRMED,3745690
16.21774917,4.9274,758.3,2.22,0.336,80.3,664.0,45.87,5837.0,4.577,0.798,1,CONFIRMED,3833007
11.72291212,4.2064,492.2,2.08,0.012,58.8,766.0,81.46,5550.0,4.431,0.953,1,CONFIRMED,3847138
8.661374,2.972,160.1,1.32,0.6469,4.7,945.0,188.16,6250.0,4.472,0.986,0,FALSE POSITIVE,4833135
9.66857386,2.4656,411.7,1.9,0.8,36.9,730.0,67.06,5288.0,4.541,0.836,1,CONFIRMED,4847534
7.053527145,2.3982,1480.1,2.16,0.172,92.3,547.0,21.17,4041.0,4.697,0.567,1,CONFIRMED,4852528
9.521644639,2.3569,1491.3,2.16,0.023,79.2,495.0,14.2,4041.0,4.697,0.567,1,CONFIRMED,4852528
3.072146607,1.8732,539.0,1.3,0.032,44.9,722.0,64.09,4041.0,4.697,0.567,1,CONFIRMED,4852528
4.645382149,2.0271,565.5,1.33,0.154,40.4,629.0,36.9,4041.0,4.697,0.567,1,CONFIRMED,4852528
9.82578495,5.2498,433.3,2.66,0.888,38.1,935.0,180.36,6246.0,4.433,1.092,1,CONFIRMED,12058931
25.30291816,4.4903,2105.7,3.95,0.04,117.7,535.0,19.39,5121.0,4.457,0.888,1,CONFIRMED,12116489
21.30020491,4.0852,659.8,2.99,0.075,58.1,725.0,65.37,6008.0,4.35,1.168,1,CONFIRMED,12600735
289.864067,7.565,529.1,2.34,0.856,57.4,257.0,1.03,5516.0,4.446,0.886,1,CONFIRMED,10593626
10.29767658,6.649,655.5,39.14,1.194,57.0,1022.0,258.09,5671.0,4.075,1.608,0,FALSE POSITIVE,3437776
51.0674355,4.374,597.5,2.44,0.482,18.7,499.0,14.69,6004.0,4.484,0.977,1,CONFIRMED,9958962
199.99763493,3.43,,,,,,,,,,0,FALSE POSITIVE,10294465
1.682695938,1.3867,703.8,1.23,0.025,75.4,750.0,74.7,3669.0,4.787,0.47,1,CONFIRMED,10388286
17.30795548,5.1126,633.0,3.56,0.0,46.4,815.0,104.37,5565.0,4.117,1.439,1,CONFIRMED,10600261
10.423677439,5.2257,777.3,3.72,0.005,204.4,1012.0,247.48,6181.0,4.234,1.331,1,CONFIRMED,6462863
2.09227115,2.4062,207.6,2.06,0.271,30.0,1648.0,1746.66,5565.0,4.117,1.439,1,CONFIRMED,10600261
45.29422297,6.83,477.1,2.26,0.025,134.8,524.0,17.75,5676.0,4.347,1.044,1,CONFIRMED,11904151
260.20717331,6.59,,,,,,,,,,0,FALSE POSITIVE,4384675
16.70920628,2.7052,839.8,2.27,0.855,40.4,500.0,14.73,4621.0,4.605,0.668,1,CONFIRMED,4633570
28.55158187,4.1502,807.8,1.97,0.623,36.0,418.0,7.21,4621.0,4.605,0.668,1,CONFIRMED,4633570
4.045057186,2.9954,752.7,30.33,1.292,62.2,1126.0,381.17,5906.0,4.473,0.87,0,FALSE POSITIVE,5021176
10.13958818,2.6446,1155.9,1.68,0.078,40.3,447.0,9.41,3893.0,4.758,0.5,1,CONFIRMED,5640085
43.5859419,4.6814,1708.7,2.05,0.011,38.9,275.0,1.35,3893.0,4.758,0.5,1,CONFIRMED,5640085
0.986785834,1.1879,450.0,1.19,0.026,51.5,1054.0,292.35,4041.0,4.697,0.567,1,CONFIRMED,4852528
5.91037674,3.421,256.9,1.38,0.123,34.5,937.0,182.47,5515.0,4.443,0.867,0,FALSE POSITIVE,5282051
27.4536146,3.747,136.4,0.95,0.765,27.5,457.0,10.34,4900.0,4.602,0.741,1,CONFIRMED,10187017
8.22241355,2.71,1468.6,2.28,0.246,67.0,558.0,22.86,4213.0,4.658,0.615,1,CONFIRMED,5340644
0.635587392,4.7,147.7,28.58,1.151,40.9,2587.0,10637.41,5671.0,4.075,1.608,0,FALSE POSITIVE,3437776
13.02363236,3.9734,607.0,2.3,0.032,50.5,743.0,71.85,5627.0,4.453,0.945,1,CONFIRMED,4165473
11.6370303,3.3372,604.3,2.9,0.066,36.4,857.0,127.46,5576.0,4.257,1.198,1,CONFIRMED,4270253
5.68798675,2.2682,476.4,2.76,0.663,33.0,1088.0,330.44,5576.0,4.257,1.198,1,CONFIRMED,4270253
3.055171082,1.6798,8665.3,35.24,1.204,143.2,1358.0,804.33,6237.0,4.426,0.987,0,FALSE POSITIVE,5122112
5.40426917,2.5315,860.6,2.85,0.229,40.5,1073.0,312.93,6122.0,4.487,0.964,1,CONFIRMED,10973664
11.67894236,1.2641,1185.1,4.17,0.94,23.1,830.0,112.07,6122.0,4.487,0.964,1,CONFIRMED,10973664
1.208462378,1.544,227.3,1.64,0.831,17.4,1767.0,2307.65,6122.0,4.487,0.964,1,CONFIRMED,10973664
2.85188338,2.666,114.9,1.23,0.578,10.1,1398.0,903.77,6123.0,4.413,1.107,1,CONFIRMED,9141746
12.91385906,5.3685,487.9,2.49,0.845,40.5,849.0,122.66,6253.0,4.41,0.997,1,CONFIRMED,12459913
54.31996151,8.5858,1975.0,6.07,0.497,291.3,584.0,27.4,6181.0,4.234,1.331,1,CONFIRMED,6462863
252.0792347,3.9808,5582.6,41.07,1.283,104.1,318.0,2.42,6348.0,4.434,1.014,0,FALSE POSITIVE,5779852
27.04627886,2.666,900.8,3.54,0.962,48.8,636.0,38.62,6332.0,4.516,0.915,0,FALSE POSITIVE,6042214
3.723560726,3.435,540.0,3.46,0.954,58.9,1401.0,910.65,6535.0,4.373,1.181,0,FALSE POSITIVE,6200715
3.705991661,5.1658,501.4,2.43,0.623,100.3,1281.0,637.42,6187.0,4.409,1.034,1,CONFIRMED,6291033
5.188671659,5.0534,548.9,5.2,0.884,331.6,2118.0,4750.81,9523.0,4.205,1.941,0,FALSE POSITIVE,6889235
2.236100588,1.8643,27241.0,55.59,1.427,43.0,1255.0,586.38,5708.0,4.578,0.795,0,FALSE POSITIVE,6758917
40.606895,5.756,657.5,2.67,0.494,36.3,521.0,17.4,5538.0,4.384,1.027,1,CONFIRMED,5461440
13.76710058,2.9105,684.8,2.24,0.806,41.6,595.0,29.55,5001.0,4.582,0.76,1,CONFIRMED,5689351
6.1954595,2.952,296.4,1.37,0.647,27.1,776.0,85.77,5001.0,4.582,0.76,1,CONFIRMED,5689351
3.25058201,2.2537,218.4,1.19,0.684,24.0,962.0,202.09,5001.0,4.582,0.76,1,CONFIRMED,5689351
8.34819209,2.835,288.9,1.45,0.799,22.1,702.0,57.48,5001.0,4.582,0.76,1,CONFIRMED,5689351
2.399069173,3.2576,286.6,1.78,0.649,37.8,1354.0,792.76,5654.0,4.395,1.001,0,FALSE POSITIVE,5303551
91.172033,6.676,368.5,1.58,0.005,7.3,360.0,3.96,5552.0,4.562,0.836,0,FALSE POSITIVE,7692093
3.701765401,2.6061,288.3,1.63,0.713,35.9,1050.0,286.23,5252.0,4.442,0.898,1,CONFIRMED,5709725
86.4943704,7.471,995.2,3.07,0.741,42.6,367.0,4.29,5252.0,4.442,0.898,1,CONFIRMED,5709725
5.17968868,3.7256,121.8,18.91,1.203,48.4,972.0,211.06,5761.0,4.548,0.815,0,FALSE POSITIVE,7700871
51.84688984,4.7769,9636.3,8.73,0.681,257.2,413.0,6.9,5227.0,4.535,0.838,1,CONFIRMED,9946525
4.180048081,2.4479,1765.6,3.44,0.047,124.3,957.0,197.81,5227.0,4.535,0.838,1,CONFIRMED,9946525
68.832195,3.31,678.1,2.35,0.633,8.2,411.0,6.71,5687.0,4.538,0.86,0,FALSE POSITIVE,2716853
1.729367077,1.7442,484.4,1.82,0.278,44.7,1284.0,643.54,5227.0,4.535,0.838,1,CONFIRMED,9946525
5.26640614,3.6163,59294.0,38.05,0.869,339.9,1163.0,431.87,5916.0,4.296,1.175,0,FALSE POSITIVE,7289157
44.18938922,6.8151,4293.5,14.0,1.03,102.0,537.0,19.73,6061.0,4.438,0.968,0,FALSE POSITIVE,2695110
29.00789166,5.0274,906.3,2.64,0.761,44.1,498.0,14.59,5295.0,4.566,0.801,1,CONFIRMED,7098355
47.878243,4.066,910.0,8.15,1.076,30.9,317.0,2.38,4254.0,4.634,0.624,0,FALSE POSITIVE,7101828
13.69942266,4.3409,1292.9,3.85,0.03,120.0,771.0,83.6,5541.0,4.332,1.089,1,CONFIRMED,7269974
4.309381978,2.8977,310.7,1.89,0.034,42.3,1134.0,390.76,5541.0,4.332,1.089,1,CONFIRMED,7269974
4.9213639,1.8806,761.3,2.14,0.026,77.7,868.0,134.02,5076.0,4.55,0.799,1,CONFIRMED,7440748
87.0912594,7.0,1129.1,2.95,0.845,41.8,321.0,2.52,5001.0,4.582,0.76,1,CONFIRMED,5689351
1.583160478,1.1935,732.6,3.27,0.897,97.7,1619.0,1625.93,6063.0,4.476,1.012,0,FALSE POSITIVE,5780715
18.49234792,3.4744,1655.5,3.34,0.034,61.4,603.0,31.27,5289.0,4.477,0.838,1,CONFIRMED,5812960
7.930583519,3.6083,826.1,3.05,0.559,89.9,899.0,154.36,5674.0,4.446,1.032,1,CONFIRMED,6266741
7.07136119,2.757,65.7,0.63,0.658,22.4,719.0,63.11,4900.0,4.602,0.741,1,CONFIRMED,10187017
9.50150926,6.852,509.5,25.77,1.237,34.8,843.0,119.55,5938.0,4.518,0.908,0,FALSE POSITIVE,5738496
15.65563866,3.9305,955.9,2.55,0.304,53.2,623.0,35.62,5185.0,4.484,0.837,1,CONFIRMED,5774349
9.17858526,2.1945,796.5,2.3,0.582,50.6,753.0,76.14,5506.0,4.584,0.788,1,CONFIRMED,5978361
4.33144839,2.58,216.4,1.07,0.291,17.3,939.0,183.62,5344.0,4.55,0.728,0,FALSE POSITIVE,6422367
23.67513153,4.647,980.4,2.76,0.822,32.6,528.0,18.38,5309.0,4.588,0.781,1,CONFIRMED,6501635
29.19899219,5.1227,2047.2,4.15,0.043,171.0,540.0,20.05,5376.0,4.462,0.94,1,CONFIRMED,3217264
160.0191598,5.472,1552.8,4.28,0.852,49.6,306.0,2.08,5376.0,4.462,0.94,1,CONFIRMED,3217264
7.05185637,3.69,,,,,,,,,,0,FALSE POSITIVE,8554498
10.854095934,3.7768,1034.4,2.99,0.422,252.8,765.0,80.88,5465.0,4.449,0.925,1,CONFIRMED,6850504
55.3291399,6.918,325.7,1.67,0.209,21.8,436.0,8.55,5376.0,4.462,0.94,1,CONFIRMED,3217264
17.177328207,7.6702,24419.2,15.29,0.267,1357.5,720.0,63.7,6032.0,4.485,0.973,0,FALSE POSITIVE,3342592
7.064252021,1.3867,728.9,2.37,0.752,52.5,769.0,82.76,5076.0,4.55,0.799,1,CONFIRMED,7440748
43.501748,10.755,167.1,10.1,0.909,9.5,996.0,232.53,4604.0,2.936,6.221,0,FALSE POSITIVE,8219268
19.44639139,3.6227,926.0,3.24,0.813,82.4,681.0,50.73,5815.0,4.421,0.954,1,CONFIRMED,7977197
6.91986988,3.4253,170.1,1.39,0.819,25.6,961.0,201.41,5815.0,4.421,0.954,1,CONFIRMED,7977197
16.6658994,4.1934,754.2,2.85,0.429,60.8,702.0,57.31,5674.0,4.446,1.032,1,CONFIRMED,6266741
4.16696628,2.7535,877.7,2.74,0.022,80.1,1053.0,291.34,5456.0,4.45,0.943,1,CONFIRMED,6381846
0.535224793,3.3402,228.7,1.09,0.017,48.8,1783.0,2385.75,5044.0,4.551,0.738,0,FALSE POSITIVE,4367854
11.46347165,2.599,1048.6,3.0,0.103,56.5,752.0,75.57,5456.0,4.45,0.943,1,CONFIRMED,6381846
39.6034,6.487,572.7,2.22,0.166,25.8,497.0,14.47,5456.0,4.45,0.943,1,CONFIRMED,6381846
2.940304817,2.7226,472.4,2.59,0.825,51.8,1256.0,588.66,5527.0,4.376,1.054,1,CONFIRMED,6422155
5.378868001,2.7222,483.4,1.86,0.758,60.6,833.0,113.59,5077.0,4.567,0.774,1,CONFIRMED,6665695
15.28467725,6.0768,321.3,2.7,0.774,38.1,852.0,124.4,5763.0,4.181,1.374,1,CONFIRMED,6707833
73.506021,5.734,485.6,2.37,0.473,11.3,471.0,11.66,6215.0,4.44,1.052,0,FALSE POSITIVE,9785921
21.05349939,7.1605,496.6,2.75,0.008,39.1,731.0,67.48,5751.0,4.254,1.247,1,CONFIRMED,6786037
127.905412,14.475,4020.6,8.03,0.47,171.0,401.0,6.09,5751.0,4.254,1.247,1,CONFIRMED,6786037
6.21716039,4.4289,211.2,1.81,0.333,25.0,1098.0,343.21,5751.0,4.254,1.247,1,CONFIRMED,6786037
21.05647572,1.238,1293.6,5.05,0.938,52.1,732.0,67.74,6156.0,4.381,1.118,0,FALSE POSITIVE,4247092
31.80514278,7.6213,4675.3,34.82,1.289,161.3,553.0,22.05,5931.0,4.545,0.863,0,FALSE POSITIVE,4949751
37.60936976,6.8615,27590.8,15.8,0.671,971.1,508.0,15.8,5600.0,4.483,0.896,0,FALSE POSITIVE,5003117
49.26678528,5.5692,8494.0,929.36,8.364,309.0,538.0,19.79,5988.0,4.382,1.143,0,FALSE POSITIVE,5035972
3.613757526,5.9128,4872.2,7.05,0.812,591.2,1182.0,461.67,5986.0,4.498,0.906,0,FALSE POSITIVE,5218441
7.381980206,3.1152,1433.8,3.42,0.096,101.6,876.0,138.88,5559.0,4.47,0.914,1,CONFIRMED,5351250
17.58751692,4.3773,1377.8,4.03,0.106,109.4,706.0,58.6,5433.0,4.302,1.107,1,CONFIRMED,8043638
11.34436822,5.558,586.3,17.21,1.183,52.2,703.0,57.67,5594.0,4.602,0.752,0,FALSE POSITIVE,8621348
1.576341127,3.1232,335.1,2.96,0.01,88.7,1797.0,2460.7,5087.0,3.967,1.666,0,FALSE POSITIVE,8773869
18.47762694,1.94,2604.6,1.55,0.712,75.7,267.0,1.21,3395.0,4.97,0.283,1,CONFIRMED,8845205
58.36205791,6.3363,5374.7,7.02,0.402,286.6,446.0,9.33,5592.0,4.467,0.953,1,CONFIRMED,8890783
5.350156114,2.2647,764.8,2.6,0.008,87.1,989.0,226.02,5592.0,4.467,0.953,1,CONFIRMED,8890783
6.38899658,3.5032,543.3,2.89,0.876,45.8,970.0,209.17,5527.0,4.376,1.054,1,CONFIRMED,6422155
14.62709685,4.097,396.4,2.7,0.945,22.7,736.0,69.31,5527.0,4.376,1.054,1,CONFIRMED,6422155
35.1184432,4.59,542.4,3.26,0.958,20.4,550.0,21.57,5527.0,4.376,1.054,1,CONFIRMED,6422155
8.00579096,3.0549,629.7,2.36,0.092,69.2,956.0,197.06,6032.0,4.395,0.935,1,CONFIRMED,6451936
4.26374378,2.2725,182.0,1.28,0.368,23.8,1179.0,457.15,6032.0,4.395,0.935,1,CONFIRMED,6451936
84.6877524,10.0248,347.7,3.37,0.017,95.1,611.0,32.96,6688.0,4.062,1.79,1,CONFIRMED,8056665
2.340523247,3.156,175.4,1.4,0.725,37.2,1456.0,1063.8,6056.0,4.397,0.981,0,FALSE POSITIVE,7025846
25.85499978,3.8737,610.5,2.4,0.265,31.7,637.0,38.81,6122.0,4.487,0.964,1,CONFIRMED,7119481
10.68758211,3.3812,777.7,2.64,0.818,78.9,780.0,87.41,5788.0,4.524,0.848,1,CONFIRMED,7445445
20.30303506,4.5038,533.4,2.16,0.793,44.7,630.0,37.12,5788.0,4.524,0.848,1,CONFIRMED,7445445
39.0930875,5.687,476.3,2.99,0.862,10.1,602.0,31.11,6072.0,4.343,1.193,0,FALSE POSITIVE,8397947
12.56096618,3.7647,923.1,2.74,0.022,55.1,734.0,68.49,5559.0,4.47,0.914,1,CONFIRMED,5351250
30.8261043,5.914,742.2,3.18,0.943,32.3,544.0,20.68,5559.0,4.47,0.914,1,CONFIRMED,5351250
3.696121272,2.463,383.4,1.78,0.016,130.0,1095.0,340.33,5465.0,4.449,0.925,1,CONFIRMED,6850504
3.42806306,2.417,178.4,1.21,0.082,16.6,1131.0,386.14,5559.0,4.47,0.914,1,CONFIRMED,5351250
13.24931848,4.4859,647.6,2.86,0.62,87.8,806.0,99.54,5799.0,4.361,1.078,1,CONFIRMED,5444548
22.4098677,2.271,69.8,0.73,0.869,11.9,489.0,13.55,4900.0,4.602,0.741,0,FALSE POSITIVE,10187017
363.706662,8.553,1624.6,5.26,0.9315,43.7,283.0,1.51,6240.0,4.397,1.064,0,FALSE POSITIVE,8891318
18.00932214,4.9611,3004.4,4.96,0.55,245.2,658.0,44.29,5815.0,4.54,0.877,1,CONFIRMED,9583881
22.18431824,3.0397,1593.0,3.18,0.032,87.6,546.0,21.06,5157.0,4.5,0.818,1,CONFIRMED,9589524
0.80489537,0.92,,,,,,,,,,0,FALSE POSITIVE,8019043
276.32360146,9.8964,81.3,1.21,0.706,4.6,352.0,3.63,6528.0,4.257,1.26,0,FALSE POSITIVE,11775507
5.28691996,2.579,41.5,0.51,0.705,15.8,792.0,92.97,4900.0,4.602,0.741,1,CONFIRMED,10187017
6.51003001,3.3095,602.8,2.78,0.023,48.1,1017.0,253.24,5638.0,4.327,1.153,1,CONFIRMED,6838050
35.18105723,7.545,987.7,4.17,0.772,63.1,664.0,45.89,6520.0,4.375,1.215,1,CONFIRMED,6937692
11.75560012,4.7,648.8,22.39,1.228,46.3,716.0,62.19,5644.0,4.575,0.806,0,FALSE POSITIVE,7602070
17.79421914,4.1918,1549.4,25.27,1.242,111.5,606.0,31.94,5485.0,4.574,0.805,0,FALSE POSITIVE,7812179
6.12601169,1.733,40.2,0.83,0.422,7.0,1141.0,400.49,5679.0,4.146,1.286,0,FALSE POSITIVE,1868404
29.02235217,4.0263,637.6,2.55,0.902,41.4,559.0,23.06,5788.0,4.524,0.848,1,CONFIRMED,7445445
3.383540239,1.403,255.7,1.65,0.63,36.2,1133.0,389.19,5300.0,4.385,0.986,1,CONFIRMED,7595157
2.358952404,1.593,94.1,0.96,0.385,17.3,1278.0,630.43,5300.0,4.385,0.986,1,CONFIRMED,7595157
20.72904234,2.8066,561.7,1.94,0.559,31.6,530.0,18.68,4979.0,4.538,0.803,1,CONFIRMED,8008206
1.632916419,1.5599,209.2,1.13,0.136,31.0,1237.0,554.07,4979.0,4.538,0.803,1,CONFIRMED,8008206
7.216951388,1.89082,4284.5,41.57,1.283,312.2,1055.0,292.7,6266.0,4.38,1.056,0,FALSE POSITIVE,5449777
15.85238672,5.179,928.5,32.21,1.262,36.5,775.0,85.35,5903.0,4.322,1.005,0,FALSE POSITIVE,5478055
4.147021189,2.8997,3680.7,7.31,0.255,421.2,1258.0,590.84,5818.0,4.266,1.205,1,CONFIRMED,5683743
15.22895514,2.5967,1124.8,3.0,0.777,63.8,639.0,39.4,5456.0,4.562,0.812,1,CONFIRMED,5791986
24.67458244,3.2648,650.6,2.33,0.817,31.9,544.0,20.71,5456.0,4.562,0.812,1,CONFIRMED,5791986
3.750832927,1.9457,2397.9,4.61,0.001,212.5,1129.0,383.77,5776.0,4.512,0.95,1,CONFIRMED,9844088
21.34736612,4.184,630.5,3.2,0.885,53.1,648.0,41.65,5395.0,4.324,1.071,1,CONFIRMED,10019643
7.81100952,3.231,126.7,1.36,0.816,15.8,906.0,159.24,5395.0,4.324,1.071,1,CONFIRMED,10019643
4.243748097,3.3603,1409.7,3.16,0.032,139.8,1063.0,301.46,5873.0,4.554,0.843,1,CONFIRMED,10123064
2.404483552,0.2961,0.8,0.48,1.0,0.0,2078.0,4402.44,6050.0,3.823,2.345,0,FALSE POSITIVE,5653126
13.54204116,3.334,338.7,2.01,0.722,26.4,794.0,93.98,5891.0,4.395,1.015,0,FALSE POSITIVE,7840044
2.752359689,2.0722,791.9,2.54,0.436,115.7,1178.0,455.43,5461.0,4.499,0.897,1,CONFIRMED,8015907
13.98177862,2.958,1018.4,2.09,0.444,95.6,553.0,22.1,4859.0,4.615,0.651,1,CONFIRMED,8017703
44.0003975,5.1115,599.6,1.56,0.032,43.3,377.0,4.79,4859.0,4.615,0.651,1,CONFIRMED,8017703
247.354914,8.677,1291.8,2.29,0.044,49.0,212.0,0.48,4859.0,4.615,0.651,1,CONFIRMED,8017703
462.12069,10.42,633.7,2.46,0.002,9.9,249.0,0.91,6079.0,4.411,0.974,0,FALSE POSITIVE,1995712
12.39894005,4.262,702.9,4.06,0.975,50.7,890.0,148.37,6355.0,4.41,1.108,0,FALSE POSITIVE,8106610
207.5829306,7.0686,505.1,4.52,0.84,70.0,453.0,9.97,6688.0,4.062,1.79,1,CONFIRMED,8056665
7.26731094,2.2691,659.1,1.14,0.043,47.8,464.0,10.93,3751.0,4.8,0.443,1,CONFIRMED,8120608
13.3430025,2.7399,799.7,1.29,0.517,47.1,379.0,4.87,3751.0,4.8,0.443,1,CONFIRMED,8120608
3.886795001,1.7574,471.3,0.97,0.119,41.8,571.0,25.26,3751.0,4.8,0.443,1,CONFIRMED,8120608
22.40777833,3.2881,661.3,1.15,0.147,33.9,319.0,2.44,3751.0,4.8,0.443,1,CONFIRMED,8120608
20.35509657,5.33265,25079.5,17.53,0.503,1703.2,720.0,63.6,6081.0,4.404,1.077,0,FALSE POSITIVE,5872150
5.92240377,3.691,413.4,2.77,0.949,44.4,1087.0,329.86,6081.0,4.404,1.077,0,FALSE POSITIVE,5872150
77.6114427,7.1786,814.5,2.59,0.094,100.5,397.0,5.87,5465.0,4.449,0.925,1,CONFIRMED,6850504
18.20795835,3.7965,1596.9,3.08,0.64,157.3,551.0,21.86,5176.0,4.612,0.738,1,CONFIRMED,6508221
12.70636123,2.395,871.7,2.75,0.793,54.0,697.0,55.86,5573.0,4.562,0.839,1,CONFIRMED,10155434
10.94577783,3.0937,532.8,2.84,0.819,52.5,881.0,142.23,5888.0,4.342,1.097,1,CONFIRMED,10460984
28.9869016,3.6233,471.6,2.7,0.842,31.5,637.0,38.82,5888.0,4.342,1.097,1,CONFIRMED,10460984
94.886902,6.923,641.7,4.24,0.982,25.5,429.0,7.99,5888.0,4.342,1.097,1,CONFIRMED,10460984
5.03505665,1.804,151.5,1.63,0.911,16.6,1141.0,401.23,5888.0,4.342,1.097,1,CONFIRMED,10460984
24.7222403,4.53,290.1,1.31,0.106,9.3,536.0,19.53,5481.0,4.592,0.778,0,FALSE POSITIVE,6436505
11.90352088,4.297,633.0,2.56,0.421,47.2,827.0,110.54,6063.0,4.47,1.001,1,CONFIRMED,8022244
9.286964466,3.3649,691.7,2.1,0.004,251.9,762.0,79.68,5546.0,4.575,0.81,1,CONFIRMED,2571238
34.0350605,6.695,727.8,2.76,0.474,41.3,583.0,27.24,6063.0,4.47,1.001,1,CONFIRMED,8022244
12.75934489,3.5889,882.1,2.58,0.657,70.4,633.0,37.95,4963.0,4.501,0.826,1,CONFIRMED,8037145
5.433132902,2.4012,328.2,1.61,0.72,33.1,841.0,118.56,4963.0,4.501,0.826,1,CONFIRMED,8037145
0.967427812,5.8883,9127.8,29.01,1.248,323.4,1419.0,956.61,5066.0,4.625,0.709,0,FALSE POSITIVE,2140389
10.64021008,5.4381,455.3,2.87,0.77,58.6,963.0,203.48,6112.0,4.281,1.233,1,CONFIRMED,8193178
4.93883135,4.388,123.5,1.44,0.633,21.3,1244.0,566.38,6112.0,4.281,1.233,1,CONFIRMED,8193178
5.996533443,3.3129,711.4,2.96,0.51,70.5,1025.0,260.49,5622.0,4.346,1.089,1,CONFIRMED,8344004
2.06190864,1.9743,214.0,1.63,0.537,27.9,1463.0,1082.28,5622.0,4.346,1.089,1,CONFIRMED,8344004
20.13490007,3.7962,1035.2,2.98,0.798,64.7,544.0,20.66,4963.0,4.501,0.826,1,CONFIRMED,8355239
88.2553729,4.539,1132.2,2.96,0.886,54.2,326.0,2.67,5176.0,4.612,0.738,1,CONFIRMED,6508221
22.418319842,5.349,11929.1,9.94,0.8,944.4,563.0,23.8,5324.0,4.491,0.813,0,FALSE POSITIVE,7975727
20.131477716,3.2806,8243.2,39.89,1.279,427.5,670.0,47.49,6003.0,4.507,0.932,0,FALSE POSITIVE,8219673
6.010383339,2.1939,2652.1,3.8,0.436,276.1,768.0,82.31,4882.0,4.558,0.738,1,CONFIRMED,8352537
1.334101467,2.1033,120.8,1.74,0.153,43.0,2169.0,5207.55,6178.0,4.106,1.58,0,FALSE POSITIVE,3248033
8.1808949,2.7546,723.5,2.1,0.521,48.7,716.0,62.21,5081.0,4.596,0.77,1,CONFIRMED,10577994
15.31296388,3.0935,864.9,2.34,0.607,45.3,581.0,26.98,5081.0,4.596,0.77,1,CONFIRMED,10577994
18.42794957,2.9264,706.6,2.24,0.727,36.0,526.0,18.05,4768.0,4.536,0.779,1,CONFIRMED,10599206
8.8249556,2.976,121.1,1.1,0.21,8.6,928.0,175.17,6078.0,4.434,0.994,0,FALSE POSITIVE,6768616
7.30497811,4.5414,10930.0,10.86,0.932,69.6,760.0,78.87,5247.0,4.609,0.744,0,FALSE POSITIVE,10068383
5.115750935,2.5378,1055.8,60.74,1.475,51.8,1202.0,493.38,6398.0,4.411,1.101,0,FALSE POSITIVE,10157573
1.213745575,5.5835,2012.2,21.69,1.246,213.7,1246.0,572.53,4820.0,4.606,0.661,0,FALSE POSITIVE,10191070
1.423799421,1.4866,2008.4,4.69,0.501,125.3,1659.0,1791.61,5962.0,4.464,1.019,0,FALSE POSITIVE,10225800
14.78767172,6.1191,781.8,3.46,0.021,39.4,827.0,110.42,5814.0,4.269,1.248,1,CONFIRMED,10227020
4.16536757,3.2935,120.0,1.0,0.348,30.4,1048.0,284.49,5604.0,4.52,0.912,1,CONFIRMED,4563268
14.48584765,3.1365,457.1,2.88,0.93,52.2,784.0,89.16,5784.0,4.352,1.085,1,CONFIRMED,4644604
40.6992062,7.074,429.9,3.2,0.854,38.5,685.0,52.05,6419.0,4.175,1.362,1,CONFIRMED,4656049
4.532402495,3.12,339.1,3.69,0.99,43.1,1160.0,426.69,5575.0,4.278,1.173,0,FALSE POSITIVE,4659405
25.273355,34.48,496.1,24.74,1.208,16.9,579.0,26.57,5313.0,4.39,0.976,0,FALSE POSITIVE,7941635
15.458056682,8.79536,4253.2,9.11,0.05,1055.9,871.0,136.4,5868.0,4.169,1.407,1,CONFIRMED,4742414
3.173914037,3.6069,303.0,3.07,0.819,76.1,1655.0,1769.83,6432.0,4.164,1.584,1,CONFIRMED,7764367
379.11996,7.22,1107.7,2.74,0.483,9.2,221.0,0.57,5546.0,4.575,0.81,0,FALSE POSITIVE,9024857
9.84824649,5.7471,436.7,2.68,0.55,25.3,947.0,189.82,5814.0,4.269,1.248,1,CONFIRMED,10227020
19.7243672,7.202,577.9,3.57,0.898,26.0,751.0,75.23,5814.0,4.269,1.248,1,CONFIRMED,10227020
51.75530504,7.4355,609.2,2.61,0.638,116.9,515.0,16.6,5979.0,4.394,1.005,1,CONFIRMED,6678383
7.38443269,5.7351,349.8,2.42,0.594,23.7,1042.0,278.67,5814.0,4.269,1.248,1,CONFIRMED,10227020
7.06115081,3.547,1526.9,171.85,2.824,60.4,886.0,145.61,5795.0,4.554,0.848,0,FALSE POSITIVE,10259031
7.23858162,3.1199,268.2,1.34,0.147,41.6,816.0,104.51,5411.0,4.561,0.831,1,CONFIRMED,4827723
161.4746786,10.572,828.2,3.25,0.746,47.8,343.0,3.27,5761.0,4.383,1.044,1,CONFIRMED,4841374
6.277827312,8.6841,1856.8,4.87,0.95,191.3,985.0,222.45,6077.0,4.526,0.891,0,FALSE POSITIVE,4861736
16.71987303,3.317,523.1,2.52,0.437,19.2,767.0,81.63,6020.0,4.389,1.085,1,CONFIRMED,5020319
12.011661094,3.77516,14293.6,55.2,1.024,1898.4,1317.0,710.87,6753.0,3.91,2.396,0,FALSE POSITIVE,5090690
3.275821982,3.0427,274.9,3.54,0.746,64.4,1730.0,2121.23,6185.0,4.013,1.972,1,CONFIRMED,8161561
15.87360981,3.5246,415.6,1.53,0.395,38.4,632.0,37.68,5656.0,4.607,0.737,1,CONFIRMED,8361905
12.3860474,2.604,151.3,1.11,0.538,9.1,679.0,50.23,5121.0,4.457,0.888,1,CONFIRMED,12116489
1.360834768,1.4886,1570.5,7.24,1.008,169.8,1660.0,1792.47,6215.0,4.543,0.872,0,FALSE POSITIVE,8409588
7.256962446,4.9402,463.2,3.53,0.676,168.3,1163.0,432.1,5858.0,4.112,1.549,1,CONFIRMED,11250587
29.66631669,8.412,668.0,2.83,0.019,95.3,644.0,40.68,5956.0,4.322,1.098,1,CONFIRMED,8480285
16.2254975,6.471,120.4,1.21,0.273,20.3,788.0,90.93,5956.0,4.322,1.098,1,CONFIRMED,8480285
1.260258822,1.8594,1130.7,3.57,0.791,128.2,1569.0,1435.82,5550.0,4.5,0.954,1,CONFIRMED,10265898
0.542122617,1.283,88.3,0.94,0.108,16.3,2238.0,5914.13,5875.0,4.476,0.998,0,FALSE POSITIVE,2302758
5.25449393,3.078,169.0,1.41,0.837,12.6,975.0,213.25,5550.0,4.5,0.954,1,CONFIRMED,10265898
5.924993927,2.8874,1608.1,3.15,0.848,68.5,758.0,77.91,5016.0,4.641,0.679,1,CONFIRMED,10271806
11.34934848,3.1101,1249.8,2.39,0.398,41.7,610.0,32.75,5016.0,4.641,0.679,1,CONFIRMED,10271806
26.94927489,10.6977,19963.9,7.37,0.438,415.7,395.0,5.78,4723.0,4.741,0.512,0,FALSE POSITIVE,5098444
23.6421965,5.018,1102.2,2.9,0.022,97.2,595.0,29.65,5750.0,4.538,0.882,1,CONFIRMED,5113822
67.0930642,7.334,1254.2,3.51,0.822,73.7,420.0,7.38,5750.0,4.538,0.882,1,CONFIRMED,5113822
17.97979816,5.5828,459.1,2.89,0.069,43.9,828.0,111.12,6141.0,4.272,1.352,1,CONFIRMED,5120087
30.99664113,2.9182,655.3,2.43,0.791,59.9,500.0,14.72,5324.0,4.544,0.853,1,CONFIRMED,5121511
2.462344253,1.8113,180.1,1.33,0.051,42.1,1326.0,730.86,5736.0,4.467,1.008,1,CONFIRMED,8557374
4.822969318,0.8752,332.1,2.22,0.891,36.0,1060.0,297.73,5736.0,4.467,1.008,1,CONFIRMED,8557374
28.7796446,8.349,253.2,1.95,0.886,36.5,619.0,34.65,6000.0,4.45,1.044,1,CONFIRMED,8738735
15.66057688,7.012,384.1,2.05,0.244,67.5,758.0,78.01,6000.0,4.45,1.044,1,CONFIRMED,8738735
17.42115972,4.9974,928.1,3.11,0.651,114.3,674.0,48.91,5679.0,4.487,0.972,1,CONFIRMED,8802165
3.13295351,2.2207,435.2,1.39,0.135,23.9,937.0,181.84,5016.0,4.641,0.679,1,CONFIRMED,10271806
18.64349986,1.8491,813.4,2.14,0.774,16.1,517.0,16.91,5016.0,4.641,0.679,1,CONFIRMED,10271806
93.803766,2.946,460.1,2.05,0.63,8.6,375.0,4.69,5559.0,4.47,0.914,0,FALSE POSITIVE,5351250
24.5434566,7.2518,1151.3,3.08,0.042,64.5,616.0,34.07,5955.0,4.52,0.91,1,CONFIRMED,10272442
51.07926451,6.3729,736.8,2.75,0.017,126.8,503.0,15.17,5833.0,4.407,1.022,1,CONFIRMED,10984090
4.350413063,1.7694,192.5,1.26,0.549,37.8,1088.0,331.98,5978.0,4.534,0.876,0,FALSE POSITIVE,5181817
1.376384817,1.745,365.9,1.47,0.558,47.8,1343.0,770.31,5278.0,4.591,0.746,0,FALSE POSITIVE,5309353
45.977861823,7.4493,23886.1,17.09,0.367,1283.6,541.0,20.32,5761.0,4.306,1.096,0,FALSE POSITIVE,5356593
29.90721859,4.8475,588.0,2.16,0.022,79.8,564.0,23.92,5739.0,4.476,0.896,1,CONFIRMED,8805348
7.03380109,6.4185,138.5,2.61,0.861,46.7,1320.0,718.45,6122.0,4.019,1.934,0,FALSE POSITIVE,8869680
3.032147946,3.8627,488.6,3.62,0.836,103.1,1507.0,1218.88,5827.0,4.151,1.447,1,CONFIRMED,8878187
15.96532718,4.5837,482.2,3.33,0.674,144.2,872.0,136.42,5880.0,4.154,1.433,1,CONFIRMED,4914423
12.718711489,2.48998,8378.9,120.02,1.588,550.2,1042.0,279.33,6120.0,4.036,1.596,0,FALSE POSITIVE,8891278
18.79418506,3.2906,1529.0,2.33,0.356,40.2,412.0,6.79,4126.0,4.668,0.602,1,CONFIRMED,10340423
6.73893544,2.813,601.3,1.44,0.043,24.2,579.0,26.64,4126.0,4.668,0.602,1,CONFIRMED,10340423
14.49839316,3.7343,3271.1,5.16,0.91,125.6,607.0,32.22,5268.0,4.602,0.735,0,FALSE POSITIVE,10345478
10.3392408,3.075,1184.6,2.98,0.15,51.4,777.0,86.46,5730.0,4.545,0.87,1,CONFIRMED,10358759
8.50339249,2.9569,188.9,1.95,0.825,28.5,1021.0,257.22,5877.0,4.233,1.265,1,CONFIRMED,5374854
23.7832097,7.939,256.5,2.01,0.01,38.3,725.0,65.26,5877.0,4.233,1.265,1,CONFIRMED,5374854
3.041547148,3.22798,20690.7,60.05,1.233,1670.6,1544.0,1344.31,6431.0,4.293,1.295,0,FALSE POSITIVE,5384802
5.16949729,4.5122,210.6,2.06,0.235,66.2,1309.0,694.32,6011.0,4.123,1.409,1,CONFIRMED,5531694
5.41460536,33.787,4080.1,116.93,1.29,294.4,1737.0,2150.63,6033.0,3.676,2.943,0,FALSE POSITIVE,8908102
30.86436512,2.9557,551.3,2.23,0.851,51.8,527.0,18.22,5677.0,4.563,0.828,1,CONFIRMED,8962094
9.36059705,3.2069,236.5,1.42,0.802,42.0,784.0,89.47,5677.0,4.563,0.828,1,CONFIRMED,8962094
14.6672293,3.742,198.1,1.21,0.596,30.5,675.0,49.12,5677.0,4.563,0.828,1,CONFIRMED,8962094
68.1609897,5.662,295.6,1.45,0.459,25.0,405.0,6.34,5677.0,4.563,0.828,1,CONFIRMED,8962094
13.28689997,3.2825,1039.6,2.78,0.017,41.3,715.0,61.8,5730.0,4.545,0.87,1,CONFIRMED,10358759
1.287076693,1.4942,729.4,1.39,0.003,65.2,871.0,135.97,3736.0,4.724,0.525,1,CONFIRMED,10386984
17.6717714,3.4202,918.6,2.44,0.86,36.2,513.0,16.38,4869.0,4.636,0.687,1,CONFIRMED,10395381
23.355341391,4.60672,38524.0,21.55,0.842,1144.3,601.0,30.96,5754.0,4.534,0.905,0,FALSE POSITIVE,10418797
23.44970494,8.6567,315.6,2.71,0.193,67.9,802.0,97.94,6188.0,4.196,1.524,1,CONFIRMED,5613330
1.73513619,2.2741,952.6,3.27,0.045,473.2,1554.0,1372.87,5751.0,4.391,1.071,1,CONFIRMED,8456679
11.95474513,2.1433,903.4,5.15,0.601,96.3,906.0,159.04,5059.0,3.976,1.657,1,CONFIRMED,5786676
42.55930625,3.0148,2303.5,5.45,0.927,60.9,527.0,18.24,6032.0,4.489,0.924,0,FALSE POSITIVE,5796186
16.080657264,2.8701,3076.0,4.43,0.051,195.9,614.0,33.64,5303.0,4.547,0.817,1,CONFIRMED,5796675
18.16407304,2.9355,943.2,1.98,0.021,99.7,508.0,15.72,4926.0,4.653,0.662,1,CONFIRMED,9002278
7.334073405,2.7308,326.9,1.42,0.559,2.6,870.0,135.81,5985.0,4.603,0.758,0,FALSE POSITIVE,12306808
5.71489692,2.3572,425.9,1.33,0.011,73.0,747.0,73.38,4926.0,4.653,0.662,1,CONFIRMED,9002278
122.3858681,7.123,711.1,1.72,0.101,46.3,269.0,1.24,4926.0,4.653,0.662,1,CONFIRMED,9002278
1.274840187,14.833,229.2,66.76,1.198,79.3,2498.0,9187.9,5365.0,3.669,2.872,0,FALSE POSITIVE,9053112
179.609803,13.755,1273.0,5.47,0.711,184.6,389.0,5.41,5880.0,4.154,1.433,1,CONFIRMED,4914423
1.368617188,1.6235,126.9,1.84,0.464,44.4,2255.0,6108.26,6561.0,4.14,1.584,0,FALSE POSITIVE,9162741
1.125963085,1.5034,146.0,1.41,0.596,43.1,1988.0,3689.22,6225.0,4.348,1.116,0,FALSE POSITIVE,5893123
8.59481851,3.254,336.5,1.75,0.617,37.5,854.0,125.48,5675.0,4.459,0.915,1,CONFIRMED,5941160
10.22215697,1.1939,238.2,1.72,0.911,13.6,806.0,99.68,5675.0,4.459,0.915,1,CONFIRMED,5941160
25.6721559,5.9629,387.1,2.68,0.867,78.4,683.0,51.47,6034.0,4.359,1.179,1,CONFIRMED,5966154
151.8851881,12.091,360.6,2.47,0.788,46.3,378.0,4.81,6034.0,4.359,1.179,1,CONFIRMED,5966154
1.065731229,1.7499,3639.6,384.26,1.277,109.2,5118.0,161806.81,6244.0,2.897,10.105,0,FALSE POSITIVE,3749508
18.39629744,2.7838,680.2,2.47,0.872,58.4,582.0,27.09,5316.0,4.57,0.804,1,CONFIRMED,9266431
1.012672041,3.0512,1197.6,5.89,0.957,237.4,2337.0,7026.31,6663.0,4.275,1.338,0,FALSE POSITIVE,9300285
28.714216138,6.0624,43701.9,42.19,0.919,1230.7,794.0,93.74,6706.0,4.226,1.417,0,FALSE POSITIVE,9426071
21.77568158,7.9588,797.9,4.76,0.025,117.3,853.0,125.14,5900.0,4.022,1.694,1,CONFIRMED,9458613
41.0283424,9.8052,541.4,3.92,0.011,66.5,691.0,53.8,5900.0,4.022,1.694,1,CONFIRMED,9458613
0.83442282,1.873,50.9,0.64,0.163,8.8,1854.0,2794.84,5838.0,4.529,0.897,0,FALSE POSITIVE,10729472
1.906633332,3.0825,268.0,2.72,0.98,83.3,1847.0,2745.66,6736.0,4.335,1.243,0,FALSE POSITIVE,5966660
4.069425638,2.0396,549.1,1.53,0.102,68.0,802.0,97.72,4671.0,4.636,0.68,1,CONFIRMED,6020753
4.06844957,2.8349,79.8,0.98,0.55,29.3,1170.0,442.08,5751.0,4.391,1.071,1,CONFIRMED,8456679
16.28247625,2.9227,792.6,1.88,0.382,60.0,505.0,15.37,4671.0,4.636,0.68,1,CONFIRMED,6020753
3.162692075,1.9529,503.7,2.61,0.716,75.4,1308.0,692.32,5821.0,4.355,1.085,1,CONFIRMED,6062088
31.7848157,8.8077,444.5,3.55,0.015,57.6,752.0,75.59,5900.0,4.022,1.694,1,CONFIRMED,9458613
13.17555999,6.6677,280.0,2.82,0.013,48.8,1009.0,244.58,5900.0,4.022,1.694,1,CONFIRMED,9458613
5.66815821,4.9064,119.7,1.85,0.177,27.3,1336.0,752.7,5900.0,4.022,1.694,1,CONFIRMED,9458613
17.40665216,6.864,586.9,2.95,0.022,85.7,814.0,104.04,6086.0,4.274,1.216,1,CONFIRMED,9530945
6.41496453,3.9015,201.2,25.79,1.187,53.1,1153.0,417.97,6170.0,4.259,1.183,0,FALSE POSITIVE,4752451
5.370639542,2.1121,491.3,2.54,0.667,58.8,1096.0,341.68,5821.0,4.355,1.085,1,CONFIRMED,6062088
11.32977062,3.845,162.4,1.37,0.036,18.5,855.0,126.21,5821.0,4.355,1.085,1,CONFIRMED,6062088
23.20579353,4.3243,342.5,5.86,0.059,46.9,1002.0,238.21,5460.0,3.626,3.231,1,CONFIRMED,6125481
6.07972016,7.1228,290.8,2.32,0.471,77.9,1111.0,360.77,5460.0,4.139,1.346,1,CONFIRMED,6267535
14.40090414,4.1682,379.6,2.71,0.872,41.1,828.0,111.24,5815.0,4.27,1.198,1,CONFIRMED,6347299
7.69363627,5.0324,295.1,2.12,0.366,55.1,1069.0,308.61,6086.0,4.274,1.216,1,CONFIRMED,9530945
21.3851584,4.0819,663.9,2.17,0.518,67.3,574.0,25.63,5376.0,4.516,0.825,1,CONFIRMED,9578686
5.37493289,3.9567,155.8,2.12,0.228,49.0,1413.0,942.35,6167.0,4.037,1.689,1,CONFIRMED,9590976
8.58600968,3.3443,102.1,1.84,0.728,23.2,1208.0,503.98,6167.0,4.037,1.689,1,CONFIRMED,9590976
3.88688862,3.683,58.3,1.29,0.035,20.8,1574.0,1448.04,6167.0,4.037,1.689,1,CONFIRMED,9590976
2.192009479,2.9453,1475.6,35.9,1.248,131.2,1446.0,1030.69,5499.0,4.28,1.125,0,FALSE POSITIVE,2441151
8.254912972,6.8822,19242.4,11.86,0.532,438.2,793.0,93.46,5366.0,4.5,0.835,0,FALSE POSITIVE,3970233
2.628117322,1.8289,936.8,1.77,0.612,98.1,737.0,69.56,3939.0,4.705,0.557,1,CONFIRMED,4832837
3.170626881,2.7189,14610.0,14.37,0.847,113.2,1314.0,704.88,6068.0,4.428,1.034,0,FALSE POSITIVE,5014753
25.6613816,4.459,166.5,1.78,0.864,14.6,683.0,51.48,5815.0,4.27,1.198,1,CONFIRMED,6347299
10.21418792,5.8201,303.8,2.29,0.016,78.6,957.0,198.34,5843.0,4.25,1.332,1,CONFIRMED,6365156
2.755637216,1.8559,536.7,1.37,0.717,99.8,757.0,77.57,4121.0,4.709,0.553,1,CONFIRMED,6425957
36.2671673,2.065,627.1,1.5,0.214,10.0,347.0,3.44,4264.0,4.637,0.62,0,FALSE POSITIVE,1293046
14.91095177,3.325,864.5,2.62,0.014,116.9,694.0,54.87,5650.0,4.5,0.899,1,CONFIRMED,2444412
20.30652862,2.8014,715.4,1.58,0.714,60.8,389.0,5.4,4121.0,4.709,0.553,1,CONFIRMED,6425957
44.6996563,6.2289,837.7,3.05,0.472,71.3,500.0,14.81,5497.0,4.394,1.046,1,CONFIRMED,9597345
3.619309734,3.0504,206.6,1.47,0.116,47.4,1156.0,422.53,5497.0,4.394,1.046,1,CONFIRMED,9597345
124.5245224,9.654,689.9,2.69,0.004,47.5,356.0,3.78,5497.0,4.394,1.046,1,CONFIRMED,9597345
2.178150857,1.931,162.5,1.11,0.58,37.4,1282.0,636.74,5691.0,4.56,0.836,0,FALSE POSITIVE,9640976
2.178150567,3.5065,511.3,34.19,1.228,131.4,1796.0,2457.28,6820.0,4.328,1.254,0,FALSE POSITIVE,9640985
25.33709016,9.664,2279.4,3.47,0.824,120.3,414.0,6.93,4469.0,4.625,0.635,0,FALSE POSITIVE,5562784
4.396999852,1.875,4576.8,13.57,0.987,63.3,1231.0,543.48,5949.0,4.311,1.156,0,FALSE POSITIVE,5608566
14.28228147,2.6588,983.2,1.82,0.019,44.7,446.0,9.38,4102.0,4.675,0.595,1,CONFIRMED,5686174
1.16015259,1.3433,170.2,1.4,0.748,48.4,1751.0,2229.29,5842.0,4.433,0.985,0,FALSE POSITIVE,5903312
3.743166733,3.6888,126.3,1.5,0.008,47.2,1423.0,971.76,6181.0,4.234,1.331,1,CONFIRMED,6462863
13.13747785,4.8655,212.8,1.85,0.8,43.1,825.0,109.68,5762.0,4.314,1.143,1,CONFIRMED,6442340
7.78199862,3.947,106.9,1.32,0.816,25.6,983.0,220.8,5762.0,4.314,1.143,1,CONFIRMED,6442340
2.2227289,2.617,279.1,34.14,0.254,10.5,4454.0,93172.12,4996.0,2.354,20.848,0,FALSE POSITIVE,1434395
23.4433748,5.768,85.0,1.29,0.924,14.1,681.0,50.72,5762.0,4.314,1.143,1,CONFIRMED,6442340
5.868066282,4.1246,436.5,3.6,0.801,97.6,1254.0,584.32,5918.0,4.127,1.555,1,CONFIRMED,6685609
1.61189046,3.0792,101.1,1.72,0.782,38.0,1930.0,3267.98,5918.0,4.127,1.555,1,CONFIRMED,6685609
9.940666412,3.9092,520.2,2.87,0.02,161.4,996.0,233.04,6215.0,4.305,1.259,1,CONFIRMED,9450647
4.182001885,2.2209,847.4,2.46,0.015,160.3,974.0,213.29,5328.0,4.551,0.865,1,CONFIRMED,9702072
1.621668852,1.7517,7662.0,32.76,1.194,67.8,1598.0,1546.28,6106.0,4.487,0.966,0,FALSE POSITIVE,9834719
14.70749512,3.1506,262.0,2.04,0.127,36.3,819.0,106.22,5676.0,4.247,1.28,1,CONFIRMED,9873254
20.73989406,3.1505,616.1,2.11,0.777,44.2,536.0,19.47,5132.0,4.571,0.77,1,CONFIRMED,6587002
47.4277116,5.2679,820.4,2.33,0.678,49.9,407.0,6.46,5132.0,4.571,0.77,1,CONFIRMED,6587002
5.07442951,4.064,250.2,1.38,0.53,26.7,929.0,175.75,5448.0,4.562,0.857,0,FALSE POSITIVE,6960456
12.874712426,2.2491,3860.7,11.26,0.932,218.5,926.0,173.5,5963.0,4.218,1.424,1,CONFIRMED,7368664
176.2432946,5.0423,4981.4,48.15,1.271,86.6,353.0,3.68,5559.0,4.209,1.231,0,FALSE POSITIVE,8374580
3.07155284,4.0935,86.0,1.65,0.855,27.2,1556.0,1389.97,5918.0,4.127,1.555,1,CONFIRMED,6685609
22.24814617,4.1483,613.7,2.72,0.868,74.2,609.0,32.58,5629.0,4.503,0.943,1,CONFIRMED,6707835
4.305219002,2.6845,9738.6,10.34,0.626,205.8,1119.0,370.84,5780.0,4.438,1.0,0,FALSE POSITIVE,6752502
13.779711352,7.63871,25479.1,47.58,0.201,2013.6,1376.0,848.24,6444.0,3.643,2.947,0,FALSE POSITIVE,6805146
2.508057497,1.1134,1507.6,3.25,0.742,312.7,997.0,234.06,4780.0,4.597,0.761,1,CONFIRMED,10318874
5.07437786,5.942,605.7,23.71,1.21,86.6,1008.0,244.04,5661.0,4.48,0.919,0,FALSE POSITIVE,6960445
0.900375925,1.257,41.4,0.82,0.093,14.6,2078.0,4399.18,5676.0,4.247,1.28,1,CONFIRMED,9873254
4.585466941,3.4437,383.5,3.29,0.823,84.8,1307.0,688.54,5788.0,4.16,1.495,1,CONFIRMED,9884104
22.71443351,6.0875,575.1,4.01,0.816,74.4,766.0,81.57,5788.0,4.16,1.495,1,CONFIRMED,9884104
47.903427,6.191,379.3,3.55,0.918,34.1,598.0,30.17,5788.0,4.16,1.495,1,CONFIRMED,9884104
9.034190783,1.5501,577.6,1.8,0.846,82.1,586.0,27.87,4499.0,4.635,0.639,1,CONFIRMED,9950612
1.433339604,1.3665,305.2,2.08,0.902,39.6,1677.0,1873.33,6077.0,4.471,0.999,0,FALSE POSITIVE,9714696
37.86511904,2.9799,6941.7,40.36,1.28,222.3,535.0,19.31,5858.0,4.495,0.963,0,FALSE POSITIVE,9846086
9.07098164,2.6903,1026.2,2.94,0.013,59.1,825.0,109.61,5672.0,4.506,0.929,1,CONFIRMED,10353968
2.879243323,2.6273,48050.0,21.02,0.709,200.5,1244.0,565.39,5941.0,4.533,0.885,0,FALSE POSITIVE,10384962
45.15535633,5.7845,6208.7,7.65,0.063,285.1,523.0,17.68,6046.0,4.486,0.972,1,CONFIRMED,11773022
9.48965527,3.587,262.2,2.16,0.795,42.5,926.0,173.79,5672.0,4.279,1.204,1,CONFIRMED,7033671
4.22865217,3.3275,150.0,1.83,0.009,41.5,1379.0,854.59,5966.0,4.169,1.499,1,CONFIRMED,7040629
2.85889907,1.465,55.7,0.73,0.936,6.9,989.0,226.09,4973.0,4.603,0.754,0,FALSE POSITIVE,2711131
7.46662068,3.87,120.9,1.65,0.255,27.4,1141.0,401.08,5966.0,4.169,1.499,1,CONFIRMED,7040629
16.25951967,3.854,129.5,1.72,0.374,19.6,880.0,142.1,5966.0,4.169,1.499,1,CONFIRMED,7040629
11.1317901,4.051,95.5,1.47,0.342,18.2,999.0,235.55,5966.0,4.169,1.499,1,CONFIRMED,7040629
28.1224393,4.174,194.3,0.9,0.516,26.9,401.0,6.13,4499.0,4.635,0.639,1,CONFIRMED,9950612
11.427550984,4.6074,500.9,2.35,0.608,165.5,852.0,124.31,5979.0,4.394,1.005,1,CONFIRMED,6678383
0.983304511,1.78,79.9,1.1,0.477,10.1,2121.0,4774.53,6363.0,4.386,1.198,0,FALSE POSITIVE,2308411
45.9029768,5.0041,361.8,1.18,0.303,42.9,341.0,3.19,4499.0,4.635,0.639,1,CONFIRMED,9950612
4.159816554,1.6261,160.3,0.86,0.676,35.6,759.0,78.4,4499.0,4.635,0.639,1,CONFIRMED,9950612
5.69059163,2.557,1384.3,3.1,0.573,45.5,860.0,129.31,5244.0,4.538,0.81,1,CONFIRMED,9963524
4.885488596,5.16165,7458.4,16.66,0.361,2590.1,1496.0,1182.79,6036.0,3.968,1.909,1,CONFIRMED,5780885
130.17802962,8.4534,11570.9,10.44,0.022,365.2,367.0,4.31,6046.0,4.486,0.972,1,CONFIRMED,11773022
85.3162004,2.7441,1902.6,6.34,0.972,32.6,423.0,7.57,6046.0,4.486,0.972,1,CONFIRMED,11773022
10.34973276,4.4859,119.0,1.44,0.905,44.5,930.0,177.25,6003.0,4.303,1.109,1,CONFIRMED,12068975
16.08786246,3.095,612.5,2.56,0.824,63.7,668.0,47.17,5506.0,4.473,0.914,1,CONFIRMED,7115785
41.74938613,5.6098,1055.4,2.94,0.226,95.0,486.0,13.22,5506.0,4.473,0.914,1,CONFIRMED,7115785
0.56680081,3.6116,127.7,1.02,0.004,71.5,2038.0,4065.92,5506.0,4.473,0.914,0,FALSE POSITIVE,7115785
4.41746257,2.965,291.0,3.95,0.085,22.6,1810.0,2536.07,6570.0,3.86,2.297,1,CONFIRMED,7124613
8.981014925,1.8478,1059.3,3.14,0.097,198.3,880.0,141.77,5666.0,4.362,0.967,1,CONFIRMED,8711794
16.33888067,9.3599,1718.4,10.47,0.256,201.9,963.0,203.31,4877.0,3.645,2.595,1,CONFIRMED,7277317
39.1307086,2.295,201.0,1.54,0.013,7.4,600.0,30.75,6295.0,4.401,1.08,0,FALSE POSITIVE,2446134
10.04157214,2.6577,1114.0,2.97,0.768,28.1,712.0,60.74,5244.0,4.538,0.81,1,CONFIRMED,9963524
18.36974658,2.939,1143.3,3.58,0.947,20.1,582.0,27.14,5244.0,4.538,0.81,1,CONFIRMED,9963524
2.79590004,2.056,383.7,1.66,0.638,16.3,1090.0,333.31,5244.0,4.538,0.81,1,CONFIRMED,9963524
13.72462702,6.9758,281.8,2.13,0.748,50.1,831.0,112.82,5817.0,4.293,1.171,1,CONFIRMED,9964801
46.40626,7.0281,469.1,2.66,0.018,51.2,588.0,28.23,6086.0,4.276,1.227,1,CONFIRMED,9965439
15.67750191,5.5082,115.5,1.42,0.911,39.6,810.0,101.79,6003.0,4.303,1.109,1,CONFIRMED,12068975
5.59931543,3.8944,84.8,1.22,0.914,41.4,1142.0,402.39,6003.0,4.303,1.109,1,CONFIRMED,12068975
25.2100146,6.553,62.1,0.95,0.771,18.8,691.0,54.06,6003.0,4.303,1.109,1,CONFIRMED,12068975
17.79001678,4.4116,871.4,2.7,0.182,67.2,655.0,43.5,5569.0,4.474,0.927,1,CONFIRMED,3541946
49.5674085,4.002,730.0,2.91,0.866,31.2,465.0,11.09,5569.0,4.474,0.927,1,CONFIRMED,3541946
6.790120801,6.0437,2302.3,9.86,0.486,526.1,1434.0,998.97,6372.0,3.954,2.001,1,CONFIRMED,10264660
1.655467295,3.2424,1059.4,2.17,0.001,98.7,1080.0,322.97,4583.0,4.6,0.695,0,FALSE POSITIVE,7385509
7.972510087,2.9754,3139.0,3.22,0.739,206.7,497.0,14.45,3912.0,4.728,0.533,1,CONFIRMED,7447200
2.453236139,1.6691,1723.2,2.26,0.496,158.0,737.0,69.36,3912.0,4.728,0.533,1,CONFIRMED,7447200
11.9710626,2.7607,421.8,5.84,0.999,42.6,1044.0,280.97,6312.0,4.127,1.464,0,FALSE POSITIVE,7466863
6.0404622,1.98,241.0,1.3,0.508,14.9,841.0,118.56,5297.0,4.578,0.825,1,CONFIRMED,7509886
4.13852825,2.281,256.5,1.3,0.185,20.5,954.0,196.51,5297.0,4.578,0.825,1,CONFIRMED,7509886
3.936993144,1.887,1266.0,3.36,0.801,59.3,1004.0,240.16,5431.0,4.563,0.843,1,CONFIRMED,10002866
28.08185982,4.5288,1840.3,3.63,0.425,50.8,522.0,17.52,5431.0,4.563,0.843,1,CONFIRMED,10002866
23.66834635,5.8297,449.4,2.32,0.758,112.8,668.0,47.11,5979.0,4.394,1.005,1,CONFIRMED,6678383
10.08881066,1.7726,1995.9,4.71,0.921,51.4,734.0,68.62,5431.0,4.563,0.843,1,CONFIRMED,10002866
6.97106919,3.9125,452.8,2.07,0.044,41.7,946.0,189.16,5871.0,4.493,0.983,0,FALSE POSITIVE,10005020
1.311842968,1.7876,245.1,1.43,0.121,44.2,1562.0,1410.6,5569.0,4.474,0.927,1,CONFIRMED,3541946
38.13853099,3.8617,1230.2,68.75,1.231,58.9,873.0,137.15,6481.0,3.861,2.343,0,FALSE POSITIVE,4449034
14.58649856,4.0249,378.7,2.45,0.665,53.0,852.0,124.89,6063.0,4.29,1.191,1,CONFIRMED,4478168
1.05569286,1.289,37.5,0.45,0.131,7.1,1395.0,898.72,4955.0,4.561,0.751,0,FALSE POSITIVE,2854839
7.75192755,3.5413,407.3,1.89,0.546,77.3,852.0,124.47,5604.0,4.52,0.912,1,CONFIRMED,4563268
31.80475991,8.699,360.6,2.99,0.87,73.4,664.0,45.9,5867.0,4.235,1.356,1,CONFIRMED,7515212
16.2580276,6.375,47.0,0.92,0.131,11.5,830.0,112.41,5867.0,4.235,1.356,1,CONFIRMED,7515212
8.600153929,9.0015,4510.2,26.52,0.296,1208.1,1703.0,1986.75,6093.0,3.475,3.913,1,CONFIRMED,7529266
3.719809197,3.5317,2958.2,87.21,1.279,373.9,1873.0,2912.21,6284.0,3.813,2.348,0,FALSE POSITIVE,11553706
0.73975345,4.2,481.8,2.09,0.525,86.2,1818.0,2580.0,5271.0,4.436,0.935,0,FALSE POSITIVE,2449053
1.612249049,4.235,154.0,50.98,1.171,45.4,2713.0,12788.25,6732.0,3.793,2.569,0,FALSE POSITIVE,10489525
44.258173075,7.58264,20541.7,37.38,0.815,1282.3,845.0,120.38,6544.0,3.839,2.326,0,FALSE POSITIVE,7598128
3.05933906,1.7332,1169.2,36.0,1.259,37.7,1434.0,999.16,6238.0,4.337,1.116,0,FALSE POSITIVE,11858979
0.624677585,2.411,37.3,1.28,0.522,31.0,4391.0,87591.59,9653.0,4.191,1.996,0,FALSE POSITIVE,5900390
0.759763198,3.083,202.5,1.2,0.571,30.8,1752.0,2227.19,5520.0,4.572,0.818,0,FALSE POSITIVE,5444334
372.37369,12.33,666.1,2.68,0.3052,15.6,267.0,1.2,6109.0,4.455,1.029,0,FALSE POSITIVE,10139620
126.55719,8.079,366.4,4.59,0.965,24.8,524.0,17.85,6501.0,4.054,1.854,1,CONFIRMED,8686373
12.435190544,3.8305,71.9,0.52,0.321,4.8,545.0,20.93,4756.0,4.676,0.62,0,FALSE POSITIVE,5386264
20.0983676,5.207,157.8,1.58,0.02,20.9,775.0,85.34,6053.0,4.279,1.26,1,CONFIRMED,3867615
85.112898,2.503,513.8,2.21,0.033,8.0,422.0,7.48,6018.0,4.485,0.975,0,FALSE POSITIVE,3218844
0.504426087,1.6276,614.5,33.96,1.321,81.7,2339.0,7077.76,6043.0,4.452,0.901,0,FALSE POSITIVE,3542222
9.6887216,2.0,655.5,3.09,0.118,18.1,1014.0,250.25,6457.0,4.358,1.196,1,CONFIRMED,5530112
19.597317,4.508,1014.1,3.78,0.87,23.7,671.0,47.9,5569.0,4.368,1.019,1,CONFIRMED,6226908
13.06243545,3.244,464.3,1.36,0.128,21.4,527.0,18.25,4522.0,4.615,0.655,1,CONFIRMED,5906694
0.793663156,0.8244,186.2,1.14,0.4,23.7,1614.0,1600.85,5077.0,4.533,0.825,0,FALSE POSITIVE,10186945
2.81401302,5.801,55.7,1.51,0.567,33.8,1723.0,2081.51,5541.0,3.869,1.967,0,FALSE POSITIVE,4636565
3.74031708,2.394,165.6,1.38,0.277,15.6,1287.0,646.81,6260.0,4.433,1.063,1,CONFIRMED,9956082
0.851678507,2.028,67.9,0.85,0.418,9.1,1840.0,2698.28,5403.0,4.389,1.029,0,FALSE POSITIVE,3241647
205.30627,7.86,671.0,2.48,0.1543,6.4,314.0,2.29,6045.0,4.494,0.955,0,FALSE POSITIVE,7761585
0.978046982,2.6137,838.8,129.67,1.227,105.2,3146.0,23083.37,5100.0,3.368,4.569,0,FALSE POSITIVE,3241248
1.332566763,4.001,384.9,1.49,0.474,18.2,1318.0,713.45,5134.0,4.599,0.752,0,FALSE POSITIVE,9716302
1.89131005,5.687,155.6,6.4,1.035,18.7,1590.0,1507.16,5706.0,4.255,1.12,0,FALSE POSITIVE,2708286
0.692978457,1.1366,61.0,2.24,0.938,20.9,3186.0,24240.83,6105.0,3.805,2.304,1,CONFIRMED,6755944
87.140633,18.11,,,,,,11.37,,,,0,FALSE POSITIVE,10419797
185.53285,31.46,877.0,28.39,1.2682,19.9,302.0,1.96,5817.0,4.544,0.87,0,FALSE POSITIVE,6515335
0.885131111,3.377,93.2,0.9,0.715,23.4,1818.0,2579.83,5904.0,4.543,0.867,0,FALSE POSITIVE,7777471
1.85447373,2.665,306.8,1.33,0.514,18.9,1221.0,527.79,5341.0,4.609,0.743,0,FALSE POSITIVE,10294509
0.502622858,3.085,146.0,1.41,0.693,41.1,2478.0,8838.66,6029.0,4.385,1.098,0,FALSE POSITIVE,3003019
31.8055128,3.979,141.7,0.63,0.476,10.9,378.0,4.84,4729.0,4.726,0.525,1,CONFIRMED,9334893
3.50472344,1.9464,90.7,0.8,0.309,18.4,1019.0,254.49,5115.0,4.477,0.854,1,CONFIRMED,10000941
124.827797,6.479,647.5,2.57,0.096,17.1,350.0,3.56,5349.0,4.353,1.032,1,CONFIRMED,9455677
0.786260569,4.556,877.1,15.72,1.226,246.0,1192.0,477.45,4223.0,4.681,0.557,0,FALSE POSITIVE,7690855
0.597934463,3.1225,515.0,23.2,1.224,72.2,2126.0,4834.45,6052.0,4.539,0.863,0,FALSE POSITIVE,5649837
360.76458,21.22,383.7,60.3,1.7475,10.0,216.0,0.52,5513.0,4.616,0.724,0,FALSE POSITIVE,10141938
2.15292788,3.043,41.4,1.02,0.45,21.5,1841.0,2708.61,5851.0,3.969,1.555,0,FALSE POSITIVE,8029197
2.61585431,6.519,169.8,1.28,0.577,26.9,1358.0,803.03,6131.0,4.497,0.945,0,FALSE POSITIVE,12257886
31.3351094,6.071,264.9,1.99,0.706,16.7,666.0,46.53,6404.0,4.393,1.142,1,CONFIRMED,11465651
1.061002863,1.962,142.4,1.06,0.337,15.7,1679.0,1883.03,5767.0,4.538,0.881,0,FALSE POSITIVE,5036480
363.35755,19.85,395.3,3.45,0.0406,13.9,305.0,2.05,5086.0,3.89,1.783,0,FALSE POSITIVE,10275077
0.924821319,2.594,122.4,1.1,0.401,24.3,1963.0,3514.31,6135.0,4.455,0.974,0,FALSE POSITIVE,6592832
4.4697452,5.33,241.5,2.43,0.982,33.8,1248.0,574.11,6102.0,4.316,1.125,0,FALSE POSITIVE,8524346
214.881456,9.581,759.2,2.68,0.023,16.1,286.0,1.59,5323.0,4.378,0.995,1,CONFIRMED,3937814
122.906853,15.97,819.7,3.55,0.974,19.9,338.0,3.08,5692.0,4.547,0.866,0,FALSE POSITIVE,5551228
12.422216754,6.5533,54.5,0.8,0.056,11.0,864.0,131.73,6231.0,4.424,1.084,0,FALSE POSITIVE,5471271
4.85018974,5.676,64.5,1.1,0.985,15.8,1098.0,344.04,6032.0,4.485,0.973,1,CONFIRMED,5881120
383.43595,11.059,1228.0,2.53,0.025,14.1,214.0,0.5,5576.0,4.615,0.729,0,FALSE POSITIVE,3248696
3.82315697,2.388,47.2,0.77,0.064,8.9,1282.0,638.38,6202.0,4.422,1.122,1,CONFIRMED,4548098
0.842336445,1.519,80.1,0.9,0.266,8.8,1941.0,3367.24,5765.0,4.415,0.998,0,FALSE POSITIVE,5306383
339.42934084,7.5,,,,,,,,,,0,FALSE POSITIVE,5446285
0.914468919,2.695,3426.3,36.84,1.271,189.0,1884.0,2978.16,5762.0,4.415,0.989,0,FALSE POSITIVE,5041847
1.54039744,1.787,127.6,1.08,0.723,7.0,1520.0,1267.95,5649.0,4.421,0.884,0,FALSE POSITIVE,3836558
8.45805119,2.998,258.7,2.52,0.697,18.3,1117.0,367.05,6172.0,4.198,1.471,1,CONFIRMED,4770617
101.1107014,8.029,878.1,1.61,0.046,24.1,229.0,0.65,4133.0,4.705,0.561,1,CONFIRMED,6106282
0.907943645,1.9144,1028.9,49.37,1.356,53.7,2219.0,5715.61,6434.0,4.354,1.166,0,FALSE POSITIVE,4946584
94.446856,7.502,436.4,7.13,0.977,20.0,611.0,32.93,5780.0,3.729,2.478,0,FALSE POSITIVE,6463499
0.92565941,1.488,30.0,0.88,0.042,11.2,2383.0,7600.86,6058.0,4.135,1.612,0,FALSE POSITIVE,8254882
0.537110149,1.7976,92.0,32.19,1.106,41.1,3195.0,24545.75,5395.0,3.739,2.537,0,FALSE POSITIVE,6042031
9.84262076,1.6018,626.4,2.41,0.234,16.8,801.0,97.62,5585.0,4.49,0.972,1,CONFIRMED,4078311
2.99194823,4.39,99.6,0.78,0.71,18.2,1019.0,255.16,5269.0,4.62,0.727,0,FALSE POSITIVE,5475735
62.3026877,7.509,859.3,3.05,0.712,45.0,454.0,10.05,5688.0,4.415,0.971,1,CONFIRMED,11709124
72.3826983,8.279,366.4,4.21,0.791,29.5,575.0,25.83,5508.0,3.897,1.988,1,CONFIRMED,9022166
360.33012,15.16,1022.0,2.34,0.3698,12.2,200.0,0.38,5054.0,4.606,0.74,0,FALSE POSITIVE,10075409
0.566803149,1.643,246.0,1.93,0.822,52.6,2380.0,7612.11,6147.0,4.435,1.096,0,FALSE POSITIVE,7038096
15.3466028,4.966,238.5,3.64,0.591,13.0,1194.0,480.12,6771.0,3.934,2.259,0,FALSE POSITIVE,3345973
0.531106622,3.0293,5133.6,7.54,0.94,286.2,1781.0,2371.49,4978.0,4.539,0.762,0,FALSE POSITIVE,11972872
1.332547503,4.521,130.3,1.23,0.746,25.5,1719.0,2062.92,6077.0,4.471,0.999,0,FALSE POSITIVE,9899233
225.585245,11.166,754.9,3.71,0.066,18.6,348.0,3.48,5929.0,4.243,1.363,1,CONFIRMED,3103227
24.4972683,5.43,449.1,2.74,0.817,19.5,722.0,64.25,6392.0,4.399,1.162,1,CONFIRMED,4850961
4.20253859,5.389,31.5,0.71,0.937,8.8,1136.0,394.08,5596.0,4.343,1.015,0,FALSE POSITIVE,3102309
0.535578808,1.7973,193.6,33.97,1.225,38.3,2870.0,16161.27,6610.0,4.264,1.313,0,FALSE POSITIVE,8521059
0.89486317,2.657,172.0,1.19,0.65,16.1,1764.0,2296.25,5764.0,4.548,0.863,0,FALSE POSITIVE,5217574
4.62602867,0.643,346.9,1.65,0.739,14.7,1012.0,247.34,5834.0,4.566,0.797,1,CONFIRMED,8439323
8.93484887,2.579,135.9,1.83,0.888,9.7,1124.0,377.25,6688.0,4.304,1.347,1,CONFIRMED,4458082
7.04716175,2.693,150.8,1.1,0.856,9.4,817.0,105.1,5496.0,4.592,0.776,0,FALSE POSITIVE,3230095
368.71479,16.46,1210.0,91.06,1.9265,10.9,236.0,0.73,5716.0,4.544,0.872,0,FALSE POSITIVE,5551228
119.0192648,8.1,1977.0,4.44,0.79,31.1,350.0,3.53,5754.0,4.534,0.905,0,FALSE POSITIVE,6862332
8.40693068,1.866,167.1,1.95,0.015,6.8,1048.0,285.67,5365.0,4.02,1.533,1,CONFIRMED,10714072
0.974479091,1.866,221.2,1.19,0.224,25.3,1513.0,1239.32,5043.0,4.502,0.819,0,FALSE POSITIVE,10992011
3.57017774,4.473,79.6,57.36,0.094,8.9,6119.0,331478.01,3812.0,0.93,69.001,0,FALSE POSITIVE,8128247
1.10601182,2.577,52.9,0.77,0.532,15.5,1903.0,3093.39,6241.0,4.45,1.031,0,FALSE POSITIVE,6276994
6.873655305,3.5415,181.3,1.21,0.08,3.4,906.0,159.51,5668.0,4.492,0.912,0,FALSE POSITIVE,9674564
0.626281766,1.1812,433.1,1.76,0.553,31.0,1711.0,2011.27,4922.0,4.505,0.823,1,CONFIRMED,5942808
2.790643481,0.6871,202.0,0.99,0.787,20.2,816.0,104.74,4353.0,4.681,0.603,1,CONFIRMED,5688683
0.971915957,1.6023,73.7,0.79,0.592,16.7,1609.0,1591.27,5196.0,4.458,0.889,1,CONFIRMED,6607644
3.03196812,1.723,81.5,0.9,0.287,15.8,1269.0,614.2,5755.0,4.402,0.993,1,CONFIRMED,7610663
1.2940561,0.97,51.2,5.27,0.394,6.4,4465.0,93976.84,6635.0,3.092,7.146,0,FALSE POSITIVE,5565707
0.53936593,5.434,145.0,9.19,0.988,57.6,5016.0,149399.93,6341.0,3.301,5.302,0,FALSE POSITIVE,1293031
0.643703667,0.801,172.0,1.48,0.036,40.3,2358.0,7305.66,6161.0,4.362,1.114,0,FALSE POSITIVE,2859299
0.735146413,5.053,275.4,168.34,1.192,78.0,5366.0,195250.9,6611.0,3.112,7.435,0,FALSE POSITIVE,4067110
0.827351796,2.1885,44.7,0.9,0.544,30.6,2208.0,5583.73,5609.0,4.141,1.31,0,FALSE POSITIVE,8694309
0.618952198,2.8244,8324.1,4.96,1.282,259.3,497.0,14.29,2661.0,5.283,0.116,0,FALSE POSITIVE,7818447
1.31723412,7.284,422.7,125.56,1.07,78.4,5471.0,211468.1,6740.0,2.816,12.08,0,FALSE POSITIVE,11569475
4.95060632,1.719,309.5,1.28,0.458,17.4,885.0,145.23,5431.0,4.623,0.717,1,CONFIRMED,8951205
379.08202,33.87,1609.1,23.99,1.181,23.2,253.0,0.97,5982.0,4.493,0.96,0,FALSE POSITIVE,5700900
366.31509,12.41,336.0,2.87,0.4314,13.0,353.0,3.65,6705.0,4.16,1.524,0,FALSE POSITIVE,7026477
0.536544193,2.918,159.5,0.9,0.267,25.3,1745.0,2199.75,5041.0,4.597,0.728,0,FALSE POSITIVE,9402583
1.005205893,1.63,97.5,0.85,0.137,15.0,1682.0,1893.23,5718.0,4.549,0.863,1,CONFIRMED,7838675
43.796785,18.84,256.3,20.79,1.187,21.2,542.0,20.4,6109.0,4.432,0.941,0,FALSE POSITIVE,8700537
0.952371227,3.926,352.5,21.96,1.2,42.6,1870.0,2885.01,6086.0,4.511,0.921,0,FALSE POSITIVE,10858785
1.089088292,1.8599,141.7,1.28,0.291,1.8,1914.0,3167.63,6194.0,4.445,1.069,0,FALSE POSITIVE,9640907
1.1518407,2.53,,,,,,,,,,0,FALSE POSITIVE,7515670
7.7553808,22.321,839.6,22.2,1.235,55.9,822.0,107.76,5607.0,4.539,0.766,0,FALSE POSITIVE,9551430
0.730949487,2.367,87.3,1.27,0.86,15.8,2311.0,6730.38,6238.0,4.365,1.191,0,FALSE POSITIVE,3228986
3.95116635,2.566,60.9,0.83,0.374,20.4,1160.0,427.07,5574.0,4.354,1.065,1,CONFIRMED,7100673
2.89223998,2.521,44.3,0.7,0.017,17.3,1287.0,647.55,5574.0,4.354,1.065,1,CONFIRMED,7100673
0.991552822,1.135,607.2,37.93,1.158,17.3,2558.0,10148.8,5908.0,3.888,1.862,0,FALSE POSITIVE,4138557
1.89124187,4.415,105.8,0.93,0.198,20.8,1312.0,698.9,5285.0,4.474,0.927,0,FALSE POSITIVE,2708278
184.77271,9.568,951.4,2.41,0.04,21.0,268.0,1.21,5273.0,4.566,0.801,1,CONFIRMED,3747817
392.49728,10.53,1062.0,2.82,0.1658,14.5,232.0,0.68,5737.0,4.544,0.872,0,FALSE POSITIVE,8483366
59.284064,5.42,424.4,1.81,0.556,13.1,401.0,6.14,5225.0,4.505,0.859,1,CONFIRMED,9071593
6.96704926,3.73,213.7,6.14,0.906,18.6,1774.0,2341.58,6303.0,3.595,3.53,1,CONFIRMED,10089911
8.8109721,4.822,24048.0,47.94,1.227,26.0,881.0,142.58,5780.0,4.438,1.0,0,FALSE POSITIVE,3247404
168.81133,6.582,614.4,1.69,0.083,15.3,241.0,0.8,4798.0,4.62,0.707,1,CONFIRMED,11415243
67.968656,7.948,321.8,1.71,0.317,27.3,443.0,9.09,5670.0,4.387,0.95,1,CONFIRMED,3548044
2.15681538,5.115,106.5,1.06,0.615,22.6,1473.0,1114.9,6084.0,4.45,0.983,0,FALSE POSITIVE,7773179
0.708563091,6.347,414.5,15.38,1.196,90.8,1587.0,1501.41,5271.0,4.669,0.648,0,FALSE POSITIVE,11017094
366.24282,15.76,733.7,2.4,0.235,18.2,237.0,0.75,5713.0,4.541,0.893,0,FALSE POSITIVE,5956633
1.33256418,4.701,162.3,0.81,0.559,20.7,1262.0,602.26,5157.0,4.641,0.62,0,FALSE POSITIVE,9899065
12.4258833,24.83,93.6,2.19,0.982,34.4,1006.0,242.04,5611.0,3.933,1.632,0,FALSE POSITIVE,5471792
1.387838134,2.252,136.8,1.24,0.38,20.4,1783.0,2378.53,6273.0,4.442,1.044,0,FALSE POSITIVE,11145831
0.678349364,3.092,486.0,19.06,1.187,12.0,1844.0,2737.73,5569.0,4.566,0.829,0,FALSE POSITIVE,11444952
1.022028468,8.866,1344.5,26.91,1.247,184.5,1649.0,1755.39,5445.0,4.456,0.855,0,FALSE POSITIVE,8647295
0.72359699,1.326,495.6,6.73,0.608,14.8,4699.0,114645.28,8855.0,3.818,2.858,0,FALSE POSITIVE,3444098
1.6156052,14.55,1582.0,34.69,1.149,253.1,2202.0,5539.33,6770.0,4.15,1.623,0,FALSE POSITIVE,5112567
1.8913182,4.374,202.3,0.9,0.439,17.6,983.0,221.36,4476.0,4.627,0.633,0,FALSE POSITIVE,2708343
494.165759,2.239,1440.0,4.5,0.41,7.4,265.0,1.17,6392.0,4.399,1.162,0,FALSE POSITIVE,3235282
2.43585046,2.088,60.5,2.6,0.471,14.9,2544.0,9880.82,6501.0,3.613,3.247,0,FALSE POSITIVE,3348090
1.33255441,3.828,106.7,1.12,0.649,15.1,1743.0,2180.2,6099.0,4.456,1.028,0,FALSE POSITIVE,9282762
359.1015,11.461,496.5,2.37,0.317,12.9,285.0,1.56,6373.0,4.438,1.047,0,FALSE POSITIVE,3117046
0.941840589,5.06,388.3,27.05,1.198,23.0,2200.0,5547.35,6419.0,4.33,1.142,0,FALSE POSITIVE,6311520
1.728521892,3.361,92.2,1.19,0.719,30.2,1678.0,1869.82,5872.0,4.282,1.157,0,FALSE POSITIVE,5201115
1.89125855,5.415,67.9,0.81,0.677,24.8,1671.0,1839.74,6569.0,4.41,0.927,0,FALSE POSITIVE,2708203
8.65312868,3.376,508.6,20.38,1.185,22.6,857.0,127.5,5880.0,4.525,0.893,0,FALSE POSITIVE,4150496
30.0899459,6.654,242.6,2.25,0.907,16.6,660.0,44.79,6056.0,4.332,1.209,1,CONFIRMED,11401767
1.39862757,9.625,45.5,2.39,0.617,59.6,3562.0,38048.23,7872.0,3.732,3.367,0,FALSE POSITIVE,9655005
9.91937693,4.326,186.7,1.32,0.163,18.8,838.0,116.43,5688.0,4.415,0.971,1,CONFIRMED,11709124
0.918510251,2.587,52.6,1.77,0.622,20.3,2795.0,14485.22,5837.0,3.791,2.338,0,FALSE POSITIVE,3851194
9.47850818,6.154,184.6,1.47,0.112,26.7,946.0,189.14,6249.0,4.428,1.076,1,CONFIRMED,8613535
0.783258387,2.2926,328.5,1.28,0.2514,28.5,1559.0,1395.69,5067.0,4.565,0.715,0,FALSE POSITIVE,5092655
4.24263096,2.582,187.6,1.1,0.201,15.9,926.0,174.24,5072.0,4.521,0.825,1,CONFIRMED,3955817
1.231363214,5.8101,4774.7,10.75,0.969,112.7,1699.0,1973.12,5780.0,4.438,1.0,0,FALSE POSITIVE,10661778
0.755101928,3.044,119.8,0.91,0.464,18.1,1763.0,2287.46,5465.0,4.535,0.819,0,FALSE POSITIVE,5513857
4.56447463,6.415,208.4,1.13,0.508,42.6,902.0,156.74,5270.0,4.596,0.77,0,FALSE POSITIVE,10272389
1.027904857,1.6381,2381.2,30.48,1.261,117.8,1653.0,1769.2,5432.0,4.446,0.872,0,FALSE POSITIVE,4679687
367.95566,21.877,1414.1,3.62,0.957,13.7,183.0,0.27,4723.0,4.611,0.696,0,FALSE POSITIVE,7968683
163.692336,6.853,1138.0,2.75,0.028,21.0,274.0,1.34,4999.0,4.49,0.843,1,CONFIRMED,10360722
1.106529843,6.258,319.5,1.91,0.974,69.2,1649.0,1746.73,5932.0,4.58,0.798,0,FALSE POSITIVE,9091755
111.741576,3.83,238.8,6.88,0.057,9.9,676.0,49.4,5267.0,3.338,4.525,0,FALSE POSITIVE,3852476
198.088873,7.955,1027.7,3.24,0.633,18.0,288.0,1.63,5275.0,4.397,0.969,1,CONFIRMED,6349881
1.08193721,4.788,115.3,0.77,0.168,14.4,1385.0,870.17,4965.0,4.555,0.736,0,FALSE POSITIVE,9851970
2.43142974,2.713,146.6,1.17,0.2234,10.7,1378.0,852.0,5750.0,4.364,0.965,0,FALSE POSITIVE,5726910
1.41975831,1.429,60.9,0.85,0.644,8.1,1700.0,1968.38,5925.0,4.394,1.035,1,CONFIRMED,1718958
169.135056,8.931,640.7,2.21,0.754,24.5,273.0,1.31,5171.0,4.545,0.801,1,CONFIRMED,6428794
0.73095491,2.206,29.6,0.88,0.415,7.5,2711.0,12770.31,6454.0,4.163,1.587,0,FALSE POSITIVE,3228825
3.951383138,1.0582,405.7,23.51,1.217,23.9,1083.0,324.78,5570.0,4.458,0.899,1,CONFIRMED,4673628
6.84978728,4.919,139.2,1.83,0.954,17.0,1081.0,322.19,6056.0,4.332,1.209,1,CONFIRMED,11401767
1.111362442,6.24,133.9,2.86,0.715,36.8,2820.0,14894.75,6486.0,3.872,2.308,0,FALSE POSITIVE,9099950
28.9060526,3.099,99.0,0.79,0.863,13.3,414.0,6.94,4657.0,4.641,0.67,1,CONFIRMED,9718066
8.10503551,4.459,209.9,1.45,0.353,16.5,959.0,199.74,6201.0,4.472,0.989,1,CONFIRMED,9272070
8.82715783,2.019,368.6,1.67,0.249,11.1,797.0,95.25,5550.0,4.539,0.878,1,CONFIRMED,5088400
143.196381,10.424,618.1,6.64,1.017,17.4,380.0,4.95,6007.0,4.333,1.06,0,FALSE POSITIVE,4669402
9.089151782,3.1886,110.1,4.35,0.043,7.1,1848.0,2754.19,6729.0,3.493,4.099,0,FALSE POSITIVE,3757407
1.87886973,3.876,181.9,1.04,0.657,23.9,1236.0,553.59,5448.0,4.613,0.734,0,FALSE POSITIVE,4769931
0.979161676,2.942,160.2,1.03,0.634,20.2,1548.0,1357.43,5390.0,4.591,0.78,0,FALSE POSITIVE,9220612
0.855922327,1.514,130.9,0.87,0.009,21.1,1658.0,1782.11,5437.0,4.539,0.759,0,FALSE POSITIVE,6806695
25.9528725,12.434,164.1,1.53,0.741,16.9,697.0,55.82,6370.0,4.41,1.106,0,FALSE POSITIVE,3858943
0.952374508,3.006,204.8,1.13,0.013,33.0,1435.0,1006.13,4754.0,4.508,0.821,0,FALSE POSITIVE,10858803
0.936751792,5.658,26.4,2.07,0.991,23.0,3814.0,50168.18,7843.0,3.829,2.909,0,FALSE POSITIVE,6129694
393.34331,9.481,1750.0,2.27,0.2607,21.2,140.0,0.09,3994.0,4.717,0.554,0,FALSE POSITIVE,5957181
0.621361411,1.0628,45.0,1.12,0.017,24.6,2913.0,17004.65,6234.0,4.046,1.66,0,FALSE POSITIVE,7601918
250.23760741,16.58,,,,,,,,,,0,FALSE POSITIVE,6119877
0.594310785,0.9994,112.5,0.91,0.161,15.7,2068.0,4338.76,5931.0,4.554,0.845,0,FALSE POSITIVE,7211879
27.2106807,10.515,99.4,1.73,0.973,16.9,725.0,65.27,5973.0,4.171,1.305,1,CONFIRMED,8087812
4.31978105,7.204,65.8,3.87,0.7702,23.5,2111.0,4693.13,5519.0,3.303,4.368,0,FALSE POSITIVE,4863956
14.2651545,3.601,66.3,1.06,0.353,13.9,853.0,125.45,5825.0,4.237,1.291,1,CONFIRMED,5308537
11.17931581,3.103,90.6,1.81,0.381,12.0,1159.0,426.61,6292.0,4.014,1.873,1,CONFIRMED,5281113
1.284991846,2.274,29.1,1.17,0.485,15.3,2491.0,9065.72,6060.0,3.852,2.106,0,FALSE POSITIVE,7847104
324.18028,18.15,87.9,2.2,0.733,10.9,382.0,5.01,5792.0,3.835,2.183,0,FALSE POSITIVE,3347807
0.530959357,2.417,84.4,0.69,0.348,22.0,1852.0,2764.64,5325.0,4.607,0.75,0,FALSE POSITIVE,8487805
0.996864568,1.098,86.7,0.77,0.644,21.4,1588.0,1505.33,5418.0,4.524,0.782,0,FALSE POSITIVE,3336845
0.673684895,1.161,51.1,0.7,0.547,7.0,2001.0,3803.56,5645.0,4.453,0.951,0,FALSE POSITIVE,3645282
56.644452,16.551,104.6,2.44,0.579,21.8,733.0,68.37,6237.0,3.862,2.295,1,CONFIRMED,6026924
1.710319812,2.983,43.6,0.56,0.559,19.1,1426.0,978.84,5774.0,4.524,0.825,0,FALSE POSITIVE,6525280
5.62978034,5.847,379.2,1.61,0.08,19.1,899.0,154.59,5497.0,4.57,0.839,0,FALSE POSITIVE,4861784
1.050852976,1.6788,41694.0,45.89,1.111,143.0,1791.0,2423.97,5780.0,4.438,1.0,0,FALSE POSITIVE,5876360
1.540398683,1.5676,73.0,12.65,0.47,4.8,4689.0,114263.25,4971.0,2.373,14.678,0,FALSE POSITIVE,3732972
3.0570982,3.571,144.0,0.99,0.104,15.7,1202.0,493.09,6021.0,4.57,0.819,1,CONFIRMED,3244792
365.25921,13.74,529.0,2.39,0.0035,12.8,268.0,1.23,5993.0,4.415,1.042,0,FALSE POSITIVE,8743082
372.72688,12.751,331.7,3.52,0.9082,17.0,326.0,2.67,6148.0,4.147,1.615,0,FALSE POSITIVE,9142742
9.9398272,4.1198,478.6,101.71,1.973,4.3,819.0,106.5,5798.0,4.507,0.941,0,FALSE POSITIVE,6891513
0.866346,2.011,116.4,1.24,0.409,13.9,2165.0,5186.18,6241.0,4.366,1.131,0,FALSE POSITIVE,4579598
0.885129679,3.156,177.3,1.21,0.651,21.2,1780.0,2373.06,5792.0,4.547,0.864,0,FALSE POSITIVE,7777522
56.898749,3.522,514.0,6.33,0.4491,6.2,1107.0,355.22,9189.0,3.864,2.692,0,FALSE POSITIVE,9305012
0.438153876,1.3885,164.8,14.0,1.124,33.4,2407.0,8008.07,6032.0,4.508,0.929,0,FALSE POSITIVE,9597729
398.40957,11.486,880.3,3.33,0.1165,11.0,279.0,1.44,6251.0,4.378,1.119,0,FALSE POSITIVE,11390109
0.696286519,3.194,120.8,1.34,0.985,19.7,1969.0,3537.89,5904.0,4.543,0.867,0,FALSE POSITIVE,5078025
5.79179934,3.474,118.5,1.69,0.896,17.7,1222.0,528.14,6174.0,4.244,1.318,1,CONFIRMED,1724719
129.945392,5.786,500.1,1.18,0.909,13.1,177.0,0.23,3751.0,4.8,0.443,1,CONFIRMED,8120608
1.39772545,4.129,181.3,1.58,0.644,17.9,1763.0,2275.72,6006.0,4.38,1.114,0,FALSE POSITIVE,5026326
12.4246697,44.07,424.0,168.91,1.9583,116.9,1099.0,344.8,6550.0,4.094,1.59,0,FALSE POSITIVE,5471574
383.00806,9.71,632.1,2.2,0.0358,7.6,235.0,0.72,5750.0,4.538,0.882,0,FALSE POSITIVE,5512580
0.847588864,2.246,67.1,0.91,0.507,21.3,2144.0,5000.82,6335.0,4.427,1.072,0,FALSE POSITIVE,11670599
331.81534,10.56,370.3,1.84,0.1599,7.8,267.0,1.2,6029.0,4.494,0.956,0,FALSE POSITIVE,6359820
1.75649346,3.429,27.5,1.62,0.242,13.3,2745.0,13425.76,6619.0,3.718,3.05,0,FALSE POSITIVE,11872139
1.8912501,7.648,731.0,23.5,1.24,31.6,1159.0,427.26,4883.0,4.523,0.794,0,FALSE POSITIVE,2708221
0.996023763,5.412,98.3,18.36,1.147,21.3,1991.0,3727.96,6110.0,4.387,1.077,0,FALSE POSITIVE,5040223
36.616669,8.62,237.4,1.68,0.3646,3.4,548.0,21.35,5780.0,4.438,1.0,0,FALSE POSITIVE,4571004
0.566795467,4.712,38.2,0.67,0.504,25.8,2254.0,6076.99,5642.0,4.337,1.056,0,FALSE POSITIVE,7031942
3.67515329,7.083,56.0,0.71,0.73,16.7,1150.0,414.64,5968.0,4.534,0.881,0,FALSE POSITIVE,5632701
0.715825886,1.212,40.6,0.58,0.099,11.0,1920.0,3196.46,5640.0,4.486,0.909,0,FALSE POSITIVE,10549924
26.5487294,7.968,142.0,2.54,0.21,15.3,836.0,115.61,5456.0,3.802,2.154,1,CONFIRMED,9366617
0.492291661,0.894,1107.6,3.42,0.957,62.0,1788.0,2415.37,4971.0,4.566,0.718,0,FALSE POSITIVE,6187341
1.6911935,9.479,2801.0,6.36,0.903,26.7,1528.0,1292.5,5780.0,4.438,1.0,0,FALSE POSITIVE,3353454
2.42803503,3.045,73.8,0.85,0.057,8.8,1516.0,1249.87,6609.0,4.484,0.974,0,FALSE POSITIVE,10156055
372.94844,13.879,253.5,1.34,0.4268,17.1,233.0,0.7,5763.0,4.559,0.827,0,FALSE POSITIVE,8418018
0.787120016,3.1648,265.5,23.81,1.263,43.3,1972.0,3579.78,6112.0,4.481,0.787,0,FALSE POSITIVE,5024177
6.28384079,4.291,35.7,0.73,0.101,14.9,1108.0,356.49,5888.0,4.275,1.227,1,CONFIRMED,4548011
21.131609,13.66,73.5,0.94,0.0731,6.5,659.0,44.45,5780.0,4.438,1.0,0,FALSE POSITIVE,4571004
81.675841,11.53,143.4,1.31,0.3455,7.0,420.0,7.33,5780.0,4.438,1.0,0,FALSE POSITIVE,4571004
28.5463574,9.29,153.3,1.35,0.2411,10.1,596.0,29.76,5780.0,4.438,1.0,0,FALSE POSITIVE,4571004
72.563291,3.088,332.3,1.99,0.4863,6.4,436.0,8.58,5780.0,4.438,1.0,0,FALSE POSITIVE,4571004
174.510276,6.689,1530.0,1.74,0.024,14.8,186.0,0.28,4367.0,4.822,0.452,1,CONFIRMED,8459663
15.705388,4.871,283.7,3.3,0.6449,10.6,1181.0,459.41,7454.0,4.107,1.853,0,FALSE POSITIVE,10155321
7.65270746,79.8969,641.1,3.21,0.97,254.3,989.0,226.81,6328.0,4.481,0.963,0,FALSE POSITIVE,3866536
2.27164952,4.054,82.4,0.97,0.01,12.7,1522.0,1269.46,6274.0,4.434,1.062,1,CONFIRMED,7046035
3.84835742,10.18,84.2,0.77,0.671,32.8,1051.0,288.62,5709.0,4.57,0.798,0,FALSE POSITIVE,4679314
1.0388961,4.755,600.8,114.1,1.7017,14.7,2494.0,9145.54,7043.0,4.264,1.45,0,FALSE POSITIVE,5702637
293.76887,4.68,462.0,1.97,0.753,4.0,271.0,1.28,6074.0,4.522,0.847,0,FALSE POSITIVE,8309169
1.87885327,3.302,120.9,0.97,0.513,12.1,1406.0,922.49,5851.0,4.534,0.863,0,FALSE POSITIVE,4678919
0.785473311,1.3911,339.6,1.61,0.389,57.0,1769.0,2325.64,5356.0,4.466,0.871,0,FALSE POSITIVE,5563080
5.2438982,7.881,162.2,1.24,0.644,18.7,1026.0,262.14,5804.0,4.473,0.927,0,FALSE POSITIVE,6364067
441.877824,6.647,1300.0,39.55,1.5335,15.2,158.0,0.15,4437.0,4.629,0.635,0,FALSE POSITIVE,5983532
2.9761504,6.079,259.5,1.02,0.064,8.3,811.0,102.54,4236.0,4.612,0.664,0,FALSE POSITIVE,3439126
64.0019669,4.724,1112.5,2.48,0.701,14.2,322.0,2.55,4652.0,4.617,0.697,1,CONFIRMED,8463346
4.83809469,1.096,1544.0,0.79,0.014,11.3,354.0,3.7,3187.0,5.091,0.2,1,CONFIRMED,5868793
361.91436,8.68,228.2,1.84,0.6901,13.0,297.0,1.84,6247.0,4.309,1.147,0,FALSE POSITIVE,8483021
9.3281912,3.991,45.2,0.59,0.044,13.7,788.0,91.02,5525.0,4.514,0.888,1,CONFIRMED,10063208
0.629001455,1.263,14.7,0.81,0.365,9.4,3375.0,30567.67,6739.0,3.948,2.059,0,FALSE POSITIVE,1575873
2.71603664,1.744,98.5,1.05,0.44,13.1,1360.0,807.43,6011.0,4.452,1.041,1,CONFIRMED,10669994
374.59003,15.19,267.9,1.34,0.0624,6.6,227.0,0.62,5497.0,4.508,0.827,0,FALSE POSITIVE,11449918
319.30633,6.74,155.2,1.26,0.092,7.2,279.0,1.44,6095.0,4.459,1.014,0,FALSE POSITIVE,3750350
1.75254087,4.098,42.5,1.41,0.5574,17.7,2423.0,8141.84,6660.0,3.894,2.074,0,FALSE POSITIVE,4584865
0.646745436,1.188,115.6,1.49,0.942,14.3,2373.0,7468.24,6325.0,4.409,1.112,0,FALSE POSITIVE,11968463
3.38557445,1.879,121.9,1.63,0.129,13.1,1476.0,1122.9,5718.0,4.069,1.48,1,CONFIRMED,9183378
2.754024,4.15,172.2,1.68,0.7277,13.8,1553.0,1374.41,6419.0,4.321,1.188,0,FALSE POSITIVE,11188254
1.975208831,1.513,76.3,1.59,0.559,15.1,2064.0,4299.89,6401.0,4.029,1.744,0,FALSE POSITIVE,1724513
0.960843605,3.22,141.7,19.15,1.143,25.5,1904.0,3120.32,5708.0,4.378,1.129,0,FALSE POSITIVE,9535876
4.206109,5.16,120.0,0.91,0.607,11.9,999.0,235.01,5480.0,4.522,0.802,0,FALSE POSITIVE,5817533
0.962590772,1.2569,1021.6,31.51,1.236,90.4,2026.0,3989.37,6274.0,4.434,1.062,0,FALSE POSITIVE,7681230
13.3997555,3.534,167.3,1.51,0.375,13.6,886.0,145.65,6401.0,4.389,1.15,1,CONFIRMED,7596240
0.776950288,1.288,396.0,1.72,0.047,25.8,1882.0,2974.07,5861.0,4.546,0.865,0,FALSE POSITIVE,3448456
5.93725628,3.639,115.6,0.86,0.351,17.1,891.0,148.97,5428.0,4.494,0.799,0,FALSE POSITIVE,12107008
4.56383697,2.271,201.8,1.22,0.365,9.9,980.0,218.18,5408.0,4.496,0.861,1,CONFIRMED,7427764
55.119831,4.703,114.5,1.68,0.6049,8.2,622.0,35.48,6297.0,4.155,1.506,0,FALSE POSITIVE,4754831
25.6416117,5.5,126.4,1.76,0.5744,4.9,803.0,98.5,6297.0,4.155,1.506,0,FALSE POSITIVE,4754831
1.33258455,5.77,152.7,15.89,1.141,8.1,1680.0,1884.66,6039.0,4.493,0.951,0,FALSE POSITIVE,9899630
350.81029,11.29,538.3,2.86,0.3892,15.1,282.0,1.51,5841.0,4.321,1.226,0,FALSE POSITIVE,4367528
0.341842017,1.1554,285.6,1.72,0.957,70.1,2023.0,3991.16,5016.0,4.601,0.747,1,CONFIRMED,8416523
0.570953851,0.998,76.1,1.01,0.059,8.9,2464.0,8688.17,6238.0,4.396,1.145,0,FALSE POSITIVE,3751231
4.29258258,3.069,369.6,1.87,0.339,16.1,1161.0,428.77,6137.0,4.487,0.963,0,FALSE POSITIVE,7816665
0.960842633,2.6441,2022.9,67.53,1.341,176.1,2808.0,14655.53,7381.0,4.186,1.597,0,FALSE POSITIVE,9535881
14.5893928,15.54,,,,,,102.46,,,,0,FALSE POSITIVE,11616596
5.49548533,2.461,85.8,1.3,0.202,14.2,1293.0,661.04,6157.0,4.159,1.392,1,CONFIRMED,9872831
0.980505042,1.4068,426.6,26.35,1.206,51.5,1904.0,3100.61,5794.0,4.372,1.059,0,FALSE POSITIVE,8508126
20.4853893,10.229,89.5,3.6,0.834,17.9,1015.0,251.16,4938.0,3.45,3.324,1,CONFIRMED,12306058
3.58273837,1.523,360.5,1.64,0.143,11.6,1064.0,302.74,5448.0,4.517,0.872,1,CONFIRMED,8507475
15.604841,4.543,73.4,1.57,0.715,15.3,1013.0,248.62,6254.0,4.019,1.706,1,CONFIRMED,8773015
75.681309,11.62,107.7,1.64,0.6194,9.1,560.0,23.25,6297.0,4.155,1.506,0,FALSE POSITIVE,4754831
62.060783,28.203,472.9,2.11,0.928,19.9,400.0,6.07,5526.0,4.578,0.784,0,FALSE POSITIVE,3531231
12.4252735,20.756,84.7,2.37,0.171,36.6,1299.0,673.53,6156.0,3.703,2.557,0,FALSE POSITIVE,5471489
39.2820405,3.344,157.5,58.67,1.241,6.9,823.0,108.22,6143.0,3.81,2.136,0,FALSE POSITIVE,5471489
361.54561249,25.28,,,,,,,,,,0,FALSE POSITIVE,9011874
355.79978,5.972,172.3,1.87,0.4433,10.5,324.0,2.6,6350.0,4.225,1.394,0,FALSE POSITIVE,9936080
410.99389,12.01,550.0,2.09,0.3421,8.7,220.0,0.55,5471.0,4.533,0.898,0,FALSE POSITIVE,8611344
2.17823752,2.259,44.0,0.64,0.037,10.1,1473.0,1114.8,6052.0,4.422,0.969,0,FALSE POSITIVE,9518651
1.404674486,5.056,155.5,0.86,0.8171,20.7,1126.0,379.5,4716.0,4.65,0.609,0,FALSE POSITIVE,2305311
24.9097436,3.856,150.2,2.24,0.5729,9.7,912.0,163.58,6596.0,4.037,1.757,0,FALSE POSITIVE,6383595
12.3101351,3.797,263.7,1.51,0.783,12.9,651.0,42.42,5009.0,4.491,0.84,1,CONFIRMED,11080405
2.61576515,2.777,120.4,1.06,0.25,15.1,1379.0,851.6,6088.0,4.446,0.958,1,CONFIRMED,11509504
409.2452,13.06,531.2,2.1,0.0176,12.8,244.0,0.84,5910.0,4.466,0.911,0,FALSE POSITIVE,6599949
6.94245216,3.491,160.8,1.34,0.485,14.7,1003.0,239.39,6108.0,4.466,1.03,1,CONFIRMED,11611275
9.4061364,4.882,79.5,1.14,0.397,13.2,981.0,219.36,5855.0,4.24,1.268,1,CONFIRMED,11612280
0.935086665,1.12,71.2,1.18,0.4742,13.1,2431.0,8250.8,6762.0,4.282,1.348,0,FALSE POSITIVE,5536715
1.489457454,3.028,56.3,1.58,0.171,29.7,2415.0,8026.6,6316.0,3.908,2.087,0,FALSE POSITIVE,8149484
1.181165291,1.013,370.4,1.52,0.632,14.1,1398.0,905.88,5203.0,4.582,0.747,0,FALSE POSITIVE,12407623
66.373298,8.559,415.0,1.99,0.021,13.7,471.0,11.59,6143.0,4.47,0.976,1,CONFIRMED,11444514
13.61165024,7.617,95.5,1.46,0.112,31.6,958.0,198.73,6170.0,4.192,1.499,1,CONFIRMED,9886361
6.24564633,2.459,212.0,1.06,0.594,11.9,731.0,67.62,4858.0,4.622,0.707,1,CONFIRMED,9702006
0.945829261,1.715,98.2,0.86,0.326,15.1,1790.0,2433.01,5959.0,4.546,0.859,0,FALSE POSITIVE,6778008
0.973160836,0.864,138.3,1.22,0.034,9.8,1932.0,3303.84,6108.0,4.466,1.03,0,FALSE POSITIVE,8308260
4.05943749,3.245,105.4,2.11,0.914,18.1,1295.0,664.54,5051.0,3.978,1.655,0,FALSE POSITIVE,8492101
6.39903778,3.15,186.6,6.54,0.241,24.1,1780.0,2376.4,5178.0,3.286,4.856,0,FALSE POSITIVE,6343576
0.739761008,7.589,292.1,9.67,1.2359,34.7,839.0,117.05,3417.0,4.9,0.35,0,FALSE POSITIVE,2449101
0.950735805,1.1434,175.1,1.39,0.57,17.1,1908.0,3129.59,6039.0,4.478,1.005,0,FALSE POSITIVE,7259249
369.819993,20.232,1599.0,4.25,0.9179,42.1,201.0,0.38,4806.0,4.495,0.839,0,FALSE POSITIVE,8678691
2.17815935,1.839,116.3,1.22,0.503,14.1,1561.0,1398.42,6258.0,4.413,1.098,0,FALSE POSITIVE,9640924
0.720460644,1.7846,2111.5,37.33,1.272,117.2,2240.0,5954.82,6304.0,4.435,1.058,0,FALSE POSITIVE,11151677
3.7948721,1.713,305.1,16.1,1.168,11.3,1083.0,325.63,5883.0,4.58,0.793,0,FALSE POSITIVE,11037128
122.0804953,4.054,799.9,2.92,0.957,23.3,297.0,1.83,5132.0,4.571,0.77,1,CONFIRMED,6587002
0.638437699,0.3028,286.8,2.48,0.904,25.8,1709.0,2024.34,5073.0,4.571,0.824,0,FALSE POSITIVE,11969092
1.8912851,6.182,1223.4,19.96,1.216,25.7,1061.0,299.44,4700.0,4.605,0.707,0,FALSE POSITIVE,2570773
343.42046,11.11,482.7,2.15,0.3519,10.0,270.0,1.27,6115.0,4.469,0.967,0,FALSE POSITIVE,6356885
3.47148164,4.679,122.7,0.85,0.719,9.5,970.0,209.73,5297.0,4.626,0.716,0,FALSE POSITIVE,3542542
5.94373492,1.847,301.0,1.14,0.197,13.2,674.0,48.82,4391.0,4.598,0.682,1,CONFIRMED,11718389
244.60373,10.87,769.8,2.1,0.2652,17.7,235.0,0.72,5166.0,4.593,0.771,0,FALSE POSITIVE,11124703
85.7567919,5.695,159.1,2.99,0.713,16.9,528.0,18.44,5037.0,3.783,2.213,1,CONFIRMED,10329196
2.18660188,1.585,122.3,0.98,0.828,14.2,1099.0,345.07,4904.0,4.535,0.772,1,CONFIRMED,10604592
3.1339356,4.477,203.7,1.58,0.768,21.4,1315.0,704.95,6137.0,4.46,1.018,0,FALSE POSITIVE,9593773
2.55315031,1.849,185.3,1.25,0.32,15.4,1312.0,699.7,5970.0,4.521,0.908,1,CONFIRMED,9285568
2.936587946,1.8952,279.6,1.77,0.863,20.1,1190.0,473.18,5455.0,4.421,0.909,1,CONFIRMED,7604328
1.33254212,3.848,37.4,1.45,0.662,10.6,2694.0,12477.61,6613.0,3.87,2.237,0,FALSE POSITIVE,9777757
10.7769944,2.616,185.6,1.15,0.069,11.3,752.0,75.83,5455.0,4.457,0.852,1,CONFIRMED,7103919
0.918921494,0.9425,321.0,1.49,0.011,23.7,1697.0,1960.12,5655.0,4.561,0.833,0,FALSE POSITIVE,8645191
7.84931877,3.747,68.2,0.81,0.107,12.6,925.0,172.98,5678.0,4.365,0.99,1,CONFIRMED,10722485
67.7125988,1.538,542.4,82.63,1.8756,13.4,460.0,10.63,6309.0,4.517,0.847,0,FALSE POSITIVE,9717958
12.4285576,13.98,620.1,2.22,0.892,13.2,669.0,47.26,5492.0,4.604,0.752,0,FALSE POSITIVE,8128067
1.275511306,1.889,69.3,0.84,0.011,10.3,1739.0,2160.97,5921.0,4.418,1.015,0,FALSE POSITIVE,7703910
5.78159956,2.222,72.8,1.7,0.66,16.4,1475.0,1117.19,6443.0,4.023,1.884,0,FALSE POSITIVE,7777818
8.4805019,8.345,164.9,1.26,0.972,11.0,781.0,87.82,5555.0,4.554,0.737,0,FALSE POSITIVE,9851360
2.94648935,3.155,57.0,0.89,0.01,12.7,1497.0,1187.5,6481.0,4.378,1.171,1,CONFIRMED,6937529
1.227986164,1.551,150.5,1.17,0.477,14.8,1673.0,1846.47,5746.0,4.435,0.931,0,FALSE POSITIVE,9490653
2.11548883,4.008,169.5,1.29,0.505,17.6,1426.0,978.38,5952.0,4.489,0.971,0,FALSE POSITIVE,3328027
358.96247,23.49,670.8,2.37,0.424,12.1,242.0,0.81,5743.0,4.527,0.904,0,FALSE POSITIVE,3644631
2.17815196,2.445,245.0,1.09,0.32,17.9,1139.0,395.98,5357.0,4.634,0.7,0,FALSE POSITIVE,9640931
342.315407,12.476,719.7,3.15,0.1974,13.3,304.0,2.03,6425.0,4.373,1.164,0,FALSE POSITIVE,5125196
1.089077224,2.705,152.7,1.0,0.206,18.7,1458.0,1068.22,5118.0,4.547,0.83,0,FALSE POSITIVE,9640962
1.288066288,6.4616,10082.6,34.84,1.378,230.7,1310.0,692.0,5233.0,4.625,0.639,0,FALSE POSITIVE,5097454
2.31894284,5.321,66.5,0.87,0.72,13.6,1375.0,844.12,5780.0,4.438,1.0,0,FALSE POSITIVE,3663141
6.98472143,2.724,90.7,1.19,0.451,11.7,1059.0,297.15,5839.0,4.279,1.227,1,CONFIRMED,5177859
0.562563871,1.591,34.6,0.69,0.36,16.4,2626.0,11201.45,6577.0,4.381,1.145,0,FALSE POSITIVE,4568117
0.93373458,4.364,127.7,0.93,0.574,27.8,1573.0,1446.48,5335.0,4.577,0.804,0,FALSE POSITIVE,10342248
1.33251948,3.733,233.7,1.64,0.402,17.7,1751.0,2218.21,5926.0,4.381,1.058,0,FALSE POSITIVE,9777290
168.84663,9.75,215.1,1.45,0.1251,9.3,329.0,2.78,5897.0,4.489,0.992,0,FALSE POSITIVE,8548427
160.4122022,4.92,2538.0,4.45,0.903,24.4,270.0,1.26,5269.0,4.62,0.727,0,FALSE POSITIVE,6289344
4.34195312,2.598,73.3,0.94,0.118,10.6,1236.0,552.7,6164.0,4.378,1.09,1,CONFIRMED,9883606
122.358116,10.768,352.8,2.15,0.255,12.2,407.0,6.46,5998.0,4.324,1.139,1,CONFIRMED,5860968
7.298142,3.024,370.5,1.6,0.411,13.6,786.0,90.04,5119.0,4.508,0.834,1,CONFIRMED,3645438
18.5010898,3.179,421.1,1.62,0.719,14.7,555.0,22.4,5242.0,4.613,0.734,1,CONFIRMED,8480582
0.569961046,1.446,44.2,1.04,0.343,18.9,2743.0,13463.04,5814.0,4.066,1.549,0,FALSE POSITIVE,10936786
1.121634781,1.155,71.5,0.6,0.409,14.8,1225.0,529.9,4518.0,4.589,0.72,0,FALSE POSITIVE,6938264
1.33256979,3.293,104.2,0.97,0.207,18.4,1692.0,1943.76,6089.0,4.495,0.95,0,FALSE POSITIVE,9899315
0.536650896,4.702,273.2,18.45,1.175,117.8,2163.0,5179.76,5819.0,4.494,0.881,0,FALSE POSITIVE,9541089
397.73699,11.76,1131.5,3.05,0.883,15.3,211.0,0.47,5313.0,4.521,0.768,0,FALSE POSITIVE,3650049
2.17818699,2.686,115.8,1.03,0.553,15.4,1347.0,776.45,5584.0,4.428,0.932,0,FALSE POSITIVE,9641076
3.60082855,1.938,296.3,1.36,0.395,17.9,927.0,174.45,4838.0,4.524,0.796,1,CONFIRMED,11125613
15.5714121,2.294,173.5,0.72,0.312,13.0,399.0,5.98,3872.0,4.714,0.557,1,CONFIRMED,10525049
3.59645081,2.661,149.6,1.66,0.781,16.2,1327.0,732.82,5887.0,4.292,1.235,1,CONFIRMED,9896018
20.6579443,8.798,98.2,1.27,0.188,14.1,728.0,66.27,5468.0,4.171,1.306,1,CONFIRMED,5095082
0.760941405,1.773,186.6,1.18,0.26,15.2,1817.0,2591.44,5629.0,4.553,0.87,0,FALSE POSITIVE,12418891
137.665706,3.732,536.9,15.41,0.041,11.7,720.0,63.38,4832.0,2.953,6.897,0,FALSE POSITIVE,3839294
370.90237,10.558,545.8,1.97,0.0566,14.7,238.0,0.76,5835.0,4.554,0.847,0,FALSE POSITIVE,7698701
321.55087,5.863,397.0,1.68,0.1608,8.2,250.0,0.92,5835.0,4.554,0.847,0,FALSE POSITIVE,7698701
1.54038914,1.683,71.8,0.84,0.043,9.1,1638.0,1701.3,5974.0,4.422,0.989,0,FALSE POSITIVE,2830919
71.76236302,29.435,8591.9,25.76,0.052,1134.3,665.0,46.35,5529.0,3.685,2.817,0,FALSE POSITIVE,9588822
110.978266,11.312,150.2,1.86,0.074,14.0,463.0,10.84,5883.0,4.149,1.529,1,CONFIRMED,11560897
0.952378454,3.892,43.8,1.46,0.996,17.4,2528.0,9651.76,6963.0,4.25,1.375,0,FALSE POSITIVE,10858737
6.08003714,1.308,184.0,1.07,0.254,17.7,808.0,100.72,4991.0,4.513,0.804,1,CONFIRMED,6752002
3.035206175,0.6182,696.9,3.59,0.965,19.1,1143.0,403.53,5505.0,4.503,0.873,1,CONFIRMED,7257966
358.96844,21.71,807.8,2.7,0.151,13.3,263.0,1.13,6117.0,4.496,0.947,0,FALSE POSITIVE,3644738
2.21316437,3.874,116.1,0.95,0.672,27.9,1374.0,841.98,5921.0,4.465,0.83,0,FALSE POSITIVE,9406892
0.530967987,1.812,26.9,1.08,0.093,24.1,4196.0,73103.16,8473.0,4.123,2.052,0,FALSE POSITIVE,8487645
6.30558387,2.619,193.1,2.52,0.601,9.5,1125.0,378.9,4934.0,3.927,1.756,1,CONFIRMED,10407482
4.2058608,7.39,182.0,1.14,0.438,13.3,1012.0,248.04,5590.0,4.56,0.839,0,FALSE POSITIVE,5817613
8.4803326,5.918,35.6,1.35,0.556,11.0,1390.0,882.07,6245.0,3.826,2.179,0,FALSE POSITIVE,9910942
0.750744255,1.7921,170.6,17.07,1.154,50.4,2074.0,4387.1,6187.0,4.499,0.937,0,FALSE POSITIVE,10924340
0.991659646,2.215,77.3,1.19,0.765,13.5,2102.0,4614.18,6117.0,4.315,1.244,1,CONFIRMED,5371777
118.609553,22.74,380.9,2.86,0.993,13.1,299.0,1.88,5017.0,4.531,0.792,0,FALSE POSITIVE,6629993
0.616386349,0.8136,79.4,2.94,0.226,21.9,3552.0,37463.63,5665.0,3.58,3.266,0,FALSE POSITIVE,10427700
88.91323139,2.92,,,,,,,,,,0,FALSE POSITIVE,11296045
7.07162308,2.587,123.0,1.42,0.331,16.9,1162.0,431.05,6313.0,4.24,1.259,0,FALSE POSITIVE,3124598
6.96352699,3.192,68.1,1.4,0.09,17.4,1298.0,669.78,6040.0,3.978,1.686,1,CONFIRMED,6879171
64.2729088,12.136,1213.9,5.38,0.908,27.4,554.0,22.31,6341.0,4.278,1.299,1,CONFIRMED,9897364
3.4327371,4.001,63.2,0.75,0.703,15.3,1134.0,390.57,5757.0,4.536,0.881,1,CONFIRMED,12505503
13.8452726,2.555,93.2,2.34,0.566,10.4,1276.0,626.93,6845.0,3.89,2.324,0,FALSE POSITIVE,3548639
0.687506554,1.441,130.3,8.73,0.085,14.4,4748.0,120304.4,4643.0,2.595,7.906,0,FALSE POSITIVE,4390912
0.566801617,2.75,24.9,0.88,0.565,26.4,3018.0,19598.53,6287.0,4.064,1.693,0,FALSE POSITIVE,7115925
371.63327,14.92,107.0,1.83,0.8185,15.2,316.0,2.36,5802.0,4.073,1.59,0,FALSE POSITIVE,7429287
1.450889836,1.753,135.7,1.21,0.333,15.7,1700.0,1970.75,6046.0,4.423,1.023,1,CONFIRMED,10526887
5.72716067,2.23,310.9,1.4,0.447,16.0,794.0,93.96,4838.0,4.524,0.796,1,CONFIRMED,11125613
407.59415,7.3,462.4,2.11,0.0274,7.7,266.0,1.18,6198.0,4.402,0.974,0,FALSE POSITIVE,3545583
358.101884,6.393,114.0,0.95,0.5804,12.8,242.0,0.81,5786.0,4.526,0.856,0,FALSE POSITIVE,8374741
46.0771501,3.03,,,,,,,,,,0,FALSE POSITIVE,11296045
42.62423329,1.47,,,,,,,,,,0,FALSE POSITIVE,11296045
0.447861451,0.8541,265.4,1.42,0.427,20.3,2263.0,6221.08,5901.0,4.553,0.848,0,FALSE POSITIVE,3247503
3.036208739,0.9324,1820.5,1.4,0.111,26.0,520.0,17.31,3464.0,4.923,0.328,1,CONFIRMED,8733898
18.0541469,4.587,283.1,1.51,0.175,19.3,635.0,38.57,5505.0,4.501,0.909,1,CONFIRMED,9828127
1.01530474,8.7622,16445.2,64.77,1.245,1823.0,2324.0,6918.45,6428.0,4.226,1.44,0,FALSE POSITIVE,4281068
94.180473,7.345,1104.4,4.17,0.955,15.6,478.0,12.34,6997.0,4.475,1.0,0,FALSE POSITIVE,9092496
1.538185321,1.683,277.2,1.29,0.7,15.2,1234.0,547.92,5107.0,4.615,0.723,1,CONFIRMED,5644412
1.332567643,4.284,56.7,0.62,0.642,24.0,1482.0,1143.87,5687.0,4.582,0.79,0,FALSE POSITIVE,9959545
1.089076495,2.274,43.7,0.75,0.597,15.3,2016.0,3923.24,6444.0,4.416,1.079,0,FALSE POSITIVE,9641144
1.662710314,1.83,85.9,2.16,0.577,23.8,2307.0,6700.6,6028.0,3.842,2.244,0,FALSE POSITIVE,8572168
472.071079,5.759,252.6,2.01,0.388,6.4,268.0,1.22,6186.0,4.358,1.253,0,FALSE POSITIVE,4472143
2.18242002,4.103,69.7,0.7,0.721,13.8,1283.0,638.12,5808.0,4.583,0.786,0,FALSE POSITIVE,7368137
0.503999678,0.5421,975.6,2.97,0.962,96.8,1605.0,1566.41,4898.0,4.686,0.568,0,FALSE POSITIVE,9027841
2.66588544,5.004,167.0,0.98,0.276,17.2,1041.0,278.03,4965.0,4.536,0.771,0,FALSE POSITIVE,8953414
7.61758198,3.545,85.4,1.0,0.234,13.4,1020.0,255.32,6202.0,4.401,1.072,1,CONFIRMED,10730070
41.477908,10.45,29.9,1.09,0.5122,9.6,849.0,122.73,6935.0,3.95,1.918,0,FALSE POSITIVE,4458109
2.20923119,2.392,59.8,0.84,0.11,14.3,1507.0,1217.79,5991.0,4.375,1.092,1,CONFIRMED,2831055
260.54832,15.52,161.6,1.35,0.378,10.2,318.0,2.43,6412.0,4.44,1.04,0,FALSE POSITIVE,11044826
370.47678,15.69,656.2,2.37,0.5386,11.8,252.0,0.96,6050.0,4.525,0.896,0,FALSE POSITIVE,6681687
5.88350251,2.556,217.7,1.27,0.362,11.9,949.0,192.09,5840.0,4.553,0.849,1,CONFIRMED,7703882
0.662457501,1.527,64.1,8.3,1.024,13.5,3295.0,27795.08,6425.0,3.862,2.16,0,FALSE POSITIVE,8179190
1.33258458,3.222,127.0,1.25,0.422,14.4,1868.0,2873.72,6384.0,4.419,1.086,0,FALSE POSITIVE,9777724
0.539915033,1.1466,97.0,0.82,0.291,17.6,1871.0,2901.68,5102.0,4.502,0.837,1,CONFIRMED,5340878
372.54353,21.83,1106.0,74.14,1.7826,11.9,226.0,0.62,5561.0,4.557,0.836,0,FALSE POSITIVE,10273903
2.20829637,2.841,87.9,1.36,0.205,12.0,1709.0,2016.25,6028.0,4.189,1.454,1,CONFIRMED,7450747
0.849906734,1.141,124.3,0.59,0.64,12.0,1139.0,396.64,4296.0,4.733,0.505,1,CONFIRMED,7826620
26.6565737,4.954,163.4,4.15,0.686,18.8,903.0,157.45,5159.0,3.604,3.062,1,CONFIRMED,8890924
373.72257,14.21,470.9,67.13,1.5922,9.6,262.0,1.11,6004.0,4.45,1.008,0,FALSE POSITIVE,8483241
8.18504859,4.673,97.6,0.93,0.601,12.5,892.0,149.41,5984.0,4.521,0.906,1,CONFIRMED,8573193
10.78438513,1.408,233.6,75.04,1.18,15.6,1397.0,900.7,5575.0,3.516,3.515,0,FALSE POSITIVE,9240664
10.42317343,2.341,71.2,1.07,0.811,11.2,901.0,155.7,5767.0,4.287,1.135,1,CONFIRMED,7673841
0.566804221,4.639,166.0,0.85,0.536,31.0,1737.0,2149.42,5277.0,4.625,0.64,0,FALSE POSITIVE,7281411
2.022658,3.343,135.7,1.15,0.419,17.4,1482.0,1139.1,6091.0,4.487,0.967,0,FALSE POSITIVE,6528141
316.57747,14.64,269.1,1.47,0.2569,10.2,255.0,1.01,5822.0,4.529,0.898,0,FALSE POSITIVE,8106112
0.519437968,2.129,226.2,20.48,1.172,25.4,2402.0,7822.62,6181.0,4.464,1.006,0,FALSE POSITIVE,5563937
1.105095798,2.624,141.7,0.89,0.295,17.4,1445.0,1025.9,5296.0,4.604,0.752,0,FALSE POSITIVE,10736179
245.01902,8.56,375.9,1.98,0.3471,10.1,310.0,2.17,6167.0,4.451,1.01,0,FALSE POSITIVE,6119921
153.979362,9.028,792.5,2.53,0.036,16.1,330.0,2.82,5858.0,4.502,0.903,1,CONFIRMED,5084171
10.2239787,1.814,213.5,24.43,0.439,6.5,2364.0,7383.41,4673.0,2.412,16.823,0,FALSE POSITIVE,4141587
56.4148314,8.075,480.1,2.9,0.908,16.4,535.0,19.37,6325.0,4.409,1.112,1,CONFIRMED,11968463
2.18079098,12.13,83.2,3.29,0.74,69.3,2767.0,13876.96,6911.0,3.661,3.339,0,FALSE POSITIVE,3834317
20.9254083,6.783,109.0,1.26,0.201,15.5,729.0,66.95,5821.0,4.283,1.21,1,CONFIRMED,10593535
13.0600399,2.851,106.8,0.8,0.495,12.5,630.0,37.3,5168.0,4.566,0.769,1,CONFIRMED,5959719
0.641069613,1.033,78.6,0.86,0.061,10.5,2196.0,5512.38,6077.0,4.451,0.961,0,FALSE POSITIVE,5992210
2.2430415,3.63,101.1,0.89,0.147,8.1,1344.0,770.18,5897.0,4.531,0.891,0,FALSE POSITIVE,4284980
1.21475168,6.93,266.1,5.5,0.461,7.9,3302.0,28091.85,6732.0,3.632,3.276,0,FALSE POSITIVE,9302543
27.4784659,7.5,83.2,1.52,0.008,12.3,736.0,69.3,5432.0,3.993,1.707,1,CONFIRMED,9701962
244.86662,10.56,289.5,1.46,0.3872,9.7,273.0,1.31,5821.0,4.554,0.848,0,FALSE POSITIVE,6685646
1.30627214,5.144,95.4,0.87,0.57,10.3,1490.0,1161.23,5513.0,4.543,0.862,0,FALSE POSITIVE,4574319
62.366706,4.32,95.4,1.88,0.1725,7.1,698.0,56.09,6749.0,4.031,1.9,0,FALSE POSITIVE,7741837
0.933732791,3.056,96.9,0.9,0.022,13.8,1773.0,2344.56,5496.0,4.405,0.927,0,FALSE POSITIVE,11137065
53.106597,2.914,82.4,2.2,0.5182,7.3,860.0,129.19,7217.0,3.893,2.343,0,FALSE POSITIVE,11093335
360.15417,12.806,790.6,2.99,0.2583,11.1,270.0,1.25,6065.0,4.452,1.061,0,FALSE POSITIVE,9394768
1.42856815,2.132,59.5,0.64,0.3097,11.8,1547.0,1352.91,5979.0,4.557,0.822,0,FALSE POSITIVE,10972902
381.850599,4.772,1702.0,3.59,0.4148,13.8,222.0,0.58,5485.0,4.556,0.867,0,FALSE POSITIVE,3832474
10.81315417,1.275,80.3,1.46,0.804,16.6,1045.0,281.84,6380.0,4.24,1.46,0,FALSE POSITIVE,12004971
359.08368,15.67,618.7,29.15,1.262,10.8,268.0,1.23,6256.0,4.493,0.932,0,FALSE POSITIVE,3644602
3.74784374,3.658,116.5,1.08,0.093,12.8,1226.0,534.57,6122.0,4.471,0.996,0,FALSE POSITIVE,11912941
1.71028117,2.61,111.6,0.91,0.372,13.8,1454.0,1055.42,5910.0,4.55,0.855,0,FALSE POSITIVE,6525106
140.251943,6.576,567.7,1.84,0.323,11.9,271.0,1.28,4821.0,4.529,0.788,1,CONFIRMED,5977470
0.570828503,0.915,174.4,0.54,0.609,13.9,986.0,222.55,3585.0,4.868,0.388,0,FALSE POSITIVE,4355503
134.4665,5.27,1032.0,2.48,0.2848,6.7,280.0,1.45,4891.0,4.524,0.791,0,FALSE POSITIVE,6119923
0.909314811,2.2053,40.5,0.99,0.722,30.2,2503.0,9311.68,6508.0,4.163,1.447,0,FALSE POSITIVE,6126076
207.24785,6.159,809.2,1.56,0.21,13.2,189.0,0.3,4339.0,4.711,0.553,1,CONFIRMED,11284772
186.55347,13.57,334.5,1.86,0.2803,11.0,341.0,3.18,6187.0,4.446,1.006,0,FALSE POSITIVE,9209183
5.99078221,1.699,69.9,1.03,0.944,8.6,987.0,223.93,5721.0,4.442,0.972,1,CONFIRMED,6153407
14.0801852,3.402,90.7,1.04,0.308,6.9,798.0,95.62,5984.0,4.421,1.089,0,FALSE POSITIVE,5955621
2.440839436,0.968,509.5,21.29,1.253,14.4,986.0,223.8,4803.0,4.623,0.698,1,CONFIRMED,11519187
23.6223571,6.852,57.0,1.07,0.369,11.4,797.0,95.35,6144.0,4.149,1.393,1,CONFIRMED,8417078
3.28931936,1.921,166.0,50.51,1.422,11.1,1364.0,818.01,6335.0,4.427,1.072,0,FALSE POSITIVE,4852297
1.08195208,4.807,33.6,0.47,0.257,12.4,1526.0,1275.68,5233.0,4.489,0.824,0,FALSE POSITIVE,9851845
0.512583041,1.498,114.3,1.07,0.116,17.1,2363.0,7320.09,6077.0,4.471,0.999,0,FALSE POSITIVE,9474483
2.29794819,2.84,83.2,0.98,0.108,12.2,1547.0,1352.14,6371.0,4.426,1.072,1,CONFIRMED,9898017
368.11581,13.52,476.2,2.11,0.0125,11.2,263.0,1.12,6122.0,4.487,0.964,0,FALSE POSITIVE,8613218
368.52466,11.9,680.3,3.05,0.5045,14.0,288.0,1.62,6343.0,4.411,1.137,0,FALSE POSITIVE,8548069
4.54586982,1.756,76.5,0.65,0.563,24.4,868.0,134.21,5051.0,4.562,0.721,1,CONFIRMED,6278762
0.542498653,4.257,54.9,2.25,0.3422,19.8,5157.0,167191.11,8711.0,3.795,2.954,0,FALSE POSITIVE,3127911
21.5819776,13.734,47.6,0.91,0.036,17.3,746.0,73.01,5601.0,4.144,1.342,0,FALSE POSITIVE,10399321
3.08723626,2.615,101.9,1.2,0.2516,12.1,1451.0,1046.77,6418.0,4.395,1.171,0,FALSE POSITIVE,7837733
0.592562969,3.0869,1546.4,25.97,1.252,100.4,1967.0,3520.7,5728.0,4.575,0.804,0,FALSE POSITIVE,2578017
31.97181,12.277,117.4,0.95,0.532,11.1,521.0,17.43,5632.0,4.554,0.853,0,FALSE POSITIVE,8625732
5.81289843,3.979,76.3,0.93,0.499,9.5,1102.0,348.61,6175.0,4.41,1.041,0,FALSE POSITIVE,2831251
6.44173995,1.635,107.7,1.41,0.3252,10.5,1175.0,451.14,6088.0,4.225,1.339,0,FALSE POSITIVE,6721380
0.631106722,0.9942,49.2,0.63,0.194,17.6,1945.0,3367.19,5400.0,4.443,0.898,0,FALSE POSITIVE,7694615
176.17377,14.58,349.9,1.76,0.2545,8.2,323.0,2.57,5957.0,4.506,0.937,0,FALSE POSITIVE,6201203
114.336052,14.077,239.8,2.09,0.529,13.0,429.0,8.02,5802.0,4.218,1.316,1,CONFIRMED,4556468
0.63938062,1.2067,308.0,51.53,1.377,97.5,2566.0,10289.98,6607.0,4.363,1.204,0,FALSE POSITIVE,9222516
0.566801045,1.7499,188.3,1.42,0.628,34.9,2348.0,7209.06,6106.0,4.405,0.982,0,FALSE POSITIVE,7285673
0.992799002,3.4878,1653.0,40.12,1.3295,97.8,1933.0,3302.31,6217.0,4.472,0.989,0,FALSE POSITIVE,5282437
1.5184181,2.842,196.8,1.85,0.561,15.9,1926.0,3261.65,6302.0,4.259,1.269,1,CONFIRMED,7747457
0.96807117,1.677,104.8,0.72,0.53,15.4,1487.0,1157.58,5367.0,4.639,0.687,0,FALSE POSITIVE,8652360
3.55661906,5.396,23.3,0.72,0.384,11.4,1518.0,1254.47,6018.0,4.081,1.458,0,FALSE POSITIVE,9602421
0.56256804,1.686,4.5,0.63,0.692,11.8,5127.0,164220.08,9005.0,3.84,2.773,0,FALSE POSITIVE,4373195
8.79991878,41.564,869.1,224.56,1.6053,236.1,1979.0,3624.62,8092.0,3.725,3.267,0,FALSE POSITIVE,5090937
349.03703,4.76,777.0,2.27,0.1215,11.6,231.0,0.67,5583.0,4.559,0.824,0,FALSE POSITIVE,6359175
177.8135,9.76,417.7,1.83,0.2043,8.8,310.0,2.17,5822.0,4.529,0.898,0,FALSE POSITIVE,8104207
101.952048,5.991,152.5,1.31,0.084,10.3,428.0,7.92,6210.0,4.407,1.054,1,CONFIRMED,10026502
2.41795911,2.727,100.5,0.53,0.145,10.1,878.0,140.54,4623.0,4.719,0.534,0,FALSE POSITIVE,3953173
183.854867,14.996,520.6,2.4,0.4202,10.8,345.0,3.36,6225.0,4.45,1.031,0,FALSE POSITIVE,8037926
12.4418003,3.572,78.4,0.57,0.043,11.4,576.0,26.03,4926.0,4.653,0.662,1,CONFIRMED,9002278
293.60581,11.07,165.3,1.37,0.0927,8.4,295.0,1.79,6167.0,4.444,1.064,0,FALSE POSITIVE,6437617
2.78801663,17.354,14.0,0.91,0.796,21.8,2287.0,6451.74,7523.0,3.986,2.206,0,FALSE POSITIVE,8453851
3.94660745,2.705,309.4,1.4,0.278,12.7,981.0,218.91,5376.0,4.576,0.806,1,CONFIRMED,11650401
4.99473798,3.05,99.5,0.82,0.46,17.5,917.0,167.06,5406.0,4.569,0.819,0,FALSE POSITIVE,9873759
368.48518,11.26,301.8,1.98,0.5758,13.7,283.0,1.52,6140.0,4.354,1.096,0,FALSE POSITIVE,9516728
169.894419,2.525,178.7,2.66,0.3241,6.3,492.0,13.85,6382.0,3.94,1.961,0,FALSE POSITIVE,4825872
26.190289,2.148,51.8,1.05,0.109,9.3,793.0,93.35,6434.0,4.208,1.441,0,FALSE POSITIVE,4680772
203.511886,3.671,167.1,2.07,0.3979,9.3,442.0,9.02,6967.0,4.193,1.565,0,FALSE POSITIVE,8110733
6.18943952,2.3316,83.2,0.65,0.334,26.8,783.0,88.79,5051.0,4.562,0.721,1,CONFIRMED,6278762
8.70179611,3.048,304.1,1.37,0.045,11.8,750.0,74.58,5295.0,4.548,0.8,1,CONFIRMED,9100953
0.933747395,4.798,30.9,1.24,0.541,26.7,2596.0,10738.05,5574.0,3.818,2.174,0,FALSE POSITIVE,10407086
58.873429,17.487,226471.0,76.18,0.0,106.8,679.0,50.35,7078.0,4.192,1.568,0,FALSE POSITIVE,4073089
14.1166583,9.12,449.3,238.66,1.9614,5.9,1205.0,497.8,6526.0,3.883,2.238,0,FALSE POSITIVE,6065351
47.3128645,11.444,217.4,3.71,0.967,17.6,658.0,44.26,5749.0,4.002,1.876,1,CONFIRMED,6761777
29.6990126,1.849,93.3,1.93,0.3636,7.4,880.0,141.6,6382.0,3.94,1.961,0,FALSE POSITIVE,4825872
6.1082945,3.493,61.1,1.06,0.63,10.8,1267.0,608.39,6720.0,4.316,1.289,1,CONFIRMED,9412623
119.72007,9.48,115.6,1.26,0.025,9.0,410.0,6.67,5963.0,4.321,1.176,0,FALSE POSITIVE,3644505
1.27839331,6.343,19.5,0.86,0.201,15.2,2853.0,15656.19,7758.0,4.106,1.918,0,FALSE POSITIVE,4664743
7.545922037,4.0329,22.2,0.68,0.625,13.4,1084.0,326.67,5788.0,4.178,1.376,1,CONFIRMED,4735826
0.58675746,1.508,143.8,19.91,1.183,18.4,2157.0,5080.59,5942.0,4.506,0.938,0,FALSE POSITIVE,6593734
373.74856,28.18,797.8,4.45,0.9735,12.6,287.0,1.59,6343.0,4.411,1.137,0,FALSE POSITIVE,9711297
20.8822079,4.556,1107.0,3.63,0.1364,11.0,661.0,45.17,5780.0,4.438,1.0,0,FALSE POSITIVE,8395860
7.28171395,1.723,111.6,2.59,0.956,14.4,1086.0,329.68,4970.0,3.924,1.806,1,CONFIRMED,7778621
8.0386699,3.549,142.0,1.18,0.399,11.6,926.0,173.92,6018.0,4.485,0.975,0,FALSE POSITIVE,5956354
44.9851885,4.164,617.8,2.09,0.664,12.7,433.0,8.34,5295.0,4.548,0.8,1,CONFIRMED,9100953
6.67410577,3.645,160.9,1.62,0.927,12.6,1022.0,257.38,5949.0,4.389,1.041,0,FALSE POSITIVE,8109107
374.92478,18.05,610.0,1.67,0.348,6.0,171.0,0.2,4407.0,4.593,0.69,0,FALSE POSITIVE,6200529
4.60690612,4.176,137.5,0.9,0.203,13.3,950.0,192.38,5529.0,4.583,0.775,0,FALSE POSITIVE,6929285
1.50178705,2.936,86.7,0.93,0.359,13.4,1617.0,1619.24,5964.0,4.471,0.987,0,FALSE POSITIVE,4848321
0.499664962,1.6123,34.3,0.5,0.28,31.6,2056.0,4230.98,5570.0,4.561,0.855,0,FALSE POSITIVE,12255382
17.4453935,6.39,501.7,32.01,1.254,16.4,770.0,83.11,6260.0,4.433,1.063,0,FALSE POSITIVE,6522745
1.4725859,2.953,84.4,0.93,0.377,13.3,1662.0,1801.98,6077.0,4.471,0.999,0,FALSE POSITIVE,11076276
2.97607935,4.606,130.4,1.1,0.7955,14.1,1144.0,404.28,5547.0,4.534,0.865,0,FALSE POSITIVE,12012439
1.44438449,2.704,75.4,1.08,0.466,10.8,1980.0,3622.28,6667.0,4.358,1.213,0,FALSE POSITIVE,4374610
7.74347801,2.7878,77.8,0.62,0.018,24.4,727.0,65.88,5051.0,4.562,0.721,1,CONFIRMED,6278762
5.60473115,2.885,210.0,1.11,0.221,11.9,866.0,132.98,5401.0,4.593,0.777,1,CONFIRMED,4545570
132.778041,5.624,9036.0,10.38,0.735,10.6,357.0,3.83,5780.0,4.438,1.0,0,FALSE POSITIVE,7598111
184.568,13.09,409.9,1.53,0.2544,10.2,282.0,1.5,5680.0,4.595,0.75,0,FALSE POSITIVE,8240746
2.48882685,3.487,80.2,1.05,0.711,14.2,1477.0,1124.85,6246.0,4.433,1.092,0,FALSE POSITIVE,9652655
367.19796,15.92,146.1,1.08,0.0858,10.7,253.0,0.96,6054.0,4.525,0.889,0,FALSE POSITIVE,10140843
17.6604653,2.837,309.2,1.76,0.689,11.3,690.0,53.57,5910.0,4.505,0.94,0,FALSE POSITIVE,10473272
1.69999106,3.289,95.6,0.55,0.388,10.6,934.0,180.38,4289.0,4.684,0.554,0,FALSE POSITIVE,9824928
4.2059745,8.006,41.2,0.75,0.115,7.7,1263.0,601.3,5960.0,4.291,1.163,0,FALSE POSITIVE,5817685
0.566803216,3.325,20.2,0.54,0.424,15.5,2642.0,11526.75,6473.0,4.33,1.182,0,FALSE POSITIVE,7282042
365.13981,4.46,531.0,1.86,0.0901,7.9,228.0,0.64,5610.0,4.564,0.815,0,FALSE POSITIVE,7523542
37.809539,7.547,487.4,1.79,0.03,9.7,483.0,12.89,5595.0,4.57,0.82,0,FALSE POSITIVE,3109937
381.18654,9.73,985.0,2.29,0.4109,9.0,193.0,0.33,4977.0,4.607,0.734,0,FALSE POSITIVE,9386171
5.17624997,5.261,78.7,1.31,0.097,13.4,1243.0,565.42,5578.0,4.088,1.497,1,CONFIRMED,11671579
370.62071,12.58,344.3,2.12,0.1419,10.5,295.0,1.78,6432.0,4.382,1.136,0,FALSE POSITIVE,11553598
0.589458602,0.8278,158.4,0.98,0.086,17.3,1848.0,2736.51,5286.0,4.517,0.776,0,FALSE POSITIVE,12069414
3.91794676,2.549,116.5,0.94,0.337,13.5,1030.0,266.81,5500.0,4.547,0.87,1,CONFIRMED,9216775
0.614701901,0.947,131.6,0.82,0.2344,11.2,1656.0,1779.79,4954.0,4.563,0.724,0,FALSE POSITIVE,8443265
0.934181579,3.943,12.1,0.79,0.62,19.8,3268.0,26937.31,7624.0,4.029,2.152,0,FALSE POSITIVE,3240406
379.65261,19.04,82.3,1.2,0.1971,8.0,330.0,2.8,6471.0,4.141,1.302,0,FALSE POSITIVE,5090803
1.215181097,1.295,39.7,0.87,0.1356,11.8,2230.0,5844.41,6717.0,4.268,1.365,0,FALSE POSITIVE,8377197
21.5324915,4.156,100.5,1.47,0.5366,12.1,876.0,139.32,6737.0,4.228,1.41,0,FALSE POSITIVE,6137779
3.74779583,3.157,88.5,1.06,0.39,14.4,1324.0,725.94,6341.0,4.409,1.111,0,FALSE POSITIVE,11913072
0.91842238,5.664,162.9,16.07,1.186,12.9,1525.0,1280.4,5288.0,4.613,0.74,0,FALSE POSITIVE,9083470
373.43233,16.5,166.7,1.48,0.0802,12.9,290.0,1.66,6146.0,4.303,1.141,0,FALSE POSITIVE,5783732
9.74048508,1.6993,121.4,0.95,0.89,25.8,673.0,48.52,5051.0,4.562,0.721,1,CONFIRMED,6278762
397.73781,13.08,460.8,2.2,0.1656,8.8,264.0,1.16,6194.0,4.457,1.02,0,FALSE POSITIVE,7900100
5.35745121,2.592,78.2,1.65,0.119,16.4,1457.0,1065.83,6123.0,3.982,1.86,0,FALSE POSITIVE,9849884
2.16132662,4.487,112.2,0.5,0.778,25.3,687.0,52.58,3754.0,4.818,0.43,0,FALSE POSITIVE,11243547
6.76289308,6.204,50.9,1.21,0.553,14.6,1337.0,754.37,6547.0,4.122,1.63,1,CONFIRMED,9009036
1.09844642,1.528,45.0,1.73,0.727,15.1,2921.0,17139.77,6403.0,3.772,2.391,0,FALSE POSITIVE,10491525
25.94947,15.7,238.3,1.22,0.678,8.2,508.0,15.74,5348.0,4.609,0.748,0,FALSE POSITIVE,3859042
1.8789138,4.279,30.2,1.9,0.536,17.8,3330.0,29112.69,8046.0,3.704,3.339,0,FALSE POSITIVE,4946049
41.8681996,5.783,150.7,1.25,0.923,12.5,492.0,13.89,5852.0,4.559,0.837,1,CONFIRMED,2857607
0.514771509,1.256,43.4,0.57,0.222,12.0,2113.0,4749.21,5730.0,4.545,0.87,0,FALSE POSITIVE,5559651
8.61742738,2.713,154.9,1.01,0.059,11.3,733.0,68.28,5009.0,4.491,0.84,1,CONFIRMED,5962262
35.945188,8.23,72.6,1.5,0.1278,4.1,789.0,91.51,6578.0,4.087,1.744,0,FALSE POSITIVE,5437348
5.00749378,2.898,56.6,1.68,0.206,14.7,1499.0,1192.26,5242.0,3.644,2.243,0,FALSE POSITIVE,8429668
196.436796,8.556,631.9,2.33,0.019,14.4,292.0,1.72,5462.0,4.452,0.946,1,CONFIRMED,7429240
0.566810643,3.471,45.6,0.52,0.315,17.2,1976.0,3605.07,5776.0,4.598,0.758,0,FALSE POSITIVE,7032001
262.477098,5.816,1016.0,1.92,0.0753,9.7,178.0,0.24,4227.0,4.641,0.62,0,FALSE POSITIVE,6199864
2.21030572,2.492,92.0,1.06,0.233,11.4,1572.0,1440.34,6355.0,4.418,1.09,0,FALSE POSITIVE,9577855
5.99321872,3.92,203.2,1.23,0.02,9.5,952.0,194.41,5853.0,4.544,0.868,0,FALSE POSITIVE,4386607
0.70544189,1.772,133.5,1.04,0.328,13.9,1960.0,3481.65,5838.0,4.529,0.897,0,FALSE POSITIVE,12108364
0.981399749,0.5051,158.3,1.21,0.408,16.2,1820.0,2602.14,6038.0,4.524,0.898,0,FALSE POSITIVE,8295671
0.933728755,4.363,13.5,0.72,0.645,17.9,2777.0,14057.75,6652.0,4.036,1.863,0,FALSE POSITIVE,10407210
12.607591424,29.1267,79.5,1.61,0.996,41.6,809.0,101.31,6047.0,4.47,1.002,0,FALSE POSITIVE,7457278
0.734573766,1.295,68.4,0.86,0.044,11.4,2061.0,4270.04,5602.0,4.325,1.051,0,FALSE POSITIVE,8984755
289.86046,11.103,234.5,1.5,0.3711,10.3,279.0,1.43,5914.0,4.451,0.971,0,FALSE POSITIVE,7366895
357.13089,13.04,330.5,1.62,0.1365,11.8,246.0,0.87,5838.0,4.529,0.897,0,FALSE POSITIVE,10729472
370.50684,12.132,418.6,2.06,0.0647,8.8,277.0,1.39,6360.0,4.458,0.999,0,FALSE POSITIVE,6200612
1.332580225,2.057,46.3,2.18,0.519,16.4,3111.0,22103.67,6858.0,3.731,3.096,0,FALSE POSITIVE,9777200
7.99144696,3.639,145.0,1.53,0.94,12.8,901.0,155.95,5700.0,4.434,1.006,1,CONFIRMED,5003670
2.9039446,10.542,13.1,1.17,0.686,32.0,2637.0,11446.75,7846.0,3.829,3.05,0,FALSE POSITIVE,5200084
68.538296,3.627,1087.0,25.77,0.002,11.3,1031.0,267.17,4687.0,2.613,8.123,0,FALSE POSITIVE,4144873
369.7985,12.564,1106.4,2.53,0.1382,11.1,225.0,0.61,5680.0,4.582,0.757,0,FALSE POSITIVE,9171886
6.5588346,3.034,41.2,0.7,0.7173,8.1,973.0,211.64,5780.0,4.438,1.0,0,FALSE POSITIVE,3337061
0.643007769,0.69,68.1,0.35,0.012,10.3,1070.0,311.13,3925.0,4.825,0.421,0,FALSE POSITIVE,5696918
1.061937837,2.31,52.0,0.68,0.125,16.3,1757.0,2252.16,5893.0,4.505,0.941,0,FALSE POSITIVE,8487838
15.07277287,0.7794,345.0,1.73,0.891,13.0,635.0,38.57,5521.0,4.594,0.771,0,FALSE POSITIVE,8937762
1.71659304,1.154,138.0,1.17,0.1534,9.5,1607.0,1577.89,6192.0,4.467,0.987,0,FALSE POSITIVE,2720828
358.818895,2.503,666.1,2.66,0.825,11.5,262.0,1.11,6056.0,4.47,0.918,0,FALSE POSITIVE,8652577
181.3537,16.19,455.0,2.11,0.5983,11.7,317.0,2.39,5900.0,4.509,0.951,0,FALSE POSITIVE,8804937
3.74786694,3.632,80.9,0.89,0.49,19.1,1176.0,451.72,5957.0,4.498,0.971,0,FALSE POSITIVE,11912987
0.913244995,0.4931,47.8,0.77,0.286,10.2,1967.0,3541.46,5923.0,4.402,1.049,0,FALSE POSITIVE,4136659
2.97599368,4.023,55.0,0.79,0.243,13.0,1395.0,894.1,6202.0,4.394,1.055,0,FALSE POSITIVE,3438976
0.584148495,1.6192,66.2,0.87,0.584,21.9,2130.0,4882.9,5427.0,4.347,1.031,0,FALSE POSITIVE,6610064
0.824180121,2.839,208.1,17.8,1.171,39.7,1912.0,3155.32,5977.0,4.514,0.883,0,FALSE POSITIVE,5476671
0.579770948,1.0377,467.9,2.4,0.946,44.3,1953.0,3425.06,5561.0,4.561,0.854,0,FALSE POSITIVE,7335972
0.92225589,4.227,33.0,1.29,0.992,7.1,2206.0,5614.19,5631.0,4.114,1.485,0,FALSE POSITIVE,2694632
0.75499096,2.485,215.8,1.39,0.322,9.9,1949.0,3403.34,5743.0,4.466,0.946,0,FALSE POSITIVE,5428471
353.40191,6.681,948.0,2.35,0.4702,9.1,202.0,0.39,4957.0,4.561,0.763,0,FALSE POSITIVE,7283710
1.428596987,2.1401,50.0,1.62,0.7017,26.1,2637.0,11425.1,6745.0,3.901,2.144,0,FALSE POSITIVE,10794509
2.21701025,2.148,29.4,1.16,0.0662,11.7,2371.0,7467.21,7524.0,4.067,2.092,0,FALSE POSITIVE,2576224
43.0759115,90.95,3452.0,213.46,1.256,323.1,1032.0,268.5,4766.0,2.919,5.915,0,FALSE POSITIVE,3967501
372.62637,18.52,542.0,2.38,0.5353,11.9,258.0,1.05,6014.0,4.486,0.993,0,FALSE POSITIVE,6437226
1.02087831,2.429,33.4,0.64,0.148,9.9,1903.0,3115.14,5750.0,4.337,1.106,0,FALSE POSITIVE,2710623
1.26132769,1.244,109.7,0.14,0.289,9.9,447.0,9.46,2900.0,5.224,0.132,0,FALSE POSITIVE,3330684
6.09406648,2.085,3027.0,54.54,1.235,19.0,1417.0,953.63,6785.0,4.162,1.666,0,FALSE POSITIVE,2696703
1.1578141,3.253,54.8,1.24,0.564,27.8,2133.0,4895.77,5412.0,3.941,1.629,0,FALSE POSITIVE,7699298
0.566800926,4.407,264.5,2.19,0.971,63.2,2200.0,5563.01,5780.0,4.438,1.0,0,FALSE POSITIVE,7115661
24.1876477,2.654,194.8,118.8,1.8212,11.4,782.0,88.31,6437.0,4.273,1.31,0,FALSE POSITIVE,2853889
2.44926655,2.988,108.2,0.76,0.253,10.7,1033.0,269.06,4840.0,4.551,0.749,0,FALSE POSITIVE,4845862
2.17812826,2.601,100.8,0.81,0.344,10.4,1206.0,500.27,5426.0,4.579,0.805,0,FALSE POSITIVE,10130057
1.33259494,2.783,92.7,0.89,0.104,7.8,1665.0,1814.46,6063.0,4.51,0.918,0,FALSE POSITIVE,9838608
2.05048377,3.67,60.5,0.66,0.013,14.3,1339.0,761.65,5568.0,4.451,0.854,0,FALSE POSITIVE,4247811
1.19550618,3.337,26.9,0.78,0.483,13.3,2152.0,5062.04,6088.0,4.15,1.463,0,FALSE POSITIVE,6543645
0.683082998,4.409,143.3,9.92,0.694,26.1,6757.0,492690.35,8247.0,3.17,7.762,0,FALSE POSITIVE,8738244
0.791771167,2.4463,509.2,82.71,1.224,82.4,3419.0,32163.04,6218.0,3.678,3.07,0,FALSE POSITIVE,4157052
0.894172544,0.8302,86.2,0.68,0.162,16.9,1461.0,1070.89,4982.0,4.591,0.736,0,FALSE POSITIVE,10006641
1.68207624,1.519,54.7,1.01,0.56,11.1,1980.0,3646.1,6495.0,4.191,1.311,0,FALSE POSITIVE,10815916
9.8480917,3.079,141.9,0.88,0.127,9.7,711.0,60.47,5289.0,4.546,0.748,0,FALSE POSITIVE,3547760
0.566800593,3.909,12.3,0.48,0.2,10.4,2783.0,14091.55,6476.0,4.255,1.353,0,FALSE POSITIVE,7281484
0.969602551,1.728,111.0,0.69,0.415,10.4,1334.0,750.09,4856.0,4.643,0.66,0,FALSE POSITIVE,4848115
9.25801294,2.854,88.1,1.73,0.186,12.9,1229.0,539.51,6200.0,3.977,1.834,0,FALSE POSITIVE,5991765
25.9554044,8.491,122.7,1.46,0.952,11.6,656.0,43.9,6058.0,4.408,1.038,0,FALSE POSITIVE,3962872
3.74788208,4.183,153.4,0.94,0.09,13.6,979.0,216.97,5340.0,4.593,0.777,0,FALSE POSITIVE,11912911
0.93479255,4.5838,247.5,24.75,1.2,78.3,2040.0,4108.03,6018.0,4.33,1.053,0,FALSE POSITIVE,7045435
361.43653,9.08,271.9,1.56,0.2175,10.8,268.0,1.22,6028.0,4.398,0.938,0,FALSE POSITIVE,2972800
0.89628253,1.397,86.4,0.76,0.176,13.0,1670.0,1848.85,5561.0,4.572,0.818,0,FALSE POSITIVE,8573168
1.67495622,2.994,35.9,0.77,0.399,15.3,1843.0,2732.19,6323.0,4.296,1.263,0,FALSE POSITIVE,10801249
8.2344072,2.808,59.2,1.49,0.812,11.5,1263.0,601.05,6148.0,3.964,1.741,0,FALSE POSITIVE,3857860
2.15052332,3.447,115.5,1.17,0.0303,11.0,1410.0,934.17,5780.0,4.438,1.0,0,FALSE POSITIVE,5024252
32.6122381,2.886,1321.4,31.96,1.252,19.6,570.0,24.92,5780.0,4.438,1.0,0,FALSE POSITIVE,7430876
0.967073359,2.4875,773.5,28.15,1.222,92.4,1867.0,2870.56,5755.0,4.402,1.022,0,FALSE POSITIVE,4843592
3.5564279,6.998,131.4,0.8,0.359,12.3,972.0,211.41,5404.0,4.638,0.694,0,FALSE POSITIVE,9602775
0.942997994,1.1658,539.2,1.56,0.153,29.2,1283.0,639.03,4499.0,4.59,0.693,0,FALSE POSITIVE,8955709
0.566796775,5.471,144.1,0.61,0.974,32.2,931.0,176.94,3453.0,4.892,0.358,0,FALSE POSITIVE,7031430
13.6471211,8.331,75.0,1.25,0.617,14.7,913.0,164.06,5771.0,4.106,1.382,1,CONFIRMED,7133294
16.473474,4.201,470.5,1.63,0.014,13.0,612.0,33.22,5364.0,4.529,0.754,1,CONFIRMED,4381429
3.74788322,3.45,242.6,1.32,0.544,16.3,1031.0,266.76,5514.0,4.569,0.826,0,FALSE POSITIVE,11912916
0.705455349,2.469,74.9,0.64,0.447,18.0,1693.0,1936.09,5383.0,4.614,0.736,0,FALSE POSITIVE,12108293
488.67353,12.35,691.0,2.03,0.432,8.2,188.0,0.3,5218.0,4.596,0.772,0,FALSE POSITIVE,5301093
1.08906057,2.743,76.2,0.75,0.29,10.4,1511.0,1235.96,5087.0,4.463,0.881,0,FALSE POSITIVE,9640946
1.48922187,1.882,613.6,2.5,0.393,10.8,1594.0,1524.19,5780.0,4.438,1.0,0,FALSE POSITIVE,9776186
0.716709761,0.6969,68.4,1.42,0.986,21.2,2394.0,7725.24,6109.0,4.229,1.173,0,FALSE POSITIVE,9752973
4.1083812,3.279,352.8,1.62,0.148,11.4,1058.0,295.63,5730.0,4.545,0.87,0,FALSE POSITIVE,8044600
1.962282625,1.45,68.3,0.81,0.169,12.9,1448.0,1038.36,5726.0,4.418,0.979,1,CONFIRMED,10220837
0.523629052,3.443,122.0,46.33,0.045,61.4,9801.0,2181689.59,4136.0,1.392,44.448,0,FALSE POSITIVE,10991239
1.04588635,2.833,102.7,1.1,0.204,13.2,1972.0,3582.91,6249.0,4.428,1.076,0,FALSE POSITIVE,9345819
51.31346091,3.94,,,,,,,,,,0,FALSE POSITIVE,9180566
419.92898,14.55,233.5,1.51,0.0299,7.5,255.0,1.0,6047.0,4.431,0.988,0,FALSE POSITIVE,11092040
1.23521458,0.918,89.5,0.93,0.458,5.0,1713.0,2032.78,5999.0,4.494,0.959,0,FALSE POSITIVE,4851145
1.085229874,0.652,238.1,1.37,0.439,7.6,1632.0,1675.45,5713.0,4.554,0.851,0,FALSE POSITIVE,10292540
1.540379557,2.026,76.9,0.81,0.329,14.6,1581.0,1481.09,5812.0,4.408,0.914,0,FALSE POSITIVE,3732894
3.60011712,2.396,50.2,0.5,0.025,21.6,938.0,182.81,5051.0,4.562,0.721,1,CONFIRMED,6278762
9.32867952,1.572,354.4,1.62,0.035,12.7,806.0,99.6,5749.0,4.547,0.864,1,CONFIRMED,6276791
6.38671206,1.201,223.7,1.19,0.015,11.6,811.0,102.25,5071.0,4.505,0.811,1,CONFIRMED,8636600
158.348345,10.55,899.0,372.86,3.655,17.6,409.0,6.61,6521.0,4.352,1.276,0,FALSE POSITIVE,10220950
0.93376962,7.023,125.8,16.3,1.142,28.5,1937.0,3343.62,6056.0,4.448,0.975,0,FALSE POSITIVE,10342316
322.48381,22.99,1023.4,3.5,0.938,27.0,259.0,1.06,5968.0,4.534,0.881,0,FALSE POSITIVE,5305399
0.739404894,1.753,246.8,0.94,0.077,21.0,1256.0,589.06,4205.0,4.635,0.624,0,FALSE POSITIVE,12021811
25.949641315,11.6411,67.8,2.06,0.945,7.6,753.0,76.14,5109.0,3.873,1.922,0,FALSE POSITIVE,3962684
1.71051215,1.284,42.2,1.04,0.057,11.2,2004.0,3820.16,5925.0,3.989,1.589,0,FALSE POSITIVE,4730442
62.869463,6.842,341.7,1.96,0.954,16.2,349.0,3.51,4762.0,4.535,0.781,1,CONFIRMED,9447166
84.8062818,9.0006,9936.0,36.51,1.265,121.6,388.0,5.33,5735.0,4.525,0.853,0,FALSE POSITIVE,9643043
29.9632816,2.6,893.2,2.24,0.855,17.7,391.0,5.55,4463.0,4.623,0.638,1,CONFIRMED,8151055
17.99643716,4.164,36923.0,30.08,1.122,123.5,468.0,11.31,4438.0,4.606,0.666,0,FALSE POSITIVE,7177555
11.63486009,5.466,292.3,2.61,0.053,18.4,961.0,201.96,5570.0,4.066,1.548,1,CONFIRMED,3348082
10.8118317,2.627,76.8,1.24,0.896,9.5,922.0,170.74,6025.0,4.331,1.196,1,CONFIRMED,10615440
1.208528832,1.336,180.8,1.25,0.039,10.6,1725.0,2084.15,6072.0,4.51,0.923,0,FALSE POSITIVE,5802292
208.18711785,2.5404,394.7,1.99,0.321,4.2,307.0,2.1,5780.0,4.438,1.0,0,FALSE POSITIVE,5126932
0.93198504,2.0472,326.6,17.72,1.19,44.5,1647.0,1734.47,5470.0,4.509,0.777,0,FALSE POSITIVE,10034146
0.60818508,0.909,144.7,96.03,1.835,18.9,2298.0,6637.9,5981.0,4.372,1.043,0,FALSE POSITIVE,4175105
1.65320144,1.525,132.1,0.74,0.148,6.7,1059.0,296.8,4544.0,4.609,0.661,0,FALSE POSITIVE,2437897
3.37487541,3.085,53.8,0.75,0.389,8.3,1287.0,649.96,6181.0,4.464,1.006,0,FALSE POSITIVE,9307966
0.962825082,2.8464,118.1,5.18,0.088,40.7,3265.0,26811.24,4898.0,3.212,4.928,0,FALSE POSITIVE,5556726
309.494217,13.716,292.0,2.79,0.0542,14.5,399.0,6.01,6908.0,4.085,1.614,0,FALSE POSITIVE,2554853
24.2382519,2.703,465.5,2.19,0.82,11.3,597.0,29.92,5763.0,4.527,0.904,0,FALSE POSITIVE,7889486
24.2416103,5.137,323.4,1.61,0.069,10.8,596.0,29.92,5763.0,4.527,0.904,0,FALSE POSITIVE,7889486
69.3788597,3.807,530.4,2.07,0.539,16.8,421.0,7.4,5806.0,4.529,0.874,0,FALSE POSITIVE,8233802
29.3493852,4.313,659.2,2.02,0.75,20.3,451.0,9.81,4987.0,4.613,0.722,1,CONFIRMED,7510820
449.57274,9.328,221.4,3.08,0.2059,14.1,333.0,2.89,5691.0,3.842,2.079,0,FALSE POSITIVE,6116035
245.059374,9.549,165.0,1.63,0.0927,15.1,356.0,3.81,6036.0,4.127,1.265,0,FALSE POSITIVE,8958359
11.49500229,7.602,51.4,1.53,0.911,22.9,1105.0,351.79,6033.0,3.985,1.788,1,CONFIRMED,7983117
0.708726708,0.753,313.6,0.92,0.28,13.4,1302.0,684.35,4607.0,4.733,0.515,0,FALSE POSITIVE,5480884
283.72675,15.49,84.6,1.18,0.3461,9.3,341.0,3.2,6496.0,4.301,1.257,0,FALSE POSITIVE,12506417
373.60683,8.752,534.8,2.5,0.588,9.3,271.0,1.28,6184.0,4.448,1.038,0,FALSE POSITIVE,10187563
4.29388808,3.618,110.6,1.68,0.272,17.9,1532.0,1302.16,6615.0,4.173,1.574,0,FALSE POSITIVE,5544450
13.5437884,5.7076,6608.7,32.21,1.269,114.4,658.0,44.22,5463.0,4.582,0.794,0,FALSE POSITIVE,9307105
65.6491001,7.298,983.9,2.52,0.038,20.5,390.0,5.48,5436.0,4.573,0.819,1,CONFIRMED,6880517
25.1593389,5.198,358.1,1.76,0.035,13.1,619.0,34.7,5973.0,4.506,0.935,1,CONFIRMED,6615511
31.7787564,8.093,262.0,1.5,0.29,25.9,564.0,23.96,5638.0,4.391,0.928,1,CONFIRMED,3632089
1.332568744,3.755,24.1,0.58,0.751,29.1,1941.0,3346.25,6620.0,4.411,1.081,0,FALSE POSITIVE,9959494
9.0194714,5.92,191.6,1.07,0.2805,7.2,789.0,91.74,5775.0,4.59,0.768,1,CONFIRMED,8397947
0.814278961,2.087,72.0,0.76,0.451,13.0,1762.0,2284.94,5537.0,4.539,0.886,0,FALSE POSITIVE,11456405
2.1890751,2.365,94.8,0.87,0.048,12.6,1399.0,906.2,6077.0,4.526,0.891,0,FALSE POSITIVE,4544684
2.42649862,2.014,29.2,0.75,0.673,15.2,1638.0,1705.27,6033.0,4.176,1.316,0,FALSE POSITIVE,8975368
8.80854183,34.7564,174.7,2.69,0.993,137.3,1000.0,236.05,6017.0,4.3,1.21,0,FALSE POSITIVE,9291039
219.74735,22.48,190.4,3.24,0.097,12.7,427.0,7.82,5127.0,3.602,2.38,0,FALSE POSITIVE,5168498
19.7639874,12.319,51.3,1.19,0.489,13.5,900.0,155.45,6195.0,4.072,1.617,0,FALSE POSITIVE,10489539
6.05919881,1.365,154.2,1.21,0.438,11.7,976.0,214.55,5734.0,4.462,0.962,1,CONFIRMED,9569711
7.5143967,4.865,36.3,0.96,0.399,9.8,1199.0,488.52,6206.0,4.159,1.573,1,CONFIRMED,12314973
33.1981761,4.709,336.7,3.21,0.826,11.8,678.0,49.9,5570.0,4.066,1.548,1,CONFIRMED,3348082
5.32784157,4.696,87.2,0.86,0.116,15.9,1023.0,259.32,5638.0,4.391,0.928,1,CONFIRMED,3632089
31.827649,1.639,520.0,4.98,0.785,16.4,668.0,47.21,4774.0,3.838,1.954,1,CONFIRMED,12735830
0.824000125,0.855,183.1,0.42,0.7697,12.3,746.0,73.09,3396.0,4.991,0.28,1,CONFIRMED,6592335
0.772152075,1.78,43.6,4.44,1.009,13.6,2966.0,18277.6,5951.0,3.787,2.08,0,FALSE POSITIVE,5651829
1.08469871,4.077,124.0,1.11,0.672,16.9,1757.0,2247.25,5942.0,4.506,0.938,0,FALSE POSITIVE,9094763
5.660274452,0.9077,414.1,11.02,1.092,26.4,950.0,192.77,5615.0,4.478,0.842,0,FALSE POSITIVE,10338279
1.23512429,4.22,15.2,0.38,0.556,15.7,1642.0,1722.78,5798.0,4.507,0.941,0,FALSE POSITIVE,4851239
1.381257093,1.125,92.3,1.1,0.351,11.0,1728.0,2110.47,5861.0,4.385,1.131,0,FALSE POSITIVE,5009688
2.41810158,2.144,46.8,0.85,0.016,13.4,1602.0,1555.96,6258.0,4.307,1.239,1,CONFIRMED,10057494
33.4203001,5.307,436.6,2.46,0.789,8.9,581.0,27.02,5731.0,4.372,1.066,1,CONFIRMED,6587796
58.3437362,22.482,1266.8,93.55,1.246,75.0,779.0,87.03,5896.0,3.65,3.006,0,FALSE POSITIVE,9489953
1.070982122,1.255,43.4,0.98,0.563,9.0,2122.0,4811.39,5717.0,4.109,1.433,0,FALSE POSITIVE,5305240
23.81578356,3.7591,4856.7,8.4,0.958,71.0,560.0,23.2,5561.0,4.572,0.818,0,FALSE POSITIVE,9838060
31.1748311,3.79,200.2,1.31,0.016,17.0,585.0,27.62,6086.0,4.511,0.921,1,CONFIRMED,8554701
0.474811162,1.169,205.2,1.28,0.44,17.4,2206.0,5603.32,5799.0,4.539,0.878,0,FALSE POSITIVE,5389632
47.0568476,5.2232,1531.2,2.84,0.027,38.0,411.0,6.72,5288.0,4.613,0.74,1,CONFIRMED,9031209
367.73299,10.158,503.9,2.1,0.0064,11.2,266.0,1.19,6225.0,4.481,0.931,0,FALSE POSITIVE,5951416
0.743495989,2.255,172.8,11.82,1.144,26.0,1617.0,1612.65,5345.0,4.639,0.686,0,FALSE POSITIVE,4645833
1.405887031,1.184,216.0,0.95,0.364,13.8,1086.0,329.99,4440.0,4.618,0.653,0,FALSE POSITIVE,8940918
1.45728997,3.582,71.3,0.93,0.749,15.5,1665.0,1818.19,6063.0,4.476,1.012,0,FALSE POSITIVE,9827596
1.245331397,2.566,38.1,1.61,0.649,26.5,2678.0,12115.45,6106.0,3.781,2.477,0,FALSE POSITIVE,6206559
1.52593737,1.958,159.1,1.39,0.681,9.6,1697.0,1963.41,6184.0,4.448,1.038,0,FALSE POSITIVE,5024429
8.21429932,3.099,70.7,1.66,0.667,19.7,1312.0,701.11,6277.0,3.951,1.869,0,FALSE POSITIVE,9532117
1.54945486,6.698,21.8,1.34,0.228,20.9,3006.0,19304.93,7382.0,3.838,2.804,0,FALSE POSITIVE,6928906
8.42943991,2.441,89.1,1.19,0.82,19.7,1029.0,265.39,6353.0,4.375,1.132,0,FALSE POSITIVE,9821151
10.60052083,4.509,60.9,1.09,0.729,17.4,987.0,224.28,6035.0,4.212,1.303,1,CONFIRMED,8073705
0.9570701,2.75,,,,,,,,,,0,FALSE POSITIVE,8330548
21.8634638,3.542,871.0,2.37,0.502,9.9,551.0,21.77,5383.0,4.587,0.789,1,CONFIRMED,4271474
86.4392931,6.534,1175.1,35.31,1.28,20.5,442.0,8.99,6208.0,4.454,1.024,0,FALSE POSITIVE,5130983
63.3354719,3.651,983.0,1.18,0.029,13.0,202.0,0.39,3526.0,4.866,0.383,1,CONFIRMED,11497958
14.77820911,5.395,10774.0,44.48,1.258,123.1,809.0,101.07,6258.0,4.442,1.046,0,FALSE POSITIVE,11093538
15.60862948,6.6957,34356.0,39.42,1.171,186.0,648.0,41.71,5569.0,4.566,0.829,0,FALSE POSITIVE,11044779
389.14115,7.93,347.4,1.67,0.0973,10.1,250.0,0.92,6043.0,4.505,0.894,0,FALSE POSITIVE,6438379
365.78863,12.76,885.0,2.21,0.1564,10.5,215.0,0.5,5407.0,4.585,0.752,0,FALSE POSITIVE,9145415
2.4826619,2.115,37.0,0.8,0.731,10.0,1619.0,1627.36,6356.0,4.292,1.225,0,FALSE POSITIVE,4545926
2.17811908,1.468,74.0,0.8,0.3437,9.8,1412.0,938.51,6039.0,4.505,0.921,0,FALSE POSITIVE,9396760
1.11205787,1.459,118.7,1.02,0.008,16.1,1799.0,2484.64,6098.0,4.488,0.932,0,FALSE POSITIVE,5119619
224.447413,4.986,651.0,2.05,0.4162,7.9,260.0,1.08,5489.0,4.574,0.798,0,FALSE POSITIVE,9582496
21.8660922,2.03,301.6,1.88,0.057,9.2,730.0,67.15,6309.0,4.402,1.077,0,FALSE POSITIVE,3343281
5.09506,5.73,23.6,2.14,0.691,7.6,2247.0,6030.14,6700.0,3.48,4.146,0,FALSE POSITIVE,2573108
0.689967868,1.1688,122.9,0.78,0.119,28.7,1539.0,1336.82,4872.0,4.615,0.726,1,CONFIRMED,9885417
1.89132292,5.607,16.0,0.9,0.709,14.8,2799.0,14532.55,8482.0,4.089,2.106,0,FALSE POSITIVE,3336476
0.918420801,3.533,56.7,1.14,0.656,40.3,2374.0,7502.5,6210.0,4.166,1.434,0,FALSE POSITIVE,9083564
0.573709256,1.4932,131.2,7.05,0.69,37.5,4415.0,90258.45,5261.0,3.13,5.769,0,FALSE POSITIVE,7335713
13.8353959,4.961,818.0,3.78,0.94,10.3,809.0,101.05,6020.0,4.403,1.057,1,CONFIRMED,8331612
46.9434911,1.368,100.7,1.57,0.213,6.6,669.0,47.27,6253.0,4.102,1.55,0,FALSE POSITIVE,5185765
19.5906103,6.745,297.0,2.64,0.529,24.9,819.0,106.48,5794.0,4.118,1.496,1,CONFIRMED,5965819
8.23983041,5.619,251.0,2.35,0.012,29.4,1093.0,338.17,5794.0,4.118,1.496,1,CONFIRMED,5965819
427.65334,11.17,157.1,1.97,0.4355,7.2,284.0,1.53,5325.0,4.004,1.565,0,FALSE POSITIVE,11294883
412.041857,5.572,1959.0,3.77,0.1068,12.3,217.0,0.52,5485.0,4.556,0.867,0,FALSE POSITIVE,3832474
0.9628348,2.259,92.8,0.81,0.309,7.6,1648.0,1734.83,5559.0,4.554,0.838,0,FALSE POSITIVE,5471566
1.57017249,2.257,158.4,0.82,0.085,10.2,1232.0,543.06,5300.0,4.66,0.66,0,FALSE POSITIVE,5814013
0.566798364,3.172,38.6,0.66,0.487,14.1,2272.0,6280.34,5864.0,4.411,1.04,0,FALSE POSITIVE,7117355
3.22452656,5.156,57.5,24.48,0.0995,24.3,4883.0,134353.84,3857.0,1.338,34.674,0,FALSE POSITIVE,5653072
1.89127438,4.491,32.3,2.03,0.514,24.6,3342.0,29488.85,7919.0,3.663,3.46,0,FALSE POSITIVE,2707985
1.33256944,3.89,20.6,0.46,0.456,18.8,1624.0,1636.72,5655.0,4.431,0.998,0,FALSE POSITIVE,9899141
66.6504521,5.744,536.9,1.56,0.433,27.1,308.0,2.14,4550.0,4.627,0.679,1,CONFIRMED,8183288
55.7002642,4.285,332.7,1.18,0.2976,10.8,309.0,2.14,4267.0,4.608,0.67,0,FALSE POSITIVE,11305996
3.54553077,4.143,119.2,1.62,0.143,18.1,1448.0,1039.47,5794.0,4.118,1.496,1,CONFIRMED,5965819
10.882416555,5.4674,16629.5,29.69,1.199,265.2,632.0,37.81,4946.0,4.57,0.715,0,FALSE POSITIVE,6859801
25.19830439,5.1942,73834.2,46.14,1.069,1669.4,604.0,31.54,5955.0,4.534,0.883,0,FALSE POSITIVE,7767733
0.50727675,2.32,214.7,1.7,0.429,33.5,2449.0,8524.12,5970.0,4.399,1.143,0,FALSE POSITIVE,5201593
1.316398648,1.169,182.5,1.09,0.392,13.1,1374.0,842.93,5088.0,4.508,0.806,0,FALSE POSITIVE,9007609
419.4596,13.53,131.8,2.1,0.0167,8.4,303.0,2.0,5248.0,3.886,1.869,0,FALSE POSITIVE,11038580
14.2005007,5.232,80.6,13.28,1.106,10.6,843.0,119.41,6332.0,4.406,1.065,0,FALSE POSITIVE,9509223
1.318347743,0.871,113.2,1.23,0.427,10.6,1861.0,2827.4,6143.0,4.351,1.121,0,FALSE POSITIVE,6720773
5.5834987,2.484,87.4,1.41,0.7862,11.8,1317.0,711.41,6517.0,4.241,1.375,0,FALSE POSITIVE,8056651
1.12401084,3.052,43.6,0.61,0.297,10.0,1719.0,2058.79,5941.0,4.519,0.911,0,FALSE POSITIVE,4665991
1.21374652,3.371,28.9,0.59,0.57,17.4,1880.0,2945.61,6238.0,4.407,1.049,0,FALSE POSITIVE,10191036
5.24970432,2.746,61.9,0.67,0.248,13.9,954.0,195.3,5528.0,4.499,0.853,1,CONFIRMED,8280511
45.4333769,6.351,905.8,2.23,0.959,18.1,315.0,2.34,4371.0,4.712,0.559,0,FALSE POSITIVE,10420301
56.6746666,5.516,883.1,4.01,0.626,22.7,522.0,17.59,5541.0,4.189,1.295,1,CONFIRMED,12156174
63.9005941,8.2789,17097.0,25.91,1.194,110.8,353.0,3.68,5204.0,4.63,0.634,0,FALSE POSITIVE,4634135
16.2951259,3.678,197.9,1.15,0.494,13.0,574.0,25.59,4915.0,4.512,0.812,1,CONFIRMED,4736644
18.173045009,10.9113,69911.3,24.39,0.674,1820.5,650.0,42.19,5799.0,4.548,0.86,0,FALSE POSITIVE,5876805
14.12678065,5.9303,7647.4,31.13,1.254,127.1,670.0,47.56,5656.0,4.583,0.784,0,FALSE POSITIVE,5818068
358.56462,11.64,170.2,0.99,0.4108,9.6,219.0,0.55,5375.0,4.531,0.752,0,FALSE POSITIVE,10139390
1.337561836,1.575,41.0,1.11,0.055,9.5,2322.0,6870.94,6406.0,4.056,1.715,0,FALSE POSITIVE,5273713
2.23755641,2.089,101.1,0.93,0.182,7.3,1397.0,897.8,6026.0,4.505,0.924,0,FALSE POSITIVE,3526331
1.035268597,0.5663,112.2,1.34,0.3845,15.1,2136.0,4922.79,6332.0,4.311,1.205,0,FALSE POSITIVE,11496490
359.3259,9.836,246.2,3.6,0.2279,13.5,410.0,6.69,6570.0,3.902,2.27,0,FALSE POSITIVE,1430305
0.566805268,3.721,35.7,0.65,0.069,12.5,2492.0,9052.02,6403.0,4.418,1.086,0,FALSE POSITIVE,7117549
12.27057043,3.002,295.5,1.67,0.026,18.7,811.0,102.25,6075.0,4.486,0.969,1,CONFIRMED,12055539
13.2274753,6.356,229.8,1.94,0.803,16.4,867.0,133.34,6269.0,4.405,1.155,1,CONFIRMED,12056139
0.559517155,0.596,57.9,1.04,0.328,12.7,2762.0,13839.66,6462.0,4.266,1.309,0,FALSE POSITIVE,4774646
29.47316279,6.4327,12568.5,48.98,1.362,179.3,565.0,24.07,5838.0,4.529,0.897,0,FALSE POSITIVE,10030778
0.580725004,2.071,105.2,0.85,0.137,18.0,1939.0,3355.68,5471.0,4.53,0.841,0,FALSE POSITIVE,7870282
1.94468659,18.22,455.5,69.59,1.1592,17.1,3334.0,29219.04,7894.0,3.644,3.521,0,FALSE POSITIVE,11153259
7.28116667,2.716,333.8,1.4,0.1,11.5,744.0,72.16,5008.0,4.572,0.788,1,CONFIRMED,9021075
383.10017,8.8,579.4,2.18,0.1365,10.0,248.0,0.9,6011.0,4.522,0.902,0,FALSE POSITIVE,5783938
0.605556082,1.2399,101.7,0.86,0.176,15.3,2120.0,4796.94,6123.0,4.556,0.846,0,FALSE POSITIVE,3445812
4.36125889,2.174,189.2,1.2,0.374,10.7,1000.0,236.01,5520.0,4.544,0.873,1,CONFIRMED,4473613
1.19087362,1.785,67.5,0.73,0.393,8.0,1489.0,1165.78,5158.0,4.464,0.888,0,FALSE POSITIVE,8960918
1.06484622,3.287,42.4,0.72,0.242,12.5,2034.0,4059.63,6445.0,4.417,1.087,0,FALSE POSITIVE,4647662
0.969824139,0.783,23.1,0.49,0.332,6.8,1839.0,2709.67,5780.0,4.438,1.0,0,FALSE POSITIVE,9822284
190.60563,14.33,153.6,1.6,0.0108,11.6,386.0,5.25,6200.0,4.214,1.287,0,FALSE POSITIVE,8940700
8.480305,6.19,304.2,1.33,0.766,11.5,661.0,45.21,4895.0,4.631,0.696,0,FALSE POSITIVE,9850966
410.11676,13.97,216.9,1.41,0.243,11.2,242.0,0.81,5587.0,4.372,0.965,0,FALSE POSITIVE,8747009
54.5091549,5.125,622.2,1.94,0.94,17.0,308.0,2.13,4406.0,4.67,0.603,1,CONFIRMED,8826007
14.1959621,3.605,196.2,1.66,0.786,14.1,818.0,105.7,6214.0,4.442,1.076,1,CONFIRMED,8620402
11.52482874,1.724,577.6,22.56,1.205,16.2,756.0,77.15,5592.0,4.472,0.892,0,FALSE POSITIVE,8379021
46.84008579,3.8198,6287.9,428.62,4.652,147.9,552.0,22.0,6006.0,4.33,1.055,0,FALSE POSITIVE,8104030
0.992798625,3.5065,582.5,29.26,1.219,79.1,1967.0,3519.47,6055.0,4.407,1.098,0,FALSE POSITIVE,5282477
186.72243,13.35,326.4,1.84,0.4736,11.5,329.0,2.77,6040.0,4.469,0.999,0,FALSE POSITIVE,6681546
118.4039,5.593,426.0,3.46,0.4062,4.4,517.0,16.83,6486.0,4.091,1.64,0,FALSE POSITIVE,6421137
182.281992,8.828,509.3,1.67,0.2425,8.7,280.0,1.46,5503.0,4.536,0.742,0,FALSE POSITIVE,9893278
10.0102876,5.33,127.1,0.69,0.5667,7.0,522.0,17.56,4214.0,4.65,0.601,0,FALSE POSITIVE,4548162
1.366964704,2.3181,59.7,0.79,0.517,3.3,1640.0,1705.64,5780.0,4.438,1.0,0,FALSE POSITIVE,7293937
0.77957913,2.457,70.4,0.71,0.183,11.1,1819.0,2585.39,5699.0,4.553,0.853,0,FALSE POSITIVE,8043721
0.544561598,1.6053,35.2,44.9,0.214,31.1,11804.0,4601339.96,3715.0,0.851,80.529,0,FALSE POSITIVE,7985733
17.4453133,5.14,327.7,5.38,0.23,12.2,1066.0,305.55,4927.0,3.417,3.04,0,FALSE POSITIVE,6522824
2.9788702,9.3,,,,,,,,,,0,FALSE POSITIVE,6802536
1.97515457,2.633,66.1,0.92,0.027,9.2,1504.0,1207.0,5571.0,4.31,1.145,0,FALSE POSITIVE,4750341
21.993112,8.616,1015.7,23.21,1.249,37.3,523.0,17.75,5205.0,4.604,0.747,0,FALSE POSITIVE,6612327
19.5489666,1.78,523.8,1.89,0.83,12.6,579.0,26.62,5549.0,4.6,0.732,1,CONFIRMED,7285757
27.6853358,4.661,1660.7,3.11,0.897,49.3,461.0,10.67,5216.0,4.673,0.639,0,FALSE POSITIVE,5211922
35.6225528,4.845,651.1,2.24,0.261,9.6,523.0,17.67,5799.0,4.539,0.878,1,CONFIRMED,5280587
7.1403113,5.891,112.1,1.18,0.786,11.8,1036.0,272.78,6354.0,4.454,1.016,0,FALSE POSITIVE,8129005
2.69487041,2.553,62.1,0.97,0.554,10.3,1440.0,1020.03,5823.0,4.283,1.187,0,FALSE POSITIVE,4840156
112.303136,5.869,502.1,1.3,0.248,13.1,241.0,0.79,4401.0,4.677,0.595,1,CONFIRMED,4138008
49.5387264,2.238,740.6,20.52,1.223,10.3,436.0,8.52,5683.0,4.605,0.747,0,FALSE POSITIVE,6468904
3.39155966,3.87,28.4,0.49,0.182,8.2,1183.0,462.47,5896.0,4.516,0.914,0,FALSE POSITIVE,5709906
1.33254897,3.083,591.7,32.84,0.241,16.2,4664.0,111977.04,4894.0,2.445,13.777,0,FALSE POSITIVE,9777556
18.2260472,3.664,361.1,1.85,0.378,10.0,648.0,41.67,5440.0,4.444,0.98,0,FALSE POSITIVE,10753922
0.630539713,1.7407,239.6,21.07,1.2,27.7,1936.0,3333.18,5458.0,4.482,0.894,0,FALSE POSITIVE,5980061
1.018347376,4.386,47.8,1.92,0.654,33.3,2832.0,15153.38,5858.0,3.729,2.638,0,FALSE POSITIVE,4059887
0.659299289,0.6908,1118.5,30.54,1.2873,108.6,1979.0,3623.47,5791.0,4.524,0.852,0,FALSE POSITIVE,8288741
101.97435125,2.34,,,,,,,,,,0,FALSE POSITIVE,6852354
4.45540935,4.14,,,,,,,,,,0,FALSE POSITIVE,5816811
37.32483952,6.9676,4989.2,30.32,1.263,155.6,461.0,10.67,5306.0,4.55,0.79,0,FALSE POSITIVE,5303346
25.951984,20.585,2340.2,36.8,1.266,131.4,626.0,36.39,5889.0,4.46,1.046,0,FALSE POSITIVE,3858879
42.9136635,5.227,160.6,3.19,0.403,18.2,810.0,101.56,6049.0,3.8,2.483,1,CONFIRMED,3120904
88.1804682,5.033,1138.6,2.78,0.026,17.5,359.0,3.94,5497.0,4.57,0.839,0,FALSE POSITIVE,3342467
177.668663,9.298,901.4,2.32,0.772,12.7,233.0,0.7,4721.0,4.615,0.701,1,CONFIRMED,11757451
0.98041685,0.919,105.7,0.75,0.446,8.8,1388.0,880.5,4861.0,4.572,0.722,0,FALSE POSITIVE,2711597
92.263742,8.605,296.9,2.22,0.273,12.2,469.0,11.42,6084.0,4.287,1.283,1,CONFIRMED,8047428
6.64754478,1.961,289.3,1.72,0.235,12.4,999.0,235.89,6046.0,4.478,1.007,1,CONFIRMED,11513486
1.23517588,5.476,232.9,1.59,0.625,19.3,1697.0,1955.7,5780.0,4.438,1.0,0,FALSE POSITIVE,4851283
0.416995408,0.8928,112.6,0.84,0.089,19.9,2433.0,8299.79,6150.0,4.498,0.781,0,FALSE POSITIVE,5024138
256.52387,9.07,126.1,1.33,0.1065,7.5,338.0,3.1,6348.0,4.323,1.18,0,FALSE POSITIVE,9086001
3.0001191,6.61,7.7,0.73,0.635,7.3,2566.0,10247.93,8431.0,3.97,2.485,0,FALSE POSITIVE,4927734
81.4160138,14.175,762.3,4.63,0.911,54.3,522.0,17.53,6352.0,4.267,1.401,1,CONFIRMED,11189311
8.5900471,3.463,137.0,0.8,0.098,9.6,677.0,49.76,4914.0,4.575,0.707,0,FALSE POSITIVE,10031918
357.82544,9.12,152.5,1.7,0.636,11.1,306.0,2.08,6131.0,4.248,1.312,0,FALSE POSITIVE,5276332
30.8278245,4.214,641.3,2.42,0.023,13.9,585.0,27.66,5982.0,4.493,0.96,1,CONFIRMED,3544640
47.1607932,4.003,723.2,2.58,0.028,13.6,503.0,15.07,5936.0,4.501,0.965,1,CONFIRMED,10653179
49.2768448,3.787,1132.9,1.75,0.022,17.8,271.0,1.28,3899.0,4.713,0.529,1,CONFIRMED,12066569
35.2330694,3.674,352.8,0.97,0.139,14.5,288.0,1.62,3749.0,4.743,0.524,1,CONFIRMED,6497146
45.3965379,3.826,1001.6,1.97,0.085,15.3,326.0,2.66,4266.0,4.626,0.643,0,FALSE POSITIVE,8625813
508.807642,4.495,2127.0,39.59,0.016,14.8,595.0,29.54,4893.0,2.454,8.811,0,FALSE POSITIVE,4651399
362.69427,9.7,439.9,3.54,0.0774,11.0,315.0,2.32,5288.0,3.898,1.719,0,FALSE POSITIVE,9953575
370.35639,12.75,732.2,2.82,0.414,13.0,268.0,1.21,6117.0,4.457,1.025,0,FALSE POSITIVE,7887890
0.729724346,2.699,23.0,0.51,0.523,14.3,2151.0,5081.58,6084.0,4.426,1.03,0,FALSE POSITIVE,4544628
0.821472455,2.433,127.1,0.92,0.2579,11.3,1559.0,1395.92,4889.0,4.503,0.836,0,FALSE POSITIVE,7052511
1.29019586,3.741,86.5,0.78,0.044,11.1,1530.0,1293.44,5693.0,4.558,0.842,0,FALSE POSITIVE,4764774
8.48032079,5.791,170.7,0.95,0.004,14.7,759.0,78.45,5415.0,4.556,0.728,0,FALSE POSITIVE,9910828
227.6258,9.47,131.0,1.79,0.2351,8.8,394.0,5.7,6240.0,4.103,1.549,0,FALSE POSITIVE,11867608
18.1373788,3.844,310.8,1.41,0.945,11.3,433.0,8.31,4257.0,4.648,0.602,1,CONFIRMED,8016691
51.1104797,7.712,330.0,1.6,0.029,21.9,478.0,12.38,5968.0,4.534,0.881,1,CONFIRMED,6584273
47.9869119,5.342,859.3,3.35,0.873,25.7,493.0,14.01,5641.0,4.408,0.981,1,CONFIRMED,5768816
359.047933,16.637,5622.7,7.76,0.002,91.1,260.0,1.08,5609.0,4.346,1.048,0,FALSE POSITIVE,3644071
29.8042694,3.107,1046.5,24.73,1.237,17.9,505.0,15.34,5223.0,4.488,0.827,0,FALSE POSITIVE,5360974
1.003049079,7.9657,219273.0,42.5,0.568,1766.7,1714.0,2049.63,5775.0,4.518,0.844,0,FALSE POSITIVE,4670267
0.933157032,2.614,87.8,7.29,1.046,15.2,2202.0,5565.35,6499.0,4.378,1.169,0,FALSE POSITIVE,7435780
37.1083458,4.112,366.5,1.71,0.612,7.9,492.0,13.84,5591.0,4.559,0.86,0,FALSE POSITIVE,8938937
1.02104719,6.39,246.1,13.68,1.0867,18.5,2129.0,4852.49,6444.0,4.376,1.2,0,FALSE POSITIVE,10556180
12.083457,3.536,312.5,2.09,0.1069,8.6,932.0,178.53,6422.0,4.364,1.175,0,FALSE POSITIVE,12401132
401.5907,14.77,115.0,1.01,0.1752,11.9,256.0,1.02,6170.0,4.482,0.939,0,FALSE POSITIVE,8308070
53.912783631,44.0504,216.7,4.25,0.984,56.4,697.0,55.85,6085.0,3.917,2.02,0,FALSE POSITIVE,6956136
1.23142395,2.186,19.6,0.77,0.187,10.8,2317.0,6786.33,6011.0,3.971,1.73,0,FALSE POSITIVE,10661917
386.828262,5.045,1024.9,6.54,0.953,19.7,340.0,3.15,6384.0,4.107,1.615,0,FALSE POSITIVE,7799701
15.8733803,7.4672,4094.1,8.15,0.919,136.5,830.0,111.99,6161.0,4.276,1.054,0,FALSE POSITIVE,6233483
42.3991752,7.251,484.0,3.23,0.965,36.9,580.0,26.75,6133.0,4.37,1.121,0,FALSE POSITIVE,5392871
25.95198823,14.602,5103.3,39.94,1.269,125.0,680.0,50.51,6363.0,4.444,1.035,0,FALSE POSITIVE,3858851
25.9522401,20.813,2896.9,42.91,1.375,90.5,572.0,25.35,5659.0,4.528,0.904,0,FALSE POSITIVE,3858917
14.12809896,2.326,263.1,1.6,0.046,20.3,781.0,87.8,6072.0,4.47,0.988,0,FALSE POSITIVE,4466356
13.6917833,4.198,145.4,1.12,0.142,14.2,770.0,83.37,5906.0,4.433,0.931,0,FALSE POSITIVE,9474232
25.95633,26.34,158.2,9.75,1.088,11.9,618.0,34.42,6139.0,4.53,0.881,0,FALSE POSITIVE,3859151
0.572937573,2.576,80.8,1.57,0.7866,32.0,3271.0,27058.33,7338.0,4.225,1.593,0,FALSE POSITIVE,11456279
14.15849823,46.356,347.3,90.09,1.204,225.1,1910.0,3145.0,8753.0,3.668,3.746,0,FALSE POSITIVE,5398002
207.471349,7.469,229.2,1.57,0.3093,8.0,316.0,2.37,5731.0,4.359,1.033,0,FALSE POSITIVE,6680911
12.3748247,90.01,390.9,81.01,1.185,85.7,1253.0,583.24,5165.0,3.491,3.598,0,FALSE POSITIVE,10356124
14.541781166,9.1151,143645.0,2722.92,22.28,768.9,834.0,114.56,5997.0,4.304,1.148,0,FALSE POSITIVE,6286161
12.4261177,28.5357,1230.4,3.8,0.945,89.9,724.0,64.95,5713.0,4.554,0.851,0,FALSE POSITIVE,5385471
21.1876185,3.69,71.7,0.79,0.777,8.5,676.0,49.23,6355.0,4.547,0.849,1,CONFIRMED,6368175
12.42560404,23.9402,458.9,2.52,0.96,40.8,733.0,68.44,5713.0,4.541,0.893,0,FALSE POSITIVE,5471158
30.9604688,14.992,460.9,89.18,1.208,27.1,1064.0,303.13,5367.0,3.216,3.558,0,FALSE POSITIVE,4847843
1.041619932,8.1218,1840.5,30.94,1.237,374.1,1858.0,2828.16,5838.0,4.374,0.991,0,FALSE POSITIVE,5120225
2.544594443,3.21373,348777.0,109.72,0.558,608.9,1608.0,1582.68,5503.0,4.033,1.616,0,FALSE POSITIVE,9656543
56.40651043,18.4332,102294.0,21.93,0.625,1597.3,358.0,3.87,5011.0,4.617,0.647,0,FALSE POSITIVE,10751515
7.964400574,4.4761,190903.0,61.54,1.121,879.2,633.0,38.09,4478.0,4.578,0.715,0,FALSE POSITIVE,3348093
6.399101307,4.7439,83326.0,51.77,1.039,154.4,1042.0,279.38,6233.0,4.472,0.988,0,FALSE POSITIVE,6182846
34.9168399,7.343,500.0,2.39,0.026,15.4,602.0,31.13,6194.0,4.445,1.069,1,CONFIRMED,4939346
0.56678228,4.725,146.8,0.88,0.153,15.1,1661.0,1814.33,4796.0,4.56,0.749,0,FALSE POSITIVE,6442602
8.480303653,7.48907,81427.9,22.25,0.195,301.4,762.0,79.65,5385.0,4.565,0.787,0,FALSE POSITIVE,9851126
22.1270885,4.472,418.2,3.94,0.956,12.6,721.0,63.98,5312.0,4.103,1.445,1,CONFIRMED,11455428
10.6784787,2.307,201.0,1.12,0.271,9.4,712.0,60.7,5459.0,4.583,0.797,0,FALSE POSITIVE,10484409
42.559265547,3.36626,207990.0,51.86,0.775,950.0,487.0,13.28,5764.0,4.548,0.863,0,FALSE POSITIVE,5796185
24.2157996,4.359,322.2,1.58,0.207,13.6,596.0,29.84,5659.0,4.473,0.885,0,FALSE POSITIVE,3945802
44.2018402,4.949,235.6,1.14,0.348,18.6,409.0,6.59,5002.0,4.543,0.753,1,CONFIRMED,6265665
15.0330623,6.326,132.2,2.18,0.896,14.9,928.0,175.74,5849.0,4.076,1.601,1,CONFIRMED,4645174
12.62530918,3.163,39413.0,87.2,1.151,32.5,1214.0,514.08,6878.0,4.012,1.844,0,FALSE POSITIVE,8719419
124.93576738,7.5608,240899.0,49.34,0.542,332.8,362.0,4.06,5887.0,4.477,0.941,0,FALSE POSITIVE,9028474
12.720298433,2.4599,283.6,1.37,0.805,12.7,589.0,28.37,4914.0,4.61,0.724,0,FALSE POSITIVE,4349442
119.67980316,32.1928,299046.0,193.91,0.527,5357.7,847.0,121.45,8275.0,3.726,3.251,0,FALSE POSITIVE,3644542
6.399107136,5.21981,376769.0,59.15,0.245,4322.4,1031.0,266.9,6133.0,4.435,0.935,0,FALSE POSITIVE,6182849
8.480304281,7.46159,83114.6,65.0,0.235,5219.5,1504.0,1210.22,7059.0,3.946,2.21,0,FALSE POSITIVE,9851142
117.6813778,12.7591,45362.0,45.43,0.433,2426.9,575.0,25.76,6429.0,3.899,2.079,0,FALSE POSITIVE,3442054
17.72722648,4.1376,147144.0,35.18,0.381,922.1,692.0,54.32,6021.0,4.52,0.895,0,FALSE POSITIVE,4079530
1.71024931,2.833,98.6,1.2,0.508,9.4,1766.0,2298.2,6418.0,4.395,1.171,0,FALSE POSITIVE,6445531
100.40132734,9.7436,53781.9,26.0,0.436,1331.0,420.0,7.37,5903.0,4.353,1.1,0,FALSE POSITIVE,10677186
11.320287875,4.82219,243413.0,59.23,0.526,1539.9,928.0,175.69,6153.0,4.302,1.127,0,FALSE POSITIVE,9025914
1.219034103,2.4494,95697.0,40.46,0.455,319.1,1977.0,3621.09,5914.0,4.217,1.271,0,FALSE POSITIVE,9366988
5.94228603,2.169,250.0,1.23,0.097,7.5,797.0,95.34,4891.0,4.516,0.805,1,CONFIRMED,11657614
26.7575866,5.858,455.3,2.28,0.407,17.7,660.0,44.86,6215.0,4.44,1.052,1,CONFIRMED,9785921
57.0599992,7.463,66168.0,22.31,0.194,751.5,455.0,10.11,5931.0,4.545,0.863,0,FALSE POSITIVE,3102000
14.5565618,4.554,103.8,1.08,0.031,17.1,787.0,90.4,6065.0,4.452,1.061,1,CONFIRMED,6599975
0.837898153,2.104,268.9,1.26,0.071,13.9,1478.0,1128.57,4748.0,4.526,0.797,0,FALSE POSITIVE,8266276
0.603086711,1.0869,1242.8,36.0,1.251,170.0,2459.0,8675.9,6353.0,4.397,1.134,0,FALSE POSITIVE,5887316
41.7084063,8.567,330.0,2.19,0.671,24.3,608.0,32.24,6434.0,4.394,1.138,1,CONFIRMED,4282191
33.0257179,6.032,507.1,2.21,0.044,12.2,564.0,23.95,5819.0,4.468,0.99,1,CONFIRMED,3559860
25.366990665,5.9556,150581.0,56.02,0.86,2206.5,665.0,46.09,6208.0,4.454,1.024,0,FALSE POSITIVE,10651945
428.32173928,40.5992,316995.0,49.76,0.531,4594.8,220.0,0.56,5662.0,4.532,0.806,0,FALSE POSITIVE,7117003
82.137609997,6.11904,210772.0,197.85,1.221,3583.1,640.0,39.55,6395.0,3.904,2.012,0,FALSE POSITIVE,3240159
3.06026014,2.545,59.9,0.83,0.675,10.1,1284.0,642.06,5878.0,4.426,1.01,0,FALSE POSITIVE,6147851
24.0612744,19.9438,440146.0,83.77,0.461,1161.1,749.0,74.37,6461.0,4.338,1.138,0,FALSE POSITIVE,9658118
66.36099916,20.0614,416737.0,61.42,0.486,1866.7,420.0,7.33,5583.0,4.463,0.857,0,FALSE POSITIVE,7132542
8.939461148,6.19136,357832.0,153.32,0.558,2427.5,1407.0,926.24,6461.0,3.846,2.225,0,FALSE POSITIVE,8589754
135.58607679,5.54241,363134.0,89.83,0.549,6788.8,429.0,7.99,6401.0,4.324,1.301,0,FALSE POSITIVE,3757590
18.79862195,7.4782,380204.0,55.07,0.524,551.3,575.0,25.91,5334.0,4.585,0.796,0,FALSE POSITIVE,2437149
6.30828538,2.48633,113526.0,29.34,0.69,559.2,803.0,98.21,5069.0,4.524,0.78,0,FALSE POSITIVE,9715925
4.80912667,7.9331,134093.0,44.3,0.471,1033.2,1270.0,615.74,6462.0,4.371,1.166,0,FALSE POSITIVE,9529733
2.33211505,2.96723,105949.0,140.22,1.747,997.8,1594.0,1530.05,6384.0,4.348,1.094,0,FALSE POSITIVE,9613070
0.53835407,1.5045,190.2,1.67,0.334,46.6,2386.0,7609.22,5539.0,4.244,1.207,1,CONFIRMED,9967771
249.36211832,8.3559,35830.4,48.69,1.17,846.1,308.0,2.14,5940.0,4.352,1.02,0,FALSE POSITIVE,10845188
0.664727127,1.561,16.2,0.46,0.382,7.6,2343.0,7149.67,6143.0,4.344,1.116,0,FALSE POSITIVE,5709103
9.5084871,4.372,97.9,1.65,0.143,13.3,1131.0,386.61,6144.0,4.106,1.668,1,CONFIRMED,6705026
47.0563327,4.807,762.0,2.57,0.361,12.1,497.0,14.43,5889.0,4.492,0.924,1,CONFIRMED,6779726
179.85022331,2.95,,,,,,,,,,0,FALSE POSITIVE,3098843
96.169569,7.496,894.5,2.07,0.049,20.0,321.0,2.52,5340.0,4.633,0.702,1,CONFIRMED,7288306
1.55090374,3.028,11.3,1.11,0.817,11.8,3190.0,24453.38,7612.0,3.787,2.968,0,FALSE POSITIVE,5887393
82.303914,15.404,737.0,4.47,0.859,22.3,485.0,13.05,5602.0,4.13,1.425,1,CONFIRMED,11860395
131.97827736,7.14981,345935.0,147.83,0.58,3766.3,457.0,10.32,4916.0,3.717,2.182,0,FALSE POSITIVE,5456023
0.789171236,1.734,73.4,0.69,0.417,9.0,1527.0,1291.41,4776.0,4.516,0.811,0,FALSE POSITIVE,6187888
17.9346606,6.25,142.7,2.8,0.976,18.8,1002.0,238.78,6426.0,4.013,1.775,1,CONFIRMED,9529744
241.07074582,9.88863,70291.7,76.53,0.418,4257.4,699.0,56.58,9414.0,3.883,2.777,0,FALSE POSITIVE,12021387
106.17593813,10.4168,164738.0,54.91,0.718,7056.8,441.0,8.94,6038.0,4.254,1.141,0,FALSE POSITIVE,8044608
184.6467208,18.9869,410274.0,72.8,0.492,1113.2,320.0,2.49,5713.0,4.414,1.023,0,FALSE POSITIVE,8760135
6.282033445,8.3777,181787.0,144.85,1.777,1178.0,1029.0,264.78,6074.0,4.45,0.976,0,FALSE POSITIVE,4073707
5.519188936,7.1351,217073.0,43.06,0.459,2270.6,932.0,178.7,5324.0,4.439,0.897,0,FALSE POSITIVE,5730394
4.818863794,6.2625,65936.5,51.32,0.486,2048.7,1595.0,1529.01,6313.0,3.936,1.935,0,FALSE POSITIVE,6956216
178.26802035,5.86461,45753.9,34.07,1.135,961.4,256.0,1.02,5126.0,4.578,0.696,0,FALSE POSITIVE,6137704
2.181555909,4.41739,85406.9,91.3,1.261,1548.2,1730.0,2119.28,6584.0,4.331,1.246,0,FALSE POSITIVE,10275074
0.895276162,3.0518,319082.0,172.25,0.618,932.1,2731.0,13121.22,5242.0,3.631,2.55,0,FALSE POSITIVE,9110346
244.83274973,4.37001,40206.0,38.3,1.047,733.5,307.0,2.09,6105.0,4.443,0.993,0,FALSE POSITIVE,10259301
30.4544418,6.896,472.1,2.6,0.929,17.3,624.0,35.92,6283.0,4.472,0.984,1,CONFIRMED,2995392
10.26558924,3.879,254.6,1.65,0.663,18.8,828.0,111.18,5774.0,4.458,0.98,0,FALSE POSITIVE,3120308
18.9257333,6.149,188.5,16.74,1.155,16.2,639.0,39.47,5455.0,4.421,0.909,0,FALSE POSITIVE,9991621
37.8862977,5.218,672.2,2.09,0.026,14.4,479.0,12.46,5513.0,4.551,0.818,1,CONFIRMED,8078502
11.9615433,3.129,424.5,2.24,0.576,12.4,847.0,121.71,6142.0,4.456,1.046,0,FALSE POSITIVE,2852528
0.56683399,0.75,,,,,,,,,,0,FALSE POSITIVE,7032421
62.127677128,5.25005,37430.2,38.61,1.158,990.3,402.0,6.15,5344.0,4.494,0.807,0,FALSE POSITIVE,10798838
31.9730649,8.872,158.6,1.09,0.716,15.6,530.0,18.59,5811.0,4.571,0.811,0,FALSE POSITIVE,8560940
143.1188694,16.8109,255714.0,53.3,0.703,1638.0,321.0,2.5,5713.0,4.554,0.851,0,FALSE POSITIVE,10292238
76.81985465,5.16249,229165.0,46.61,0.728,2314.5,379.0,4.88,5654.0,4.59,0.774,0,FALSE POSITIVE,8733497
165.40574995,13.6363,66402.0,112.86,1.091,4958.6,514.0,16.56,6061.0,3.759,2.185,0,FALSE POSITIVE,4255422
71.661915163,6.33708,323613.0,55.04,0.612,1804.1,365.0,4.18,5075.0,4.497,0.824,0,FALSE POSITIVE,9837544
9.44942685,6.40303,488997.0,68.38,0.395,1246.3,813.0,103.29,5754.0,4.534,0.905,0,FALSE POSITIVE,7877824
0.715802309,1.5586,2208.6,25.52,1.251,137.7,1656.0,1787.96,5239.0,4.6,0.757,0,FALSE POSITIVE,6469946
70.58284717,8.81169,150931.0,50.88,0.882,2424.0,435.0,8.45,5973.0,4.516,0.904,0,FALSE POSITIVE,6947164
2.995357359,6.57901,172404.0,112.12,0.843,1467.6,1791.0,2437.81,5949.0,3.892,1.94,0,FALSE POSITIVE,6233903
3.840485025,2.8592,31353.0,39.38,1.189,259.4,1077.0,318.66,5731.0,4.532,0.823,0,FALSE POSITIVE,7212066
1.92027188,2.65,,,,,,,,,,0,FALSE POSITIVE,7212066
10.443341795,3.94077,145294.0,44.35,0.707,842.1,892.0,149.21,6137.0,4.421,1.005,0,FALSE POSITIVE,6675060
4.75307877,2.35,933.0,505.94,0.019,6.4,7040.0,580415.2,3486.0,0.5,180.013,0,FALSE POSITIVE,5716508
19.515013291,4.59379,256442.0,53.03,0.692,1018.8,588.0,28.31,5349.0,4.531,0.851,0,FALSE POSITIVE,10518735
1.772451066,2.4592,79.2,1.02,0.006,22.4,1685.0,1904.34,6243.0,4.406,1.149,1,CONFIRMED,6975129
19.9158863,6.191,143.2,1.41,0.748,28.3,728.0,66.31,6047.0,4.387,1.092,1,CONFIRMED,8644365
54.061328105,4.48223,79684.0,88.28,1.336,1012.2,514.0,16.51,5786.0,4.318,1.112,0,FALSE POSITIVE,9489947
34.525990182,4.47294,67161.4,54.35,1.087,1008.1,607.0,32.12,6123.0,4.396,1.049,0,FALSE POSITIVE,6960487
14.2821417,2.068,224.9,1.08,0.012,8.7,625.0,36.03,5374.0,4.588,0.726,0,FALSE POSITIVE,6309264
18.64532882,3.63893,433815.0,61.81,0.454,1256.8,656.0,43.71,5931.0,4.554,0.845,0,FALSE POSITIVE,7021177
20.882125422,8.03365,233450.0,66.27,0.743,3506.5,737.0,69.67,6335.0,4.427,1.072,0,FALSE POSITIVE,7122259
30.8609783,4.216,128.9,1.08,0.852,17.8,525.0,17.96,5627.0,4.552,0.833,1,CONFIRMED,6364582
3.652810043,1.5132,119.4,0.89,0.086,6.0,1015.0,250.33,5213.0,4.489,0.831,0,FALSE POSITIVE,6190535
15.65134872,4.1553,3104.0,118.33,1.267,81.6,1396.0,898.69,6552.0,3.586,3.289,0,FALSE POSITIVE,9834257
8.37159554,5.252,98.0,2.39,0.983,16.6,1292.0,659.25,6426.0,4.013,1.775,1,CONFIRMED,9529744
286.1755875,16.1025,328544.0,63.23,0.598,765.3,276.0,1.38,5904.0,4.471,0.946,0,FALSE POSITIVE,10748621
152.15144795,26.8612,151815.0,53.89,0.857,2163.4,362.0,4.04,6217.0,4.472,0.989,0,FALSE POSITIVE,4824268
0.542636318,1.2536,74.6,1.39,0.056,17.3,2659.0,11844.28,5277.0,3.96,1.633,0,FALSE POSITIVE,6527016
29.911334059,7.26916,354377.0,47.83,0.559,1349.8,471.0,11.68,5303.0,4.632,0.704,0,FALSE POSITIVE,6431670
5.877122485,4.71655,362900.0,125.68,0.547,1210.8,1402.0,913.57,5702.0,3.807,1.821,0,FALSE POSITIVE,7376500
10.636305846,5.17212,216063.0,64.91,0.398,1419.0,1110.0,358.62,6781.0,4.221,1.345,0,FALSE POSITIVE,9636559
2.1032389,6.4774,24852.5,36.63,1.209,625.1,1238.0,555.0,5546.0,4.587,0.786,0,FALSE POSITIVE,8095110
46.698200933,3.57049,54592.5,38.79,1.131,879.0,468.0,11.31,5772.0,4.518,0.756,0,FALSE POSITIVE,11499263
15.99560373,3.471,221.7,1.04,0.088,20.0,550.0,21.54,4955.0,4.61,0.721,1,CONFIRMED,10328393
4.39451798,2.9527,223616.0,65.76,1.566,249.5,554.0,22.27,3695.0,4.773,0.483,0,FALSE POSITIVE,9775253
25.9518795,21.569,1312.3,35.1,1.259,63.7,645.0,41.0,5753.0,4.335,1.078,0,FALSE POSITIVE,3858988
56.048096688,4.04427,53725.8,42.62,1.161,1003.7,400.0,6.06,5222.0,4.518,0.78,0,FALSE POSITIVE,10798605
2.25161215,2.1,23.9,1.14,0.647,9.2,2934.0,17529.42,9464.0,4.116,2.184,0,FALSE POSITIVE,5895083
50.35545898,5.51863,107138.0,31.66,0.159,1219.4,492.0,13.81,5936.0,4.501,0.965,0,FALSE POSITIVE,9714123
14.0328775,6.684,210.9,1.45,0.044,11.8,783.0,88.83,6063.0,4.47,1.001,1,CONFIRMED,6118370
13.2226149,4.337,261.7,1.75,0.943,12.6,740.0,71.11,5931.0,4.545,0.863,1,CONFIRMED,2717158
3.54828691,3.281,70.9,1.69,0.036,9.9,1795.0,2458.09,6573.0,4.01,1.987,0,FALSE POSITIVE,6198256
18.79852,4.795,487.4,2.04,0.936,11.2,509.0,15.82,4808.0,4.589,0.715,0,FALSE POSITIVE,2437112
156.51657398,12.2259,113337.0,61.44,0.995,2016.1,367.0,4.31,6002.0,4.354,1.084,0,FALSE POSITIVE,7987086
1.366946478,3.37701,158643.0,43.45,0.869,796.5,1403.0,910.99,5353.0,4.527,0.757,0,FALSE POSITIVE,7374746
313.09275066,14.3447,445612.0,47.52,0.395,1952.3,207.0,0.44,5067.0,4.596,0.673,0,FALSE POSITIVE,8668810
0.566813677,2.458,61.2,0.77,0.449,11.5,2269.0,6276.41,6106.0,4.487,0.966,0,FALSE POSITIVE,6519865
157.32263943,21.9232,153932.0,56.66,0.888,1386.8,351.0,3.61,6109.0,4.472,0.989,0,FALSE POSITIVE,8868907
9.53040216,5.95809,321541.0,60.49,0.6046,185.6,805.0,99.43,5501.0,4.438,0.912,0,FALSE POSITIVE,3865298
4.218512654,3.62939,23416.8,16.67,0.767,699.9,1189.0,472.03,6185.0,4.472,0.991,0,FALSE POSITIVE,10091110
8.529991199,3.9954,20083.7,44.86,1.225,389.8,940.0,184.92,6185.0,4.472,0.991,0,FALSE POSITIVE,10091110
3.47140045,1.55,,,,,,493.28,,,,0,FALSE POSITIVE,3542574
1.922862476,3.4594,101272.0,70.65,1.001,362.1,1827.0,2631.95,6408.0,4.246,1.303,0,FALSE POSITIVE,3544694
16.00747237,1.267,277.6,2.99,0.975,14.7,838.0,116.46,5857.0,4.204,1.305,1,CONFIRMED,11521793
54.6493679,7.962,432.5,2.64,0.018,15.1,538.0,19.86,5751.0,4.234,1.282,1,CONFIRMED,9085563
100.8276725,8.39,1778.8,4.35,0.676,36.7,364.0,4.16,5301.0,4.391,0.977,1,CONFIRMED,11337372
0.905675699,1.701,73.2,0.77,0.008,10.2,1780.0,2374.98,5730.0,4.518,0.903,0,FALSE POSITIVE,5952448
15.9750417,3.549,643.5,90.37,1.211,37.5,1143.0,403.2,5220.0,3.52,3.456,0,FALSE POSITIVE,11874338
16.0505464,3.171,94.4,0.81,0.135,14.6,630.0,37.12,5428.0,4.563,0.853,1,CONFIRMED,9763612
0.805267592,0.887,146.6,1.35,0.082,9.8,2165.0,5216.79,6268.0,4.429,1.1,0,FALSE POSITIVE,6199716
11.082622625,6.62584,268725.0,48.38,0.207,1725.6,793.0,93.67,5831.0,4.503,0.922,0,FALSE POSITIVE,9468384
421.42848194,8.60447,96654.3,54.16,0.356,3162.0,335.0,2.97,6235.0,4.034,1.708,0,FALSE POSITIVE,8868364
1.096587245,3.0287,541.2,168.68,2.623,67.1,1726.0,2096.5,5869.0,4.513,0.942,0,FALSE POSITIVE,10092312
3.012476415,3.31903,198402.0,58.77,0.708,2060.3,1388.0,879.89,6015.0,4.329,1.088,0,FALSE POSITIVE,3964545
204.74104758,20.5357,333804.0,97.39,0.596,2000.2,404.0,6.3,6517.0,4.211,1.44,0,FALSE POSITIVE,9656397
0.759740194,3.252,42.5,0.67,0.497,13.7,2059.0,4245.86,6046.0,4.478,1.007,0,FALSE POSITIVE,5444491
4.664186517,4.0639,555376.0,278.81,0.29,445.7,1683.0,1896.44,5062.0,3.515,3.579,0,FALSE POSITIVE,3735629
1.092066399,2.97608,401890.0,40.74,0.488,1160.6,1164.0,432.44,4556.0,4.67,0.576,0,FALSE POSITIVE,8244173
3.053578643,3.22884,52879.9,35.35,1.11,661.4,1035.0,271.46,5414.0,4.625,0.714,0,FALSE POSITIVE,6546508
2.992662857,2.5258,113705.0,60.35,0.001,296.8,1476.0,1123.54,4927.0,3.883,1.837,0,FALSE POSITIVE,9886224
4.664188563,3.773,11360.5,52.09,1.254,272.6,1221.0,525.46,5699.0,4.192,1.215,0,FALSE POSITIVE,3735634
0.954873008,1.0613,33.0,0.81,0.578,1.5,2325.0,6913.47,6092.0,4.114,1.363,0,FALSE POSITIVE,5730380
0.56493412,2.57621,252639.0,33.4,0.691,1361.5,1458.0,1071.88,4748.0,4.729,0.534,0,FALSE POSITIVE,6058875
1.674984844,4.92134,234579.0,150.48,0.731,858.8,3055.0,20561.29,8285.0,3.971,2.451,0,FALSE POSITIVE,10735564
7.31945294,4.881,166.8,5.05,0.112,16.3,1682.0,1891.07,5745.0,3.499,3.955,1,CONFIRMED,3561464
35.8007112,8.219,417.4,7.97,0.043,25.0,991.0,227.68,5745.0,3.499,3.955,1,CONFIRMED,3561464
0.790049989,2.794,70.8,0.67,0.185,12.3,1724.0,2082.67,5427.0,4.53,0.808,0,FALSE POSITIVE,5962509
14.15402615,4.115,21653.0,29.61,1.199,23.9,495.0,14.25,4352.0,4.61,0.661,0,FALSE POSITIVE,6359802
33.93754213,11.1677,32990.3,138.25,1.979,1112.0,618.0,34.42,6220.0,4.414,1.066,0,FALSE POSITIVE,7121885
20.7057153,9.678,115.9,3.22,0.922,13.5,967.0,206.73,5668.0,3.792,2.437,1,CONFIRMED,5213404
3.7228679,9.557,52.1,0.74,0.8,9.8,1182.0,461.27,6046.0,4.509,0.927,0,FALSE POSITIVE,6205566
58.0198583,5.348,1286.6,3.46,0.951,66.0,354.0,3.7,4920.0,4.62,0.72,1,CONFIRMED,11551692
4.286103033,2.6422,173359.0,25.8,0.544,397.1,686.0,52.42,4206.0,4.663,0.591,0,FALSE POSITIVE,7287391
290.7778719,12.0525,225767.0,45.27,0.761,1836.8,222.0,0.58,5207.0,4.585,0.734,0,FALSE POSITIVE,6756202
5.017239915,4.36126,144642.0,41.75,0.191,970.9,1229.0,538.77,6519.0,4.41,1.079,0,FALSE POSITIVE,10215869
0.937923475,3.164,40.4,0.52,0.515,12.0,1588.0,1503.05,5398.0,4.58,0.805,0,FALSE POSITIVE,5456319
204.0329342,17.5623,411374.0,57.35,0.49,884.9,272.0,1.29,5553.0,4.577,0.806,0,FALSE POSITIVE,2307206
2.148219541,2.94091,457844.0,49.6,0.424,619.8,1009.0,244.99,4694.0,4.6,0.672,0,FALSE POSITIVE,7025540
58.621578824,8.52961,142951.0,40.43,0.896,1887.7,385.0,5.19,5232.0,4.554,0.725,0,FALSE POSITIVE,7620844
3.125821128,2.2163,5025.4,110.58,1.269,245.2,2087.0,4481.76,6137.0,3.705,2.852,0,FALSE POSITIVE,6677267
1.032068851,2.1344,121993.0,44.35,1.014,140.0,1221.0,523.01,4387.0,4.587,0.711,0,FALSE POSITIVE,7732791
6.6751871,2.372,178.3,1.09,0.251,7.0,890.0,148.28,5774.0,4.567,0.818,0,FALSE POSITIVE,5736801
1.450205839,3.6373,25883.7,92.78,1.236,419.0,2675.0,12063.44,7564.0,4.093,1.893,0,FALSE POSITIVE,8177798
3.224486463,4.61686,403734.0,79.08,0.421,1905.1,1456.0,1060.42,6389.0,4.331,1.16,0,FALSE POSITIVE,10489521
44.14579777,4.088,224228.0,62.24,0.864,434.9,504.0,15.25,5876.0,4.492,0.896,0,FALSE POSITIVE,12643582
33.3239576,37.217,2012.1,2.55,0.47,173.7,416.0,7.06,5192.0,4.707,0.555,0,FALSE POSITIVE,9328641
0.94102954,4.415,34.5,1.41,0.119,13.3,2761.0,13794.93,5766.0,3.783,2.409,0,FALSE POSITIVE,5991070
1.992812339,2.066,314.8,6.81,1.127,16.8,675.0,48.82,3638.0,4.844,0.42,1,CONFIRMED,5531953
36.514374043,6.48255,111620.0,33.27,0.133,1701.1,546.0,21.08,5811.0,4.465,1.0,0,FALSE POSITIVE,3757778
39.818832,10.757,199.1,2.23,0.6,29.4,650.0,42.32,5710.0,4.073,1.524,1,CONFIRMED,11754430
25.4337864,6.514,302.0,2.0,0.232,14.3,667.0,46.8,5806.0,4.321,1.158,1,CONFIRMED,9995771
67.451045,8.9387,7062.8,36.7,1.01,205.4,562.0,23.61,4847.0,3.726,2.191,0,FALSE POSITIVE,11875511
52.6095103,8.202,203.7,1.83,0.102,15.3,553.0,22.13,5881.0,4.259,1.294,1,CONFIRMED,5213230
198.7106251,8.638,2094.8,3.56,0.026,62.1,258.0,1.05,5180.0,4.548,0.8,1,CONFIRMED,3326377
15.873380595,8.0429,208362.0,630.53,3.454,978.2,962.0,202.23,5622.0,3.907,1.895,0,FALSE POSITIVE,6233466
65.583665567,5.01216,242398.0,41.22,0.72,1649.5,371.0,4.5,5516.0,4.65,0.666,0,FALSE POSITIVE,11249624
394.67816267,6.05443,253376.0,52.16,0.708,1500.7,235.0,0.72,5780.0,4.505,0.83,0,FALSE POSITIVE,6426592
111.31980522,23.0078,62704.9,63.68,0.234,3433.7,539.0,20.01,5022.0,3.562,2.58,0,FALSE POSITIVE,8491745
110.29512684,16.5339,176336.0,37.88,0.248,2084.3,362.0,4.06,5753.0,4.503,0.895,0,FALSE POSITIVE,3970117
95.178317934,3.60125,128575.0,28.75,0.761,2279.1,272.0,1.29,4523.0,4.615,0.653,0,FALSE POSITIVE,11147814
31.2543238,5.662,438.0,2.29,0.019,14.7,635.0,38.54,6246.0,4.433,1.092,1,CONFIRMED,10922659
61.4911479,9.745,58702.9,22.76,0.681,1421.7,438.0,8.7,5830.0,4.54,0.876,0,FALSE POSITIVE,8892720
110.2867031,4.427,145.3,1.41,0.675,16.4,414.0,6.96,5931.0,4.322,1.101,1,CONFIRMED,6021275
11.8061737,4.472,88.1,2.87,0.905,10.1,1407.0,926.72,6900.0,3.843,2.599,1,CONFIRMED,7869917
6.15828666,6.329,57.7,1.2,0.595,16.4,1212.0,510.35,5710.0,4.073,1.524,1,CONFIRMED,11754430
10.828825742,0.7275,92.1,0.76,0.137,4.8,758.0,78.3,5862.0,4.584,0.785,0,FALSE POSITIVE,6032920
82.292865,7.048,371.1,1.82,0.195,13.0,400.0,6.07,5626.0,4.467,0.957,1,CONFIRMED,8409295
92.436978,6.432,955.2,2.89,0.943,17.8,348.0,3.46,5595.0,4.606,0.741,1,CONFIRMED,7131760
11.08260553,6.23,601.2,7.34,0.966,51.3,1108.0,355.64,5125.0,3.674,2.196,0,FALSE POSITIVE,9468382
22.7832776,4.194,120.2,1.33,0.626,18.2,759.0,78.41,6517.0,4.382,1.159,0,FALSE POSITIVE,6145201
23.737952838,8.50818,95883.6,53.27,1.004,1221.2,620.0,34.94,5559.0,4.394,1.0,0,FALSE POSITIVE,5986209
21.4618453,5.675,122.2,19.89,1.139,13.4,722.0,64.17,5806.0,4.283,1.213,0,FALSE POSITIVE,9226339
75.13194883,20.8729,122372.0,26.21,0.487,3625.5,359.0,3.94,5365.0,4.586,0.729,0,FALSE POSITIVE,6525209
243.82122131,10.9312,56799.3,56.63,1.029,2804.3,365.0,4.18,6370.0,4.228,1.316,0,FALSE POSITIVE,5534965
0.77459856,2.71,,,,,,,,,,0,FALSE POSITIVE,5512513
16.227548674,5.08666,192688.0,46.52,0.795,1870.0,599.0,30.52,5297.0,4.587,0.795,0,FALSE POSITIVE,9965206
47.189437,11.555,370871.0,66.71,0.5357,804.0,484.0,13.01,5458.0,4.381,0.972,0,FALSE POSITIVE,4247023
1.501760172,5.85519,387905.0,90.92,0.518,2624.0,1905.0,3110.42,6327.0,4.315,1.29,0,FALSE POSITIVE,4848423
4.05325447,4.0116,110916.0,1668.79,15.329,446.1,1191.0,475.36,6022.0,4.453,1.039,0,FALSE POSITIVE,11403216
7.68433346,1.4346,1175.0,2.58,0.951,28.5,583.0,27.35,4402.0,4.682,0.572,1,CONFIRMED,11853878
1.549979213,7.5945,370546.0,136.64,0.486,672.7,2141.0,4986.15,5408.0,3.777,2.058,0,FALSE POSITIVE,5774375
10.99381963,3.7889,1685.8,40.17,1.274,102.9,978.0,216.57,6553.0,4.366,1.157,0,FALSE POSITIVE,8263752
10.9938087,5.0403,1456.9,5.33,0.924,100.4,978.0,216.57,6553.0,4.366,1.157,0,FALSE POSITIVE,8263752
16.5860329,7.043,231.3,2.09,0.167,14.6,821.0,107.25,5626.0,4.149,1.389,1,CONFIRMED,9285265
16.7525077,3.174,338.3,3.65,0.763,18.2,801.0,97.43,4807.0,3.906,1.802,1,CONFIRMED,5780930
49.612757516,7.07603,130460.0,57.08,0.929,2070.3,536.0,19.46,6241.0,4.45,1.031,0,FALSE POSITIVE,4164393
15.3317719,5.467,179.2,1.91,0.802,13.3,821.0,107.44,5726.0,4.228,1.285,1,CONFIRMED,7288444
84.704139,10.393,655.7,4.17,0.01,17.0,537.0,19.59,6085.0,4.115,1.634,1,CONFIRMED,10881457
0.755105584,5.02374,250026.0,76.26,0.732,2158.5,2412.0,7996.1,6592.0,4.369,1.19,0,FALSE POSITIVE,5513861
101.26336282,17.8951,72792.5,44.0,0.944,3573.1,435.0,8.47,6309.0,4.413,1.062,0,FALSE POSITIVE,9948002
120.58167178,8.2904,192896.0,41.71,0.845,1184.8,291.0,1.7,5294.0,4.651,0.673,0,FALSE POSITIVE,5264304
1.558544209,3.3727,225588.0,35.12,0.507,421.6,1182.0,460.09,4868.0,4.582,0.708,0,FALSE POSITIVE,10960995
2.63757408,5.9626,169658.0,76.02,1.107,1471.6,1242.0,563.22,5639.0,4.509,0.953,0,FALSE POSITIVE,9592575
8.64636188,8.73607,218072.0,54.24,0.294,2441.7,1033.0,268.95,6444.0,4.382,1.134,0,FALSE POSITIVE,7898576
125.288206,3.695,241.6,1.5,0.066,9.4,363.0,4.1,5881.0,4.48,0.973,0,FALSE POSITIVE,5806800
112.46358893,31.8273,242411.0,129.04,0.523,1374.0,692.0,54.2,7426.0,3.903,2.463,0,FALSE POSITIVE,11671429
42.39930429,18.3609,205992.0,44.7,0.336,2261.9,542.0,20.46,6153.0,4.487,0.962,0,FALSE POSITIVE,5392897
5.91039905,3.85,,,,,,,,,,0,FALSE POSITIVE,5282049
11.6044881,3.409,267.6,1.88,0.118,14.5,841.0,118.5,5533.0,4.275,1.166,1,CONFIRMED,11810124
27.009807384,1.96698,67898.0,22.32,0.949,541.3,330.0,2.82,3900.0,4.727,0.534,0,FALSE POSITIVE,6023859
15.0219784,5.068,96.9,1.77,0.96,7.4,874.0,137.91,5831.0,4.162,1.382,1,CONFIRMED,3433668
91.078624,10.304,738.6,3.26,0.901,20.8,415.0,7.02,5915.0,4.437,1.008,1,CONFIRMED,7503885
85.272459,13.31,767.8,3.85,0.965,18.9,443.0,9.1,5922.0,4.349,1.057,1,CONFIRMED,3629330
12.42592675,29.1701,410.3,2.66,0.973,63.7,790.0,92.32,5952.0,4.489,0.971,0,FALSE POSITIVE,5471289
89.7398137,3.26371,81096.0,38.01,1.026,296.0,363.0,4.1,5777.0,4.608,0.747,0,FALSE POSITIVE,9783760
90.08255562,19.7301,43252.2,49.2,0.099,3571.6,666.0,46.58,6523.0,3.835,2.343,0,FALSE POSITIVE,9528430
0.759768478,2.824,57.4,0.64,0.583,12.9,1737.0,2149.06,5481.0,4.574,0.815,0,FALSE POSITIVE,5529552
42.2011587,8.479,178.1,37.39,1.225,15.9,671.0,47.85,6200.0,4.135,1.449,0,FALSE POSITIVE,8882847
15.65129028,6.7631,398641.0,78.3,0.507,359.7,792.0,93.1,6137.0,4.418,1.103,0,FALSE POSITIVE,9773869
9.014220178,2.76441,34085.6,15.49,0.802,1109.2,661.0,45.03,4842.0,4.573,0.73,0,FALSE POSITIVE,6707942
1.824653341,4.25512,176739.0,55.44,0.845,1833.7,1680.0,1880.22,6413.0,4.372,0.941,0,FALSE POSITIVE,5023948
3.185090259,4.80188,423276.0,92.5,0.465,1909.2,1564.0,1414.18,6516.0,4.249,1.279,0,FALSE POSITIVE,5113053
372.76888,23.27,1157.2,3.66,0.909,22.8,242.0,0.81,5800.0,4.514,0.894,0,FALSE POSITIVE,5817957
5.70940795,1.622,586.7,1.51,0.751,20.2,644.0,40.66,4402.0,4.682,0.572,1,CONFIRMED,11853878
2.086076372,2.4032,58858.0,1543.74,13.376,159.3,1645.0,1728.2,6124.0,4.265,1.119,0,FALSE POSITIVE,4743508
3.63898953,2.252,209.6,1.68,0.32,16.0,1238.0,555.71,5533.0,4.275,1.166,1,CONFIRMED,11810124
38.1303324,6.53,180.4,1.54,0.562,11.6,613.0,33.43,6370.0,4.41,1.106,1,CONFIRMED,11303322
14.42735088,4.857,117.0,1.53,0.977,21.5,783.0,88.9,5929.0,4.403,1.04,1,CONFIRMED,11241912
12.90235874,2.446,354.4,1.49,0.382,15.7,675.0,48.99,5530.0,4.586,0.788,1,CONFIRMED,8824737
36.4337867,4.388,406.8,2.2,0.25,16.2,561.0,23.35,5566.0,4.329,1.099,1,CONFIRMED,9349757
58.5850357,3.5939,75468.0,149.98,1.309,656.5,707.0,59.16,6379.0,3.925,1.994,0,FALSE POSITIVE,11519134
265.47847,10.28,1040.7,4.2,0.956,18.1,291.0,1.7,5792.0,4.375,1.005,1,CONFIRMED,7703955
1.546222068,7.998,49.4,0.77,0.503,56.6,1578.0,1465.41,5611.0,4.388,1.073,0,FALSE POSITIVE,8552719
89.3313828,11.919,2177.6,8.02,0.899,169.5,558.0,22.89,6860.0,4.233,1.467,0,FALSE POSITIVE,12164634
22.2941485,3.188,100.9,1.5,0.709,13.6,760.0,78.93,5915.0,4.223,1.392,0,FALSE POSITIVE,5193077
46.7162336,7.259,345.5,2.03,0.266,15.4,531.0,18.74,5856.0,4.386,1.092,1,CONFIRMED,8880123
43.56225858,3.6873,51325.0,80.02,1.295,163.6,624.0,35.83,6411.0,4.307,1.216,0,FALSE POSITIVE,10068919
198.443477,9.9776,39943.0,41.72,1.149,464.2,279.0,1.44,5420.0,4.502,0.868,0,FALSE POSITIVE,7353970
17.907664726,5.58652,265411.0,282.86,2.79,1731.4,746.0,73.31,6173.0,4.447,1.041,0,FALSE POSITIVE,12316447
2.4044122,4.575,42.7,0.85,0.559,10.8,1662.0,1805.11,6398.0,4.276,1.249,0,FALSE POSITIVE,5823557
22.77196484,8.3476,325446.0,104.17,0.603,305.2,835.0,114.9,6049.0,4.067,1.557,0,FALSE POSITIVE,10491554
184.52015392,15.3564,49269.0,23.38,0.886,1759.1,275.0,1.36,5341.0,4.514,0.776,0,FALSE POSITIVE,9785454
82.175197,8.664,546.4,2.24,0.015,20.8,441.0,8.92,6247.0,4.489,0.954,1,CONFIRMED,8636333
29.015852933,7.19844,71432.1,1183.06,12.223,1268.8,592.0,29.11,5783.0,4.415,0.941,0,FALSE POSITIVE,7136958
77.36241476,12.1317,96585.8,41.66,0.995,1246.3,362.0,4.08,5359.0,4.57,0.79,0,FALSE POSITIVE,1995732
495.71095,4.514,443.1,4.41,0.718,8.5,330.0,2.8,6054.0,3.911,1.953,0,FALSE POSITIVE,6069674
10.35857039,2.577,273.7,1.68,0.074,15.1,860.0,129.28,5893.0,4.423,1.02,1,CONFIRMED,8081239
30.2541186,2.134,576.3,2.8,0.122,12.3,660.0,44.87,6277.0,4.402,1.161,1,CONFIRMED,3745559
17.081202417,7.20617,134143.0,39.24,0.915,1524.8,585.0,27.61,5431.0,4.623,0.708,0,FALSE POSITIVE,8356054
20.034708,6.49,124.4,2.24,0.193,22.9,967.0,207.16,6120.0,3.934,2.0,1,CONFIRMED,9117416
3.15722086,3.762,49.7,1.41,0.001,17.4,1791.0,2436.47,6120.0,3.934,2.0,1,CONFIRMED,9117416
23.2385587,8.432,161.2,2.18,0.355,15.5,903.0,157.09,6602.0,4.108,1.685,1,CONFIRMED,7517261
118.314913,4.79,216.3,7.23,0.522,7.0,786.0,90.09,6190.0,3.34,4.763,0,FALSE POSITIVE,5653795
20.35971899,2.1521,345.7,0.8,0.925,26.8,276.0,1.38,3419.0,4.904,0.344,1,CONFIRMED,8424002
43.798566,6.401,290.4,48.52,1.182,26.1,721.0,63.8,5611.0,3.842,2.227,0,FALSE POSITIVE,8635938
131.73630485,5.28476,58381.2,54.38,0.871,1241.0,413.0,6.89,5102.0,3.962,1.669,0,FALSE POSITIVE,10464666
4.301031137,5.65214,204153.0,93.01,0.79,1526.2,1454.0,1056.61,6386.0,4.208,1.548,0,FALSE POSITIVE,5024292
198.01379181,9.72673,142501.0,38.49,0.88,1411.3,260.0,1.09,5359.0,4.566,0.708,0,FALSE POSITIVE,4659255
10.9938268,5.0746,419208.0,52.69,0.471,469.5,627.0,36.46,4856.0,4.554,0.743,0,FALSE POSITIVE,8263746
1.682934607,1.8846,142.7,1.06,0.681,24.5,1270.0,615.67,5201.0,4.573,0.834,1,CONFIRMED,10657406
114.90862419,7.66397,196112.0,42.78,0.78,1179.7,259.0,1.06,4412.0,4.565,0.737,0,FALSE POSITIVE,3428468
11.55532445,3.499,250.0,1.7,0.96,16.1,674.0,48.88,5149.0,4.506,0.803,1,CONFIRMED,7091432
26.0841212,6.141,259.7,1.35,0.092,13.8,598.0,30.24,6083.0,4.563,0.835,1,CONFIRMED,6368230
52.802767576,5.6184,52110.3,75.82,1.473,1238.8,472.0,11.73,5835.0,4.492,0.901,0,FALSE POSITIVE,7115291
39.206808648,6.24701,186978.0,50.2,0.81,1274.3,516.0,16.82,5945.0,4.545,0.861,0,FALSE POSITIVE,9907505
64.6589166,7.71,235.4,2.12,0.083,13.9,535.0,19.39,5821.0,4.172,1.395,1,CONFIRMED,9027909
27.6760342,4.234,266.8,5.15,0.071,14.4,951.0,193.23,5123.0,3.442,3.224,0,FALSE POSITIVE,6369845
8.74192361,4.235,295.7,1.94,0.025,18.5,924.0,172.38,5596.0,4.298,1.145,1,CONFIRMED,9230021
26.936878,4.969,246.9,1.57,0.2807,8.8,617.0,34.24,5878.0,4.442,0.998,0,FALSE POSITIVE,9230021
53.34418038,3.62,,,,,,,,,,0,FALSE POSITIVE,3662838
12.4281308,6.79,131.4,0.85,0.33,9.4,715.0,61.78,5940.0,4.621,0.729,0,FALSE POSITIVE,5471688
9.10969334,5.3181,126.4,1.32,0.761,47.8,873.0,137.45,5611.0,4.388,1.073,1,CONFIRMED,8552719
0.96283264,2.947,96.3,0.74,0.4963,16.4,1686.0,1908.55,5955.0,4.617,0.733,0,FALSE POSITIVE,5471688
73.7502765,13.309,233.1,3.78,0.127,33.9,677.0,49.76,6056.0,3.797,2.481,1,CONFIRMED,6058816
210.30644361,6.68665,46455.4,101.13,1.155,1081.7,525.0,17.94,7591.0,4.05,2.017,0,FALSE POSITIVE,5130740
8.268081087,3.47103,71479.3,50.31,1.099,1320.5,863.0,130.83,5749.0,4.502,0.922,0,FALSE POSITIVE,9892471
3.564614021,3.44204,94342.0,46.0,0.989,728.8,1187.0,470.37,5891.0,4.45,0.892,0,FALSE POSITIVE,2019076
533.47707,23.71,210.6,2.6,0.418,15.3,315.0,2.33,6077.0,3.931,1.759,0,FALSE POSITIVE,5879448
5.877122413,3.7369,15647.1,45.95,1.238,287.6,1061.0,300.43,5778.0,4.325,1.043,0,FALSE POSITIVE,7376490
1.036592635,2.40749,124498.0,463.05,0.898,444.7,4194.0,73013.77,4884.0,2.737,8.747,0,FALSE POSITIVE,11968513
91.4999978,19.5818,65496.0,21.86,0.736,1018.4,335.0,2.98,5263.0,4.572,0.774,0,FALSE POSITIVE,7866921
65.9407869,7.776,580.4,2.33,0.332,19.8,454.0,10.04,5982.0,4.493,0.96,1,CONFIRMED,6619815
406.45737,9.554,284.2,1.96,0.428,12.7,278.0,1.42,6217.0,4.364,1.141,0,FALSE POSITIVE,6113752
30.47639859,17.9728,130569.0,43.01,0.92,236.2,542.0,20.39,5913.0,4.585,0.787,0,FALSE POSITIVE,3098197
14.53260546,2.4212,328.9,1.69,0.112,29.0,746.0,73.37,6003.0,4.507,0.932,1,CONFIRMED,11651712
153.348739,12.205,388.0,2.14,0.261,12.7,377.0,4.78,6127.0,4.356,1.08,1,CONFIRMED,9896558
361.526458,6.947,525.1,5.7,0.971,14.0,410.0,6.67,7196.0,4.064,1.923,0,FALSE POSITIVE,7045605
48.0506878,7.999,274.5,2.36,0.186,15.1,564.0,23.9,5332.0,4.083,1.453,1,CONFIRMED,8738775
9.44942628,6.3064,1211.9,75.22,1.217,81.1,1192.0,476.13,5092.0,3.689,2.664,0,FALSE POSITIVE,7877818
0.933489066,1.41864,14259.0,48.01,1.243,374.5,1979.0,3648.49,5758.0,4.307,1.084,0,FALSE POSITIVE,5636642
1.908525084,4.169,218.9,3.74,0.015,26.9,3191.0,24558.81,9174.0,4.013,2.471,0,FALSE POSITIVE,6515722
0.798467681,0.86,120.7,0.82,0.331,9.4,1718.0,2064.49,5575.0,4.557,0.733,0,FALSE POSITIVE,6679504
0.867721348,4.8783,97653.0,67.0,0.987,587.9,2089.0,4487.7,5510.0,4.186,1.276,0,FALSE POSITIVE,5560831
161.252567,23.626,2911.5,5.04,0.869,94.7,318.0,2.41,5985.0,4.574,0.811,0,FALSE POSITIVE,5305404
3.90863457,1.7704,867.2,1.86,0.111,36.6,787.0,91.01,4518.0,4.613,0.653,1,CONFIRMED,3728432
77.086191,4.77,942.8,29.77,1.227,12.9,464.0,11.0,6228.0,4.441,1.049,1,CONFIRMED,6696580
1.673662758,2.3135,316.4,23.42,1.186,33.4,1729.0,2106.67,6444.0,4.433,1.053,0,FALSE POSITIVE,5473535
5.93717724,5.355,25450.0,594.32,6.282,56.3,1005.0,241.6,5780.0,4.438,1.0,0,FALSE POSITIVE,12106934
3.89043062,6.596,195.4,1.24,0.025,14.4,1106.0,354.22,5646.0,4.449,0.896,0,FALSE POSITIVE,6222898
16.8282542,39.098,655.3,2.66,0.7071,78.3,668.0,46.95,5575.0,4.496,0.972,0,FALSE POSITIVE,3955866
2.489549075,2.4345,2829.7,59.57,1.33,160.6,1708.0,2007.56,6184.0,4.138,1.406,0,FALSE POSITIVE,11200767
1.644221032,2.9122,47.8,1.18,0.942,24.1,1897.0,3071.95,6297.0,4.26,1.369,1,CONFIRMED,9892816
4.469731089,5.257,3159.6,84.63,1.268,286.7,1614.0,1604.34,5758.0,3.808,2.318,0,FALSE POSITIVE,8589731
1.731803197,5.6803,44612.0,22.87,0.63,221.1,1526.0,1285.11,5761.0,4.426,1.029,0,FALSE POSITIVE,4356766
2.64830047,2.6395,12668.0,126.54,0.873,79.8,3042.0,20225.84,4839.0,2.761,9.278,0,FALSE POSITIVE,2167890
17.2653659,5.02,67.9,1.16,0.007,13.9,888.0,146.92,6388.0,4.244,1.402,1,CONFIRMED,5384079
3.486318703,2.7904,60135.0,54.53,1.138,190.7,1201.0,491.1,5780.0,4.438,1.0,0,FALSE POSITIVE,4935914
1.705780649,1.6271,15498.0,25.95,1.231,31.8,1101.0,348.32,4970.0,4.665,0.591,0,FALSE POSITIVE,11303811
7.45306683,4.7617,46552.0,1044.28,10.337,84.3,932.0,178.53,5780.0,4.438,1.0,0,FALSE POSITIVE,2437783
2.929299629,7.102,83918.0,51.67,1.025,374.6,1272.0,618.11,5780.0,4.438,1.0,0,FALSE POSITIVE,12062660
5.50811352,2.9516,40380.0,34.03,1.215,100.5,778.0,86.57,5188.0,4.687,0.624,0,FALSE POSITIVE,9777087
0.569115097,3.5028,585597.0,156.15,0.444,229.6,3357.0,29827.37,7174.0,4.13,1.705,0,FALSE POSITIVE,5956776
2.529073751,1.8827,1572.9,25.8,1.263,73.4,1137.0,395.83,5465.0,4.598,0.766,0,FALSE POSITIVE,8883727
0.916326699,3.1427,96384.0,50.7,0.988,251.6,1917.0,3196.67,6046.0,4.486,0.972,0,FALSE POSITIVE,6516874
33.0405509,3.3613,577.4,2.36,0.431,27.5,561.0,23.4,5688.0,4.415,0.971,1,CONFIRMED,11709124
1.306723495,6.606,12456.6,27.42,1.229,311.7,1170.0,443.02,4651.0,4.612,0.657,0,FALSE POSITIVE,9161118
0.7967202,4.25304,167719.0,56.89,0.839,716.6,1964.0,3497.4,5780.0,4.438,1.0,0,FALSE POSITIVE,3556229
359.102042,16.949,1102.9,28.76,1.201,26.5,290.0,1.67,6355.0,4.41,1.108,0,FALSE POSITIVE,11911580
160.130899,13.775,1183.0,6.67,0.791,32.4,450.0,9.68,6092.0,4.056,1.759,1,CONFIRMED,9480535
2.69634575,3.785,185.2,1.46,0.54,35.4,1287.0,650.06,5418.0,4.335,1.051,0,FALSE POSITIVE,10583225
2.553924603,9.835,1680.1,32.67,1.258,100.5,1352.0,789.69,5993.0,4.489,0.986,0,FALSE POSITIVE,5215251
8.487871809,4.19829,118814.0,46.24,0.941,483.9,798.0,96.0,5553.0,4.558,0.855,0,FALSE POSITIVE,10383696
5.50817321,3.6845,226850.0,39.18,0.739,268.7,768.0,82.55,5051.0,4.663,0.644,0,FALSE POSITIVE,9777090
6.142812722,6.0751,96593.0,31.9,0.477,316.1,994.0,230.71,5780.0,4.438,1.0,0,FALSE POSITIVE,11455484
175.06586091,4.5181,45134.0,40.63,1.149,320.6,312.0,2.24,6021.0,4.57,0.819,0,FALSE POSITIVE,2446623
20.8392148,2.3321,177508.0,51.9,0.894,197.6,584.0,27.45,5378.0,4.488,0.812,0,FALSE POSITIVE,9596089
9.50158045,5.0701,443400.0,73.07,0.444,314.9,860.0,128.99,5780.0,4.438,1.0,0,FALSE POSITIVE,5738506
19.226055,2.949,3266.0,3.52,0.2579,10.1,513.0,16.32,5193.0,4.689,0.621,0,FALSE POSITIVE,9777087
2.050435466,8.0122,7765.3,34.84,1.275,445.8,1278.0,629.98,5440.0,4.496,0.825,0,FALSE POSITIVE,4247807
1.507101452,5.2005,15847.0,39.32,1.246,273.5,1573.0,1453.29,5884.0,4.453,0.876,0,FALSE POSITIVE,7700590
1.274841686,3.5903,50253.0,63.68,1.128,353.0,2025.0,3957.46,6211.0,4.247,1.281,0,FALSE POSITIVE,9053086
4.02582434,2.8059,265.3,1.79,0.017,23.9,1169.0,440.08,5509.0,4.308,1.116,1,CONFIRMED,3128552
2.845746618,13.0719,557741.0,135.99,0.126,829.1,1667.0,1822.75,5641.0,3.948,1.776,0,FALSE POSITIVE,5467113
2.30120705,25.08,1688.1,28.64,1.262,132.5,1254.0,583.42,5641.0,4.554,0.85,0,FALSE POSITIVE,8240123
337.377514,12.136,6110.0,37.23,1.245,60.0,271.0,1.28,6029.0,4.452,0.998,0,FALSE POSITIVE,5114623
389.28075044,12.52,,,,,,,,,,0,FALSE POSITIVE,5114623
8.58965725,8.9793,1161.5,27.86,1.249,107.8,828.0,111.01,5697.0,4.539,0.892,0,FALSE POSITIVE,10031907
8.56751264,5.449,347.9,23.05,1.182,17.9,972.0,210.83,6212.0,4.42,1.054,0,FALSE POSITIVE,5480736
1.061934313,3.194,607.0,15.14,1.218,70.0,1104.0,352.77,4304.0,4.675,0.566,0,FALSE POSITIVE,8487748
2.406574511,3.4382,738.0,26.22,1.187,63.9,1481.0,1140.2,6167.0,4.428,1.107,0,FALSE POSITIVE,9892856
28.64338839,1.2246,624.3,5.82,0.968,23.1,871.0,136.32,6507.0,4.002,1.767,0,FALSE POSITIVE,7137213
96.231257,2.488,938.0,29.26,0.442,8.8,965.0,204.8,4895.0,2.674,9.529,0,FALSE POSITIVE,6795089
30.5528701,5.3367,63521.0,63.57,1.134,510.8,685.0,51.9,6441.0,4.367,1.165,0,FALSE POSITIVE,3340313
26.2347447,3.536,196.5,2.76,0.985,22.0,754.0,76.31,6297.0,4.26,1.369,1,CONFIRMED,9892816
160.88451966,10.8771,7590.4,9.09,0.284,526.1,346.0,3.39,5650.0,4.313,1.044,1,CONFIRMED,4150804
4.04506346,3.22222,360177.0,67.94,0.529,483.9,1143.0,402.77,5780.0,4.438,1.0,0,FALSE POSITIVE,5021174
141.2415405,6.7645,12990.5,11.49,0.12,380.9,352.0,3.62,5705.0,4.397,1.017,1,CONFIRMED,9025971
217.83184293,21.306,9148.7,11.17,0.004,1244.4,343.0,3.29,6259.0,4.385,1.167,1,CONFIRMED,2581316
1.433262145,5.6316,1849.5,5.67,0.933,159.3,1769.0,2319.46,5977.0,4.318,1.068,0,FALSE POSITIVE,6314185
0.782046543,1.9874,340464.0,43.07,0.633,534.0,1372.0,836.18,4768.0,4.661,0.591,0,FALSE POSITIVE,8620561
5.663604992,1.4283,163385.0,54.55,0.785,169.4,1021.0,257.36,5780.0,4.438,1.0,0,FALSE POSITIVE,8937019
18.076610347,3.1396,65280.0,39.16,1.074,380.6,533.0,19.14,4848.0,4.55,0.764,0,FALSE POSITIVE,9896435
6.47173281,7.1964,6472.7,13.68,0.267,94.5,1338.0,757.69,6318.0,4.079,1.685,0,FALSE POSITIVE,10352938
1.031100362,2.9759,129157.0,27.35,0.293,178.5,1584.0,1491.65,5666.0,4.601,0.752,0,FALSE POSITIVE,10676927
0.597933142,3.47133,284383.0,63.46,0.634,1490.3,2161.0,5169.99,5780.0,4.438,1.0,0,FALSE POSITIVE,5649836
5.36652724,8.367,3122.5,7.97,0.985,50.7,982.0,219.72,5858.0,4.553,0.849,0,FALSE POSITIVE,7620660
1.540392098,3.7271,1022.0,17.63,1.184,87.2,1210.0,506.98,4911.0,4.564,0.724,0,FALSE POSITIVE,3836399
47.1484324,3.1347,1113.8,2.58,0.668,54.5,391.0,5.5,4975.0,4.579,0.734,1,CONFIRMED,2581554
2.50475282,2.376,181.1,1.48,0.13,18.9,1369.0,828.59,5509.0,4.308,1.116,1,CONFIRMED,3128552
59.3627946,13.972,233.6,2.23,0.001,51.5,566.0,24.33,5786.0,4.106,1.471,1,CONFIRMED,10363115
2.199076661,6.11,777.4,21.72,1.22,56.2,1179.0,457.33,5310.0,4.565,0.791,0,FALSE POSITIVE,10491062
1.79110997,2.0917,167.5,1.29,0.028,24.3,1549.0,1356.76,6040.0,4.469,0.999,1,CONFIRMED,9761615
7.77241144,5.272,286.9,1.69,0.317,18.9,938.0,183.58,6014.0,4.486,0.993,0,FALSE POSITIVE,4058881
10.51421162,3.877,85.4,1.25,0.877,21.6,943.0,187.06,6259.0,4.385,1.167,1,CONFIRMED,2581316
11.344347453,5.9738,258242.0,62.52,0.692,437.2,810.0,101.92,5780.0,4.438,1.0,0,FALSE POSITIVE,8621353
214.3120439,16.2938,4523.4,9.17,0.016,562.8,380.0,4.93,6471.0,4.287,1.357,1,CONFIRMED,10795103
0.876826336,3.6097,138366.0,37.24,0.481,1338.1,2042.0,4095.0,6344.0,4.481,0.962,0,FALSE POSITIVE,9394601
208.86909724,4.5707,21306.7,29.95,1.056,413.8,316.0,2.34,5914.0,4.421,0.987,0,FALSE POSITIVE,8494410
7.2593226,6.1394,247.5,1.57,0.366,40.1,967.0,206.88,5914.0,4.421,0.987,1,CONFIRMED,8494410
1.98663794,4.7585,63156.0,134.5,1.105,193.0,3234.0,25932.61,9191.0,3.973,2.619,0,FALSE POSITIVE,6863161
13.54208867,4.9406,28869.0,26.65,0.985,137.6,727.0,66.01,5496.0,4.405,0.927,0,FALSE POSITIVE,7840035
7.549303633,2.3665,10222.9,34.45,1.253,177.0,794.0,93.96,5402.0,4.581,0.815,0,FALSE POSITIVE,8543279
0.77544539,1.8764,6791.4,35.53,1.272,205.1,1883.0,2974.07,5861.0,4.546,0.865,0,FALSE POSITIVE,8047283
308.255238,11.959,637.1,18.98,0.018,13.8,576.0,26.05,4852.0,2.896,7.797,0,FALSE POSITIVE,7090867
3.46724809,11.01,1317.3,2.52,0.953,107.0,841.0,118.15,4969.0,4.713,0.543,0,FALSE POSITIVE,7612691
7.4413445,2.8754,2234.0,43.5,1.286,66.4,1136.0,393.59,6540.0,4.321,1.183,0,FALSE POSITIVE,9761573
4.618309224,3.6752,1191.0,25.43,1.247,68.5,947.0,190.56,5452.0,4.572,0.815,0,FALSE POSITIVE,8042789
0.677761275,3.7085,877.9,22.15,1.205,120.8,1906.0,3136.01,5699.0,4.553,0.853,0,FALSE POSITIVE,10095484
2.845739012,11.9327,24391.8,44.7,1.213,488.6,1294.0,663.42,5982.0,4.493,0.96,0,FALSE POSITIVE,5467102
175.358905,5.34,215.0,2.9,0.034,9.1,420.0,7.36,5109.0,3.757,2.02,0,FALSE POSITIVE,6780367
12.42618005,28.1949,1522.8,3.48,0.935,113.1,551.0,21.8,4624.0,4.619,0.684,0,FALSE POSITIVE,5471496
2.189090653,5.2094,1027.1,23.25,1.238,78.3,1185.0,466.32,5401.0,4.593,0.777,0,FALSE POSITIVE,4544620
5.33905606,1.6415,755.5,1.9,0.02,28.9,817.0,105.25,5057.0,4.573,0.704,1,CONFIRMED,5784777
1.99492332,5.898,77.7,0.94,0.772,11.1,1451.0,1044.18,5957.0,4.498,0.971,0,FALSE POSITIVE,6863187
23.2218115,2.744,210.4,2.42,0.913,16.9,746.0,73.08,5808.0,4.185,1.374,1,CONFIRMED,6949061
3.351573993,2.8758,54546.0,24.15,0.011,192.4,1282.0,638.3,5984.0,4.408,1.033,0,FALSE POSITIVE,9719636
8.097050622,5.6736,65620.0,24.01,0.592,404.9,891.0,149.48,5753.0,4.423,0.894,0,FALSE POSITIVE,2452440
2.119107262,7.5384,124646.0,77.23,0.933,347.3,1851.0,2775.75,6381.0,4.155,1.423,0,FALSE POSITIVE,5020034
0.887691177,1.644,37.3,1.53,0.419,20.8,2709.0,12704.16,5500.0,3.775,2.491,0,FALSE POSITIVE,6974867
142.545,8.75,905.4,2.52,0.015,13.7,318.0,2.42,5642.0,4.542,0.846,1,CONFIRMED,7102316
240.7990472,16.666,5022.9,10.31,0.647,170.1,342.0,3.22,5758.0,4.168,1.385,1,CONFIRMED,11518142
0.888584158,2.25012,412710.0,43.7,0.453,691.2,1211.0,507.14,4324.0,4.639,0.616,0,FALSE POSITIVE,3114667
0.865959015,1.9058,291274.0,144.5,3.068,620.8,1162.0,434.65,4561.0,4.788,0.469,0,FALSE POSITIVE,12109845
0.594276199,2.0188,220745.0,266.99,4.038,285.2,1564.0,1414.7,4756.0,4.603,0.667,0,FALSE POSITIVE,3954227
1.527491117,7.9136,33546.0,27.85,1.164,298.6,988.0,224.31,4273.0,4.652,0.595,0,FALSE POSITIVE,8651551
0.566814046,4.049,42.1,0.56,0.633,23.8,2039.0,4073.9,5724.0,4.53,0.827,0,FALSE POSITIVE,7115550
0.61496383,1.93053,358049.0,44.79,0.506,806.5,1460.0,1074.84,4509.0,4.612,0.663,0,FALSE POSITIVE,9532637
161.253747,25.322,2598.4,4.98,0.912,54.7,295.0,1.8,5570.0,4.573,0.803,0,FALSE POSITIVE,5305451
2.974163938,1.7423,90282.0,34.74,0.736,88.6,1266.0,605.99,5780.0,4.438,1.0,0,FALSE POSITIVE,7174349
15.84131693,1.8156,2617.7,670.04,1.247,38.2,2252.0,6085.07,4993.0,2.399,19.695,0,FALSE POSITIVE,11824218
9.2075634,3.365,1243.1,5.5,0.898,43.4,972.0,211.08,5678.0,4.215,1.303,1,CONFIRMED,10788461
2.5903958,2.088,330.9,2.55,0.725,18.3,1484.0,1147.44,5678.0,4.215,1.303,1,CONFIRMED,10788461
5.3235335,2.714,342.4,2.69,0.804,14.6,1167.0,438.71,5678.0,4.215,1.303,1,CONFIRMED,10788461
0.831741499,2.297,1231.1,41.62,1.298,110.9,2198.0,5501.14,6343.0,4.408,1.14,0,FALSE POSITIVE,11667548
4.44737112,19.45,224.4,2.06,0.978,93.0,1068.0,307.65,5472.0,4.382,0.981,0,FALSE POSITIVE,8868649
12.893018017,3.30029,16032.8,62.52,1.241,453.0,1004.0,240.5,6387.0,4.178,1.408,0,FALSE POSITIVE,9715939
4.532416322,3.2864,34953.0,62.25,1.183,175.6,1328.0,735.27,6306.0,4.283,1.281,0,FALSE POSITIVE,4751083
2.26631937,3.16,,,,,,,,,,0,FALSE POSITIVE,4751083
1.160153553,2.16452,12302.5,60.47,1.258,552.8,2183.0,5363.78,6200.0,4.161,1.382,0,FALSE POSITIVE,5903301
4.032760214,2.7194,10803.4,378.61,1.224,150.9,2582.0,10499.43,4969.0,2.899,9.433,0,FALSE POSITIVE,7695087
3.723552982,3.5632,40143.0,18.83,0.629,145.7,1176.0,452.71,6063.0,4.51,0.89,0,FALSE POSITIVE,6200709
2.21396079,3.452,119.4,0.87,0.143,9.6,1123.0,375.04,4922.0,4.505,0.823,0,FALSE POSITIVE,7013923
11.35501209,14.557,19675.0,8.0,0.473,221.4,534.0,19.29,4594.0,4.679,0.567,0,FALSE POSITIVE,5360082
1.195515251,5.0834,8054.4,49.33,1.281,309.1,1959.0,3469.7,6040.0,4.271,1.155,0,FALSE POSITIVE,6543683
5.80184753,3.9551,22143.0,14.0,0.478,118.1,989.0,225.81,5687.0,4.426,0.921,0,FALSE POSITIVE,10555365
2.38404983,3.2849,312732.0,66.14,0.611,195.3,1363.0,815.42,5780.0,4.438,1.0,0,FALSE POSITIVE,5481426
5.24078259,5.238,592.6,24.73,1.223,58.1,1080.0,322.16,6192.0,4.503,0.917,0,FALSE POSITIVE,7983756
5.26641416,2.4404,223.8,2.62,0.774,37.8,1421.0,964.18,6338.0,4.087,1.602,0,FALSE POSITIVE,7289165
1.847892736,1.8904,323.3,1.51,0.036,53.3,1374.0,843.8,5763.0,4.557,0.842,1,CONFIRMED,12784167
0.604358764,1.0423,38731.0,23.28,1.197,236.8,997.0,235.63,3569.0,4.82,0.427,0,FALSE POSITIVE,8949316
11.3775281,12.918,1651.3,82.26,1.415,38.2,1177.0,453.61,6943.0,4.162,1.66,0,FALSE POSITIVE,8912730
0.7981968,2.22035,257616.0,62.38,0.67,453.9,1963.0,3497.4,5780.0,4.438,1.0,0,FALSE POSITIVE,9784230
0.695954898,1.469,318.1,2.58,0.103,8.5,2740.0,13264.33,6737.0,4.243,1.425,0,FALSE POSITIVE,11466960
0.948951607,4.3809,458463.0,115.31,0.959,437.1,1853.0,2796.38,5780.0,4.438,1.0,0,FALSE POSITIVE,3124420
19.37070781,2.2466,653.2,108.54,1.2,38.4,1180.0,458.92,5321.0,3.416,4.335,0,FALSE POSITIVE,4649440
14.46993942,7.455,1235.3,85.84,1.027,41.9,1713.0,2033.61,4735.0,2.715,9.043,0,FALSE POSITIVE,2437488
1.278555003,1.4247,1478.0,5.19,0.979,93.8,1515.0,1241.92,5636.0,4.557,0.827,0,FALSE POSITIVE,10083623
1.226223959,2.1689,56.1,1.0,0.005,18.9,2024.0,3973.86,5855.0,4.148,1.34,1,CONFIRMED,11253711
2.244600029,1.9204,8611.0,27.47,1.185,42.6,1190.0,475.37,5256.0,4.502,0.802,0,FALSE POSITIVE,8043052
181.8521773,5.7725,27559.0,46.38,1.189,293.8,333.0,2.91,6063.0,4.476,1.012,0,FALSE POSITIVE,5435816
223.1127475,8.9683,11538.8,46.33,1.266,224.5,332.0,2.87,6211.0,4.389,1.056,0,FALSE POSITIVE,8559589
15.64064161,6.4524,273309.0,77.18,0.522,206.3,921.0,169.73,6517.0,4.279,1.374,0,FALSE POSITIVE,4372765
6.8873113,2.214,85.3,0.72,0.489,8.1,788.0,90.91,5208.0,4.563,0.772,1,CONFIRMED,9489524
1.103978,0.74,,,,,,105.8,,,,0,FALSE POSITIVE,10268903
43.8496474,2.217,452.3,21.42,0.02,8.3,1286.0,645.68,4893.0,2.644,10.363,0,FALSE POSITIVE,7017437
0.752158047,2.42733,37878.8,106.66,1.157,510.0,2869.0,15978.36,5770.0,3.844,2.221,0,FALSE POSITIVE,7220320
3.796488133,11.0659,3007.6,40.83,1.306,193.4,1233.0,547.94,6137.0,4.46,1.018,0,FALSE POSITIVE,9291378
1.233076007,12.506,1392.4,31.39,1.312,129.3,1513.0,1237.97,5602.0,4.571,0.817,0,FALSE POSITIVE,4949524
21.5135234,77.983,1583.8,534.47,2.441,171.5,1006.0,242.54,5088.0,3.508,3.318,0,FALSE POSITIVE,2697935
19.4444573,5.509,182.3,1.53,0.634,7.1,749.0,74.47,6278.0,4.425,1.081,0,FALSE POSITIVE,6531143
1.1910489,1.3738,1391.1,22.76,1.257,46.1,1348.0,781.99,5089.0,4.58,0.693,0,FALSE POSITIVE,3550434
0.546248198,2.1081,114528.0,54.23,0.946,263.1,2227.0,5820.72,5780.0,4.438,1.0,0,FALSE POSITIVE,2558370
1.811966339,3.792,408.1,95.19,1.24,36.3,2573.0,10360.38,5904.0,3.602,3.348,0,FALSE POSITIVE,5397166
66.1539783,5.896,6951.0,9.69,0.873,57.7,468.0,11.3,6077.0,4.471,0.999,0,FALSE POSITIVE,7024530
158.3226379,2.1881,4863.0,25.41,1.323,34.5,211.0,0.47,4340.0,4.67,0.572,0,FALSE POSITIVE,5015459
3.93276627,2.9403,234.9,1.5,0.37,30.7,1140.0,399.84,5688.0,4.415,0.971,1,CONFIRMED,11709124
198.680859,8.282,645.4,2.79,0.746,16.6,297.0,1.83,5330.0,4.366,1.013,1,CONFIRMED,8505920
1.592634161,8.9488,155156.0,100.2,0.877,1207.6,2255.0,6128.09,6574.0,4.061,1.768,0,FALSE POSITIVE,1433980
3.31577795,4.2349,94567.0,27.77,0.633,124.6,1104.0,349.78,5528.0,4.516,0.849,0,FALSE POSITIVE,2438490
2.990252395,7.8462,216437.0,89.85,1.117,541.7,1264.0,603.02,5780.0,4.438,1.0,0,FALSE POSITIVE,3838496
2.08043378,7.708,6861.2,510.48,5.106,289.1,1629.0,1661.27,6377.0,4.399,1.119,0,FALSE POSITIVE,6470521
4.944046127,4.50334,112503.0,54.29,0.964,537.2,1069.0,308.53,5780.0,4.438,1.0,0,FALSE POSITIVE,2449090
4.464565251,4.0221,74112.0,43.21,1.046,286.4,1024.0,259.97,5743.0,4.553,0.853,0,FALSE POSITIVE,5652260
1.523298835,5.9083,195071.0,38.95,0.41,174.4,1404.0,919.42,5311.0,4.469,0.866,0,FALSE POSITIVE,2569494
3.539631353,1.5372,1229.7,39.34,1.091,163.5,2214.0,5689.3,7021.0,3.759,2.629,0,FALSE POSITIVE,12405950
6.195861785,2.6078,3509.8,215.89,3.38,83.5,883.0,143.74,5608.0,4.573,0.813,0,FALSE POSITIVE,5206233
0.566805514,4.367,85.3,0.82,0.027,25.1,1920.0,3193.9,5115.0,4.439,0.917,0,FALSE POSITIVE,7031066
27.961084,3.8741,6268.2,21.5,1.02,106.0,796.0,94.86,6770.0,4.249,1.361,0,FALSE POSITIVE,6775985
186.5168116,3.1968,5752.4,37.5,0.972,126.9,452.0,9.83,5018.0,3.639,2.99,0,FALSE POSITIVE,11357192
197.1455327,2.1145,5664.0,72.16,1.251,56.8,498.0,14.53,7214.0,4.093,1.935,0,FALSE POSITIVE,9533489
0.532087933,3.45028,510366.0,74.83,0.279,1069.5,2247.0,6002.61,5780.0,4.438,1.0,0,FALSE POSITIVE,11825057
3.204222652,2.7952,898.4,23.55,1.258,45.5,979.0,217.46,5139.0,4.609,0.741,0,FALSE POSITIVE,12306699
0.687898282,3.96401,293505.0,55.58,0.337,1571.6,2062.0,4267.13,5780.0,4.438,1.0,0,FALSE POSITIVE,9692336
2.178154774,3.5302,662.6,19.46,1.223,89.2,1180.0,457.16,5515.0,4.624,0.712,0,FALSE POSITIVE,9641008
0.99466172,1.576,1370.5,31.84,1.244,21.5,1898.0,3078.85,5750.0,4.332,1.021,0,FALSE POSITIVE,8588377
359.00688,32.16,2015.8,28.57,1.263,35.3,237.0,0.74,5715.0,4.537,0.834,0,FALSE POSITIVE,3644601
1.138548215,2.1482,66.2,1.45,0.545,31.5,2537.0,9805.45,6520.0,4.01,1.713,1,CONFIRMED,4242692
121.0598037,3.112,1563.0,1680.99,1.2,16.6,1792.0,2437.81,3942.0,1.101,60.688,0,FALSE POSITIVE,8781480
0.721335207,1.509,31.8,0.54,0.103,12.0,2162.0,5166.26,6328.0,4.489,0.948,0,FALSE POSITIVE,6783732
3.28274272,8.9,292.8,1.85,0.967,68.2,1136.0,392.7,5741.0,4.533,0.82,0,FALSE POSITIVE,11607176
1.231361934,5.433,471.0,2.93,0.972,94.7,1839.0,2707.51,6095.0,4.378,1.016,0,FALSE POSITIVE,10661718
89.7224125,10.963,263.7,2.21,0.742,25.6,508.0,15.69,6429.0,4.241,1.262,1,CONFIRMED,6105462
7.12766417,2.491,229.2,1.21,0.125,16.0,784.0,89.24,5159.0,4.548,0.821,1,CONFIRMED,8257205
2.080431782,7.4997,894203.0,345.7,0.771,1585.2,2719.0,12956.98,8344.0,4.04,2.115,0,FALSE POSITIVE,6470516
1.157804607,4.66082,605713.0,118.11,0.26,1837.9,2255.0,6116.99,6510.0,4.219,1.425,0,FALSE POSITIVE,7770471
19.979098,10.5638,38418.0,22.98,0.576,449.1,739.0,70.59,5907.0,4.296,1.126,0,FALSE POSITIVE,5130380
1.433262401,6.2205,428557.0,136.47,0.382,599.8,2691.0,12427.14,7311.0,4.013,1.959,0,FALSE POSITIVE,6314173
23.8706941,3.4812,6386.3,49.6,1.293,114.8,711.0,60.38,6022.0,4.308,1.166,0,FALSE POSITIVE,5688997
0.566769068,3.011,40.0,1.06,0.773,14.9,2661.0,11897.94,5496.0,3.998,1.533,0,FALSE POSITIVE,7031340
6.2820426,7.941,1413.0,23.76,0.989,103.3,2021.0,3938.81,6635.0,3.511,3.798,0,FALSE POSITIVE,4073730
0.97430309,2.1088,34976.0,37.62,1.169,224.0,1643.0,1728.18,5688.0,4.583,0.786,0,FALSE POSITIVE,2854948
119.686505,29.33,842.7,23.0,1.221,27.1,341.0,3.21,5715.0,4.537,0.834,0,FALSE POSITIVE,3644601
53.556625,16.18,3963.0,26.31,0.879,22.1,1076.0,317.03,7643.0,3.639,3.618,0,FALSE POSITIVE,8459354
1.210693626,1.434,159.1,0.99,0.597,41.6,1351.0,784.51,5014.0,4.559,0.756,1,CONFIRMED,4164922
1.090011003,1.5,174.8,1.04,0.531,12.6,1402.0,911.28,5081.0,4.596,0.77,1,CONFIRMED,12061969
34.2115022,4.947,273.8,1.15,0.034,20.7,427.0,7.82,4955.0,4.61,0.721,1,CONFIRMED,10328393
7.061149921,3.33515,131257.0,43.71,0.912,631.5,842.0,118.87,5585.0,4.564,0.798,0,FALSE POSITIVE,10259029
2.682767439,4.58143,394412.0,70.67,0.509,508.4,1310.0,695.41,5780.0,4.438,1.0,0,FALSE POSITIVE,8299947
3.711012492,3.3394,7559.8,46.24,1.272,257.4,1310.0,695.05,6141.0,4.365,1.117,0,FALSE POSITIVE,3335813
1.780982447,3.4297,357695.0,60.45,0.002,324.0,1502.0,1204.3,5780.0,4.438,1.0,0,FALSE POSITIVE,11858741
1.815632406,3.35773,61573.6,108.78,1.04,1413.9,3429.0,32652.55,9954.0,4.07,2.408,0,FALSE POSITIVE,6363494
205.5833309,6.0353,24872.0,42.69,1.215,216.1,323.0,2.58,6328.0,4.516,0.915,0,FALSE POSITIVE,2576107
4.309067482,2.21,23647.0,101.41,1.993,82.0,882.0,142.6,4897.0,4.526,0.789,0,FALSE POSITIVE,9532421
36.4721523,2.673,52.6,0.7,0.738,7.7,527.0,18.29,5853.0,4.529,0.895,0,FALSE POSITIVE,6936966
111.0396205,25.751,9356.2,8.6,0.851,201.9,335.0,2.97,5470.0,4.509,0.777,0,FALSE POSITIVE,5653849
3.187087241,7.2897,129093.0,928.96,0.665,197.0,4037.0,62743.06,4599.0,2.137,23.673,0,FALSE POSITIVE,2437060
1.023470248,2.3804,129526.0,100.39,1.409,262.2,1807.0,2522.39,5780.0,4.438,1.0,0,FALSE POSITIVE,8127648
0.875267982,1.6038,11701.0,39.19,1.258,44.9,1910.0,3157.34,5821.0,4.402,0.898,0,FALSE POSITIVE,11564013
5.55260695,4.1178,727.6,2674.69,1.174,60.7,6436.0,404932.04,3306.0,0.273,116.965,0,FALSE POSITIVE,9405541
2.347479696,26.25,81996.0,60.5,1.051,261.1,1502.0,1207.51,5891.0,4.305,1.138,0,FALSE POSITIVE,8906045
1.13353095,3.17,18.5,0.49,0.117,11.1,2006.0,3840.87,6318.0,4.36,1.121,0,FALSE POSITIVE,7031638
0.890745373,1.9215,120034.0,36.92,0.599,239.6,1892.0,3015.62,5780.0,4.438,1.0,0,FALSE POSITIVE,7296094
440.7843755,21.693,2579.0,7.23,0.424,181.0,308.0,2.14,6340.0,4.163,1.393,1,CONFIRMED,5437945
2.723858181,1.4313,5497.0,7.13,0.913,23.8,900.0,154.53,4416.0,4.57,0.733,0,FALSE POSITIVE,12009347
0.635441862,1.9827,147609.0,56.3,0.872,317.1,2118.0,4750.98,5780.0,4.438,1.0,0,FALSE POSITIVE,4037163
3.255189932,2.7117,119.2,1.39,0.447,38.3,1390.0,880.52,5807.0,4.23,1.256,0,FALSE POSITIVE,5535890
2.531140101,20.399,11786.5,32.12,1.249,304.2,1100.0,346.06,5325.0,4.607,0.75,0,FALSE POSITIVE,5215980
0.938750221,1.3568,280.7,1.46,0.013,47.4,1676.0,1874.28,5497.0,4.527,0.886,1,CONFIRMED,9353742
2.992704682,1.2585,361.1,7.86,0.647,39.9,2328.0,6932.19,5908.0,3.497,3.915,0,FALSE POSITIVE,9178185
6.12810722,2.824,2336.0,39.52,1.159,17.5,1513.0,1237.9,7245.0,4.158,1.667,0,FALSE POSITIVE,6290382
2.115511511,8.5116,25805.0,36.16,1.278,153.3,897.0,152.34,4188.0,4.615,0.661,0,FALSE POSITIVE,3327992
2.446736567,5.0201,415859.0,71.52,0.477,1037.3,1351.0,788.17,5780.0,4.438,1.0,0,FALSE POSITIVE,5649206
21.3779536,24.872,255244.0,173.18,0.0,101.9,1062.0,300.32,4905.0,3.3,3.484,0,FALSE POSITIVE,5193384
4.350460215,2.5276,50424.0,533.08,4.203,247.2,1472.0,1107.34,6585.0,4.208,1.416,0,FALSE POSITIVE,5181804
22.77194512,10.1995,30246.0,251.93,1.263,208.6,1254.0,584.54,5073.0,3.02,4.61,0,FALSE POSITIVE,10491544
67.844689,11.757,211.2,2.65,0.368,18.9,592.0,29.08,5878.0,4.005,1.812,1,CONFIRMED,9101496
27.3214242,4.836,279.6,3.61,0.983,14.9,705.0,58.35,5592.0,4.115,1.451,1,CONFIRMED,11450414
9.84883968,5.7425,22012.0,63.42,1.25,236.6,1134.0,390.19,6938.0,4.281,1.31,0,FALSE POSITIVE,4937143
10.23335969,7.55,,,,,,,,,,0,FALSE POSITIVE,8719324
227.6625222,5.5072,13894.8,44.24,1.25,227.5,319.0,2.46,6124.0,4.414,1.007,0,FALSE POSITIVE,11241814
1.06100873,2.6715,6367.1,9.14,0.882,174.9,1568.0,1434.99,5080.0,4.417,0.947,0,FALSE POSITIVE,5036537
0.623393802,1.40392,30192.2,28.21,1.137,867.8,1379.0,849.08,4330.0,4.628,0.639,0,FALSE POSITIVE,9837083
0.65355361,1.63,4595.9,22.95,1.226,217.4,1437.0,1004.07,4550.0,4.622,0.66,1,CONFIRMED,12557548
2.3702932,1.666,224.8,1.29,0.003,7.0,1256.0,588.1,5668.0,4.545,0.868,1,CONFIRMED,3657758
0.566793534,4.714,92.4,122.64,0.06,40.4,14667.0,10947554.55,3420.0,0.269,138.056,0,FALSE POSITIVE,7031726
1.873380717,10.1083,538716.0,89.79,0.27,1513.7,1669.0,1830.27,5992.0,4.283,1.171,0,FALSE POSITIVE,3338660
1.87337894,9.1328,5444.0,51.11,0.883,223.1,2925.0,17342.01,4740.0,2.9,5.721,0,FALSE POSITIVE,3338674
7.50023955,2.916,273.2,21.06,1.194,29.0,901.0,155.6,5849.0,4.517,0.919,0,FALSE POSITIVE,5546277
23.6270348,11.481,8433.0,21.71,1.096,78.4,560.0,23.17,5305.0,4.477,0.857,0,FALSE POSITIVE,8258160
0.716709897,0.7466,932.5,66.73,1.182,47.6,3124.0,22605.13,5173.0,3.471,2.742,0,FALSE POSITIVE,9752982
2.248063246,5.1297,631.7,30.38,1.225,87.9,1566.0,1421.38,6325.0,4.409,1.112,0,FALSE POSITIVE,4666008
63.3278636,47.0744,11515.0,54.17,0.003,619.6,896.0,152.49,4919.0,2.979,5.198,0,FALSE POSITIVE,8430105
219.3215562,12.4124,3628.7,6.11,0.244,93.8,313.0,2.27,6063.0,4.476,1.012,1,CONFIRMED,9517393
245.4382021,14.502,11311.6,19.17,1.001,844.7,289.0,1.66,5637.0,4.383,0.99,0,FALSE POSITIVE,8052474
178.4129899,2.9298,37510.0,33.24,0.936,535.1,361.0,4.0,6078.0,4.346,1.148,0,FALSE POSITIVE,3534118
178.44973004,12.86,,,,,,,,,,0,FALSE POSITIVE,3534118
2.192004364,3.075,99583.0,37.56,1.003,298.7,1118.0,369.54,5306.0,4.642,0.687,0,FALSE POSITIVE,2441161
3.900109346,3.9037,126194.0,40.37,0.733,448.0,1160.0,427.83,5791.0,4.424,0.969,0,FALSE POSITIVE,3231120
1.471060209,4.3708,148439.0,165.15,0.895,563.0,3693.0,43941.18,8749.0,3.806,2.911,0,FALSE POSITIVE,12216706
0.73553763,2.0,,,,,,,,,,0,FALSE POSITIVE,12216706
213.3990406,6.5043,13929.5,35.2,0.981,370.9,468.0,11.32,6960.0,4.069,1.83,0,FALSE POSITIVE,10735331
6.40802979,2.9288,7784.1,51.44,1.287,108.2,1157.0,424.01,6261.0,4.293,1.194,0,FALSE POSITIVE,7763269
0.962835804,4.9844,14328.4,458.02,0.836,209.2,7100.0,602806.92,3982.0,1.464,32.244,0,FALSE POSITIVE,5471606
4.639602084,3.4636,25079.0,19.96,0.634,131.0,1285.0,643.95,6078.0,4.223,1.194,0,FALSE POSITIVE,11200405
2.991885335,7.4319,1356.9,3.94,0.95,160.2,1209.0,505.77,5750.0,4.464,0.839,0,FALSE POSITIVE,5475736
1.327471395,5.2334,5673.8,7.08,0.897,218.7,1395.0,892.4,5232.0,4.519,0.777,0,FALSE POSITIVE,9049673
0.566792595,2.637,19.9,0.5,0.068,9.4,2548.0,10020.28,6277.0,4.322,1.121,0,FALSE POSITIVE,7031898
1.247156944,2.6779,134761.0,26042.9,25.224,92.4,4120.0,68223.38,4770.0,2.605,9.67,0,FALSE POSITIVE,9593759
2.119100054,8.2163,1651.1,34.34,1.247,195.7,1571.0,1435.29,6292.0,4.426,1.078,0,FALSE POSITIVE,5020044
1.466535757,0.8222,1346.4,4.28,0.824,86.1,1671.0,1849.31,5888.0,4.387,1.02,0,FALSE POSITIVE,11560037
8.870415578,1.2864,873.1,39.46,1.206,43.8,1151.0,414.26,6022.0,4.027,1.514,0,FALSE POSITIVE,11911561
1.49131759,4.721,25.8,1.26,0.467,10.3,2475.0,8873.77,6014.0,3.782,2.429,0,FALSE POSITIVE,6547322
19.57783279,1.9857,432.6,1.96,0.694,37.2,621.0,35.14,5620.0,4.533,0.884,1,CONFIRMED,3440118
3.04476607,9.568,272.6,15.7,1.159,67.0,1126.0,379.01,5627.0,4.568,0.818,0,FALSE POSITIVE,9159265
70.9672087,6.9623,784.7,2.84,0.545,69.3,438.0,8.66,5818.0,4.464,0.986,1,CONFIRMED,4472818
4.45543346,5.116,245681.0,51.69,0.469,508.6,1106.0,354.27,5780.0,4.438,1.0,0,FALSE POSITIVE,5816806
14.323889947,4.83729,69071.6,45.93,1.073,834.3,720.0,63.62,5853.0,4.529,0.895,0,FALSE POSITIVE,6531496
20.427232317,3.46429,121813.0,601.32,5.499,526.6,749.0,74.27,6167.0,4.354,1.121,0,FALSE POSITIVE,9661869
105.6552651,9.39,1366.9,4.22,0.371,42.3,407.0,6.51,5741.0,4.331,1.136,1,CONFIRMED,9411166
4.029803201,4.4301,191073.0,47.58,0.17,352.3,1233.0,545.64,6024.0,4.385,1.078,0,FALSE POSITIVE,3097352
1.303858554,4.36797,126636.0,73.29,0.928,904.0,2080.0,4438.11,6282.0,4.207,1.343,0,FALSE POSITIVE,6066379
3.18899015,2.722,66.2,0.98,0.526,18.4,1309.0,693.65,5700.0,4.327,1.176,1,CONFIRMED,12154526
1.570518376,3.2035,2213.2,450.76,1.295,76.7,4106.0,67267.85,5314.0,2.782,11.82,0,FALSE POSITIVE,3459199
115.9943364,2.4136,37571.0,13.66,0.028,102.4,265.0,1.16,4530.0,4.566,0.735,0,FALSE POSITIVE,6973796
0.623441636,1.46001,19340.5,29.19,1.2127,164.7,1711.0,2025.22,5319.0,4.612,0.654,0,FALSE POSITIVE,12023089
14.5417471,5.6067,1088.6,163.25,1.214,71.2,1494.0,1176.23,5032.0,3.042,5.922,0,FALSE POSITIVE,6286155
2.81753381,2.1551,3836.0,52.91,1.373,39.3,1494.0,1180.61,6313.0,4.325,1.098,0,FALSE POSITIVE,7831363
0.762132307,1.22,63.7,0.75,0.399,11.5,1872.0,2913.14,5594.0,4.489,0.934,1,CONFIRMED,8804845
56.6993107,7.0706,5824.7,539.16,1.264,76.3,1261.0,598.36,4727.0,2.497,13.547,0,FALSE POSITIVE,4663185
161.252247,23.467,2185.9,4.49,0.892,84.1,303.0,2.0,5555.0,4.502,0.811,0,FALSE POSITIVE,5305471
0.867719291,6.323,2651.8,37.79,1.27,157.1,2106.0,4662.2,6220.0,4.398,1.056,0,FALSE POSITIVE,5560830
0.84112187,2.0431,75070.0,39.34,1.0871,89.7,1514.0,1240.91,5048.0,4.571,0.707,0,FALSE POSITIVE,8211824
0.828326025,1.42721,10718.0,49.67,1.3292,164.5,1845.0,2739.59,5400.0,4.382,0.978,0,FALSE POSITIVE,5980800
1.219324537,4.7501,379055.0,60.62,0.489,241.0,1569.0,1432.21,5455.0,4.458,0.897,0,FALSE POSITIVE,9592850
2.401751509,2.0835,25044.0,268.75,5.25,83.1,888.0,146.91,4577.0,4.688,0.557,0,FALSE POSITIVE,6227560
36.97709537,5.2063,217145.0,59.66,0.75,204.9,546.0,21.08,5780.0,4.438,1.0,0,FALSE POSITIVE,5866104
16.371883638,3.44467,65927.0,70.73,1.066,639.8,840.0,117.9,5642.0,4.114,1.415,0,FALSE POSITIVE,8256044
2.617284592,9.5545,231450.0,162.67,0.743,1215.2,2013.0,3885.11,5510.0,3.641,2.649,0,FALSE POSITIVE,8780968
10.14873521,5.603,116125.0,71.11,0.965,250.9,1045.0,281.19,6366.0,4.239,1.296,0,FALSE POSITIVE,6960446
2.897436854,3.2833,289807.0,64.69,0.642,274.2,1277.0,627.44,5780.0,4.438,1.0,0,FALSE POSITIVE,8264097
5.546083089,2.717,2211.0,22.27,0.902,56.4,2336.0,7027.09,7358.0,3.538,4.037,1,CONFIRMED,7515679
6.87366398,7.0845,9766.9,12.01,0.958,143.2,859.0,128.52,5662.0,4.575,0.805,0,FALSE POSITIVE,9674592
6.87366412,4.85,,,,,,,,,,0,FALSE POSITIVE,9674592
0.668483494,2.4129,722770.0,138.76,0.773,334.3,2082.0,4439.53,5780.0,4.438,1.0,0,FALSE POSITIVE,10879213
1.070272827,4.2844,9886.5,28.73,1.269,284.0,1224.0,528.52,4628.0,4.651,0.653,0,FALSE POSITIVE,5650314
0.977170246,3.4842,151.1,5.08,0.646,94.5,3226.0,25506.22,5596.0,3.48,3.938,0,FALSE POSITIVE,6962901
1.135930136,4.5036,27247.4,52.05,1.282,551.7,1836.0,2683.57,6247.0,4.489,0.954,0,FALSE POSITIVE,8302302
1.801863222,7.2492,262582.0,145.36,0.681,463.4,2721.0,12930.1,7479.0,3.919,2.324,0,FALSE POSITIVE,10581918
54.77145968,37.1871,7224.8,34.32,0.637,751.1,777.0,86.12,5145.0,3.466,3.866,0,FALSE POSITIVE,3851949
1.674690886,2.0179,527.4,29.78,1.212,118.6,1813.0,2558.96,6397.0,4.331,1.157,0,FALSE POSITIVE,9097892
161.515617,6.548,2215.3,2.88,0.001,25.2,211.0,0.47,4243.0,4.637,0.641,1,CONFIRMED,9351316
2.112405306,2.5845,489.0,19.01,1.207,42.2,1225.0,533.2,5562.0,4.601,0.756,0,FALSE POSITIVE,4579313
1.870990236,1.8432,642.6,26.1,1.193,37.4,1668.0,1824.38,6384.0,4.419,1.086,0,FALSE POSITIVE,11614528
5.56648691,10.931,694.9,43.67,0.935,103.6,2618.0,11089.75,4694.0,2.564,12.701,0,FALSE POSITIVE,8848288
1.33253834,3.737,62.4,0.64,0.164,9.7,1453.0,1051.03,5520.0,4.572,0.818,0,FALSE POSITIVE,6590307
1.241483276,2.195,141.0,27.25,1.227,32.0,1847.0,2761.35,6140.0,4.394,1.053,0,FALSE POSITIVE,5308419
3.01551943,3.1713,159584.0,155.81,0.851,367.3,1837.0,2692.16,5299.0,3.672,2.761,0,FALSE POSITIVE,6312521
2.112395777,2.7714,262602.0,115.26,1.285,243.2,1419.0,957.45,5780.0,4.438,1.0,0,FALSE POSITIVE,4579321
14.8444836,6.091,177.9,2.49,0.149,10.5,1092.0,336.06,6642.0,4.057,1.846,1,CONFIRMED,5202905
2.252417903,1.9767,32296.0,27.09,1.198,129.5,782.0,88.43,3979.0,4.699,0.544,0,FALSE POSITIVE,1575690
2.900613144,3.7357,165475.0,38.63,0.334,617.7,1289.0,650.9,5977.0,4.472,0.931,0,FALSE POSITIVE,4386047
174.7697122,2.3569,68139.0,38.79,1.036,100.4,294.0,1.77,5704.0,4.575,0.804,0,FALSE POSITIVE,5103998
31.43284649,5.3541,178874.0,57.21,0.815,154.0,577.0,26.19,5780.0,4.438,1.0,0,FALSE POSITIVE,9655858
9.72675447,19.6214,6641.6,995.22,4.676,366.4,1363.0,815.99,6327.0,3.84,2.433,0,FALSE POSITIVE,10275880
8.096939227,2.8833,142891.0,68.48,0.786,177.9,1194.0,481.48,6572.0,4.208,1.418,0,FALSE POSITIVE,2166200
0.64234865,2.1184,39597.0,25.76,0.966,231.7,1829.0,2653.37,5441.0,4.553,0.791,0,FALSE POSITIVE,3547315
130.4194187,4.165,2290.9,57.51,1.258,90.4,473.0,11.79,5770.0,3.946,1.685,0,FALSE POSITIVE,6933781
1.78526527,6.2233,1733.1,41.19,1.262,123.1,1815.0,2563.99,6505.0,4.342,1.228,0,FALSE POSITIVE,6148271
4.8591441,3.8588,2183.6,6.9,0.932,81.6,1303.0,681.41,6586.0,4.361,1.207,0,FALSE POSITIVE,5386904
5.95077813,5.6,761.8,32.26,0.881,71.9,2366.0,7394.55,5122.0,2.886,9.828,0,FALSE POSITIVE,2997178
99.673478,0.968,2496.0,576.14,11.6846,12.6,262.0,1.11,4932.0,4.777,0.492,0,FALSE POSITIVE,8956206
0.955297055,1.7405,846.1,18.16,1.193,67.3,1550.0,1367.42,5319.0,4.548,0.734,0,FALSE POSITIVE,8260198
280.476576,32.24,651.2,3.16,0.974,38.7,268.0,1.22,5869.0,4.528,0.892,0,FALSE POSITIVE,10733174
152.8255989,22.688,2173.5,34.85,0.409,98.9,734.0,68.47,4991.0,2.933,7.506,0,FALSE POSITIVE,8564976
2.41660149,1.9699,83.6,0.92,0.035,33.7,1343.0,770.05,5705.0,4.444,1.026,1,CONFIRMED,11760860
4.252082243,2.7543,8290.5,33.14,1.268,254.8,1064.0,303.48,5802.0,4.492,0.794,0,FALSE POSITIVE,7910148
14.180228311,4.5344,172737.0,62.41,0.795,472.3,873.0,137.11,6289.0,4.33,1.142,0,FALSE POSITIVE,12459731
282.5253558,10.7965,9746.4,8.98,0.248,696.0,264.0,1.15,5725.0,4.506,0.913,1,CONFIRMED,12735740
1.87887673,6.60887,824392.0,148.25,0.441,3176.9,1846.0,2750.37,6569.0,4.281,1.235,0,FALSE POSITIVE,4678875
17.79391159,4.3194,93395.0,33.3,0.692,247.0,697.0,55.88,5780.0,4.438,1.0,0,FALSE POSITIVE,7812175
7.942583252,7.0612,88327.0,219.02,1.522,855.4,1285.0,644.35,5516.0,3.765,2.178,0,FALSE POSITIVE,7708193
15.85231085,4.8707,437862.0,679.44,6.286,252.4,725.0,65.17,5780.0,4.438,1.0,0,FALSE POSITIVE,5478083
2.415925551,9.7769,560970.0,300.82,0.511,1598.3,3329.0,29070.1,8796.0,3.711,3.278,0,FALSE POSITIVE,10857342
0.656201038,4.17901,174860.0,112.77,1.439,2065.8,2157.0,5094.25,6025.0,4.472,0.999,0,FALSE POSITIVE,5215700
2.617280959,9.661,3089.9,395.94,3.651,262.4,1689.0,1918.98,6432.0,4.207,1.345,0,FALSE POSITIVE,8780959
1.412524016,5.74859,175776.0,68.92,0.846,1475.4,1978.0,3627.17,6690.0,4.375,1.174,0,FALSE POSITIVE,5565486
5.77676732,6.822,5794.8,26.2,1.273,74.1,670.0,47.55,4401.0,4.621,0.645,0,FALSE POSITIVE,8453214
88.40678718,12.3079,1724.4,4.55,0.535,328.0,410.0,6.65,5611.0,4.388,1.073,1,CONFIRMED,8552719
3.635723653,2.1862,80.0,1.23,0.677,43.1,1478.0,1126.72,6422.0,4.249,1.295,0,FALSE POSITIVE,8556077
369.181947,3.239,913.0,2.6,0.021,9.9,245.0,0.85,5959.0,4.546,0.859,0,FALSE POSITIVE,7757698
45.3968385,4.477,1355.2,21.23,1.235,38.9,437.0,8.62,5649.0,4.633,0.705,0,FALSE POSITIVE,8625821
15.160166,5.856,307.9,2.09,0.228,26.1,821.0,107.59,5940.0,4.3,1.191,0,FALSE POSITIVE,8652999
2.63009438,11.226,388.9,25.55,1.195,69.4,1480.0,1135.97,6338.0,4.418,1.091,0,FALSE POSITIVE,12164770
9.40527028,2.076,470.9,25.39,1.212,20.7,938.0,182.72,6347.0,4.464,0.996,0,FALSE POSITIVE,9541322
4.15713766,1.808,77.0,1.17,0.121,9.2,1401.0,908.82,6470.0,4.301,1.324,0,FALSE POSITIVE,10470616
3.2136904,2.205,55.8,1.22,0.57,19.2,1591.0,1515.7,6184.0,4.151,1.579,0,FALSE POSITIVE,10362031
2.87066026,1.541,450.8,1.72,0.286,13.2,1196.0,484.17,5910.0,4.578,0.796,0,FALSE POSITIVE,6373680
31.24611088,4.76,,,,,,,,,,0,FALSE POSITIVE,10963242
82.37208458,6.35,,,,,,,,,,0,FALSE POSITIVE,9150827
0.991105114,2.2137,286389.0,36.87,0.623,273.8,1257.0,589.31,4769.0,4.673,0.578,0,FALSE POSITIVE,9957351
12.425580393,57.2012,1131.0,21.34,1.222,58.8,563.0,23.83,4594.0,4.58,0.743,0,FALSE POSITIVE,5385575
138.944022,10.611,530.2,2.57,0.195,28.0,384.0,5.13,6014.0,4.362,1.115,1,CONFIRMED,3732035
12.4260454,27.7691,582.1,2.64,0.967,55.7,706.0,58.88,5645.0,4.569,0.817,0,FALSE POSITIVE,5385697
12.4260002,30.1966,468.6,2.39,0.971,47.8,706.0,58.88,5645.0,4.569,0.817,0,FALSE POSITIVE,5385697
1.50650136,3.1126,66.9,0.8,0.556,41.9,1562.0,1403.44,5607.0,4.381,0.948,0,FALSE POSITIVE,8823833
1.179969562,1.9745,1109.3,120.02,1.244,277.9,2960.0,18136.88,5500.0,3.491,3.899,0,FALSE POSITIVE,5015913
10.10176739,2.1267,601.7,26.09,1.251,28.8,829.0,111.86,6058.0,4.54,0.867,0,FALSE POSITIVE,5103942
1.480283464,2.486,60.5,0.97,0.058,21.3,1822.0,2597.27,5897.0,4.25,1.259,1,CONFIRMED,5195172
15.420409367,2.3707,14759.2,16.62,0.955,268.5,661.0,45.03,5468.0,4.505,0.88,0,FALSE POSITIVE,8678664
9.97682072,3.4873,966.8,2.85,0.022,31.3,802.0,97.85,5500.0,4.416,0.928,1,CONFIRMED,8832512
61.4913415,9.627,3692.4,4.57,0.92,70.5,323.0,2.58,4796.0,4.656,0.598,0,FALSE POSITIVE,8892721
16.00351679,4.001,668.3,18.01,1.209,29.9,586.0,27.83,5283.0,4.594,0.695,0,FALSE POSITIVE,9042357
1.86390886,4.414,176.1,77.99,1.2,18.3,2902.0,16718.87,6689.0,3.594,3.381,0,FALSE POSITIVE,9115681
2.03743942,3.103,112.5,0.82,0.102,16.0,1299.0,673.94,5751.0,4.577,0.774,0,FALSE POSITIVE,10481045
332.74984,14.77,518.1,2.55,0.1296,8.7,302.0,1.97,6372.0,4.375,1.112,0,FALSE POSITIVE,8107034
45.60304785,8.35,,,,,,,,,,0,FALSE POSITIVE,3962751
2.4681015,2.83,172.8,1.22,0.689,22.1,1244.0,564.74,5516.0,4.466,0.872,0,FALSE POSITIVE,8582291
12.53449909,6.02,,,,,,,,,,0,FALSE POSITIVE,5110683
215.15218,19.97,264.2,1.36,0.2999,6.7,287.0,1.61,5914.0,4.563,0.828,0,FALSE POSITIVE,7967861
3.17275711,5.404,313.2,1.27,0.03,30.1,966.0,206.07,5058.0,4.61,0.739,0,FALSE POSITIVE,8179325
0.73619448,1.1148,247.3,1.84,0.689,27.2,2268.0,6218.56,6355.0,4.418,1.09,0,FALSE POSITIVE,5475494
10.18670759,7.498,261.2,0.95,0.677,35.5,477.0,12.29,3995.0,4.694,0.555,0,FALSE POSITIVE,9412445
365.994154,13.071,698.5,2.87,0.8353,23.8,263.0,1.14,6074.0,4.466,0.965,0,FALSE POSITIVE,7866914
0.54028956,3.619,293.5,21.45,1.181,58.4,2279.0,6356.72,5997.0,4.483,0.993,0,FALSE POSITIVE,6057684
2.49047468,2.2003,222.2,1.53,0.522,20.7,1413.0,940.43,6067.0,4.433,0.997,0,FALSE POSITIVE,5271608
2.17257963,1.5794,335.5,13.55,1.107,27.1,1518.0,1254.52,6038.0,4.34,0.971,0,FALSE POSITIVE,5357470
3.307669761,1.672,243.1,3.87,0.602,66.7,1840.0,2710.89,5959.0,3.829,2.382,0,FALSE POSITIVE,5443775
3.183961388,3.7875,39268.0,37.22,0.677,339.2,1615.0,1608.01,5716.0,3.963,1.76,0,FALSE POSITIVE,5527172
48.507991,8.984,288.9,2.06,0.944,11.4,511.0,16.08,6031.0,4.476,0.966,0,FALSE POSITIVE,7386391
0.759766456,5.323,480.5,29.02,1.238,73.0,2128.0,4850.1,6174.0,4.455,1.026,0,FALSE POSITIVE,5529643
1.219034472,2.151,6923.8,9.82,0.075,99.2,1845.0,2734.97,5833.0,4.333,1.192,0,FALSE POSITIVE,9366989
7.37339245,2.883,125.0,13.73,1.104,36.6,1098.0,344.18,6484.0,4.36,1.093,0,FALSE POSITIVE,9468717
4.70847097,6.0503,32622.1,19.58,0.418,607.2,1202.0,493.0,6214.0,4.391,1.061,0,FALSE POSITIVE,9528420
2.404556949,7.4918,408.7,4.69,0.97,147.1,1958.0,3474.41,6426.0,4.013,1.775,0,FALSE POSITIVE,9529744
2.972047661,1.198,5945.0,24.74,1.207,20.0,881.0,142.01,4491.0,4.58,0.711,0,FALSE POSITIVE,9674608
2.237180102,1.4734,493.8,1.75,0.374,23.3,1134.0,390.02,5080.0,4.538,0.793,0,FALSE POSITIVE,8495415
0.93374232,6.552,351.4,18.29,1.188,49.1,1638.0,1706.25,5553.0,4.577,0.806,0,FALSE POSITIVE,10341905
134.76308997,8.77,,,,,,,,,,0,FALSE POSITIVE,10336927
0.495434094,1.2496,287.9,1.57,0.009,57.2,2151.0,5088.43,5529.0,4.471,0.936,0,FALSE POSITIVE,12115188
8.48031302,5.988,107.0,2.74,0.765,20.2,1510.0,1229.56,6541.0,3.778,2.43,0,FALSE POSITIVE,9850957
5.40534383,2.32,,,,,,,,,,0,FALSE POSITIVE,12470954
0.882131829,6.8106,3620.9,8.13,0.968,70.6,1963.0,3510.31,6168.0,4.482,0.911,0,FALSE POSITIVE,11568224
0.489682339,1.7495,431674.0,37.47,0.441,628.2,1251.0,580.4,3898.0,4.735,0.53,0,FALSE POSITIVE,7938883
364.751562,13.057,1481.5,2.89,0.875,25.5,166.0,0.18,4386.0,4.629,0.63,1,CONFIRMED,9280239
2.189098506,5.1498,2533.7,29.7,1.258,194.9,1288.0,651.22,5681.0,4.551,0.859,0,FALSE POSITIVE,4544571
0.7088055,3.6789,17575.0,41.08,1.238,195.6,2035.0,4055.22,5989.0,4.5,0.908,0,FALSE POSITIVE,3245661
88.821421,9.35,393.7,234.99,1.6227,7.8,634.0,38.13,5081.0,3.484,3.365,0,FALSE POSITIVE,5618071
1.507761203,3.096,2773.7,31.77,1.292,153.1,1301.0,675.11,5069.0,4.53,0.818,0,FALSE POSITIVE,6312534
1.506019633,2.408,136.9,1.08,0.528,18.8,1628.0,1660.03,6065.0,4.454,0.896,0,FALSE POSITIVE,6470917
0.572513875,2.353,49.3,0.52,0.04,10.2,1779.0,2365.45,5171.0,4.576,0.76,0,FALSE POSITIVE,7431709
35.14578122,2.253,6789.4,32.5,1.276,86.8,480.0,12.6,5437.0,4.554,0.783,0,FALSE POSITIVE,6611330
3.690317047,1.3784,465.5,20.23,1.151,43.0,1280.0,634.09,6120.0,4.395,1.054,0,FALSE POSITIVE,6699368
105.9566815,6.9988,2286.4,3.79,0.322,51.8,324.0,2.59,5327.0,4.581,0.8,1,CONFIRMED,9886255
2.95600563,2.6717,76.1,0.81,0.408,35.5,1211.0,509.55,5668.0,4.472,0.916,0,FALSE POSITIVE,9973855
11.805707539,2.0494,2052.1,18.48,1.015,124.9,1153.0,417.85,6065.0,3.888,1.891,0,FALSE POSITIVE,10019399
25.3710555,3.739,78.6,1.43,0.742,8.3,779.0,87.17,6029.0,4.127,1.494,0,FALSE POSITIVE,7841368
8.58966893,6.962,429.6,155.18,0.012,47.5,4900.0,136317.25,3837.0,0.829,80.307,0,FALSE POSITIVE,10031707
4.468456599,1.4195,906.7,24.81,1.207,39.1,1081.0,321.94,5869.0,4.513,0.942,0,FALSE POSITIVE,10092312
0.933754669,4.048,89.3,1.48,0.728,43.2,2475.0,8881.31,6443.0,4.146,1.457,0,FALSE POSITIVE,10407054
86.79876649,2.99,,,,,,,,,,0,FALSE POSITIVE,10880007
164.57506747,9.57,,,,,,,,,,0,FALSE POSITIVE,8418129
1.71030803,2.718,216.0,1.32,0.282,21.0,1449.0,1039.18,5790.0,4.528,0.9,0,FALSE POSITIVE,6525185
79.9201319,4.482,1326.8,1.81,0.623,21.9,217.0,0.53,3812.0,4.767,0.476,0,FALSE POSITIVE,10812504
199.3113,6.43,383.6,1.64,0.689,6.5,278.0,1.42,5662.0,4.577,0.789,0,FALSE POSITIVE,8107115
157.82131,12.42,192.3,1.59,0.1495,6.9,377.0,4.75,6082.0,4.342,1.147,0,FALSE POSITIVE,10663411
2.28612573,12.408,301.6,22.63,1.188,45.3,1433.0,993.96,6063.0,4.476,1.012,0,FALSE POSITIVE,10090219
199.66876,8.996,251.9,1.45,0.046,13.9,305.0,2.06,5678.0,4.409,0.921,1,CONFIRMED,9205938
1.33254971,4.69,158.3,1.36,0.741,35.3,1782.0,2377.19,6150.0,4.41,1.004,0,FALSE POSITIVE,9899217
0.469334634,0.8864,340.4,2.4,0.95,49.1,2432.0,8264.27,5888.0,4.394,1.008,0,FALSE POSITIVE,6750902
0.849277809,3.137,690.8,20.11,1.187,17.1,1781.0,2366.84,5743.0,4.553,0.853,0,FALSE POSITIVE,5895588
71.4523167,6.276,216.9,2.19,0.017,16.6,561.0,23.44,6148.0,4.132,1.488,1,CONFIRMED,6803855
1.752564549,3.503,116.6,1.38,0.741,38.0,1741.0,2174.09,6221.0,4.333,1.18,0,FALSE POSITIVE,6891366
0.566816802,1.981,94.0,0.68,0.414,12.9,1585.0,1483.43,4665.0,4.584,0.704,0,FALSE POSITIVE,7448023
1.752553762,3.877,414.7,1.06,0.346,32.5,933.0,178.74,4408.0,4.713,0.529,0,FALSE POSITIVE,6891637
2.065351521,2.661,173.2,1.03,0.63,25.3,1196.0,485.51,5266.0,4.536,0.749,0,FALSE POSITIVE,6975615
2.253551793,3.66,119.6,1.7,0.761,42.1,1812.0,2547.01,6526.0,4.217,1.426,0,FALSE POSITIVE,7137725
1.06378861,1.072,251.5,1.61,0.466,21.5,1650.0,1761.19,5265.0,4.4,1.002,1,CONFIRMED,10153855
123.11494773,17.24,,,,,,,,,,0,FALSE POSITIVE,10230571
1.854493861,4.2367,1287.3,29.39,1.279,108.2,1291.0,657.94,5431.0,4.563,0.843,0,FALSE POSITIVE,10294613
1.020713389,0.873,102.3,0.9,0.425,11.3,1724.0,2079.36,5815.0,4.52,0.87,0,FALSE POSITIVE,7879648
2.1990638,3.197,344.8,1.33,0.489,19.3,1087.0,330.97,5003.0,4.572,0.707,0,FALSE POSITIVE,10491044
132.1331011,26.715,7956.2,75.08,0.606,284.3,809.0,101.41,5067.0,2.877,8.121,0,FALSE POSITIVE,10614012
1.120646438,1.7664,322.5,89.35,1.182,45.7,2783.0,14127.22,4972.0,3.449,4.034,0,FALSE POSITIVE,10616415
1.710279417,2.252,228.8,1.57,0.473,19.9,1524.0,1272.5,5834.0,4.472,1.023,0,FALSE POSITIVE,6525193
65.238281,5.756,197.2,5.18,0.1471,10.3,734.0,68.49,5254.0,3.506,3.761,0,FALSE POSITIVE,6866251
0.56679641,2.324,26.7,0.46,0.322,14.1,1940.0,3349.38,5403.0,4.54,0.888,0,FALSE POSITIVE,7117710
9.88736642,4.23,68.0,0.68,0.383,14.6,768.0,82.32,5693.0,4.57,0.816,1,CONFIRMED,7762723
42.3520039,7.773,512.6,6.3,0.659,30.5,938.0,182.91,6864.0,3.783,2.632,1,CONFIRMED,4178606
0.789160884,0.9268,215.1,0.91,0.376,23.6,1244.0,564.46,4258.0,4.635,0.622,1,CONFIRMED,5980208
2.399081606,4.384,6071.6,40.6,1.276,89.9,1360.0,810.78,5780.0,4.438,1.0,0,FALSE POSITIVE,5303557
5.14072621,27.24,145.6,19.28,1.159,44.5,1076.0,317.19,5751.0,4.389,1.035,0,FALSE POSITIVE,10227863
0.566798545,5.224,36.9,0.53,0.331,23.3,2004.0,3787.58,5629.0,4.553,0.87,0,FALSE POSITIVE,7281668
1.44445234,0.9753,200.7,2.03,0.162,20.9,1800.0,2479.44,5305.0,4.088,1.449,1,CONFIRMED,8036287
3.55653637,8.7,202.5,1.7,0.712,23.1,1272.0,619.57,5950.0,4.395,1.114,0,FALSE POSITIVE,9602562
9.60853601,3.672,584.4,31.99,1.229,19.3,984.0,221.77,6377.0,4.398,1.158,0,FALSE POSITIVE,10668665
0.933747751,3.9236,76.6,2.07,0.741,49.5,3112.0,22250.69,6985.0,3.936,2.187,0,FALSE POSITIVE,10407020
3.17463577,10.988,405.9,9.32,1.059,83.1,1296.0,667.65,5999.0,4.417,0.996,0,FALSE POSITIVE,7380829
0.902222843,2.0516,29.7,48.23,0.508,5.1,10340.0,2710661.9,3705.0,0.798,89.806,0,FALSE POSITIVE,7470491
22.4685309,3.034,242.3,20.05,1.032,21.3,1040.0,276.85,5461.0,3.566,3.301,0,FALSE POSITIVE,7768952
10.16104834,3.0448,908.9,2.72,0.031,36.8,800.0,96.98,5636.0,4.462,0.913,0,FALSE POSITIVE,8162790
2.743978797,6.442,39994.0,38.11,1.138,56.5,1136.0,392.49,5334.0,4.492,0.81,0,FALSE POSITIVE,9655129
1.332561398,4.103,150.6,2.16,0.783,77.1,2276.0,6330.12,6468.0,4.107,1.602,0,FALSE POSITIVE,9899483
364.14397,15.37,513.5,2.2,0.475,9.3,259.0,1.06,6039.0,4.493,0.951,0,FALSE POSITIVE,7882360
21.78769087,4.498,507.7,71.95,1.192,38.1,1042.0,278.24,5627.0,3.633,3.05,0,FALSE POSITIVE,10965740
5.90741476,1.016,5569.0,5.1,0.177,7.2,769.0,82.73,4963.0,4.585,0.69,1,CONFIRMED,11187436
2.368173896,2.346,10143.0,10.92,0.763,52.9,1428.0,983.51,5944.0,4.393,0.991,0,FALSE POSITIVE,11285136
5.73865933,4.051,688.6,1.84,0.966,40.1,535.0,19.33,3841.0,4.756,0.509,0,FALSE POSITIVE,11298815
91.05641908,6.7282,57607.6,53.1,1.112,701.1,431.0,8.13,6142.0,4.456,1.046,0,FALSE POSITIVE,11342573
4.49686066,1.7306,1932.5,1.93,0.018,37.0,535.0,19.34,3698.0,4.81,0.444,1,CONFIRMED,9823519
24.7543849,3.39,593.3,2.1,0.709,18.0,491.0,13.7,4852.0,4.519,0.804,1,CONFIRMED,7047824
0.475068516,0.8552,110.1,1.03,0.412,21.4,2372.0,7444.39,6045.0,4.494,0.955,0,FALSE POSITIVE,4479633
1.79683793,7.911,223.3,3.37,0.979,27.9,2397.0,7783.32,7592.0,4.159,1.714,0,FALSE POSITIVE,4952341
187.51251276,8.05,,,,,,,,,,0,FALSE POSITIVE,8176019
12.425484,28.0218,117.2,1.55,0.98,43.0,773.0,84.37,5478.0,4.351,1.017,0,FALSE POSITIVE,5385491
17.7838298,3.997,247.1,1.6,0.115,18.7,729.0,66.87,6014.0,4.436,1.021,1,CONFIRMED,11358389
1.204529346,1.62,86.9,1.4,0.383,11.1,1968.0,3561.16,5340.0,4.046,1.504,0,FALSE POSITIVE,5551504
2.15839583,8.09,352.2,14.28,1.178,38.9,1103.0,350.53,5272.0,4.659,0.662,0,FALSE POSITIVE,6421503
371.1495,15.855,597.3,2.07,0.228,11.5,245.0,0.85,5988.0,4.541,0.836,0,FALSE POSITIVE,7538434
3.374684854,4.48335,80917.0,49.25,1.04,658.3,1163.0,432.73,5754.0,4.514,0.943,0,FALSE POSITIVE,10487119
2.61841046,3.304,180.2,1.12,0.369,24.8,1245.0,567.24,5912.0,4.566,0.82,0,FALSE POSITIVE,10621666
4.593594819,2.6391,1455.2,8.85,1.022,83.5,1125.0,378.37,6075.0,4.486,0.969,0,FALSE POSITIVE,10747439
125.0426,8.99,104.3,1.2,0.5215,6.4,416.0,7.06,6273.0,4.364,1.139,0,FALSE POSITIVE,10749128
6.17039154,2.116,502.9,2.17,0.1755,19.0,1029.0,264.63,6137.0,4.487,0.963,0,FALSE POSITIVE,10813841
0.364860478,1.4736,112.6,0.68,0.267,23.5,1993.0,3703.08,5220.0,4.622,0.642,0,FALSE POSITIVE,10879656
6.90522317,3.533,420.3,4.54,0.962,34.4,1343.0,768.55,6596.0,4.135,1.721,0,FALSE POSITIVE,12691412
1.5259105,3.114,83.9,2.63,0.986,14.3,2545.0,9917.8,6640.0,3.884,2.099,0,FALSE POSITIVE,5024482
4.27121961,2.9283,966.7,2.17,0.636,38.0,802.0,97.84,4702.0,4.602,0.67,0,FALSE POSITIVE,8175131
0.769358923,1.5364,44.8,1.93,0.111,19.8,2928.0,17335.4,5267.0,3.655,2.935,0,FALSE POSITIVE,7177766
0.755109106,2.967,106.0,0.85,0.47,34.0,1733.0,2130.82,5452.0,4.572,0.815,0,FALSE POSITIVE,5513897
25.3239215,70.405,1379.7,19.02,1.218,214.5,484.0,12.94,5128.0,4.6,0.668,0,FALSE POSITIVE,10664416
4.61225043,2.695,29.1,0.51,0.012,13.7,1032.0,268.27,5495.0,4.442,0.961,1,CONFIRMED,9602613
7.99022379,3.273,165.9,1.97,0.107,17.6,1113.0,361.73,5689.0,4.065,1.542,1,CONFIRMED,5807769
4.1749166,4.828,40.7,0.61,0.4759,11.8,1116.0,366.59,5910.0,4.505,0.94,0,FALSE POSITIVE,11495766
0.56678694,1.959,61.2,0.63,0.213,8.3,1920.0,3194.49,5341.0,4.496,0.808,0,FALSE POSITIVE,7282154
0.73094701,4.223,227.7,15.83,1.158,31.2,1870.0,2886.66,5767.0,4.559,0.837,0,FALSE POSITIVE,3228988
0.686994057,3.5252,2797.1,35.3,1.261,136.6,2063.0,4267.13,5780.0,4.438,1.0,0,FALSE POSITIVE,2970804
1.324247867,1.4759,83.3,1.3,0.295,26.5,2140.0,4951.46,6557.0,4.251,1.406,0,FALSE POSITIVE,7552701
0.780632043,1.4109,736.5,79.67,1.306,141.0,2714.0,12837.08,5354.0,3.754,2.18,0,FALSE POSITIVE,7418173
0.730947169,4.396,248.0,14.43,1.143,49.1,1777.0,2349.48,5514.0,4.569,0.826,0,FALSE POSITIVE,3228804
41.16676097,2.2133,5386.3,17.82,1.093,185.2,446.0,9.35,5193.0,4.503,0.805,0,FALSE POSITIVE,11045383
1.083736642,1.57912,8930.8,237.84,1.265,954.2,3641.0,41465.78,5591.0,3.227,5.618,0,FALSE POSITIVE,11391667
2.45570369,3.1,273.8,55.95,1.205,23.5,1891.0,3017.14,5148.0,3.624,2.314,0,FALSE POSITIVE,11392017
0.64234875,1.3699,103.7,2.78,0.627,61.3,3813.0,49846.45,7089.0,3.842,2.584,0,FALSE POSITIVE,3446451
5.204286663,6.2598,35221.0,16.0,0.272,153.0,934.0,180.12,5332.0,4.471,0.86,0,FALSE POSITIVE,6603756
6.352090869,3.88771,75141.7,18.9,0.223,1343.2,772.0,83.66,5089.0,4.58,0.693,0,FALSE POSITIVE,8460600
1.877350712,1.7478,185.6,1.46,0.297,23.1,1650.0,1755.2,6382.0,4.432,1.059,0,FALSE POSITIVE,12121470
2.11552348,6.712,359.2,21.43,1.187,28.9,1398.0,900.64,5900.0,4.509,0.951,0,FALSE POSITIVE,3327993
2.84573962,7.28,211.7,3.63,0.656,83.9,1829.0,2645.94,5557.0,3.792,2.372,0,FALSE POSITIVE,5467124
7.01476115,3.945,122.1,1.02,0.687,27.5,928.0,175.85,5912.0,4.501,0.87,0,FALSE POSITIVE,7906739
0.941603153,1.1886,462.1,2.29,0.93,46.2,1608.0,1575.78,5237.0,4.481,0.837,0,FALSE POSITIVE,2860114
24.40213373,12.57,,,,,,,,,,0,FALSE POSITIVE,8501062
1.13357304,2.849,33.1,0.59,0.739,12.0,1836.0,2688.01,6147.0,4.449,0.954,0,FALSE POSITIVE,7199644
0.643468999,1.1108,108.0,0.88,0.266,19.6,2001.0,3772.66,5670.0,4.452,0.843,0,FALSE POSITIVE,11966253
112.645961,7.037,1957.9,35.36,1.277,23.3,377.0,4.76,5895.0,4.489,0.991,0,FALSE POSITIVE,10275805
0.526887517,0.8971,119.9,0.58,0.292,20.6,1238.0,550.37,3945.0,4.721,0.519,0,FALSE POSITIVE,5709889
4.14244748,2.203,69.9,1.82,0.386,12.3,1907.0,3128.33,6785.0,3.83,2.124,0,FALSE POSITIVE,3119256
0.777663575,1.1741,134.3,0.95,0.204,28.1,1816.0,2553.18,5769.0,4.57,0.812,0,FALSE POSITIVE,9943435
0.552834211,1.2887,145.7,18.09,1.045,30.0,3107.0,21895.36,5132.0,3.675,2.648,0,FALSE POSITIVE,2442359
0.758354475,4.56811,581782.0,149.44,0.279,1560.5,3123.0,22401.95,7131.0,4.084,1.83,0,FALSE POSITIVE,7707742
76.5369531,5.574,652.2,3.73,0.327,17.7,503.0,15.15,5596.0,4.105,1.466,1,CONFIRMED,6041734
3.43525124,4.509,152.2,25.43,1.121,6.3,1579.0,1468.73,5854.0,4.014,1.742,0,FALSE POSITIVE,2010191
0.962828092,4.411,63.0,40.82,1.101,22.7,3553.0,37544.87,6552.0,3.594,3.44,0,FALSE POSITIVE,5471675
1.878156188,2.058,787.5,2.51,0.959,38.4,1141.0,400.37,5075.0,4.598,0.67,0,FALSE POSITIVE,8845574
7.81153999,5.984,912.8,23.56,1.271,41.3,718.0,62.96,5150.0,4.628,0.71,0,FALSE POSITIVE,2021440
0.993488979,1.9694,24327.0,17.9,0.83,145.8,1914.0,3172.24,5811.0,4.328,0.998,0,FALSE POSITIVE,3122985
1.334104585,3.14624,61690.8,44.9,0.986,1334.6,1880.0,2954.64,6319.0,4.373,1.083,0,FALSE POSITIVE,3248019
2.115498574,6.738,444.2,25.84,1.215,45.4,1432.0,995.26,5917.0,4.475,1.0,0,FALSE POSITIVE,3328026
3.40076682,4.7,21.1,0.69,0.256,7.4,1540.0,1328.5,6134.0,4.142,1.496,0,FALSE POSITIVE,7116024
6.49676881,2.527,135.0,3.74,0.643,10.6,1761.0,2273.36,6418.0,3.658,3.049,0,FALSE POSITIVE,2014991
2.057499811,2.569,325.6,1.27,0.004,23.6,1037.0,273.84,4620.0,4.564,0.736,0,FALSE POSITIVE,12885212
10.5856758,4.911,178.7,1.49,0.474,8.1,912.0,163.41,6246.0,4.433,1.092,0,FALSE POSITIVE,5894073
2.69633621,5.238,238.6,15.78,1.141,26.5,1334.0,749.66,6106.0,4.496,0.923,0,FALSE POSITIVE,10518424
11.2580745,23.516,713.3,2.14,0.955,55.4,497.0,14.44,4257.0,4.691,0.586,0,FALSE POSITIVE,4245933
0.566795586,4.124,39.4,0.66,0.686,19.6,2296.0,6597.1,6108.0,4.471,0.997,0,FALSE POSITIVE,7199724
1.099291188,1.765,282.6,1.37,0.077,19.8,1414.0,947.02,4878.0,4.5,0.843,0,FALSE POSITIVE,12935144
0.47462889,1.0194,331.3,1.43,0.377,31.2,1840.0,2691.55,4904.0,4.527,0.786,0,FALSE POSITIVE,6185496
103.4269873,5.03,950.1,3.16,0.013,17.8,416.0,7.08,6208.0,4.454,1.024,1,CONFIRMED,6606438
0.299697755,0.8473,346.9,2.03,0.964,53.6,2246.0,6005.79,5180.0,4.547,0.782,0,FALSE POSITIVE,12170648
0.56681727,1.779,35.9,0.42,0.042,9.1,1832.0,2676.11,5481.0,4.629,0.708,0,FALSE POSITIVE,7282168
1.081935491,5.136,202.9,0.99,0.0,33.9,1364.0,819.14,4938.0,4.569,0.718,0,FALSE POSITIVE,9851943
0.524175803,0.7648,236.8,1.27,0.318,22.4,1891.0,3049.23,5278.0,4.576,0.815,1,CONFIRMED,5773121
1.89129881,5.294,82.0,0.86,0.699,29.8,1414.0,944.68,5806.0,4.507,0.893,0,FALSE POSITIVE,2708420
4.94330596,2.9334,126.2,1.41,0.928,27.7,1058.0,296.74,5661.0,4.415,1.008,1,CONFIRMED,4814502
178.139072,9.654,678.8,2.25,0.042,20.3,291.0,1.7,5431.0,4.496,0.879,1,CONFIRMED,8142787
4.067371428,5.8962,63446.7,68.81,1.51,1094.6,978.0,215.71,5385.0,4.532,0.75,0,FALSE POSITIVE,3654950
1.540395781,1.6305,173.4,0.94,0.062,46.6,1211.0,510.22,4955.0,4.592,0.735,0,FALSE POSITIVE,3836453
32.9045733,4.402,662.3,28.34,1.232,19.7,568.0,24.63,5780.0,4.438,1.0,0,FALSE POSITIVE,3952651
2.46353343,2.954,830.0,21.49,1.222,6.8,1171.0,445.83,5541.0,4.587,0.777,0,FALSE POSITIVE,3966262
22.91339043,3.94,5407.0,24.11,1.281,86.9,510.0,15.94,5451.0,4.663,0.6,0,FALSE POSITIVE,4144231
1.541350116,3.29,378.0,1.5,0.272,51.7,1273.0,619.14,5150.0,4.59,0.784,0,FALSE POSITIVE,9964670
1.205412526,1.537,109.2,12.6,1.092,17.2,1988.0,3681.8,6292.0,4.32,1.122,0,FALSE POSITIVE,6209798
1.710316235,3.614,409.4,23.38,1.174,31.2,1647.0,1740.08,6147.0,4.435,1.096,0,FALSE POSITIVE,6525249
23.9210408,5.174,158.3,3.01,0.936,21.9,1020.0,255.65,7121.0,4.031,1.972,1,CONFIRMED,11075429
9.03326435,2.857,610.7,1.96,0.455,18.3,729.0,66.89,5311.0,4.588,0.788,1,CONFIRMED,11705004
356.535835,5.467,3113.0,28.27,1.281,25.7,220.0,0.55,5385.0,4.532,0.75,0,FALSE POSITIVE,6137681
3.490785878,1.4513,336.8,1.32,0.116,32.7,1010.0,245.65,5496.0,4.618,0.725,1,CONFIRMED,11244682
1.92149487,1.891,1006.0,79.14,1.29,11.6,2382.0,7634.18,6831.0,3.959,2.247,0,FALSE POSITIVE,9655419
1.093665854,1.4399,218.4,1.29,0.174,33.5,1681.0,1880.33,5845.0,4.541,0.874,1,CONFIRMED,5895158
12.4247333,16.828,40.5,1.47,0.656,19.3,1284.0,642.95,6632.0,3.86,2.193,0,FALSE POSITIVE,5471690
70.7511986,6.198,858.1,27.74,1.24,24.1,441.0,8.97,5771.0,4.4,0.936,0,FALSE POSITIVE,5350447
116.583183,5.8,819.0,2.91,0.586,8.7,371.0,4.47,5738.0,4.426,0.981,1,CONFIRMED,4173026
175.13892,10.767,634.5,3.06,0.07,17.9,346.0,3.39,5497.0,4.243,1.241,1,CONFIRMED,8934103
1.302061421,1.8238,1046.1,92.86,1.273,29.5,3345.0,29636.26,7757.0,3.837,2.783,0,FALSE POSITIVE,7618364
55.25178622,6.094,39873.6,27.32,0.978,585.0,444.0,9.15,5793.0,4.561,0.832,0,FALSE POSITIVE,4150390
5.548250634,6.06772,42873.4,21.49,0.296,1170.5,1088.0,331.99,6124.0,4.455,1.028,0,FALSE POSITIVE,4851464
4.442520831,2.4779,531.5,3.98,0.966,100.3,1392.0,889.36,6496.0,4.272,1.33,0,FALSE POSITIVE,4913000
1.339670241,1.895,28.6,1.27,0.602,21.7,3448.0,33385.02,8867.0,3.988,2.245,0,FALSE POSITIVE,4945877
2.685223546,4.0632,5494.6,28.98,1.28,238.7,1111.0,360.92,5552.0,4.62,0.719,0,FALSE POSITIVE,5110423
1.99042642,3.083,133.8,1.17,0.067,25.3,1539.0,1327.48,6198.0,4.464,1.005,0,FALSE POSITIVE,2581191
67.230028,25.01,379.1,2.44,0.938,39.5,482.0,12.79,6157.0,4.418,1.016,0,FALSE POSITIVE,7379385
0.805259637,0.9779,341.8,1.93,0.332,50.2,2115.0,4732.34,6257.0,4.454,1.022,0,FALSE POSITIVE,6199702
75.3787816,5.268,387.7,1.6,0.046,30.1,360.0,3.97,5061.0,4.488,0.841,0,FALSE POSITIVE,6307083
2.464160779,2.427,116.7,36.93,1.169,27.3,1709.0,2018.62,5238.0,3.84,1.883,0,FALSE POSITIVE,6780158
0.566781152,3.995,133.4,0.54,0.427,24.9,1090.0,337.1,3725.0,4.787,0.46,0,FALSE POSITIVE,7199756
13.0267964,0.785,356.6,2.08,0.93,11.4,643.0,40.51,5083.0,4.512,0.844,1,CONFIRMED,4947556
4.93129874,1.8626,676.1,21.42,1.224,31.7,944.0,187.36,5457.0,4.508,0.779,0,FALSE POSITIVE,7362696
5.59187448,1.6782,236.4,104.18,0.82,31.9,4793.0,124810.93,3915.0,1.173,58.325,0,FALSE POSITIVE,3865595
1.88665445,1.343,2098.0,43.81,1.269,15.8,1794.0,2453.86,6296.0,4.247,1.249,0,FALSE POSITIVE,9593528
14.53682228,3.195,1032.3,73.15,1.068,40.8,1596.0,1534.06,4946.0,2.819,5.855,0,FALSE POSITIVE,5195945
1.72853003,3.819,99.1,2.43,0.776,24.0,2492.0,9100.75,6701.0,3.882,2.237,0,FALSE POSITIVE,5288577
2.19068738,4.41,66.3,1.68,0.594,44.1,2017.0,3913.33,6208.0,3.973,1.975,0,FALSE POSITIVE,11969988
372.16478,11.288,2074.0,5.68,0.7967,23.5,279.0,1.44,6194.0,4.415,1.129,0,FALSE POSITIVE,8483258
0.947730124,1.1171,152.5,2.82,0.473,18.0,3914.0,55681.21,9464.0,4.116,2.184,0,FALSE POSITIVE,4832225
234.240739,12.925,464.1,3.41,0.944,27.7,329.0,2.77,5814.0,4.269,1.248,1,CONFIRMED,9009953
341.01495,5.12,386.0,1.72,0.087,6.9,234.0,0.71,5327.0,4.456,0.896,0,FALSE POSITIVE,7664272
6.14631207,3.803,891.1,4.79,0.937,20.3,1260.0,594.72,6726.0,4.335,1.31,0,FALSE POSITIVE,5302006
27.36432337,3.545,2282.5,39.49,1.273,42.3,659.0,44.5,6167.0,4.428,1.107,0,FALSE POSITIVE,5306720
10.26231992,3.568,813.9,1.98,0.945,17.3,509.0,15.89,4316.0,4.709,0.54,0,FALSE POSITIVE,5389540
1.519529227,5.1675,8372.5,11.12,0.866,155.1,1653.0,1766.31,6033.0,4.46,1.046,0,FALSE POSITIVE,5444384
6.487525901,2.4536,20209.0,21.23,1.199,74.3,593.0,29.11,4481.0,4.763,0.485,0,FALSE POSITIVE,5450814
0.56676437,2.326,76.5,0.92,0.594,11.7,2267.0,6222.58,6039.0,4.478,1.005,0,FALSE POSITIVE,7116519
2.35197616,5.304,268.0,21.19,1.177,31.7,1444.0,1025.78,6147.0,4.463,1.003,0,FALSE POSITIVE,9635510
0.861643331,2.4318,232.5,1.88,0.994,41.7,1613.0,1599.85,5506.0,4.596,0.688,0,FALSE POSITIVE,8076630
12.1097626,10.174,113.9,1.09,0.981,28.2,681.0,50.68,5437.0,4.547,0.739,0,FALSE POSITIVE,4077901
63.909601,11.85,143.0,0.76,0.0578,6.1,351.0,3.57,5227.0,4.668,0.643,0,FALSE POSITIVE,10271691
19.7352868,5.097,319.4,49.24,1.417,17.1,743.0,72.08,6329.0,4.44,1.045,0,FALSE POSITIVE,10544677
0.566799125,3.072,30.7,0.56,0.232,22.5,2299.0,6590.95,6063.0,4.451,1.004,0,FALSE POSITIVE,7199883
1.061935973,3.3177,337.9,24.17,1.19,101.2,1961.0,3479.87,6274.0,4.434,1.062,0,FALSE POSITIVE,8552587
1.485898163,2.446,224.6,14.96,1.173,32.8,1272.0,620.65,5088.0,4.559,0.727,0,FALSE POSITIVE,6019872
38.5763483,19.861,282.1,2.05,0.015,76.3,619.0,34.77,6167.0,4.333,1.221,1,CONFIRMED,7679812
1.845610523,2.337,374.1,77.83,1.22,33.3,2502.0,9283.04,5974.0,3.639,2.978,0,FALSE POSITIVE,4864734
133.303247,7.342,1017.5,2.67,0.063,20.6,301.0,1.94,5064.0,4.474,0.864,1,CONFIRMED,8282846
125.4132302,2.3241,1345.0,3.14,0.822,22.6,266.0,1.18,4641.0,4.557,0.747,1,CONFIRMED,5938970
21.5702917,40.4,148.7,29.53,1.155,41.0,888.0,146.81,6070.0,3.983,1.628,0,FALSE POSITIVE,8381693
0.868723418,1.4617,197.1,1.87,0.947,23.8,1998.0,3776.5,5761.0,4.331,1.046,0,FALSE POSITIVE,4929299
25.30893566,5.7704,153.7,1.77,0.799,54.2,710.0,60.2,5949.0,4.272,1.292,1,CONFIRMED,7375348
27.25471993,0.73,,,,,,,,,,0,FALSE POSITIVE,10223615
34.10787519,4.1,,,,,,,,,,0,FALSE POSITIVE,3342463
16.61474421,2.77,,,,,,,,,,0,FALSE POSITIVE,6680177
1.412526202,5.49,150.3,36.77,1.166,70.6,3001.0,19160.84,8468.0,4.114,1.91,0,FALSE POSITIVE,5565497
2.759573341,6.999,382.0,6.42,1.04,64.4,1198.0,487.37,5640.0,4.52,0.863,0,FALSE POSITIVE,5730389
3.79188234,2.15,417.0,1.95,0.615,6.6,1201.0,492.81,6171.0,4.495,0.91,0,FALSE POSITIVE,5802478
14.38724729,1.9078,1914.1,29.24,1.262,43.5,725.0,65.41,5830.0,4.479,0.859,0,FALSE POSITIVE,5942093
58.4302648,7.18,1849.5,3.45,0.948,34.1,300.0,1.91,4338.0,4.643,0.609,0,FALSE POSITIVE,5992270
0.566717263,2.6079,18.5,0.43,0.606,11.1,2096.0,4581.82,5544.0,4.438,0.957,0,FALSE POSITIVE,7117126
13.37935853,8.809,353.5,6.65,0.974,36.2,1395.0,896.56,6739.0,3.712,2.702,0,FALSE POSITIVE,4761060
13.26255423,4.65,916.4,3.55,0.943,31.4,766.0,81.56,5973.0,4.506,0.935,0,FALSE POSITIVE,5479802
20.5696575,4.263,401.5,28.96,1.298,22.2,650.0,42.09,6098.0,4.562,0.838,0,FALSE POSITIVE,5607631
4.52342256,2.531,219.0,1.7,0.757,15.9,1195.0,482.25,6211.0,4.437,1.058,0,FALSE POSITIVE,4951249
22.32423657,3.669,1299.3,4.56,0.965,29.9,611.0,32.87,5648.0,4.489,0.912,0,FALSE POSITIVE,9156585
0.723947772,2.125,242.7,52.16,1.148,17.7,3192.0,24641.6,5160.0,3.424,2.897,0,FALSE POSITIVE,3121340
308.544422,18.503,586.8,3.28,0.022,56.8,330.0,2.81,6325.0,4.274,1.349,1,CONFIRMED,8636434
0.905679492,2.1164,2299.0,35.74,1.272,59.3,1882.0,2950.42,5780.0,4.438,1.0,0,FALSE POSITIVE,5952366
22.735911,42.435,2311.0,5.07,0.665,69.4,643.0,40.32,5780.0,4.438,1.0,0,FALSE POSITIVE,5952366
0.909310626,3.4411,12126.6,48.79,1.264,454.0,2130.0,4889.6,6370.0,4.41,1.106,0,FALSE POSITIVE,6045250
0.648774274,2.643,231.0,1.08,0.078,26.1,1659.0,1795.83,5026.0,4.557,0.729,0,FALSE POSITIVE,5598595
32.63286247,3.08,,,,,,,,,,0,FALSE POSITIVE,6681233
25.64384513,5.05,,,,,,,,,,0,FALSE POSITIVE,7351237
25.58546721,2.28,,,,,,,,,,0,FALSE POSITIVE,7436215
17.47702,54.52,138.3,0.93,0.0012,2.9,676.0,49.24,6116.0,4.579,0.782,0,FALSE POSITIVE,9763754
16.88954693,3.41,,,,,,,,,,0,FALSE POSITIVE,10216045
26.77891391,3.12,,,,,,,,,,0,FALSE POSITIVE,8846163
13.33386985,6.51,,,,,,,,,,0,FALSE POSITIVE,12366681
94.10628163,17.21,,,,,,,,,,0,FALSE POSITIVE,1996399
14.71266408,4.21,,,,,,,,,,0,FALSE POSITIVE,2697169
0.696125302,2.0054,14966.0,28.44,1.219,177.2,1645.0,1739.43,5245.0,4.594,0.674,0,FALSE POSITIVE,8435247
302.38867822,3.1229,41320.0,40.73,1.134,294.8,238.0,0.76,5328.0,4.499,0.857,0,FALSE POSITIVE,8332986
5.24372504,17.136,234.4,20.41,1.201,51.6,1017.0,253.25,5772.0,4.452,0.867,0,FALSE POSITIVE,6364327
18.795269797,9.9816,28241.1,30.77,0.201,3596.6,899.0,154.05,5623.0,3.925,1.841,0,FALSE POSITIVE,6762829
42.2625935,4.465,692.2,12.62,0.962,40.7,855.0,126.27,5432.0,3.55,3.581,0,FALSE POSITIVE,7369865
3.549386251,2.4342,50664.0,24.15,0.818,108.2,1142.0,402.76,5759.0,4.495,0.892,0,FALSE POSITIVE,7593110
29.92208104,2.7716,345.3,3.09,0.38,37.6,782.0,88.52,6127.0,4.055,1.637,1,CONFIRMED,7810483
0.566812588,3.596,17.1,0.71,0.079,17.5,3089.0,21653.56,6194.0,3.971,1.718,0,FALSE POSITIVE,7117147
9.94221873,2.453,486.5,19.64,1.171,12.6,754.0,76.56,5213.0,4.434,0.917,0,FALSE POSITIVE,6634133
9.06557317,1.6208,243.4,1.46,0.432,24.9,880.0,141.9,6075.0,4.51,0.916,0,FALSE POSITIVE,7021534
4.9432827,40.01,27.1,1.21,0.5719,12.9,1739.0,2161.95,6701.0,3.907,2.236,0,FALSE POSITIVE,9277210
7.35390869,2.061,92.9,2.29,0.375,11.1,1483.0,1141.53,6385.0,3.868,2.327,0,FALSE POSITIVE,9728465
15.7455586,13.877,161.1,1.41,0.889,37.6,743.0,71.98,6089.0,4.495,0.95,0,FALSE POSITIVE,7124026
0.566796615,1.999,47.8,0.59,0.243,8.5,2077.0,4426.68,5858.0,4.553,0.849,0,FALSE POSITIVE,7200485
8.48651582,5.267,110.8,1.34,0.009,21.1,1060.0,298.03,6178.0,4.269,1.267,1,CONFIRMED,9904006
2.189092892,5.1128,1871.5,33.45,1.27,150.7,1446.0,1034.43,6106.0,4.487,0.966,0,FALSE POSITIVE,4544572
2.40435335,4.07,70.6,3.05,0.746,27.1,2454.0,8577.88,6103.0,3.568,3.358,0,FALSE POSITIVE,5738634
220.9290121,7.335,2456.5,5.24,0.826,70.4,299.0,1.89,5893.0,4.483,0.941,0,FALSE POSITIVE,10152836
3.1877519,14.836,452.3,19.66,1.178,83.2,1141.0,400.3,5532.0,4.489,0.896,0,FALSE POSITIVE,10651816
10.72396374,3.8439,13518.0,39.84,1.25,127.7,783.0,88.64,5582.0,4.445,0.905,0,FALSE POSITIVE,6964043
119.67747,32.274,3254.1,36.8,1.283,52.0,379.0,4.9,6075.0,4.486,0.969,0,FALSE POSITIVE,3644523
185.9526325,3.5964,11106.9,50.98,1.264,147.3,343.0,3.28,5813.0,4.33,1.164,0,FALSE POSITIVE,11909686
103.62650922,6.89,,,,,,,,,,0,FALSE POSITIVE,6678383
41.077590334,6.20583,134484.0,23.2,0.502,5518.2,346.0,3.37,4451.0,4.654,0.62,0,FALSE POSITIVE,12644769
2.99540439,6.172,223.2,65.37,1.179,45.6,2195.0,5493.46,6106.0,3.633,3.09,0,FALSE POSITIVE,6233890
63.934965,12.71,1119.5,44.59,1.217,45.6,525.0,18.0,5209.0,3.999,1.595,0,FALSE POSITIVE,7918172
38.4769457,5.825,259.4,4.79,0.981,18.4,814.0,103.72,6079.0,3.834,2.163,0,FALSE POSITIVE,8009496
37.3228722,7.2146,307.5,35.34,0.608,42.6,1654.0,1769.88,4907.0,2.41,19.53,1,CONFIRMED,8081187
1.664980224,1.7455,230.8,3.68,0.987,47.6,1921.0,3223.3,5792.0,4.058,1.567,0,FALSE POSITIVE,8111919
16.6094904,3.189,272.9,1.82,0.631,12.7,766.0,81.28,6047.0,4.395,1.05,0,FALSE POSITIVE,8127586
0.566789505,5.835,54.6,3.37,1.03,12.6,2038.0,4051.92,5894.0,4.585,0.784,0,FALSE POSITIVE,7117485
2.62982665,6.213,126.4,17.88,1.077,24.6,1968.0,3542.64,6712.0,4.053,1.846,0,FALSE POSITIVE,2860793
2.69787749,1.915,116.8,1.5,0.53,8.3,1512.0,1235.14,5609.0,4.114,1.348,0,FALSE POSITIVE,3851130
5.23340265,3.242,242.1,1.15,0.366,12.7,851.0,124.02,5266.0,4.611,0.741,0,FALSE POSITIVE,7257363
3.51289168,3.313,131.0,1.12,0.373,27.3,1161.0,429.42,5523.0,4.395,0.981,0,FALSE POSITIVE,11922722
14.092583189,4.1536,530.4,1.82,0.586,17.8,597.0,30.1,5081.0,4.596,0.77,1,CONFIRMED,12061969
9.087508013,2.7597,140.6,1.37,0.511,2.5,987.0,224.7,6078.0,4.297,1.119,0,FALSE POSITIVE,7203326
0.65244373,1.471,610.7,2.17,0.133,41.8,1969.0,3546.43,5638.0,4.488,0.883,0,FALSE POSITIVE,8030339
1.332564704,5.9775,1049.5,30.04,1.249,124.0,1692.0,1945.27,6046.0,4.486,0.972,0,FALSE POSITIVE,9899414
2.636899795,0.9105,426.2,49.84,1.519,27.6,1179.0,456.22,5524.0,4.54,0.847,0,FALSE POSITIVE,5471059
0.660629055,5.894,231.6,17.38,1.173,103.3,2032.0,4040.43,6024.0,4.55,0.849,0,FALSE POSITIVE,7458309
0.885123683,3.3865,113.3,1.14,0.708,42.0,1961.0,3477.17,5979.0,4.44,0.998,0,FALSE POSITIVE,7777372
471.65421,3.456,479.7,4.11,0.85,12.5,313.0,2.26,6061.0,4.025,1.653,0,FALSE POSITIVE,7377200
1.221204888,1.8511,111.6,1.1,0.6,27.3,1772.0,2334.4,5874.0,4.378,0.997,0,FALSE POSITIVE,6312314
135.90795753,1.83,,,,,,,,,,0,FALSE POSITIVE,6387969
0.959853772,1.9163,55.8,1.3,0.646,27.1,2468.0,8768.54,6061.0,4.025,1.653,0,FALSE POSITIVE,6468337
46.882525,1.93,343.5,1.91,0.7285,4.9,513.0,16.4,6045.0,4.494,0.955,0,FALSE POSITIVE,10357040
20.7191626,3.912,184.4,1.85,0.016,8.9,790.0,92.2,5837.0,4.143,1.366,0,FALSE POSITIVE,10514429
16.60973843,4.515,667.8,6.64,1.0412,29.7,579.0,26.59,5238.0,4.603,0.752,0,FALSE POSITIVE,8127607
54.323118,25.863,538.0,5.06,0.9727,19.2,706.0,58.78,6988.0,4.155,1.67,0,FALSE POSITIVE,8129042
5.803127153,4.9041,58570.0,19.04,0.006,639.3,886.0,145.32,5533.0,4.577,0.795,0,FALSE POSITIVE,8180020
35.51619219,2.5,10984.0,719.49,8.467,85.4,504.0,15.2,5514.0,4.505,0.871,0,FALSE POSITIVE,8223328
0.589049151,2.25397,61953.4,39.51,1.094,1227.6,1959.0,3495.15,5592.0,4.51,0.771,0,FALSE POSITIVE,8444552
80.2321467,4.656,888.7,3.24,0.911,24.9,380.0,4.91,5436.0,4.505,0.888,1,CONFIRMED,6342333
1.791406261,2.8159,345.5,4.51,1.008,60.7,1579.0,1466.9,6092.0,4.453,1.028,0,FALSE POSITIVE,6032517
1.25483232,2.67,117.6,2.89,0.547,11.4,2748.0,13493.55,6168.0,3.75,2.572,0,FALSE POSITIVE,4768846
5.71483873,2.748,286.2,1.26,0.134,18.0,842.0,118.73,5193.0,4.535,0.755,0,FALSE POSITIVE,8260234
17.5859472,3.815,509.5,2.24,0.042,8.4,700.0,56.81,5780.0,4.438,1.0,0,FALSE POSITIVE,7210749
1.332567005,6.3373,401.3,27.36,1.185,110.6,2007.0,3837.83,6388.0,4.284,1.223,0,FALSE POSITIVE,9282769
10.32736351,1.889,126.9,1.25,0.754,9.7,838.0,116.56,5757.0,4.431,1.017,1,CONFIRMED,10404582
2.54557259,5.636,529.0,1.97,0.038,36.0,1234.0,549.8,5718.0,4.549,0.863,0,FALSE POSITIVE,7777416
0.704541784,1.0726,275.2,1.72,0.415,38.4,2121.0,4778.23,6063.0,4.476,1.012,0,FALSE POSITIVE,7597005
0.697996932,4.3323,9094.6,28.06,1.244,244.1,1604.0,1560.69,5176.0,4.636,0.695,0,FALSE POSITIVE,5479717
6.63449721,22.982,919.1,85.25,1.246,160.1,1719.0,2067.13,6487.0,3.696,2.817,0,FALSE POSITIVE,3764714
110.9215892,5.282,498.0,3.71,0.905,48.2,443.0,9.12,5725.0,4.148,1.384,0,FALSE POSITIVE,11392618
3.88673217,20.491,761.7,21.04,1.223,119.0,1050.0,287.4,5798.0,4.589,0.767,0,FALSE POSITIVE,4474645
1.544928892,1.43586,5817.3,13.43,0.918,1109.7,1997.0,3765.46,6309.0,4.199,1.412,1,CONFIRMED,4570949
11.76921923,3.219,519.3,3.12,0.964,27.4,868.0,134.04,6215.0,4.44,1.052,0,FALSE POSITIVE,4927315
44.638983058,3.04001,36830.1,50.33,1.173,488.5,551.0,21.86,6197.0,4.449,1.035,0,FALSE POSITIVE,4928119
174.95980475,5.23,,,,,,,,,,0,FALSE POSITIVE,10861608
1.926888595,1.235,130.0,1.31,0.589,11.7,1619.0,1622.18,6268.0,4.429,1.1,0,FALSE POSITIVE,10934313
34.1420506,2.945,788.0,1.06,0.105,13.3,248.0,0.89,3526.0,4.866,0.383,1,CONFIRMED,11497958
0.241842544,0.7257,203.3,1.16,0.3064,29.3,2689.0,12357.89,5834.0,4.577,0.797,0,FALSE POSITIVE,7516809
0.865759153,0.8408,191.6,1.53,0.38,18.7,2100.0,4616.69,6249.0,4.428,1.076,0,FALSE POSITIVE,6115516
8.68910764,1.1627,1679.0,0.49,0.049,9.6,211.0,0.47,2703.0,5.274,0.118,1,CONFIRMED,6444896
0.63624396,4.0,,,,,,,,,,0,FALSE POSITIVE,5640511
4.4040248,2.41,,,,,,,,,,0,FALSE POSITIVE,7336093
9.81101738,2.09,,,,,,,,,,0,FALSE POSITIVE,10196493
8.71980135,3.7454,160.4,1.53,0.343,22.7,987.0,224.47,5970.0,4.317,1.2,1,CONFIRMED,11442793
7.00821787,3.812,116.4,1.29,0.156,19.2,1062.0,300.58,5970.0,4.317,1.2,1,CONFIRMED,11442793
0.903583394,1.5942,1027.1,33.18,1.242,151.7,2162.0,5162.98,6455.0,4.41,1.101,0,FALSE POSITIVE,7812455
0.99014722,0.9394,321.1,1.34,0.329,23.0,1433.0,997.75,5072.0,4.606,0.747,0,FALSE POSITIVE,9520443
138.61227705,13.79,,,,,,,,,,0,FALSE POSITIVE,10601465
0.77359329,1.7603,80.6,0.82,0.388,21.7,1890.0,3022.82,5747.0,4.508,0.907,0,FALSE POSITIVE,7461307
0.306937807,0.5925,119.2,0.82,0.005,29.3,2142.0,5019.53,5088.0,4.58,0.741,0,FALSE POSITIVE,7269881
0.637487312,1.9626,211.3,1.75,0.81,25.0,2334.0,7053.67,6173.0,4.39,1.083,0,FALSE POSITIVE,10964265
5.71489488,2.0705,292.5,1.41,0.0125,21.2,908.0,160.68,5552.0,4.555,0.833,0,FALSE POSITIVE,8672910
7.76967007,4.74,,,,,,,,,,0,FALSE POSITIVE,3233043
76.642481,5.476,64.5,1.36,0.1653,7.6,542.0,20.44,5537.0,3.949,1.714,0,FALSE POSITIVE,7269493
73.45736853,5.28,,,,,,,,,,0,FALSE POSITIVE,8753896
9.49361221,6.52,,,,,,,,,,0,FALSE POSITIVE,11074835
4.4296786,1.96,,,,,,,,,,0,FALSE POSITIVE,10812504
5.9703813,0.669,210.3,1.69,0.8826,5.5,981.0,218.94,5825.0,4.504,0.965,0,FALSE POSITIVE,9827149
3.95383243,2.37,,,,,,,,,,0,FALSE POSITIVE,7584650
32.376183,4.4639,745.4,2.26,0.896,34.2,392.0,5.61,4580.0,4.641,0.675,1,CONFIRMED,9758089
284.063137,8.297,1628.1,6.36,0.888,53.5,321.0,2.51,5791.0,4.185,1.336,1,CONFIRMED,10005758
129.68366098,7.86,,,,,,,,,,0,FALSE POSITIVE,9823564
4.30908594,1.52,160.8,1.62,0.871,17.0,1172.0,445.13,5754.0,4.348,1.097,0,FALSE POSITIVE,9532424
57.104588,11.5,144.3,0.98,0.087,9.3,425.0,7.74,5637.0,4.564,0.821,0,FALSE POSITIVE,9950316
0.422015793,1.23416,1291.9,6.69,1.017,304.4,2136.0,4962.18,5614.0,4.587,0.777,0,FALSE POSITIVE,6028860
0.945825494,1.8496,104.7,1.14,0.522,22.1,1989.0,3715.61,6116.0,4.44,1.084,0,FALSE POSITIVE,6778019
0.676715927,0.63,264.5,1.29,0.652,14.5,1735.0,2135.8,5334.0,4.56,0.733,0,FALSE POSITIVE,4571536
0.576441813,2.027,60.8,0.82,0.061,21.2,2471.0,8812.63,6459.0,4.425,1.038,0,FALSE POSITIVE,3336283
0.423854275,1.0198,235.3,0.58,0.449,33.3,1062.0,301.79,3553.0,4.887,0.368,0,FALSE POSITIVE,5695904
2.43731228,1.89,,,,,,,,,,0,FALSE POSITIVE,1725415
0.692693892,1.2804,1433.7,32.44,1.265,146.7,2050.0,4160.84,5907.0,4.49,0.964,0,FALSE POSITIVE,11304987
0.768934934,1.216,846.8,4.09,0.989,58.9,1713.0,2026.85,5390.0,4.535,0.777,0,FALSE POSITIVE,11709423
0.998212785,2.489,118.8,1.1,0.436,18.8,1888.0,2998.77,6072.0,4.47,0.988,0,FALSE POSITIVE,8758136
0.764863517,1.16,150.2,1.04,0.235,13.6,1733.0,2145.14,5231.0,4.476,0.86,1,CONFIRMED,12405333
0.710894157,1.0183,122.6,1.16,0.134,18.9,2098.0,4599.89,5862.0,4.424,1.049,0,FALSE POSITIVE,10617638
0.537839241,2.169,23.5,1.49,0.2589,12.4,4061.0,64294.62,6456.0,3.659,3.03,0,FALSE POSITIVE,12833566
0.373684977,0.9621,456.8,2.25,0.86,53.8,2490.0,9009.0,5970.0,4.521,0.908,0,FALSE POSITIVE,9153554
1.10118564,5.2,,,,,,,,,,0,FALSE POSITIVE,8161830
0.544962596,1.085,247.9,1.03,0.459,18.3,1719.0,2074.18,5257.0,4.675,0.639,0,FALSE POSITIVE,6461850
0.769127296,0.998,114.6,0.9,0.067,17.0,1917.0,3179.14,6024.0,4.561,0.831,0,FALSE POSITIVE,7613246
225.56791218,6.31,,,,,,,,,,0,FALSE POSITIVE,11551715
4.09578199,1.704,405.5,1.64,0.752,11.9,851.0,124.3,4791.0,4.577,0.742,1,CONFIRMED,2715695
91.9401253,9.195,482.9,2.62,0.025,34.4,450.0,9.71,5970.0,4.317,1.2,1,CONFIRMED,11442793
92.57337995,8.45,,,,,,,,,,0,FALSE POSITIVE,6312171
185.0097245,17.96,,,,,,,,,,0,FALSE POSITIVE,10665043
4.5770016,0.949,710.0,1.33,0.327,18.0,567.0,24.38,3805.0,4.767,0.497,1,CONFIRMED,12352520
14.4540329,7.183,79.7,0.72,0.522,17.2,676.0,49.51,5559.0,4.496,0.79,1,CONFIRMED,7455981
0.812587678,1.1144,62.9,1.54,0.515,21.7,2717.0,12840.3,6143.0,4.009,1.877,0,FALSE POSITIVE,7107561
19.3073774,3.437,31.7,1.21,0.0275,6.6,1054.0,292.25,6131.0,3.776,2.142,0,FALSE POSITIVE,11237332
1.000840564,1.3292,2714.4,80.25,1.165,73.2,3367.0,30248.83,6287.0,3.558,3.177,0,FALSE POSITIVE,8669092
13.6164547,5.175,376.1,22.29,1.19,22.6,755.0,76.81,5823.0,4.472,0.972,1,CONFIRMED,5474613
1.766789509,1.3345,1009.8,1.4,0.066,26.7,730.0,66.95,3698.0,4.81,0.444,1,CONFIRMED,9823519
35.8656484,8.035,250.9,2.44,0.963,26.2,633.0,37.92,6078.0,4.29,1.189,1,CONFIRMED,10587105
0.638162933,1.2313,109.7,0.91,0.092,17.6,1874.0,2928.31,5244.0,4.449,0.888,1,CONFIRMED,8558011
1.72929014,3.609,84.5,0.86,0.089,9.6,1497.0,1187.75,5910.0,4.505,0.94,0,FALSE POSITIVE,7885494
40.301684,1.398,374.8,2.38,0.5721,6.6,623.0,35.6,6429.0,4.372,1.177,0,FALSE POSITIVE,5281714
26.524553,2.359,174.5,2.19,0.218,10.2,695.0,55.06,4995.0,3.954,1.703,0,FALSE POSITIVE,5289857
26.1537851,1.802,228.6,1.47,0.2437,6.2,631.0,37.53,6091.0,4.487,0.967,0,FALSE POSITIVE,5303185
0.944598153,4.018,200.9,37.61,1.012,35.3,4190.0,72795.2,4877.0,2.839,9.214,0,FALSE POSITIVE,5308777
354.63284,2.227,280.9,0.9,0.3134,6.5,152.0,0.13,4206.0,4.703,0.535,0,FALSE POSITIVE,5364090
35.40103336,1.75,,,,,,,,,,0,FALSE POSITIVE,5370944
5.2433865,12.472,65.4,0.75,0.489,19.2,1038.0,274.95,6011.0,4.522,0.902,0,FALSE POSITIVE,6364143
5.2435703,15.864,228.5,12.68,1.145,25.1,890.0,148.79,5558.0,4.621,0.722,0,FALSE POSITIVE,6364307
634.84739,16.186,542.6,20.5,0.565,15.7,464.0,10.97,5048.0,2.978,8.611,0,FALSE POSITIVE,6369548
29.9756697,2.987,258.0,1.84,0.8708,12.0,591.0,28.85,5893.0,4.462,0.986,0,FALSE POSITIVE,3098843
387.56519,13.28,1083.0,4.02,0.916,11.8,271.0,1.28,6289.0,4.454,1.02,0,FALSE POSITIVE,3958301
31.5073649,7.362,330.5,0.74,0.774,15.4,253.0,0.97,3554.0,4.888,0.37,0,FALSE POSITIVE,5353137
18.1118457,6.309,328.7,31.25,1.235,10.8,803.0,98.09,6434.0,4.394,1.138,0,FALSE POSITIVE,4932689
33.4969115,4.833,163.5,2.97,0.961,13.2,630.0,37.3,4928.0,3.966,1.688,1,CONFIRMED,7742408
34.33339948,2.45,,,,,,,,,,0,FALSE POSITIVE,3970397
1.389947459,1.193,1213.8,3.39,0.437,136.4,1665.0,1816.13,5999.0,4.461,0.95,0,FALSE POSITIVE,3973549
282.5363563,10.3088,29233.2,70.53,1.227,854.1,360.0,3.98,6401.0,4.175,1.41,0,FALSE POSITIVE,4058169
289.490952,3.91,773.0,2.87,0.1458,6.6,290.0,1.66,5978.0,4.408,1.032,0,FALSE POSITIVE,4068391
0.782068488,1.239,115.7,21.02,0.279,4.1,6169.0,343029.57,4475.0,2.113,20.237,0,FALSE POSITIVE,5391911
440.65087204,4.07,,,,,,,,,,0,FALSE POSITIVE,5397106
289.76961138,3.19,,,,,,,,,,0,FALSE POSITIVE,5425908
273.223848,3.787,469.9,8.0,0.0763,10.6,452.0,9.87,5079.0,3.439,3.792,0,FALSE POSITIVE,5436415
0.650701055,0.89164,371061.0,281.62,0.4,234.3,6285.0,370319.14,10921.0,3.811,3.701,0,FALSE POSITIVE,6387887
59.742966,6.78,284.9,16.91,0.9694,8.6,1037.0,273.48,5059.0,2.871,7.322,0,FALSE POSITIVE,6428602
405.32064,7.77,561.7,1.34,0.2964,6.2,166.0,0.18,4694.0,4.68,0.574,0,FALSE POSITIVE,6447372
342.830882,3.826,450.7,10.76,0.0886,12.0,530.0,18.68,4994.0,2.92,5.205,0,FALSE POSITIVE,6461675
42.8774169,1.991,1068.8,2.67,0.02,14.8,451.0,9.8,5256.0,4.483,0.832,1,CONFIRMED,8231667
2.97601892,5.5,306.1,164.46,1.176,35.3,2799.0,14524.05,5140.0,2.955,7.746,0,FALSE POSITIVE,3439096
2.882424694,25.91,67298.0,399.44,1.051,416.2,2912.0,17023.71,4705.0,2.667,8.058,0,FALSE POSITIVE,3324644
220.142913,19.528,1796.4,5.94,0.023,121.2,389.0,5.4,6340.0,4.163,1.393,1,CONFIRMED,5437945
473.95103,11.778,330.6,3.32,0.1671,9.6,341.0,3.21,6513.0,4.02,1.81,0,FALSE POSITIVE,1161949
0.534109403,0.9513,78.3,2.28,0.476,37.0,5513.0,217941.01,10747.0,4.1,2.432,0,FALSE POSITIVE,4077252
168.77118,2.263,2045.0,2825.04,36.9452,5.5,251.0,0.93,4936.0,4.597,0.719,0,FALSE POSITIVE,4077767
22.9138322,4.855,340.3,30.24,1.189,8.0,785.0,89.68,6154.0,4.201,1.334,0,FALSE POSITIVE,4144238
538.36855,19.26,545.5,2.37,0.0671,7.0,237.0,0.74,6148.0,4.461,1.015,0,FALSE POSITIVE,4147171
65.5327181,2.256,373.4,1.79,0.3023,5.9,437.0,8.61,5755.0,4.48,0.923,0,FALSE POSITIVE,4149060
1.018360336,7.622,393969.0,107.0,0.553,967.4,2302.0,6627.64,6160.0,4.144,1.463,0,FALSE POSITIVE,4160006
78.04064906,2.15,,,,,,,,,,0,FALSE POSITIVE,5440435
396.349253,2.685,413.1,2.39,0.0384,5.7,293.0,1.73,6495.0,4.379,1.168,0,FALSE POSITIVE,5440472
0.502807253,1.01493,4658.7,26.81,1.2503,240.0,1825.0,2623.68,5109.0,4.564,0.715,0,FALSE POSITIVE,5440651
149.526152,3.033,753.0,1.69,0.4364,7.6,202.0,0.39,3978.0,4.642,0.628,0,FALSE POSITIVE,5446961
2.845736321,11.5703,3127.0,402.16,1.294,297.8,3058.0,20649.68,4878.0,2.745,10.154,0,FALSE POSITIVE,5467126
43.60012467,1.48,,,,,,,,,,0,FALSE POSITIVE,6522124
1.710299164,3.92227,157266.0,57.97,0.878,2291.1,1638.0,1700.05,6082.0,4.385,1.006,0,FALSE POSITIVE,6525196
252.04444,5.13,1502.0,2.49,0.1903,6.1,196.0,0.35,4514.0,4.621,0.664,0,FALSE POSITIVE,6525398
1.39508873,2.09,,,,,,105390.13,,,,0,FALSE POSITIVE,6526377
153.521361,3.893,255.2,3.09,0.1485,5.7,493.0,13.99,6233.0,3.951,1.921,0,FALSE POSITIVE,1297263
3.0031801,2.814,374.7,4.7,0.98,13.9,1827.0,2630.88,6606.0,4.071,1.768,0,FALSE POSITIVE,1572948
2.96384168,5.4768,35652.8,43.7,1.059,607.5,1406.0,925.63,6095.0,4.371,1.158,0,FALSE POSITIVE,1725193
43.142257,61.73,283.2,37.88,1.179,30.5,706.0,58.68,6198.0,4.069,1.769,0,FALSE POSITIVE,1870398
3.290304098,1.7215,13552.6,4.91,0.09,220.5,540.0,20.06,3386.0,4.81,0.427,1,CONFIRMED,1873513
326.70552,3.36,794.0,2.83,0.0826,9.1,287.0,1.61,6036.0,4.337,0.998,0,FALSE POSITIVE,4179201
343.49816,7.46,431.0,1.27,0.3516,7.1,164.0,0.17,4256.0,4.635,0.624,0,FALSE POSITIVE,4242806
11.2582311,16.89,300.4,1.24,0.115,22.2,667.0,46.86,5242.0,4.556,0.722,0,FALSE POSITIVE,4245861
139.54219147,3.42,,,,,,,,,,0,FALSE POSITIVE,4246343
155.046089,10.205,2238.0,444.08,1.271,36.7,1101.0,347.12,6513.0,2.782,12.613,0,FALSE POSITIVE,4253860
14.3641542,2.629,89.2,0.98,0.2764,6.5,795.0,94.33,5925.0,4.364,1.033,0,FALSE POSITIVE,4274816
12.4276185,18.56,147.0,1.14,0.303,12.6,768.0,82.45,5869.0,4.513,0.942,0,FALSE POSITIVE,5470851
12.427076,17.447,47.5,0.82,0.026,25.3,870.0,135.77,5841.0,4.278,1.193,0,FALSE POSITIVE,5471108
315.502534,3.112,689.2,19.71,0.02,9.5,565.0,24.01,4970.0,2.989,7.752,0,FALSE POSITIVE,5525484
276.54167976,7.76,,,,,,,,,,0,FALSE POSITIVE,5547424
4.13960513,3.31,106.7,1.24,0.344,11.6,1352.0,789.48,6535.0,4.373,1.181,1,CONFIRMED,5551240
200.79976002,7.6419,92642.0,48.77,1.016,930.8,303.0,2.0,5896.0,4.518,0.916,0,FALSE POSITIVE,6527229
1.195515364,6.08509,396401.0,156.91,0.475,4630.1,2640.0,11494.67,6047.0,3.789,2.264,0,FALSE POSITIVE,6543674
210.971635,3.578,519.0,2.04,0.2091,6.5,293.0,1.75,5838.0,4.529,0.897,0,FALSE POSITIVE,6548429
42.02646,2.553,190.0,1.5,0.7156,6.0,561.0,23.47,6158.0,4.431,1.016,0,FALSE POSITIVE,6599305
372.04697,14.29,673.4,2.7,0.0457,25.2,271.0,1.28,6173.0,4.447,1.041,0,FALSE POSITIVE,6600515
438.81524,6.75,332.8,1.36,0.108,9.2,202.0,0.39,5324.0,4.551,0.755,0,FALSE POSITIVE,6608090
18.622214,4.42,5832.0,20.83,0.792,20.1,1101.0,347.32,6235.0,3.801,2.471,0,FALSE POSITIVE,2010607
27.8923345,2.204,139.6,2.1,0.0465,9.0,807.0,100.41,5873.0,3.96,1.78,0,FALSE POSITIVE,2015013
452.10093,12.69,464.0,2.08,0.1063,6.2,254.0,0.99,6276.0,4.456,0.956,0,FALSE POSITIVE,2163226
0.7906069,3.3996,689.2,17.97,1.198,133.3,1503.0,1201.17,4994.0,4.62,0.72,0,FALSE POSITIVE,2165352
24.5714867,29.96,506.4,3.04,0.978,31.1,637.0,39.0,5977.0,4.462,0.956,0,FALSE POSITIVE,2305255
0.681137796,2.7287,105189.0,45.75,0.968,432.5,2025.0,3995.23,5872.0,4.474,0.864,0,FALSE POSITIVE,2305543
3.722404453,2.5214,55368.0,144.2,2.375,148.9,1082.0,323.4,5747.0,4.542,0.799,0,FALSE POSITIVE,4276114
230.385488,3.134,568.1,10.13,0.2423,9.3,522.0,17.57,5024.0,3.241,4.331,0,FALSE POSITIVE,4281023
222.84909312,2.43,,,,,,,,,,0,FALSE POSITIVE,4281700
1.714414962,5.17207,110132.0,116.92,1.181,6485.8,2042.0,4099.19,6351.0,4.126,1.613,0,FALSE POSITIVE,4365461
646.28789332,5.39144,58605.3,43.47,0.004,1107.1,304.0,2.03,6582.0,4.069,1.777,0,FALSE POSITIVE,4366923
290.438547,12.85,212.9,1.11,0.0916,11.9,235.0,0.72,5392.0,4.557,0.775,0,FALSE POSITIVE,4449752
0.766298172,1.78462,19400.9,15.64,0.813,368.9,2163.0,5154.54,6267.0,4.431,0.996,0,FALSE POSITIVE,4455763
1.049468616,4.848,22.0,0.84,0.731,22.8,2808.0,14709.49,7479.0,4.162,1.667,0,FALSE POSITIVE,5563057
2.362348096,3.5979,724.7,89.55,1.219,103.6,2104.0,4625.06,5088.0,3.502,3.293,0,FALSE POSITIVE,5565261
136.830243,2.956,464.3,17.22,0.3813,8.4,764.0,80.57,5096.0,3.007,8.038,0,FALSE POSITIVE,5602409
103.284757,1.674,78.4,1.96,0.6314,5.5,583.0,27.31,6185.0,3.878,2.101,0,FALSE POSITIVE,5603270
36.1904638,1.919,263.3,1.69,0.2147,6.8,592.0,29.08,6210.0,4.45,1.033,0,FALSE POSITIVE,5612111
419.75224,4.154,754.0,2.82,0.3316,6.3,257.0,1.03,6137.0,4.457,1.016,0,FALSE POSITIVE,5616628
419.95929,13.86,196.2,1.53,0.4834,5.9,266.0,1.18,5953.0,4.314,1.068,0,FALSE POSITIVE,5623137
206.309658,1.498,277.1,2.36,0.8152,8.3,361.0,4.01,6028.0,4.241,1.267,0,FALSE POSITIVE,6611779
8.46184728,35.525,411.2,4.92,0.965,142.4,1511.0,1233.13,7663.0,4.087,1.913,0,FALSE POSITIVE,6612411
681.01756,8.74,133.9,1.69,0.362,9.2,274.0,1.33,6295.0,4.091,1.435,0,FALSE POSITIVE,6612973
2.19509634,1.796,227.7,1.32,0.173,14.3,1324.0,725.21,5799.0,4.539,0.878,0,FALSE POSITIVE,6615600
141.00582791,3.0,,,,,,,,,,0,FALSE POSITIVE,6635813
73.9239955,1.699,634.0,1.64,0.2907,6.1,325.0,2.64,5040.0,4.652,0.658,0,FALSE POSITIVE,6677415
1.8437362,21.04,341.1,25.26,1.189,83.4,1628.0,1655.74,6032.0,4.358,1.114,0,FALSE POSITIVE,2309910
281.36926,66.892,12435.0,56.94,0.038,135.6,507.0,15.57,4818.0,3.125,5.303,0,FALSE POSITIVE,2437209
262.71162,7.72,1449.0,3.69,0.019,7.0,272.0,1.29,5398.0,4.375,0.99,0,FALSE POSITIVE,2438406
6.0353643,9.211,47.2,1.88,0.707,23.4,1852.0,2779.94,7377.0,3.876,2.552,0,FALSE POSITIVE,2452289
1.52327807,3.813,924.2,22.88,0.026,78.5,3461.0,33813.44,4477.0,2.633,7.912,0,FALSE POSITIVE,2569488
260.31119904,3.23,,,,,,,,,,0,FALSE POSITIVE,4459503
574.37064,11.89,227.6,3.11,0.7455,12.0,350.0,3.53,6749.0,3.905,1.905,0,FALSE POSITIVE,4464689
253.87706,11.18,265.6,1.81,0.3892,5.7,334.0,2.95,6553.0,4.41,1.086,0,FALSE POSITIVE,4469825
523.36921,1.007,9918.0,17.45,1.0046,8.4,240.0,0.78,6397.0,4.508,0.913,0,FALSE POSITIVE,4470888
80.292171,1.936,158.6,1.33,0.0606,6.0,459.0,10.49,6188.0,4.42,1.049,0,FALSE POSITIVE,5623839
1.049406508,3.0072,447.5,27.45,0.112,61.3,4913.0,137177.82,4745.0,2.425,13.417,0,FALSE POSITIVE,5650420
3.58957045,3.418,1221.2,2.49,0.002,53.6,862.0,131.02,4608.0,4.559,0.746,0,FALSE POSITIVE,5653152
2.40435325,6.825,349.6,24.16,1.202,23.3,1359.0,806.18,5780.0,4.438,1.0,0,FALSE POSITIVE,5653163
37.078668,4.403,147.4,0.8,0.5101,6.9,419.0,7.27,5120.0,4.628,0.65,0,FALSE POSITIVE,5685113
228.196872,3.525,145.3,1.42,0.5034,6.9,353.0,3.66,6425.0,4.331,1.138,0,FALSE POSITIVE,5698524
44.714450094,5.7615,90229.6,50.54,1.032,2629.0,533.0,19.09,6185.0,4.49,0.941,0,FALSE POSITIVE,6784887
40.8801539,5.472,395.8,0.92,0.016,10.0,265.0,1.17,3746.0,4.775,0.469,0,FALSE POSITIVE,6864891
25.166806,2.111,1350.0,2.72,0.65,7.2,483.0,12.84,5013.0,4.574,0.704,0,FALSE POSITIVE,7891264
323.972022,1.25,462.0,2.96,0.6528,8.7,307.0,2.11,6002.0,4.267,1.302,0,FALSE POSITIVE,6880123
1.752562808,6.1245,368004.0,124.23,0.545,5494.6,2018.0,3915.22,5853.0,3.971,1.795,0,FALSE POSITIVE,6891512
45.5827119,3.193,76.5,2.42,0.253,9.6,957.0,198.31,7266.0,3.828,2.715,0,FALSE POSITIVE,2569516
1.89140138,9.52,557.6,25.67,1.222,12.4,1377.0,849.6,5504.0,4.466,0.952,0,FALSE POSITIVE,2570432
6.70258007,4.632,859.0,403.01,1.237,23.0,2635.0,11398.6,4799.0,2.475,13.652,0,FALSE POSITIVE,2574543
6.2095391,2.752,47.9,30.47,0.308,8.3,4585.0,104479.02,3861.0,1.06,46.169,0,FALSE POSITIVE,2578811
363.17077,28.26,384.6,9.82,0.008,20.9,810.0,101.64,10134.0,3.579,4.842,0,FALSE POSITIVE,7897936
615.16033,3.958,267.1,4.48,0.1544,5.4,430.0,8.08,7937.0,3.882,2.711,0,FALSE POSITIVE,2582800
1.89124738,4.697,410.0,1.2,0.452,17.4,989.0,225.34,4615.0,4.66,0.589,0,FALSE POSITIVE,2707916
1.89125883,4.656,274.5,23.6,0.013,15.3,4480.0,95092.9,4449.0,2.031,14.894,0,FALSE POSITIVE,2708270
362.1273,6.719,1098.0,1.68,0.0924,6.5,132.0,0.07,3734.0,4.74,0.513,0,FALSE POSITIVE,4540508
353.36705,3.279,34.1,2.6,0.2481,7.0,701.0,57.03,8892.0,3.592,4.35,0,FALSE POSITIVE,4565943
4.750256809,1.9278,395.1,12.35,0.727,42.7,2090.0,4504.96,5161.0,3.192,5.753,0,FALSE POSITIVE,4570555
623.005238,23.5615,140332.0,66.64,0.895,2386.6,229.0,0.64,5689.0,4.299,1.207,0,FALSE POSITIVE,4586482
45.41810604,5.3,,,,,,,,,,0,FALSE POSITIVE,4647949
1.878877205,5.8768,104026.0,109.55,1.005,525.4,2523.0,9554.79,7542.0,4.036,1.999,0,FALSE POSITIVE,4678873
0.938857507,3.98767,12960.3,1148.7,1.217,962.6,6867.0,526061.85,4217.0,1.656,27.676,0,FALSE POSITIVE,4732015
287.46579664,9.06,,,,,,,,,,0,FALSE POSITIVE,5709014
32.245486,13.86,93.6,1.18,0.2216,10.0,683.0,51.39,6197.0,4.242,1.208,0,FALSE POSITIVE,5732636
142.20400109,3.0,,,,,,,,,,0,FALSE POSITIVE,5779606
149.237142,2.503,772.0,2.22,0.0847,6.9,299.0,1.89,5492.0,4.576,0.812,0,FALSE POSITIVE,5780194
501.51698,3.809,487.0,1.99,0.0768,6.9,224.0,0.59,5796.0,4.466,0.906,0,FALSE POSITIVE,5781991
357.77096,12.999,216.3,1.42,0.1056,9.7,249.0,0.9,5523.0,4.395,0.981,0,FALSE POSITIVE,5784803
531.33282,3.702,669.0,2.67,0.3099,7.1,239.0,0.77,6163.0,4.457,1.022,0,FALSE POSITIVE,5791713
396.048721,16.376,931.8,13.52,0.978,39.4,370.0,4.43,5327.0,3.643,2.882,0,FALSE POSITIVE,6681473
326.370361,4.526,568.8,22.6,0.4924,13.7,615.0,33.84,5188.0,2.929,9.343,0,FALSE POSITIVE,6688318
148.666527,4.353,319.4,6.81,0.2782,8.6,559.0,23.08,5155.0,3.462,3.87,0,FALSE POSITIVE,6690523
163.104677,2.129,576.0,2.58,0.575,6.0,337.0,3.06,5766.0,4.418,1.04,0,FALSE POSITIVE,6692742
1.10656965,1.669,86.4,1.09,0.263,8.4,1988.0,3696.18,6237.0,4.387,1.165,0,FALSE POSITIVE,6695801
46.270524872,8.93033,66244.1,35.98,0.859,4607.4,572.0,25.29,6357.0,4.405,1.072,0,FALSE POSITIVE,6699562
13.4256161,11.781,142.3,1.66,0.5971,12.5,987.0,224.45,6686.0,4.283,1.332,0,FALSE POSITIVE,6707260
590.44065,7.55,125.7,1.62,0.2858,6.9,291.0,1.7,6782.0,4.243,1.417,0,FALSE POSITIVE,6718474
28.88008607,1.35,,,,,,,,,,0,FALSE POSITIVE,2710101
2.858879267,2.3753,644.5,515.07,1.262,37.1,3638.0,41379.77,4893.0,2.501,16.274,0,FALSE POSITIVE,2711123
241.647602,1.742,361.7,1.88,0.0404,5.6,300.0,1.92,5962.0,4.445,0.989,0,FALSE POSITIVE,2833632
528.07962334,3.49,,,,,,,,,,0,FALSE POSITIVE,2836076
25.2218929,14.84,,,,,,101.29,,,,0,FALSE POSITIVE,2850321
105.52127462,2.52,,,,,,,,,,0,FALSE POSITIVE,2861126
420.92920358,17.3985,86013.1,62.76,1.033,1740.2,293.0,1.74,6461.0,4.319,1.197,0,FALSE POSITIVE,2987433
393.946106,6.012,747.5,18.07,0.9691,10.9,440.0,8.83,4888.0,3.18,4.622,0,FALSE POSITIVE,4732137
194.896925,2.504,557.4,8.98,0.5298,8.8,575.0,25.77,5269.0,3.193,3.706,0,FALSE POSITIVE,4736439
471.95076253,5.03,,,,,,,,,,0,FALSE POSITIVE,4740375
101.928291,2.171,243.5,1.7,0.1628,6.3,391.0,5.55,5489.0,4.339,1.11,0,FALSE POSITIVE,4741777
379.63135,16.78,1036.2,1.67,0.1257,13.8,168.0,0.19,4847.0,4.755,0.527,0,FALSE POSITIVE,4750406
287.377314,18.821,4376.9,11.67,0.015,60.4,350.0,3.56,5548.0,3.964,1.793,1,CONFIRMED,4760478
367.72767,3.104,926.0,1.96,0.2729,5.8,184.0,0.27,4869.0,4.648,0.657,0,FALSE POSITIVE,5794687
4.20601251,6.82,106.7,0.82,0.304,10.7,1004.0,239.82,5514.0,4.518,0.79,0,FALSE POSITIVE,5817712
4.18236124,6.70175,193983.0,69.37,0.809,2666.0,1303.0,680.56,6188.0,4.314,1.166,0,FALSE POSITIVE,5858519
186.59466,16.57,685.0,2.66,0.1328,8.8,338.0,3.07,6163.0,4.461,1.013,0,FALSE POSITIVE,5869272
7.87173698,2.619,34.7,0.54,0.001,10.8,862.0,130.96,5428.0,4.404,0.94,0,FALSE POSITIVE,5905728
7.155547398,4.5711,2568.8,48.93,0.883,124.6,2049.0,4166.27,4992.0,2.947,8.052,0,FALSE POSITIVE,6762188
63.024229,5.77,294.6,1.5,0.0223,6.1,424.0,7.66,5691.0,4.544,0.887,0,FALSE POSITIVE,6766583
506.771836,10.535,195.2,1.8,0.1643,15.0,275.0,1.35,6035.0,4.177,1.283,0,FALSE POSITIVE,6767337
57.1143966,2.182,268.8,1.82,0.1765,5.9,523.0,17.64,6136.0,4.378,1.106,0,FALSE POSITIVE,3003673
485.91276,2.42,1368.0,3.61,0.598,7.0,230.0,0.66,5957.0,4.506,0.937,0,FALSE POSITIVE,3117115
20.5311708,5.67,284.6,1.39,0.547,9.8,568.0,24.52,5398.0,4.58,0.805,0,FALSE POSITIVE,3120397
2.31164074,2.317,488.7,39.73,0.252,24.6,4074.0,65140.27,4883.0,2.439,18.427,0,FALSE POSITIVE,3222680
21.92866538,9.7526,22178.4,65.97,0.931,664.6,983.0,220.41,5001.0,3.469,3.028,0,FALSE POSITIVE,4769799
545.54618,6.944,177.7,2.01,0.4307,9.0,296.0,1.82,6432.0,4.145,1.476,0,FALSE POSITIVE,4814168
1.928420823,3.8253,191238.0,79.4,0.818,438.3,1882.0,2960.96,6615.0,4.257,1.326,0,FALSE POSITIVE,4815612
328.84846,5.45,901.0,2.23,0.5355,6.0,219.0,0.54,5382.0,4.603,0.724,0,FALSE POSITIVE,4819158
125.95781975,8.63,,,,,,,,,,0,FALSE POSITIVE,5942112
426.34444,14.139,90.2,1.33,0.032,9.7,314.0,2.29,6395.0,4.17,1.394,0,FALSE POSITIVE,5949765
256.846143,6.289,1706.0,46743.4,99.85,14.9,506.0,15.52,5208.0,3.321,4.329,0,FALSE POSITIVE,5956038
146.931518,23.78,257.0,2.89,0.99,19.3,395.0,5.78,6237.0,4.338,1.135,0,FALSE POSITIVE,5963591
309.19347,23.51,1445.0,3.07,0.1186,6.5,236.0,0.73,5504.0,4.572,0.819,0,FALSE POSITIVE,6947062
1.541530919,4.8691,213262.0,115.49,0.759,601.5,2689.0,12320.99,7631.0,4.059,1.937,0,FALSE POSITIVE,6948815
122.713036,3.999,290.7,1.79,0.5737,6.5,393.0,5.66,6244.0,4.46,1.009,0,FALSE POSITIVE,6952570
25.50236699,1.8,,,,,,,,,,0,FALSE POSITIVE,7011044
290.625016,4.411,147.6,2.86,0.0854,10.3,375.0,4.67,5195.0,3.735,2.409,0,FALSE POSITIVE,7013635
2.945414866,2.702,968.7,38.32,0.002,47.5,3531.0,36765.85,4403.0,2.178,12.927,0,FALSE POSITIVE,3240049
232.822285,0.99,22617.0,48.88,1.2469,8.8,305.0,2.05,6106.0,4.487,0.966,0,FALSE POSITIVE,3245638
146.355097,5.034,820.0,0.82,0.0515,6.0,135.0,0.08,3401.0,4.964,0.29,0,FALSE POSITIVE,3329985
0.523493764,0.9015,54.0,1.82,0.083,23.5,3565.0,38110.61,6122.0,3.791,2.455,0,FALSE POSITIVE,3341760
514.14221,4.153,1491.0,2.98,0.1024,5.8,198.0,0.36,5524.0,4.579,0.78,0,FALSE POSITIVE,3341982
26.737139497,4.68919,53516.1,29.28,0.734,4731.1,655.0,43.59,5794.0,4.317,1.155,0,FALSE POSITIVE,4840327
310.61299,2.562,920.0,3.04,0.1879,6.5,279.0,1.43,6063.0,4.47,1.001,0,FALSE POSITIVE,4843751
461.1417,3.875,382.0,7.1,0.0046,9.4,410.0,6.7,5071.0,3.222,3.698,0,FALSE POSITIVE,4856592
0.987069622,1.0092,384.8,2.43,0.2,2.5,2232.0,5878.09,6602.0,4.354,1.223,0,FALSE POSITIVE,4863260
329.71491,12.11,337.0,1.39,0.0651,6.0,232.0,0.68,5576.0,4.56,0.758,0,FALSE POSITIVE,4902673
1.23708565,5.743,803.8,36.31,1.222,55.3,2174.0,5293.07,6556.0,4.243,1.324,0,FALSE POSITIVE,4914399
498.24938,8.73,522.6,14.02,0.1282,11.8,441.0,8.95,4949.0,3.136,6.334,0,FALSE POSITIVE,5967194
1.573020098,15.574,292.2,31.6,1.184,195.5,2113.0,4693.57,6770.0,4.232,1.449,0,FALSE POSITIVE,5980354
1.534679933,1.7237,456.6,18.39,0.108,64.6,3570.0,38505.56,4965.0,2.863,8.834,0,FALSE POSITIVE,5986270
71.59889,10.53,654.0,4.49,0.6496,5.7,645.0,40.96,6637.0,4.014,1.662,0,FALSE POSITIVE,5989391
77.66967809,3.01,,,,,,,,,,0,FALSE POSITIVE,3428359
2.976012511,6.52033,449091.0,79.99,0.444,3630.4,1476.0,1119.89,6572.0,4.408,1.08,0,FALSE POSITIVE,3439031
1.606003121,4.88602,402550.0,360.08,0.496,4679.3,3359.0,30041.73,5297.0,2.909,5.059,0,FALSE POSITIVE,3449540
61.438007,3.861,253.0,14.79,0.754,9.0,1020.0,255.93,5080.0,2.967,8.527,0,FALSE POSITIVE,3449870
147.863607,1.948,560.0,2.03,0.2482,6.6,305.0,2.05,5485.0,4.556,0.867,0,FALSE POSITIVE,4917357
586.91711807,5.32,,,,,,,,,,0,FALSE POSITIVE,4917658
19.545185,1.597,40.2,0.76,0.5474,5.4,790.0,92.09,6273.0,4.311,1.16,0,FALSE POSITIVE,4927738
215.044269,3.517,351.1,1.89,0.121,8.7,306.0,2.07,5651.0,4.374,1.02,0,FALSE POSITIVE,4937140
1.174683069,2.5167,356.4,3.06,0.98,87.5,1901.0,3076.92,5974.0,4.332,1.143,0,FALSE POSITIVE,4945035
33.2948005,2.997,215.7,1.46,0.03,6.6,600.0,30.67,6217.0,4.472,0.989,0,FALSE POSITIVE,6033602
476.39752,12.13,287.8,1.82,0.2293,11.1,261.0,1.09,6300.0,4.401,1.064,0,FALSE POSITIVE,6047853
231.364508,4.747,1488.0,2.45,0.6598,9.2,202.0,0.4,4691.0,4.673,0.604,0,FALSE POSITIVE,3459529
106.779168,1.905,163.0,1.94,0.0246,6.3,555.0,22.43,7158.0,4.21,1.494,0,FALSE POSITIVE,3532510
12.5748872,3.549,731.0,1.03,0.035,7.8,349.0,3.49,3552.0,4.867,0.387,0,FALSE POSITIVE,3542117
484.172005,4.566,518.2,2.38,0.3737,11.3,235.0,0.72,5858.0,4.456,1.04,0,FALSE POSITIVE,3542928
277.77499,7.07,1078.0,2.48,0.6035,9.2,216.0,0.52,4949.0,4.561,0.73,0,FALSE POSITIVE,3545749
561.08191,14.94,229.1,1.93,0.4298,9.8,255.0,1.0,6014.0,4.264,1.258,0,FALSE POSITIVE,3546821
28.615014,24.74,70.5,1.69,0.505,13.5,783.0,88.66,5562.0,3.925,1.987,0,FALSE POSITIVE,4946581
3.017155419,13.3898,1381.8,38.71,1.231,223.5,1486.0,1155.07,5893.0,4.175,1.302,0,FALSE POSITIVE,4996558
94.818136,83.31,,,,,,112.85,,,,0,FALSE POSITIVE,5006817
52.6727624,3.039,248.0,1.64,0.1764,6.7,521.0,17.45,6184.0,4.448,1.038,0,FALSE POSITIVE,5008775
34.4886903,1.22,59.9,0.71,0.5544,6.3,524.0,17.87,5629.0,4.487,0.886,0,FALSE POSITIVE,5015027
2.6228301,7.29719,409714.0,70.62,0.488,5312.7,1403.0,917.98,6233.0,4.472,0.988,0,FALSE POSITIVE,5016163
222.068928,1.938,643.0,29.97,0.1522,6.7,782.0,88.22,5221.0,2.766,12.042,0,FALSE POSITIVE,5024476
0.56493398,2.4385,2067.0,30.51,1.26,166.0,2206.0,5609.14,5808.0,4.402,0.898,0,FALSE POSITIVE,6058896
246.12174,18.0,6847.0,7233.87,67.193,9.2,291.0,1.68,5780.0,4.438,1.0,0,FALSE POSITIVE,6062298
159.05846,10.08,194.3,1.54,0.7004,6.3,376.0,4.73,6365.0,4.411,1.033,0,FALSE POSITIVE,6065010
419.21314,6.385,2084.0,5.06,0.9597,9.6,243.0,0.83,5780.0,4.438,1.0,0,FALSE POSITIVE,6116605
350.98474,14.49,600.0,1.97,0.0886,10.8,228.0,0.63,5473.0,4.537,0.816,0,FALSE POSITIVE,6118840
298.4688,3.748,315.4,11.33,0.1765,10.6,554.0,22.32,5189.0,3.12,6.491,0,FALSE POSITIVE,6129632
43.22793081,1.39,,,,,,,,,,0,FALSE POSITIVE,3554819
528.10984,18.01,89.8,0.77,0.2535,8.4,201.0,0.39,5618.0,4.566,0.811,0,FALSE POSITIVE,3555178
63.12379762,1.87,,,,,,,,,,0,FALSE POSITIVE,3632330
358.54455552,11.46,,,,,,,,,,0,FALSE POSITIVE,3641216
119.669671,20.67,421.9,2.21,0.332,14.2,413.0,6.88,6382.0,4.432,1.059,0,FALSE POSITIVE,3644399
598.31791,16.07,283.2,1.27,0.5712,8.3,173.0,0.21,5216.0,4.613,0.735,0,FALSE POSITIVE,3644649
18.40783671,1.55,,,,,,,,,,0,FALSE POSITIVE,5032842
250.4858,12.72,674.6,2.1,0.3157,13.2,246.0,0.86,5377.0,4.581,0.814,0,FALSE POSITIVE,5037742
401.38712,32.21,166.2,2.04,0.666,18.6,303.0,1.98,5858.0,4.12,1.498,0,FALSE POSITIVE,5039053
49.312677,4.057,1713.0,2.84,0.5998,6.6,342.0,3.22,4541.0,4.608,0.666,0,FALSE POSITIVE,5080565
288.94276,11.43,160.6,1.05,0.2515,6.7,265.0,1.16,5786.0,4.463,0.827,0,FALSE POSITIVE,5091808
273.6857427,8.3881,15350.5,37.15,1.006,202.3,367.0,4.27,6033.0,4.071,1.65,0,FALSE POSITIVE,6139220
28.1117095,1.689,119.4,1.19,0.1158,6.5,599.0,30.39,5780.0,4.438,1.0,0,FALSE POSITIVE,6143819
17.745456135,4.0678,80258.0,116.14,1.049,272.2,1106.0,353.47,6337.0,3.826,2.216,0,FALSE POSITIVE,6145939
603.3102,8.025,517.9,2.6,0.3142,11.9,250.0,0.92,6446.0,4.391,1.125,0,FALSE POSITIVE,6149980
7.20281185,2.8305,1832.6,3.06,0.028,49.4,794.0,93.79,5388.0,4.56,0.717,1,CONFIRMED,6184894
36.4772788,2.092,463.0,1.65,0.5298,5.8,427.0,7.89,4910.0,4.545,0.755,0,FALSE POSITIVE,6195792
249.61377295,3.2,,,,,,,,,,0,FALSE POSITIVE,3646515
399.49671,5.351,139.3,1.39,0.0814,6.9,286.0,1.59,6224.0,4.321,1.177,0,FALSE POSITIVE,3730176
251.958533,4.742,204.1,1.4,0.005,15.3,291.0,1.69,5870.0,4.449,0.985,0,FALSE POSITIVE,3755522
389.169027,3.759,513.3,15.36,0.2117,7.7,519.0,17.15,5075.0,3.031,6.918,0,FALSE POSITIVE,5105886
18.78970984,4.13997,40789.1,44.01,1.172,488.7,752.0,75.6,6477.0,4.439,0.884,0,FALSE POSITIVE,5113146
0.915782856,2.24,301.0,32.86,1.209,7.7,2307.0,6663.73,6318.0,4.256,1.333,0,FALSE POSITIVE,5130563
0.66882716,1.069,68.2,124.42,0.514,6.2,13184.0,7165673.12,3711.0,0.652,150.091,0,FALSE POSITIVE,5131276
43.5428781,3.6768,5447.0,17.47,0.984,52.1,688.0,53.04,6669.0,4.224,1.427,0,FALSE POSITIVE,5174677
3.72273683,8.552,37.8,0.52,0.52,14.7,1104.0,350.89,5898.0,4.567,0.819,0,FALSE POSITIVE,6205384
3.7229369,10.57,65.2,0.46,0.896,18.6,591.0,28.81,3724.0,4.767,0.48,0,FALSE POSITIVE,6205405
1.80455062,2.166,39.7,0.65,0.348,12.5,1577.0,1457.85,6006.0,4.41,1.019,0,FALSE POSITIVE,6206470
10.1955065,2.447,221.4,1.02,0.5396,7.0,661.0,45.18,5182.0,4.601,0.666,0,FALSE POSITIVE,6263468
3.66115536,14.807,34.3,0.81,0.676,27.8,1466.0,1093.71,6356.0,4.241,1.308,0,FALSE POSITIVE,6277594
267.282521,7.788,471.9,1.43,0.378,19.3,207.0,0.44,4926.0,4.653,0.662,1,CONFIRMED,9002278
16.9348104,3.408,346.3,1.31,0.471,11.5,508.0,15.77,4650.0,4.589,0.706,1,CONFIRMED,6026438
225.43420422,13.02,,,,,,,,,,0,FALSE POSITIVE,3763724
1.540399732,1.63,57.6,0.58,0.106,14.8,1312.0,700.19,5160.0,4.518,0.784,0,FALSE POSITIVE,3836450
1.540389045,1.8325,485.7,32.54,0.136,48.6,4379.0,86889.72,4964.0,2.562,15.155,0,FALSE POSITIVE,3836509
1.540393027,1.75,526.2,2.17,0.343,72.1,1502.0,1200.85,5466.0,4.396,0.946,0,FALSE POSITIVE,3836522
0.888045184,2.1961,90.6,2.04,0.491,26.6,2870.0,15984.12,6316.0,3.908,2.087,0,FALSE POSITIVE,3846515
43.9311596,12.9395,9304.4,58.37,0.855,1070.3,902.0,156.74,4888.0,3.257,5.132,0,FALSE POSITIVE,5179609
494.62409,8.36,307.0,1.04,0.4064,6.0,145.0,0.11,4302.0,4.647,0.604,0,FALSE POSITIVE,5181086
110.75214125,2.09,,,,,,,,,,0,FALSE POSITIVE,5192660
121.1825045,2.97,,,,,,,,,,0,FALSE POSITIVE,5193813
78.60436061,4.65559,78104.0,34.8,0.828,2384.6,438.0,8.68,5938.0,4.427,0.985,0,FALSE POSITIVE,5199426
294.202469,2.36,248.2,2.61,0.0219,5.2,401.0,6.09,6897.0,4.121,1.635,0,FALSE POSITIVE,5211631
588.10504,15.474,326.6,1.77,0.3168,11.0,231.0,0.67,6214.0,4.457,0.965,0,FALSE POSITIVE,6281127
116.170346,2.656,435.2,1.68,0.6637,6.0,320.0,2.49,5510.0,4.594,0.762,0,FALSE POSITIVE,6285906
452.30053,5.918,809.0,2.29,0.6613,7.7,199.0,0.37,5396.0,4.599,0.766,0,FALSE POSITIVE,6287131
39.5931053,2.306,156.6,1.22,0.0044,5.7,546.0,21.06,6046.0,4.486,0.972,0,FALSE POSITIVE,6289459
1.55935718,2.892,49.7,1.39,0.568,17.9,2389.0,7676.02,6475.0,3.921,1.9,0,FALSE POSITIVE,6289897
100.629443,1.708,355.7,1.75,0.0726,4.7,412.0,6.84,6351.0,4.513,0.921,0,FALSE POSITIVE,6290467
273.169948,2.701,283.3,2.8,0.3259,6.2,362.0,4.08,5880.0,4.035,1.65,0,FALSE POSITIVE,6342980
14.5123622,4.163,355.8,2.08,0.927,11.8,636.0,38.6,5094.0,4.469,0.87,1,CONFIRMED,8753896
1.434200327,5.968,3097.3,44.76,1.208,39.1,2410.0,7985.65,6911.0,4.038,1.501,0,FALSE POSITIVE,4150611
8.653098686,3.9071,60715.0,77.15,1.11,262.6,1324.0,725.95,6911.0,4.038,1.501,0,FALSE POSITIVE,4150611
2.302365255,23.88,62160.0,63.06,1.1,468.4,1568.0,1429.81,5948.0,4.269,1.229,0,FALSE POSITIVE,4909707
0.575445783,0.8463,29.3,1.3,0.144,3.2,3478.0,34528.16,6215.0,3.802,2.396,0,FALSE POSITIVE,7919516
214.715417,34.146,5211.2,71.79,0.981,161.3,602.0,31.0,5022.0,3.06,5.826,0,FALSE POSITIVE,6850665
23.0295222,7.96,548.2,20.81,1.173,27.7,645.0,40.87,5877.0,4.445,0.959,0,FALSE POSITIVE,4948730
359.04147,14.04,3658.0,27.1,1.28,11.2,181.0,0.25,4596.0,4.59,0.696,0,FALSE POSITIVE,3848665
0.52363021,3.45121,367102.0,52.26,0.549,1948.2,1940.0,3324.98,5407.0,4.535,0.745,0,FALSE POSITIVE,3848919
0.523632451,1.99,8.1,1.08,0.738,13.9,5313.0,188657.97,8277.0,3.693,3.518,0,FALSE POSITIVE,3848948
492.25299,5.077,372.7,1.8,0.226,11.6,224.0,0.59,5755.0,4.478,0.936,0,FALSE POSITIVE,3852865
293.5056071,3.4075,6824.0,48.59,1.341,51.0,265.0,1.16,5455.0,4.381,1.006,0,FALSE POSITIVE,3854101
25.95247,12.945,80.8,1.56,0.4398,16.4,946.0,189.06,7351.0,4.17,1.679,0,FALSE POSITIVE,3858926
4.34573349,2.246,73.5,0.86,0.512,9.7,1151.0,415.52,5967.0,4.43,0.976,0,FALSE POSITIVE,3859890
484.58335927,3.2,,,,,,,,,,0,FALSE POSITIVE,5213005
288.285213,5.343,378.1,2.2,0.0503,11.5,312.0,2.25,6171.0,4.337,1.127,0,FALSE POSITIVE,5213811
19.93826636,1.77,,,,,,,,,,0,FALSE POSITIVE,5260419
491.08027,7.42,335.6,1.86,0.4169,7.9,241.0,0.79,5931.0,4.396,0.997,0,FALSE POSITIVE,5262539
3.350209754,4.43333,28325.4,1447.13,9.666,671.1,1656.0,1777.46,6657.0,4.181,1.501,0,FALSE POSITIVE,5263802
628.592314,3.603,393.7,6.99,0.8176,7.6,323.0,2.57,5058.0,3.497,3.117,0,FALSE POSITIVE,5265982
471.37787,16.91,102.9,1.31,0.0666,12.2,267.0,1.2,5831.0,4.236,1.305,0,FALSE POSITIVE,5271637
425.22927,6.76,829.0,1.4,0.1812,6.4,125.0,0.06,3803.0,4.755,0.492,0,FALSE POSITIVE,6347434
606.91488768,5.96,,,,,,,,,,0,FALSE POSITIVE,6363560
5.24331899,11.137,106.8,0.83,0.778,20.1,875.0,138.45,5430.0,4.613,0.735,0,FALSE POSITIVE,6364064
47.0320478,5.892,367.8,1.98,0.161,13.7,492.0,13.83,5370.0,4.337,1.055,1,CONFIRMED,11177676
10.31453308,3.6641,2004.1,29.6,1.276,71.6,885.0,144.83,6335.0,4.455,0.837,0,FALSE POSITIVE,4936990
15.52861675,2.131,500.0,1.96,0.113,17.3,685.0,51.98,5750.0,4.538,0.882,0,FALSE POSITIVE,7130418
53.501860974,5.25334,456778.0,55.23,0.431,1363.9,409.0,6.63,5436.0,4.587,0.748,0,FALSE POSITIVE,12208887
10.692230094,5.46939,376651.0,65.42,0.528,2402.0,836.0,115.48,6022.0,4.49,0.941,0,FALSE POSITIVE,10711551
1.60375114,1.498,51.0,0.82,0.54,9.4,1688.0,1918.63,5818.0,4.292,1.116,0,FALSE POSITIVE,7919867
15.7397651,3.297,287.7,1.18,0.077,11.2,536.0,19.54,4733.0,4.569,0.723,0,FALSE POSITIVE,11081512
73.3377984,9.029,114900.0,73.06,0.978,155.5,601.0,30.85,7276.0,4.318,1.321,0,FALSE POSITIVE,3867593
282.159571,5.069,196.3,3.09,0.5987,14.2,443.0,9.13,6677.0,3.92,2.108,0,FALSE POSITIVE,3941219
6.58729511,8.3582,127965.0,58.09,0.723,304.2,1152.0,416.15,5619.0,4.07,1.406,0,FALSE POSITIVE,3953106
459.23193,17.722,418.7,2.64,0.8765,19.5,265.0,1.17,6067.0,4.307,1.116,0,FALSE POSITIVE,3953212
25.9493253,12.17,354.5,1.04,0.655,13.1,409.0,6.62,4835.0,4.758,0.526,0,FALSE POSITIVE,3962728
212.76701,12.8,74.3,1.08,0.3531,6.8,354.0,3.71,6098.0,4.286,1.245,0,FALSE POSITIVE,3965326
386.62189,17.72,193.2,1.44,0.1616,12.3,267.0,1.21,6085.0,4.412,1.033,0,FALSE POSITIVE,9265521
84.644104,48.182,512.0,34.61,0.178,33.5,1254.0,584.49,5229.0,2.486,15.517,0,FALSE POSITIVE,9268456
575.95408,8.618,1210.0,2.92,0.0868,11.4,194.0,0.33,5398.0,4.508,0.854,0,FALSE POSITIVE,9271739
117.844963,1.951,1043.0,2.52,0.4594,6.6,308.0,2.13,5317.0,4.595,0.769,0,FALSE POSITIVE,9274431
24.614775,2.395,229.4,1.28,0.089,10.5,574.0,25.69,5654.0,4.536,0.849,0,FALSE POSITIVE,10189542
1.21374744,5.79293,185129.0,96.19,0.831,8755.2,2441.0,8380.25,6791.0,4.137,1.619,0,FALSE POSITIVE,10191056
372.30881,3.874,535.2,2.09,0.1243,14.9,249.0,0.91,5966.0,4.519,0.904,0,FALSE POSITIVE,10201891
454.244158,3.399,241.0,2.93,0.0033,9.9,356.0,3.8,6446.0,3.935,1.874,0,FALSE POSITIVE,10208477
112.48226,1.923,195.7,1.37,0.5181,5.2,386.0,5.23,6089.0,4.495,0.95,0,FALSE POSITIVE,10222603
218.56734012,2.38,,,,,,,,,,0,FALSE POSITIVE,7581535
229.948531,1.813,154.2,1.09,0.35,6.1,301.0,1.93,6225.0,4.537,0.861,0,FALSE POSITIVE,7592339
403.5637828,3.64,,,,,,,,,,0,FALSE POSITIVE,7598326
2.41172358,2.6311,3364.7,50.53,1.281,108.6,1706.0,1997.33,6363.0,4.22,1.332,0,FALSE POSITIVE,7599004
92.9314146,2.35,,,,,,,,,,0,FALSE POSITIVE,7618231
103.22293786,2.63,,,,,,,,,,0,FALSE POSITIVE,7619667
209.06299275,10.0389,250913.0,72.26,0.823,3295.6,329.0,2.77,6130.0,4.42,1.024,0,FALSE POSITIVE,8507073
70.335879746,4.65625,24418.4,29.56,1.04,2148.6,455.0,10.1,6081.0,4.478,0.966,0,FALSE POSITIVE,8509781
591.37382,4.35,245.0,2.2,0.1609,10.7,289.0,1.65,6609.0,4.183,1.391,0,FALSE POSITIVE,8510197
559.28332,4.245,1360.0,2.54,0.3058,6.7,150.0,0.12,4386.0,4.586,0.709,0,FALSE POSITIVE,8516349
136.355967,3.17,165.1,1.42,0.6066,6.3,380.0,4.93,6077.0,4.408,1.058,0,FALSE POSITIVE,8542879
532.9307,3.89,181.4,4.68,0.4579,5.3,498.0,14.53,7872.0,3.698,3.373,0,FALSE POSITIVE,9306677
171.69799,2.904,878.0,39.78,0.2266,7.7,878.0,140.73,5033.0,2.645,13.679,0,FALSE POSITIVE,9357578
444.89411,7.937,363.0,4.7,0.2991,13.2,386.0,5.25,6195.0,3.753,2.439,0,FALSE POSITIVE,9362842
229.86928,12.91,1659.0,9.57,0.049,10.6,466.0,11.15,6065.0,3.763,2.344,0,FALSE POSITIVE,9368524
5.14108479,25.93,611.2,25.74,1.225,57.0,1038.0,274.55,5893.0,4.505,0.941,0,FALSE POSITIVE,10227881
179.27230765,2.21,,,,,,,,,,0,FALSE POSITIVE,10266852
200.83849979,2.37,,,,,,,,,,0,FALSE POSITIVE,10292000
40.1043796,3.471,187.3,1.5,0.2029,9.2,591.0,28.85,6174.0,4.374,1.089,0,FALSE POSITIVE,10319341
30.114681501,5.68713,87057.3,56.45,1.046,2858.1,639.0,39.44,6273.0,4.442,1.044,0,FALSE POSITIVE,10320341
36.1826854,4.2546,9471.7,56.41,1.267,124.1,635.0,38.4,5696.0,4.151,1.321,0,FALSE POSITIVE,7658229
472.2265706,4.8732,156143.0,48.18,0.876,584.6,217.0,0.52,5763.0,4.557,0.842,0,FALSE POSITIVE,7674050
1.507099289,4.8361,1282.0,26.56,1.265,142.7,1448.0,1037.46,5762.0,4.576,0.801,0,FALSE POSITIVE,7700561
253.652263,3.85,26456.0,1169.79,20.7849,59.9,159.0,0.15,3960.0,4.721,0.537,0,FALSE POSITIVE,8546464
128.66825288,2.67,,,,,,,,,,0,FALSE POSITIVE,8547366
485.57785,6.67,853.0,2.18,0.5739,5.6,187.0,0.29,5255.0,4.616,0.727,0,FALSE POSITIVE,8547525
643.4528,9.346,585.1,2.03,0.1952,10.2,192.0,0.32,5649.0,4.553,0.845,0,FALSE POSITIVE,8548403
1.061934307,3.211,264.8,18.7,1.181,70.9,1696.0,1958.71,5853.0,4.544,0.868,0,FALSE POSITIVE,8552607
9.5497037,1.881,706.7,1.45,0.028,12.4,456.0,10.25,3705.0,4.683,0.569,0,FALSE POSITIVE,9390655
77.138911,7.229,603.3,3.39,0.981,19.0,406.0,6.46,5778.0,4.531,0.911,0,FALSE POSITIVE,9394762
0.536551592,4.89,153.2,12.88,1.102,26.2,2377.0,7584.36,6140.0,4.455,1.027,0,FALSE POSITIVE,9402670
68.54443156,2.05,,,,,,,,,,0,FALSE POSITIVE,9402859
130.110715,2.227,251.9,1.32,0.1883,6.4,343.0,3.26,5960.0,4.561,0.828,0,FALSE POSITIVE,9407689
242.484764,6.451,361.7,1.58,0.1785,7.6,283.0,1.51,6068.0,4.568,0.829,0,FALSE POSITIVE,10356840
385.593209,2.799,282.9,2.37,0.5548,5.6,311.0,2.2,6205.0,4.194,1.358,0,FALSE POSITIVE,10399137
215.737826,7.257,8476.0,8.71,0.916,36.8,231.0,0.67,4889.0,4.574,0.724,0,FALSE POSITIVE,10416390
507.48249,8.19,232.1,1.22,0.7261,9.7,189.0,0.3,5227.0,4.541,0.744,0,FALSE POSITIVE,10419108
30.2111162,4.202,92.6,4.44,0.0666,6.5,1033.0,269.29,5132.0,3.321,4.732,0,FALSE POSITIVE,7701809
76.377855,4.809,11004.0,6.28,0.577,38.6,240.0,0.78,3869.0,4.674,0.584,1,CONFIRMED,7731281
55.249007325,5.15147,205671.0,60.79,0.785,3452.5,496.0,14.25,6063.0,4.476,1.012,0,FALSE POSITIVE,7743464
22.52907,1.373,327.1,1.39,0.3668,4.8,532.0,18.89,5284.0,4.594,0.769,0,FALSE POSITIVE,7747197
66.247851,4.04,666.0,16.67,0.2847,8.3,925.0,172.74,5214.0,3.109,6.519,0,FALSE POSITIVE,7750342
370.91308,17.655,270.3,1.74,0.3443,17.5,266.0,1.18,5892.0,4.386,1.054,0,FALSE POSITIVE,7751133
7.41505161,2.061,937.0,91.09,0.979,18.3,2815.0,14853.21,4989.0,2.442,18.266,0,FALSE POSITIVE,8560475
2.742590902,10.4143,680398.0,176.4,0.473,682.9,1960.0,3487.05,7072.0,4.129,1.705,0,FALSE POSITIVE,8561192
216.453511,3.321,1137.0,2.91,0.0052,7.5,274.0,1.34,5385.0,4.46,0.878,0,FALSE POSITIVE,8575061
37.0488669,2.48,,,,,,,,,,0,FALSE POSITIVE,8612291
542.16158927,8.77,,,,,,,,,,0,FALSE POSITIVE,9412267
11.0153889,2.666,3446.0,65.27,1.287,31.8,1047.0,284.63,5515.0,3.899,1.678,0,FALSE POSITIVE,9418508
28.34230575,1.65,,,,,,,,,,0,FALSE POSITIVE,9449320
231.521608,2.819,478.7,1.96,0.5303,6.1,274.0,1.34,5695.0,4.545,0.872,0,FALSE POSITIVE,9451521
180.890384,1.901,205.3,2.47,0.3417,5.8,480.0,12.58,7037.0,4.136,1.683,0,FALSE POSITIVE,9455322
60.0546149,3.435,326.1,5.24,0.3355,11.8,694.0,54.88,5242.0,3.606,2.917,0,FALSE POSITIVE,9455526
2.037453129,5.43155,315914.0,136.3,0.611,6944.9,2220.0,5752.74,6456.0,3.906,2.056,0,FALSE POSITIVE,10480952
35.164087,86.05,1528.9,62.03,1.227,38.3,756.0,77.33,5485.0,3.82,2.087,0,FALSE POSITIVE,10547378
107.11003503,2.12,,,,,,,,,,0,FALSE POSITIVE,10548411
462.26052152,4.05,,,,,,,,,,0,FALSE POSITIVE,7762717
0.533000886,1.54684,4398.5,40.94,1.271,327.4,2429.0,8170.3,5934.0,4.331,1.064,0,FALSE POSITIVE,7800285
200.35091012,3.78,,,,,,,,,,0,FALSE POSITIVE,7804128
114.32859485,2.64,,,,,,,,,,0,FALSE POSITIVE,7809049
99.97889,8.76,117.9,1.84,0.3044,5.7,463.0,10.84,5229.0,3.985,1.725,0,FALSE POSITIVE,7811057
374.71687,52.986,1126.2,5.56,0.985,62.2,259.0,1.06,5768.0,4.375,1.009,0,FALSE POSITIVE,8622875
42.070868,1.293,386.2,1.82,0.2878,5.7,469.0,11.43,5197.0,4.422,0.938,0,FALSE POSITIVE,8655076
401.73243,1.535,366.4,2.88,0.0839,5.8,307.0,2.09,5938.0,4.12,1.504,0,FALSE POSITIVE,8671707
428.1186,6.56,443.8,2.18,0.1377,7.3,260.0,1.09,6225.0,4.45,1.031,0,FALSE POSITIVE,8676061
37.3683802,2.8,206.6,10.58,0.8375,8.8,1075.0,315.59,5101.0,3.15,6.422,0,FALSE POSITIVE,9457533
615.81928,14.93,168.0,1.24,0.1794,11.0,221.0,0.56,6120.0,4.489,0.955,0,FALSE POSITIVE,9463329
0.512581525,2.54719,384482.0,42.41,0.505,1583.7,1541.0,1339.86,4612.0,4.648,0.604,0,FALSE POSITIVE,9474485
1.42796645,12.8653,6012.3,39.76,1.305,347.6,1637.0,1700.47,6099.0,4.511,0.919,0,FALSE POSITIVE,10551346
70.61977122,2.09,,,,,,,,,,0,FALSE POSITIVE,10556891
216.10910854,3.95,,,,,,,,,,0,FALSE POSITIVE,10579570
44.51439331,1.55,,,,,,,,,,0,FALSE POSITIVE,10591578
230.80401566,3.57,,,,,,,,,,0,FALSE POSITIVE,7819520
28.297207229,3.94247,23193.1,54.15,1.227,2360.6,713.0,60.99,6327.0,4.277,1.151,0,FALSE POSITIVE,7837526
412.227551,4.303,819.5,21.53,0.1894,9.0,529.0,18.57,5079.0,2.977,7.684,0,FALSE POSITIVE,7884986
586.63177,7.299,199.9,1.18,0.0345,8.4,189.0,0.3,5228.0,4.471,0.854,0,FALSE POSITIVE,8677186
364.95068,0.636,824.0,3.69,0.9571,5.8,241.0,0.8,5574.0,4.438,0.884,0,FALSE POSITIVE,8678345
44.36123319,2.49,,,,,,,,,,0,FALSE POSITIVE,8682751
438.00974,11.46,79.2,0.73,0.8575,8.6,197.0,0.36,5260.0,4.56,0.717,0,FALSE POSITIVE,8715564
3.479508244,3.9097,3000.4,444.46,1.252,195.7,3167.0,23775.98,4630.0,2.437,12.623,0,FALSE POSITIVE,8718273
406.29695,5.32,136.5,1.85,0.4038,10.7,315.0,2.31,6031.0,4.103,1.566,0,FALSE POSITIVE,8737343
3.34465934,10.796,57.6,1.17,0.005,24.3,1559.0,1396.11,5966.0,4.069,1.551,0,FALSE POSITIVE,9489348
513.14417,14.13,223.8,1.3,0.5818,7.9,208.0,0.45,5709.0,4.557,0.837,0,FALSE POSITIVE,9517242
13.0366377,3.184,154.6,2.23,0.7039,15.4,1047.0,283.97,6084.0,4.009,1.677,0,FALSE POSITIVE,9543302
270.98477,6.718,13883.0,11761.1,70.1733,10.7,594.0,29.44,11068.0,4.377,1.555,0,FALSE POSITIVE,10799291
2.74703312,2.655,152.2,61.97,1.17,23.1,2917.0,17132.06,8237.0,3.753,3.134,0,FALSE POSITIVE,10817600
0.864651455,3.461,67.7,0.69,0.235,16.5,1720.0,2062.08,5587.0,4.556,0.851,0,FALSE POSITIVE,7885558
25.4805211,10.701,159.0,1.25,0.186,17.7,659.0,44.67,6250.0,4.472,0.986,0,FALSE POSITIVE,7900450
512.11636,9.557,315.4,1.47,0.5008,10.9,198.0,0.36,5492.0,4.576,0.812,0,FALSE POSITIVE,7900695
348.61891,3.567,689.0,2.4,0.282,5.8,253.0,0.97,5911.0,4.519,0.914,0,FALSE POSITIVE,7900727
368.70839,6.08,957.0,2.87,0.5958,12.2,267.0,1.21,6409.0,4.523,0.887,0,FALSE POSITIVE,7902719
7.1091096,10.67,156.7,1.08,0.663,13.0,855.0,126.12,5665.0,4.568,0.82,0,FALSE POSITIVE,7916058
397.3958488,6.1014,29825.0,64.56,1.19,395.7,280.0,1.45,5544.0,4.146,1.362,0,FALSE POSITIVE,8742270
62.134919,8.711,147.5,6.71,0.827,10.6,925.0,172.96,5889.0,3.358,4.912,1,CONFIRMED,8745553
1.667482003,1.5931,545.5,15.15,0.052,50.2,3257.0,26549.71,4678.0,2.756,6.72,0,FALSE POSITIVE,8747222
5.29730786,4.02,190.8,1.49,0.728,13.1,1044.0,281.21,5780.0,4.438,1.0,0,FALSE POSITIVE,8766285
77.395279,5.26,437.0,6.16,0.1748,7.9,646.0,41.24,5158.0,3.541,2.995,0,FALSE POSITIVE,8812360
612.882452,2.024,631.0,2.42,0.284,7.5,217.0,0.53,6029.0,4.494,0.956,0,FALSE POSITIVE,9579072
11.03571773,5.62958,144955.0,70.42,0.911,959.6,991.0,227.54,6201.0,4.213,1.23,0,FALSE POSITIVE,9591728
42.093314,4.649,886.0,2.19,0.035,7.4,407.0,6.47,4885.0,4.541,0.763,0,FALSE POSITIVE,9594184
274.10859251,6.59,,,,,,,,,,0,FALSE POSITIVE,9594992
339.18109,5.34,157.9,1.7,0.077,11.5,332.0,2.88,6407.0,4.209,1.344,0,FALSE POSITIVE,9598315
3.55650976,12.7364,687454.0,283.93,0.622,3867.7,2353.0,7238.22,8105.0,3.937,2.433,0,FALSE POSITIVE,9602595
38.27772448,1.73,,,,,,,,,,0,FALSE POSITIVE,10616317
25.285232337,4.76313,63021.6,69.68,1.208,5902.4,740.0,70.73,6486.0,4.337,1.136,0,FALSE POSITIVE,10616656
1.23138339,3.943,72.7,0.82,0.348,21.0,1648.0,1746.21,5791.0,4.505,0.958,0,FALSE POSITIVE,10661679
322.55663046,3.74,,,,,,,,,,0,FALSE POSITIVE,7935997
7.2269859,14.241,160.3,0.79,0.561,26.2,603.0,31.23,4347.0,4.645,0.609,0,FALSE POSITIVE,7938499
0.762724045,1.98818,9782.2,41.02,1.252,451.7,1860.0,2827.5,5313.0,4.39,0.976,0,FALSE POSITIVE,7941635
206.76425774,2.57,,,,,,,,,,0,FALSE POSITIVE,7948619
362.49906,12.17,522.5,2.51,0.5297,10.3,277.0,1.4,6043.0,4.369,1.065,0,FALSE POSITIVE,7967210
190.65896,35.472,552.8,2.54,0.9508,18.3,281.0,1.46,5508.0,4.549,0.835,0,FALSE POSITIVE,7970194
509.997402,8.481,1267.0,2.62,0.0254,35.3,182.0,0.26,5037.0,4.54,0.756,1,CONFIRMED,7978202
1.50650036,2.762,45.4,0.81,0.684,15.0,1809.0,2520.53,6201.0,4.336,1.126,0,FALSE POSITIVE,8823893
194.48732212,3.6,,,,,,,,,,0,FALSE POSITIVE,8836224
374.878133,10.556,914.6,4.27,0.626,21.9,282.0,1.49,5636.0,4.218,1.354,1,CONFIRMED,8891684
5.2362026,3.148,2019.5,75.83,1.379,28.2,1378.0,853.62,6176.0,4.112,1.631,0,FALSE POSITIVE,8904714
48.55059299,1.79,,,,,,,,,,0,FALSE POSITIVE,9645188
247.372131,3.271,513.4,2.47,0.4257,12.4,290.0,1.67,5780.0,4.438,1.0,0,FALSE POSITIVE,9662475
95.254421,3.379,465.4,2.2,0.3116,6.1,413.0,6.89,6063.0,4.476,1.012,0,FALSE POSITIVE,9705620
425.483539,17.856,996.6,3.2,0.03,19.6,248.0,0.89,5977.0,4.473,1.022,1,CONFIRMED,9715631
7.863361238,3.42771,18156.7,22.7,0.869,723.3,1057.0,294.86,5615.0,4.136,1.4,0,FALSE POSITIVE,9724993
120.16983803,3.19,,,,,,,,,,0,FALSE POSITIVE,10677763
0.745086745,4.29,270.0,1.29,0.626,61.4,1654.0,1775.23,5325.0,4.607,0.75,0,FALSE POSITIVE,10724569
247.47724314,7.6,,,,,,,,,,0,FALSE POSITIVE,10734441
6.10968225,5.735,60.3,0.79,0.108,18.6,1093.0,337.78,6024.0,4.309,1.009,1,CONFIRMED,10777591
11.8045536,3.195,128.9,0.94,0.1533,7.0,660.0,44.76,4971.0,4.482,0.857,0,FALSE POSITIVE,7982917
3.1748772,7.089,1741.0,8.8,0.94,98.6,1410.0,933.1,5116.0,3.994,1.619,0,FALSE POSITIVE,8016211
371.18648,19.929,317.9,2.06,0.0845,18.1,291.0,1.68,6231.0,4.34,1.152,0,FALSE POSITIVE,8025718
10.90962154,17.8024,499921.0,149.1,0.146,2345.1,1127.0,381.27,5323.0,3.714,2.064,0,FALSE POSITIVE,8935352
27.0779813,138.54,347.5,2.03,0.957,139.4,597.0,29.98,5906.0,4.467,0.85,0,FALSE POSITIVE,8939211
1.827660875,3.986,46676.8,42.1,1.026,890.3,1664.0,1811.72,6352.0,4.427,1.072,0,FALSE POSITIVE,8939650
376.554588,3.182,481.0,2.0,0.0963,5.4,247.0,0.88,5926.0,4.519,0.913,0,FALSE POSITIVE,8949512
538.4263,12.751,242.0,3.2,0.3917,16.2,322.0,2.53,5962.0,3.882,2.028,0,FALSE POSITIVE,8955741
94.20561159,6.62,,,,,,,,,,0,FALSE POSITIVE,9758615
378.70643955,14.66,,,,,,,,,,0,FALSE POSITIVE,9771920
78.4286313,3.7368,83303.0,85.77,1.388,112.6,425.0,7.74,5780.0,4.438,1.0,0,FALSE POSITIVE,9775475
2.53021,21.79,367.9,41.44,1.275,24.2,1543.0,1338.82,5780.0,4.178,1.296,0,FALSE POSITIVE,9780149
2.249000963,9.6022,58776.2,59.61,0.68,1159.5,2126.0,4838.14,6025.0,3.8,2.293,0,FALSE POSITIVE,9786017
121.62387378,2.73,,,,,,,,,,0,FALSE POSITIVE,9837659
432.074696,4.763,1088.0,2.39,0.1559,7.6,193.0,0.32,5183.0,4.608,0.739,0,FALSE POSITIVE,10879247
460.77905,15.541,239.3,4.24,0.324,12.7,387.0,5.32,6126.0,3.731,2.717,0,FALSE POSITIVE,10905641
3.21318517,15.47,2046.1,8.24,0.924,662.9,1710.0,2017.35,6712.0,4.159,1.513,0,FALSE POSITIVE,10920086
331.78248134,4.94,,,,,,,,,,0,FALSE POSITIVE,10958972
1.20608769,2.2272,1660.6,44.46,1.253,66.9,1941.0,3353.78,5657.0,4.186,1.355,0,FALSE POSITIVE,8029848
613.82905,18.18,148.2,2.85,0.2616,10.2,307.0,2.1,5636.0,3.809,2.357,0,FALSE POSITIVE,8035322
476.80454,10.65,143.6,1.12,0.5619,5.7,227.0,0.63,5806.0,4.473,0.901,0,FALSE POSITIVE,8036863
4.09513876,2.462,181.7,1.75,0.97,11.6,1122.0,374.3,5858.0,4.495,0.963,1,CONFIRMED,8037038
0.779615874,3.932,81.5,0.83,0.699,22.0,1847.0,2735.51,5764.0,4.548,0.863,0,FALSE POSITIVE,8043968
224.469892,2.952,458.6,2.35,0.2691,5.5,323.0,2.58,5911.0,4.337,1.091,0,FALSE POSITIVE,8975776
113.556471,2.383,278.7,6.76,0.1828,7.6,651.0,42.48,4842.0,3.167,4.164,0,FALSE POSITIVE,8979500
208.02789,10.82,255.0,1.04,0.6065,8.8,196.0,0.35,4285.0,4.63,0.632,0,FALSE POSITIVE,9003126
308.024953,2.665,352.6,3.55,0.3366,10.2,345.0,3.35,5220.0,3.808,1.887,0,FALSE POSITIVE,9008125
1.33261458,5.161,1335.3,3.65,0.936,17.5,1208.0,505.52,4611.0,4.551,0.76,0,FALSE POSITIVE,9838414
105.895315,2.581,1227.0,2.69,0.093,7.0,323.0,2.58,5271.0,4.548,0.781,0,FALSE POSITIVE,9845362
61.224558,4.103,544.2,2.76,0.571,9.7,525.0,17.89,6343.0,4.408,1.14,0,FALSE POSITIVE,9845931
28.507877538,3.13331,24372.3,27.79,1.025,449.0,613.0,33.32,6131.0,4.497,0.945,0,FALSE POSITIVE,9847239
444.46522,0.767,4084.0,30.17,1.2803,9.0,189.0,0.3,5134.0,4.609,0.746,0,FALSE POSITIVE,9848760
8.48039,6.134,133.7,1.23,0.008,12.0,969.0,208.42,6193.0,4.434,1.067,0,FALSE POSITIVE,9850843
72.0153825,2.548,177.7,6.94,0.6038,6.8,783.0,88.86,5099.0,3.299,5.032,0,FALSE POSITIVE,7019580
21.12752693,2.253,51.8,20.93,0.157,18.4,2349.0,7200.22,4024.0,1.672,30.882,0,FALSE POSITIVE,7022603
23.9341825,1.607,228.1,1.03,0.0465,6.5,432.0,8.27,4415.0,4.58,0.715,0,FALSE POSITIVE,7024045
87.775799,1.862,450.0,2.44,0.8114,6.3,409.0,6.61,5604.0,4.375,1.025,0,FALSE POSITIVE,7035812
65.67350728,2.73,,,,,,,,,,0,FALSE POSITIVE,7038988
222.06409878,2.89,,,,,,,,,,0,FALSE POSITIVE,7041972
35.882272887,3.95004,101231.0,35.21,0.858,3096.9,512.0,16.3,5840.0,4.57,0.812,0,FALSE POSITIVE,7047299
8.780603773,3.16989,90027.8,52.34,1.127,1406.9,775.0,85.17,5487.0,4.563,0.832,0,FALSE POSITIVE,8075618
224.150923,12.455,348.6,2.41,0.019,34.2,369.0,4.4,6072.0,4.133,1.286,1,CONFIRMED,8105398
551.49832,40.92,1874.4,4.89,0.9478,37.0,215.0,0.51,5926.0,4.532,0.887,0,FALSE POSITIVE,8106139
351.2878737,11.2066,134634.0,38.47,0.712,1002.8,252.0,0.96,5911.0,4.519,0.914,0,FALSE POSITIVE,8108437
46.50446209,1.37,,,,,,,,,,0,FALSE POSITIVE,9016592
124.091252,2.172,281.4,1.3,0.031,5.7,305.0,2.04,5275.0,4.571,0.792,0,FALSE POSITIVE,9024568
212.771978,2.115,1239.0,2.84,0.2065,6.9,255.0,1.0,5122.0,4.505,0.824,0,FALSE POSITIVE,9875101
18.0766788,3.06,28831.0,19.47,0.822,26.6,694.0,54.73,5780.0,4.438,1.0,0,FALSE POSITIVE,9896438
1.33255577,4.282,126.5,0.97,0.199,15.4,1420.0,961.41,5122.0,4.469,0.881,0,FALSE POSITIVE,9899514
1.33259275,4.014,79.1,0.97,0.833,15.9,1703.0,1983.27,6091.0,4.487,0.967,0,FALSE POSITIVE,9899607
36.6092739,1.835,1102.0,52.42,0.26,7.6,1623.0,1640.55,4770.0,2.319,16.114,0,FALSE POSITIVE,9908486
0.812592362,1.5646,6945.8,25.84,1.007,226.6,2912.0,16928.43,7117.0,4.153,1.64,0,FALSE POSITIVE,7107567
81.871309,1.606,98.2,1.12,0.1996,5.4,480.0,12.59,6343.0,4.375,1.115,0,FALSE POSITIVE,7109680
0.566805859,3.835,61.1,1.25,0.724,21.5,2858.0,15850.69,6413.0,4.203,1.494,0,FALSE POSITIVE,7115671
326.36595188,3.75,,,,,,,,,,0,FALSE POSITIVE,7123580
520.58269,2.264,348.0,1.94,0.045,6.0,244.0,0.83,6210.0,4.45,1.033,0,FALSE POSITIVE,7123614
0.718643659,2.51246,124930.0,50.85,0.922,575.0,2002.0,3813.75,5853.0,4.483,0.934,0,FALSE POSITIVE,8155368
17.946328114,8.15905,102994.0,66.65,0.774,3497.6,845.0,120.63,5228.0,3.906,1.722,0,FALSE POSITIVE,8179747
204.818268,1.93,303.6,5.18,0.346,5.4,525.0,17.9,6060.0,3.65,2.93,0,FALSE POSITIVE,8192427
23.81490574,1.9948,79201.0,63.1,0.772,444.4,847.0,121.57,5421.0,3.79,1.89,0,FALSE POSITIVE,9049550
1.3274511,3.465,123.6,0.66,0.245,16.6,1009.0,243.87,4137.0,4.646,0.61,0,FALSE POSITIVE,9049697
209.238576,2.245,154.7,1.43,0.2683,5.4,354.0,3.72,6302.0,4.345,1.135,0,FALSE POSITIVE,9087071
1.166835206,2.17596,15527.2,96.28,1.257,388.6,3457.0,33728.08,8982.0,4.111,2.123,0,FALSE POSITIVE,9911112
230.70578883,2.69,,,,,,,,,,0,FALSE POSITIVE,9933600
4.99471597,3.44,53.0,2.2,0.698,14.1,1861.0,2836.06,6409.0,3.706,2.83,0,FALSE POSITIVE,9934274
27.659607786,4.16321,318404.0,50.7,0.604,4791.0,499.0,14.66,5310.0,4.593,0.768,0,FALSE POSITIVE,9941387
476.727302,9.327,1035.7,23.42,0.008,17.9,530.0,18.64,5068.0,2.827,7.417,0,FALSE POSITIVE,9941550
22.0495604,3.428,134.5,1.9,0.651,15.4,912.0,163.51,6821.0,4.176,1.548,0,FALSE POSITIVE,7138841
150.70039392,2.82,,,,,,,,,,0,FALSE POSITIVE,7174911
44.48477463,1.67,,,,,,,,,,0,FALSE POSITIVE,7176424
93.6452481,2.12,,,,,,,,,,0,FALSE POSITIVE,7184556
574.69029,4.269,276.8,1.26,0.004,7.2,191.0,0.31,5503.0,4.557,0.764,0,FALSE POSITIVE,7189825
280.1604956,2.8637,12946.0,19.25,1.04,54.5,237.0,0.74,5387.0,4.581,0.799,0,FALSE POSITIVE,8223655
370.46262,9.541,347.9,2.03,0.2421,12.1,284.0,1.53,6295.0,4.401,1.08,0,FALSE POSITIVE,8229361
116.301793,2.253,649.0,2.18,0.4631,6.3,336.0,3.01,5593.0,4.552,0.842,0,FALSE POSITIVE,8234889
480.19416,10.76,372.3,1.79,0.1548,9.1,235.0,0.72,6072.0,4.51,0.923,0,FALSE POSITIVE,8241258
368.49828,14.903,581.9,1.86,0.1772,18.0,214.0,0.5,5255.0,4.527,0.783,0,FALSE POSITIVE,8241736
6.993576155,21.2695,2924.0,101.15,1.317,643.3,1605.0,1569.11,6565.0,3.803,2.467,0,FALSE POSITIVE,8242350
223.52131732,3.27,,,,,,,,,,0,FALSE POSITIVE,8244947
1.811461128,8.42343,921671.0,373.77,0.309,3934.3,3438.0,33024.44,8572.0,3.776,3.034,0,FALSE POSITIVE,9101279
2.17491508,8.4418,635412.0,193.73,0.719,1572.0,2009.0,3847.36,6792.0,4.143,1.636,0,FALSE POSITIVE,9108058
24.5002702,4.079,153.5,0.73,0.405,13.3,409.0,6.61,4519.0,4.688,0.597,0,FALSE POSITIVE,9116075
2.16402661,2.78,,,,,,,,,,0,FALSE POSITIVE,9117123
392.89275632,4.93,,,,,,,,,,0,FALSE POSITIVE,9118858
114.734287,3.724,242.9,1.1,0.3694,6.7,296.0,1.82,5083.0,4.569,0.71,0,FALSE POSITIVE,9137257
1.340649911,5.0912,627633.0,127.25,0.561,791.0,2004.0,3824.87,6332.0,4.26,1.222,0,FALSE POSITIVE,9954225
30.69537638,5.6634,19941.0,19.39,0.846,186.8,662.0,45.29,6185.0,4.356,1.192,0,FALSE POSITIVE,9957659
30.69533113,5.94855,88771.2,69.4,1.041,7846.3,737.0,69.65,6335.0,4.171,1.286,0,FALSE POSITIVE,9957668
49.873958,1.351,562.0,1.5,0.4119,5.7,366.0,4.26,4979.0,4.632,0.629,0,FALSE POSITIVE,9967398
114.25041494,2.11,,,,,,,,,,0,FALSE POSITIVE,7192680
407.97623,14.69,237.5,4.63,0.0598,11.2,498.0,14.53,7612.0,3.787,2.968,0,FALSE POSITIVE,7203858
239.25578975,5.21,,,,,,,,,,0,FALSE POSITIVE,7207081
6.279888981,5.5086,1514.6,196.78,1.244,150.5,1931.0,3281.24,5057.0,3.137,6.222,0,FALSE POSITIVE,8255058
37.47695717,1.46,,,,,,,,,,0,FALSE POSITIVE,8265239
519.80221867,14.9678,77183.1,40.88,0.894,2502.9,216.0,0.51,5310.0,4.356,1.03,0,FALSE POSITIVE,8288404
48.9200563,2.295,333.9,1.71,0.6077,7.0,456.0,10.22,5375.0,4.433,0.899,0,FALSE POSITIVE,8300828
469.61309,13.709,1234.7,3.24,0.906,18.2,200.0,0.37,5474.0,4.598,0.763,1,CONFIRMED,9141355
583.73632,15.75,338.6,2.65,0.126,11.4,266.0,1.19,6003.0,4.176,1.442,0,FALSE POSITIVE,9142225
502.658,19.51,216.0,0.69,0.3138,10.0,116.0,0.04,3754.0,4.773,0.473,0,FALSE POSITIVE,9142334
243.954706,2.562,291.7,1.35,0.1207,5.2,257.0,1.03,5578.0,4.578,0.794,0,FALSE POSITIVE,9153246
12.71368909,1.875,192.2,1.09,0.196,9.8,700.0,56.78,5715.0,4.586,0.782,0,FALSE POSITIVE,10002266
25.26363805,2.72,,,,,,,,,,0,FALSE POSITIVE,10004515
1.391716834,1.421,41.0,36.19,0.233,9.7,8346.0,1150147.99,3749.0,0.833,59.684,0,FALSE POSITIVE,10004772
70.516233809,4.09296,330180.0,52.74,0.587,3168.8,390.0,5.47,5511.0,4.531,0.789,0,FALSE POSITIVE,10006096
2.645596805,2.9095,1272.7,167.05,1.239,166.8,2452.0,8539.63,4980.0,3.167,5.443,0,FALSE POSITIVE,10007492
105.6327297,2.73,,,,,,,,,,0,FALSE POSITIVE,10018364
274.553579,5.95,218.3,1.66,0.1125,6.7,322.0,2.55,6267.0,4.334,1.118,0,FALSE POSITIVE,7255910
251.02304011,3.11,,,,,,,,,,0,FALSE POSITIVE,7256460
1.80774253,2.637,592.6,5.29,0.9062,15.1,1822.0,2606.24,5164.0,3.88,1.779,0,FALSE POSITIVE,7258902
28.7369766,1.586,525.0,1.95,0.1108,5.5,550.0,21.64,5722.0,4.547,0.854,0,FALSE POSITIVE,7345136
2.45649061,2.844,287.8,14.14,0.167,21.0,3440.0,33039.62,4870.0,2.486,8.531,0,FALSE POSITIVE,7352727
98.51783198,1.65,,,,,,,,,,0,FALSE POSITIVE,7375100
457.513348,5.763,562.5,25.18,0.9613,3.9,512.0,16.21,5047.0,2.966,7.821,0,FALSE POSITIVE,8308639
224.02589924,2.93,,,,,,,,,,0,FALSE POSITIVE,8313697
323.77153,17.57,353.7,1.44,0.083,10.6,216.0,0.52,5196.0,4.586,0.784,0,FALSE POSITIVE,8351919
40.0389613,1.711,109.4,0.95,0.3619,5.7,517.0,16.85,5701.0,4.437,0.903,0,FALSE POSITIVE,8352016
22.571972634,4.00349,79325.7,46.14,1.056,1040.1,617.0,34.24,5645.0,4.431,0.871,0,FALSE POSITIVE,8364969
1.018861199,6.5005,291214.0,93.47,0.358,911.3,2505.0,9299.2,6225.0,4.009,1.672,0,FALSE POSITIVE,8380743
80.519237,4.044,92.5,1.08,0.102,7.2,476.0,12.11,6251.0,4.378,1.119,0,FALSE POSITIVE,9159461
149.356804,15.415,171.6,2.92,0.1627,14.0,560.0,23.18,6569.0,3.842,2.203,0,FALSE POSITIVE,9164003
50.47759052,2.02,,,,,,,,,,0,FALSE POSITIVE,9178502
2.79123954,2.843,154.8,2.22,0.709,25.3,1771.0,2322.96,6407.0,4.111,1.668,0,FALSE POSITIVE,9180282
223.31769215,3.54,,,,,,,,,,0,FALSE POSITIVE,9181402
44.637111,5.868,282.5,1.28,0.029,9.4,432.0,8.22,5222.0,4.518,0.78,0,FALSE POSITIVE,10023469
365.620697,32.263,27188.0,12.75,0.4173,671.1,215.0,0.5,5273.0,4.531,0.768,0,FALSE POSITIVE,10074700
191.272501,3.064,286.5,1.59,0.504,5.8,310.0,2.18,5727.0,4.43,0.918,0,FALSE POSITIVE,10096697
575.42002,17.22,401.7,1.91,0.1538,11.7,225.0,0.61,6025.0,4.448,0.949,0,FALSE POSITIVE,7386200
368.72715,5.06,426.6,1.55,0.3411,6.4,215.0,0.51,5401.0,4.569,0.749,0,FALSE POSITIVE,7456380
100.303613,10.578,488038.0,78.77,0.388,354.7,421.0,7.41,6060.0,4.397,1.046,0,FALSE POSITIVE,8414914
0.83620025,3.7127,331275.0,65.64,0.56,145.4,1932.0,3299.29,5780.0,4.438,1.0,0,FALSE POSITIVE,8432034
616.34132,12.724,1287.0,2.11,0.28,12.5,131.0,0.07,4197.0,4.659,0.588,0,FALSE POSITIVE,9216231
390.40832,7.916,251.9,0.63,0.0407,8.5,115.0,0.04,3659.0,4.858,0.4,0,FALSE POSITIVE,10130646
191.528018,2.342,171.8,1.32,0.0258,6.4,334.0,2.95,6054.0,4.416,1.009,0,FALSE POSITIVE,10132552
386.59946,3.305,380.7,1.89,0.2307,5.8,259.0,1.06,6137.0,4.487,0.963,0,FALSE POSITIVE,10132908
15.4032765,3.246,253.0,1.32,0.623,9.2,626.0,36.41,5272.0,4.508,0.799,0,FALSE POSITIVE,10141271
61.0011095,1.049,408.0,2.55,0.7091,4.6,536.0,19.57,6418.0,4.395,1.171,0,FALSE POSITIVE,10158715
198.232389,1.919,416.4,2.28,0.0297,5.7,352.0,3.64,6263.0,4.382,1.113,0,FALSE POSITIVE,10161534
0.66062715,4.56,248.5,26.13,1.208,7.8,2327.0,6966.29,6322.0,4.426,1.075,0,FALSE POSITIVE,7458433
456.5734,5.465,397.5,7.88,0.1768,7.6,413.0,6.88,5002.0,3.216,4.042,0,FALSE POSITIVE,7468295
601.13797,15.26,172.8,1.81,0.057,9.9,254.0,0.99,5786.0,4.155,1.388,0,FALSE POSITIVE,7516073
344.06248,15.6,136.3,5.26,0.935,17.7,589.0,28.42,7664.0,3.611,3.697,0,FALSE POSITIVE,7538450
39.94344731,1.71,,,,,,,,,,0,FALSE POSITIVE,7539174
466.90824,2.64,660.0,2.19,0.0868,5.4,210.0,0.46,5340.0,4.456,0.867,0,FALSE POSITIVE,7550875
361.30991,12.968,275.6,7.07,0.0802,10.6,422.0,7.5,4911.0,3.354,4.419,0,FALSE POSITIVE,8442463
199.4424134,7.2533,32171.9,56.11,1.1877,486.4,344.0,3.32,5869.0,4.288,1.17,0,FALSE POSITIVE,8474892
31.59115876,2.6431,1434.4,72.91,1.247,83.5,783.0,88.84,5178.0,3.714,2.295,0,FALSE POSITIVE,8480642
356.99135,17.03,747.8,2.47,0.2437,13.8,240.0,0.78,5539.0,4.467,0.913,0,FALSE POSITIVE,8482513
96.120478,1.125,285.4,2.08,0.5381,6.0,460.0,10.62,6038.0,4.245,1.186,0,FALSE POSITIVE,8487777
9.63647672,2.999,47.6,2.02,0.046,11.1,1243.0,565.04,5125.0,3.631,3.007,0,FALSE POSITIVE,8495232
45.680876,2.293,350.3,14.5,0.206,3.7,1215.0,514.91,4835.0,2.608,7.917,0,FALSE POSITIVE,8499922
43.169798,9.686,120.8,1.47,0.5639,6.9,615.0,33.77,5929.0,4.176,1.292,0,FALSE POSITIVE,8505674
322.544807,11.236,88.0,0.68,0.0183,12.1,219.0,0.55,5359.0,4.611,0.741,0,FALSE POSITIVE,11465869
22.57494749,36.756,1344.1,49.49,1.271,302.6,860.0,129.25,6581.0,4.192,1.468,0,FALSE POSITIVE,11506938
85.5692223,4.954,539.2,6.85,0.98,18.2,536.0,19.51,5361.0,3.856,1.951,0,FALSE POSITIVE,11513441
422.255426,4.974,1935.0,5.09,0.3769,17.4,277.0,1.39,6273.0,4.364,1.139,0,FALSE POSITIVE,11599800
471.39698,10.714,329.9,1.87,0.3379,13.1,265.0,1.16,6587.0,4.463,1.008,0,FALSE POSITIVE,11603298
436.42852,13.8,163.9,1.26,0.3772,9.2,245.0,0.86,5997.0,4.466,0.971,0,FALSE POSITIVE,11654039
64.713168094,5.69869,312970.0,62.03,0.573,3582.5,482.0,12.8,6175.0,4.44,0.974,0,FALSE POSITIVE,11924426
1.036592136,2.296,2118.2,293.01,1.25,150.6,4194.0,73013.77,4884.0,2.737,8.747,0,FALSE POSITIVE,11968514
371.54879,9.841,125.6,1.13,0.6743,10.1,230.0,0.66,5225.0,4.41,0.954,0,FALSE POSITIVE,12156805
226.499243,1.328,127.4,0.89,0.266,4.7,245.0,0.86,5093.0,4.525,0.798,0,FALSE POSITIVE,12165063
2.61594288,6.45,72.1,0.92,0.711,13.4,1370.0,831.27,6063.0,4.476,1.012,0,FALSE POSITIVE,12257851
1.686009643,1.1818,390.4,1.81,0.566,48.5,1442.0,1024.99,5783.0,4.539,0.88,0,FALSE POSITIVE,12265150
344.961485,3.023,427.9,1.61,0.3073,6.2,230.0,0.66,5481.0,4.51,0.775,0,FALSE POSITIVE,10964747
163.820347,1.331,1196.0,2.59,0.2012,7.0,251.0,0.93,4822.0,4.594,0.771,0,FALSE POSITIVE,12405436
151.577009,2.59,467.9,3.67,0.0653,9.3,502.0,14.96,6854.0,4.106,1.674,0,FALSE POSITIVE,12417572
259.34304,16.04,349.7,6.04,0.447,13.1,449.0,9.65,5490.0,3.629,3.204,1,CONFIRMED,11037818
8.34410791,1.606,255.2,1.75,0.546,9.9,993.0,229.93,6321.0,4.434,1.058,0,FALSE POSITIVE,11046870
545.45623972,5.91,,,,,,,,,,0,FALSE POSITIVE,12645262
2.709570339,5.57527,13170.8,223.75,1.238,900.9,2427.0,8211.89,5030.0,3.18,5.208,0,FALSE POSITIVE,12645761
0.855294909,2.89112,6771.6,49.03,1.269,870.3,2137.0,4916.23,5846.0,4.27,1.207,0,FALSE POSITIVE,12736658
350.609298,1.621,369.5,3.88,0.0409,3.6,405.0,6.37,6658.0,3.934,1.992,0,FALSE POSITIVE,12835139
452.40428,17.2,216.7,1.58,0.6038,8.2,256.0,1.01,6195.0,4.437,1.029,0,FALSE POSITIVE,11073238
0.699985822,3.02633,389433.0,46.27,0.28,626.9,1653.0,1761.47,5264.0,4.617,0.724,0,FALSE POSITIVE,11076176
35.8726918,4.402,916.3,62.51,0.963,24.6,1670.0,1837.31,5254.0,2.494,15.369,0,FALSE POSITIVE,11090561
9.8788502,2.951,454.7,2.64,0.732,13.4,1003.0,238.98,6477.0,4.361,1.148,1,CONFIRMED,11176166
386.22400908,4.93,,,,,,,,,,0,FALSE POSITIVE,11199233
588.63759,3.84,322.1,1.52,0.3978,7.4,185.0,0.28,5135.0,4.479,0.849,0,FALSE POSITIVE,11338918
9.8338474,14.585,57.6,0.98,0.733,23.8,946.0,188.78,5929.0,4.308,1.202,0,FALSE POSITIVE,11341314
1.080695116,7.449,312773.0,155.22,0.62,198.8,3344.0,29671.05,7796.0,3.937,2.34,0,FALSE POSITIVE,11401845
24.0733775,19.612,1325.7,27.78,0.914,76.9,1263.0,601.46,4647.0,2.843,6.055,0,FALSE POSITIVE,8517303
232.040326,12.235,290.8,2.05,0.61,15.2,327.0,2.71,5903.0,4.3,1.156,1,CONFIRMED,10055126
61.569765,9.75,298.3,2.44,0.486,10.9,530.0,18.66,5626.0,4.149,1.389,1,CONFIRMED,9285265
1.71029474,2.946,158.9,1.04,0.825,14.5,1267.0,610.77,5365.0,4.586,0.729,0,FALSE POSITIVE,6525209
31.8245304,4.17,79.0,0.8,0.681,7.7,589.0,28.37,6338.0,4.545,0.847,1,CONFIRMED,6368175
1.838514245,3.2601,118965.0,57.6,0.947,470.0,1572.0,1447.16,5799.0,4.326,1.055,0,FALSE POSITIVE,2309587
8.412008943,5.41096,136113.0,50.83,0.539,5696.2,1100.0,345.76,6247.0,4.225,1.314,0,FALSE POSITIVE,2445134
3.912679136,3.556,291510.0,1794.2,23.127,1229.9,1018.0,253.12,5616.0,4.553,0.72,0,FALSE POSITIVE,3241344
7.544804312,8.2678,6501.7,63.99,1.266,587.2,1233.0,546.03,5953.0,3.984,1.609,0,FALSE POSITIVE,3347485
2.283466438,7.7999,864260.0,218.79,0.457,1103.1,2014.0,3883.24,6723.0,4.089,1.719,0,FALSE POSITIVE,2161623
0.692807507,1.49242,25338.3,46.44,1.196,260.9,2057.0,4211.9,5780.0,4.438,1.0,0,FALSE POSITIVE,2707097
17.279290765,5.07591,164308.0,27.66,0.496,2841.5,556.0,22.63,5251.0,4.623,0.658,0,FALSE POSITIVE,2719873
4.326946311,5.55905,409031.0,106.99,0.482,4247.8,1481.0,1137.15,6231.0,4.078,1.501,0,FALSE POSITIVE,8590780
527.29093,14.305,200.8,1.3,0.2371,16.0,216.0,0.51,5671.0,4.466,0.919,0,FALSE POSITIVE,8613338
168.858303,12.964,119.1,2.41,0.0436,9.7,526.0,18.16,6608.0,3.907,2.189,0,FALSE POSITIVE,8646141
5.34264143,2.453,691.3,1.72,0.021,19.9,799.0,96.47,5101.0,4.63,0.67,1,CONFIRMED,8653134
19.38444245,20.5899,3372.0,28.3,0.203,685.3,1185.0,466.04,4968.0,3.291,5.026,0,FALSE POSITIVE,8702921
2.179924994,4.87581,253149.0,60.99,0.711,4541.1,1448.0,1040.63,6106.0,4.487,0.966,0,FALSE POSITIVE,8957954
10.135401047,5.6831,256062.0,89.16,0.704,4311.3,1035.0,270.76,5895.0,4.103,1.415,0,FALSE POSITIVE,8984706
2.02487934,1.621,145.8,1.0,0.3797,7.7,1284.0,643.17,5440.0,4.496,0.825,0,FALSE POSITIVE,4247807
5.71668787,1.97,431.7,1.92,0.616,11.8,955.0,196.51,5638.0,4.488,0.883,1,CONFIRMED,8030339
51.1658019,4.637,259.2,1.51,0.817,12.2,398.0,5.96,4963.0,4.501,0.826,1,CONFIRMED,8037145
12.4249559,16.332,110.4,0.88,0.174,17.6,703.0,57.8,5524.0,4.54,0.847,0,FALSE POSITIVE,5471059
12.427135,12.81,32.5,1.05,0.011,4.2,1143.0,403.8,6561.0,4.054,1.821,0,FALSE POSITIVE,5471675
1.946198513,4.0336,130722.0,52.58,0.249,902.8,1853.0,2779.44,6224.0,4.165,1.433,0,FALSE POSITIVE,3530668
30.4838006,2.6,18441.0,23.87,1.222,9.4,315.0,2.32,3857.0,4.717,0.531,0,FALSE POSITIVE,3831911
5.7584367,2.587,736.6,66.22,0.101,26.8,3389.0,31195.25,4754.0,2.194,25.287,0,FALSE POSITIVE,3852258
25.9522913,10.977,557.8,2.03,0.142,14.0,567.0,24.49,5692.0,4.547,0.866,0,FALSE POSITIVE,3858919
8.58599537,2.4078,818.0,39.03,0.316,36.9,2319.0,6831.52,4805.0,2.605,13.941,0,FALSE POSITIVE,3869326
9.892240848,4.1774,5283.2,40.38,1.28,314.0,907.0,160.25,6225.0,4.461,1.009,0,FALSE POSITIVE,3971315
1.129848432,2.07578,4658.5,120.13,1.042,490.6,3553.0,37690.9,4846.0,2.984,7.102,0,FALSE POSITIVE,2997455
7.244778994,3.3873,99147.1,25.68,0.522,1761.4,818.0,105.76,5530.0,4.586,0.788,0,FALSE POSITIVE,3003991
110.1552727,2.04,,,,,,,,,,0,FALSE POSITIVE,3003991
0.730964241,2.483,44.0,0.99,0.459,28.7,2467.0,8801.05,5929.0,4.152,1.463,0,FALSE POSITIVE,3229028
17.734020239,7.27595,186680.0,93.52,0.837,2905.9,892.0,149.48,5883.0,4.04,1.554,0,FALSE POSITIVE,3230787
0.829019343,4.8401,278264.0,90.08,0.72,631.1,2492.0,9089.67,6645.0,4.271,1.328,0,FALSE POSITIVE,9101400
1.1080999,3.3542,380934.0,124.19,0.525,155.4,2212.0,5632.6,5299.0,3.865,1.769,0,FALSE POSITIVE,9119652
215.778765,3.737,377.6,14.71,0.7163,5.8,610.0,32.65,4902.0,3.042,7.056,0,FALSE POSITIVE,9145861
5.99273265,2.6502,69.8,0.91,0.505,19.2,1010.0,245.32,5574.0,4.354,1.065,1,CONFIRMED,7100673
5.10110666,2.657,65.1,0.85,0.083,19.5,1065.0,304.8,5574.0,4.354,1.065,1,CONFIRMED,7100673
94.22498,22.445,346.3,1.84,0.801,15.5,387.0,5.28,5880.0,4.525,0.893,0,FALSE POSITIVE,4150496
241.0122,1.19,216.1,4.41,0.4046,4.1,600.0,30.56,7843.0,3.829,2.909,0,FALSE POSITIVE,6129694
164.689421,1.847,521.0,2.24,0.5312,4.6,340.0,3.15,6089.0,4.495,0.95,0,FALSE POSITIVE,9899315
4.264729569,2.2075,22672.0,29.95,0.924,201.6,1428.0,983.86,6052.0,4.084,1.417,0,FALSE POSITIVE,4037428
4.804469712,3.51946,132624.0,30.97,0.567,1177.8,958.0,198.67,5561.0,4.558,0.809,0,FALSE POSITIVE,4049124
6.150529292,4.4562,2417.1,49.79,1.236,301.4,1421.0,964.26,6691.0,4.084,1.565,0,FALSE POSITIVE,4275328
4.944927575,3.4648,1028.7,19.43,1.215,62.5,728.0,66.56,4428.0,4.59,0.701,0,FALSE POSITIVE,4753561
4.442517008,2.43922,25341.5,26.08,0.936,396.2,1258.0,593.85,6316.0,4.387,1.119,0,FALSE POSITIVE,4912991
62.7356439,10.7925,243702.0,90.12,0.73,1115.3,590.0,28.65,6211.0,4.127,1.44,0,FALSE POSITIVE,5036966
7.035518449,3.5286,2139.0,24.91,1.268,91.5,782.0,88.6,5288.0,4.566,0.71,0,FALSE POSITIVE,5254230
453.54212,17.026,861.0,9.23,0.633,48.8,390.0,5.45,5874.0,3.664,3.006,1,CONFIRMED,3634051
0.579516759,1.342,27.0,0.6,0.638,9.8,2484.0,8953.61,6339.0,4.387,1.102,0,FALSE POSITIVE,7967517
16.2480865,8.232,438.7,2.38,0.928,21.1,704.0,58.1,5729.0,4.436,0.923,0,FALSE POSITIVE,3761319
466.9407,30.56,979.2,2.9,0.2921,13.7,230.0,0.66,5729.0,4.436,0.923,0,FALSE POSITIVE,3761319
289.788624,2.857,473.9,5.51,0.6187,6.6,537.0,19.6,8057.0,3.946,2.407,0,FALSE POSITIVE,3762553
55.00402906,6.06,,,,,,,,,,0,FALSE POSITIVE,3965879
2.873657901,2.1054,43895.0,110.29,1.13,65.6,1830.0,2645.12,5692.0,3.829,2.287,0,FALSE POSITIVE,4035675
1.680425996,5.4548,277249.0,102.31,0.646,440.1,2203.0,5564.77,6844.0,4.145,1.629,0,FALSE POSITIVE,9282687
0.53345831,1.32,,,,,,,,,,0,FALSE POSITIVE,9289960
20.686460198,37.7424,136154.0,184.22,0.002,1656.7,1210.0,506.27,4809.0,3.106,5.145,0,FALSE POSITIVE,9291629
131.68018,14.73,2067.0,5.96,0.1224,9.2,444.0,9.15,6468.0,4.288,1.302,0,FALSE POSITIVE,9304842
200.762693,2.215,1920.0,15056.9,42.778,5.5,692.0,54.06,7981.0,3.716,3.298,0,FALSE POSITIVE,9304923
1.123258617,4.27355,377575.0,150.94,0.513,779.2,3215.0,25226.88,7945.0,4.023,2.17,0,FALSE POSITIVE,9343862
12.4250319,1.4446,29.5,0.89,0.777,2.7,1030.0,266.45,6290.0,4.133,1.506,0,FALSE POSITIVE,5385410
386.370512,11.007,1336.4,2.96,0.01,13.1,209.0,0.45,5119.0,4.508,0.834,1,CONFIRMED,3645438
12.4297161,15.078,192.7,1.26,0.293,13.3,742.0,71.78,5754.0,4.534,0.905,0,FALSE POSITIVE,5385139
12.4288476,16.43,165.4,1.12,0.031,15.2,725.0,65.27,5595.0,4.513,0.886,0,FALSE POSITIVE,5385150
12.4258252,21.841,130.2,1.27,0.689,30.0,822.0,108.1,5968.0,4.426,1.048,0,FALSE POSITIVE,5385269
153.725848,117.52,5257.7,259.36,1.255,302.3,734.0,68.48,4794.0,2.781,6.816,0,FALSE POSITIVE,8210370
12.4257907,19.859,340.1,1.27,0.384,28.2,589.0,28.51,4873.0,4.586,0.693,0,FALSE POSITIVE,5385509
12.4253356,27.49,374.4,2.02,0.966,35.4,683.0,51.57,5442.0,4.541,0.783,0,FALSE POSITIVE,5385566
12.4254201,18.56,144.5,0.84,0.428,24.9,659.0,44.57,5571.0,4.643,0.691,0,FALSE POSITIVE,5385773
12.424995,20.282,51.5,2.06,0.746,21.4,1293.0,660.61,6098.0,3.707,2.657,0,FALSE POSITIVE,5386163
12.4227918,27.29,202.6,1.44,0.979,15.5,634.0,38.29,5279.0,4.62,0.72,0,FALSE POSITIVE,5470960
22.913446297,4.11699,251835.0,81.61,0.709,6512.7,811.0,102.27,6621.0,4.294,1.297,0,FALSE POSITIVE,4144236
10.0046881,2.389,50.6,1.9,0.0164,8.3,1466.0,1091.58,6620.0,3.779,2.641,0,FALSE POSITIVE,4144236
8.65315602,2.627,417.5,1.37,0.049,13.6,643.0,40.5,4746.0,4.605,0.696,0,FALSE POSITIVE,4150701
2.243015737,4.31675,277946.0,92.34,0.661,5552.2,1813.0,2547.31,6181.0,4.084,1.444,0,FALSE POSITIVE,4285087
4.694218481,4.53365,175471.0,35.81,0.616,739.8,946.0,189.23,5512.0,4.575,0.787,0,FALSE POSITIVE,4346875
0.87683182,1.96,,,,,,3077.39,,,,0,FALSE POSITIVE,9394605
0.953734449,1.7616,1240.4,47.65,1.262,120.5,2672.0,12038.6,7332.0,4.265,1.46,0,FALSE POSITIVE,9471755
2.073873563,6.5605,603811.0,274.78,0.198,637.1,3150.0,23242.18,7803.0,3.688,3.373,0,FALSE POSITIVE,9479460
15.713787218,11.3122,60384.4,27.64,0.762,3602.0,747.0,73.68,5843.0,4.399,1.006,0,FALSE POSITIVE,9549472
7.964440392,9.1701,68454.0,18.98,0.001,693.8,755.0,76.69,5250.0,4.548,0.736,0,FALSE POSITIVE,9576197
0.518071538,1.7865,2195.5,42.1,1.264,152.1,2536.0,9823.05,5876.0,4.273,1.209,0,FALSE POSITIVE,8110758
2.151214629,2.226,332.6,14.54,0.235,28.5,3287.0,27604.18,4748.0,2.635,8.179,0,FALSE POSITIVE,9579860
320.18471858,11.94,,,,,,,,,,0,FALSE POSITIVE,5796186
12.426469,25.71,180.5,1.66,0.978,24.2,729.0,66.74,5691.0,4.544,0.887,0,FALSE POSITIVE,5471068
12.4262889,18.764,94.2,1.23,0.879,20.5,864.0,131.83,6246.0,4.433,1.092,0,FALSE POSITIVE,5471192
12.424747,25.24,139.0,1.35,0.976,30.7,691.0,53.94,5514.0,4.569,0.826,0,FALSE POSITIVE,5471217
12.4255705,28.88,139.4,1.37,0.984,21.1,721.0,63.95,5742.0,4.564,0.827,0,FALSE POSITIVE,5471769
12.426173,30.64,115.1,2.67,0.997,36.9,1006.0,242.41,6367.0,4.181,1.357,0,FALSE POSITIVE,5471770
12.4244306,26.15,214.1,1.59,0.98,15.5,714.0,61.31,5761.0,4.581,0.791,0,FALSE POSITIVE,5556804
6.71738328,3.60057,164979.0,37.65,0.159,1208.2,883.0,143.87,5301.0,4.416,0.936,0,FALSE POSITIVE,5597970
24.955998503,2.76331,4856.1,36.91,0.996,555.6,1438.0,1011.42,8617.0,3.78,3.018,0,FALSE POSITIVE,4459068
4.426942241,1.6116,2896.6,5.43,0.951,68.9,958.0,199.4,5511.0,4.569,0.746,0,FALSE POSITIVE,4547480
3.454241684,4.69505,88194.9,75.11,0.505,6581.3,2010.0,3867.02,6562.0,3.822,2.433,0,FALSE POSITIVE,4740676
1.457256942,6.51381,364905.0,98.16,0.549,2443.8,2112.0,4686.52,6630.0,4.235,1.416,0,FALSE POSITIVE,9767392
10.818248422,18.2848,13695.9,11.71,0.813,581.0,830.0,112.55,5955.0,4.446,0.894,0,FALSE POSITIVE,9774400
2.559236603,1.6706,11273.0,37.66,1.251,45.7,1296.0,665.95,5955.0,4.534,0.883,0,FALSE POSITIVE,9839081
281.35877,7.74,278.5,4.22,0.0371,6.2,446.0,9.34,6049.0,3.728,2.522,0,FALSE POSITIVE,9974142
462.12345,8.46,699.0,1.9,0.2396,6.9,169.0,0.19,4547.0,4.559,0.747,0,FALSE POSITIVE,10163066
5.1117547,3.281,267.8,2.81,0.962,12.1,1351.0,788.0,6432.0,4.207,1.345,1,CONFIRMED,8780959
9.6310258,5.255,297.2,2.9,0.951,12.7,1094.0,338.33,6432.0,4.207,1.345,1,CONFIRMED,8780959
101.889228,2.71,80.9,1.43,0.0237,8.5,487.0,13.26,5802.0,4.073,1.59,0,FALSE POSITIVE,7429287
48.5023669,1.053,740.0,906.03,30.612,5.5,192.0,0.32,3396.0,4.991,0.28,0,FALSE POSITIVE,6592335
524.14139,11.603,403.7,1.88,0.1508,9.2,237.0,0.74,6225.0,4.481,0.931,0,FALSE POSITIVE,5951416
41.86539723,6.663,4309.3,31.14,1.286,103.4,500.0,14.79,6063.0,4.584,0.788,0,FALSE POSITIVE,5643492
4.553370029,3.2209,23692.1,25.84,0.951,570.6,1264.0,603.58,6306.0,4.346,1.109,0,FALSE POSITIVE,5795648
5.262652179,2.85554,22650.6,35.99,0.96,2246.9,1499.0,1191.71,7049.0,4.212,1.549,0,FALSE POSITIVE,5961350
345.98207283,2.97,,,,,,,,,,0,FALSE POSITIVE,10340423
16.621853404,3.91517,55296.7,22.32,0.58,1872.6,719.0,63.3,5949.0,4.451,0.907,0,FALSE POSITIVE,5979863
19.741616041,3.07231,88821.5,82.98,1.04,2153.0,902.0,156.6,6535.0,4.183,1.529,0,FALSE POSITIVE,6117415
5.455766383,2.8923,104538.0,28.2,0.794,536.8,795.0,94.27,5067.0,4.625,0.694,0,FALSE POSITIVE,6128027
22.44620704,7.5491,1626.8,58.2,1.256,138.8,894.0,150.81,6070.0,3.969,1.777,0,FALSE POSITIVE,6146418
1.237147407,7.06623,435364.0,106.18,0.466,5557.4,2107.0,4680.26,6064.0,4.16,1.449,0,FALSE POSITIVE,4826439
1.28619671,1.114,137.2,1.27,0.874,5.9,1646.0,1740.01,5650.0,4.391,0.926,0,FALSE POSITIVE,4933476
2.649026189,2.4698,52172.0,32.7,0.914,190.1,1377.0,852.59,5838.0,4.342,0.988,0,FALSE POSITIVE,4990977
6.932281325,11.0301,6405.9,90.57,1.291,325.8,1872.0,2902.34,8675.0,4.08,2.168,0,FALSE POSITIVE,5034333
2.151384476,3.34471,263861.0,66.2,0.237,2657.6,1725.0,2097.48,6184.0,4.19,1.257,0,FALSE POSITIVE,5039441
0.562273947,3.1572,67.0,0.73,0.662,52.4,2083.0,4412.19,5632.0,4.45,0.847,0,FALSE POSITIVE,8231299
17.4352218,51.666,603.3,67.91,1.211,121.8,1195.0,482.16,6313.0,3.706,2.641,0,FALSE POSITIVE,5121173
117.634213,3.82,253.1,3.78,0.5206,8.7,513.0,16.34,5236.0,3.711,2.332,0,FALSE POSITIVE,10219361
21.025447023,6.52216,115743.0,135.84,0.978,4881.9,1123.0,376.4,6631.0,3.798,2.438,0,FALSE POSITIVE,10228942
0.933753371,4.438,47.3,1.44,0.311,19.8,3137.0,22850.9,7286.0,3.998,2.056,0,FALSE POSITIVE,10341878
1.72153588,1.9227,39929.0,12.89,0.002,29.3,1045.0,281.41,4535.0,4.607,0.668,0,FALSE POSITIVE,10357831
2.765621941,2.3191,8342.2,34.42,1.262,173.2,1134.0,391.86,5423.0,4.542,0.828,0,FALSE POSITIVE,6150977
3.664964374,3.9058,90827.0,30.98,0.552,437.8,1184.0,464.89,5726.0,4.403,0.987,0,FALSE POSITIVE,6182019
6.8072842,1.9477,14578.0,31.15,0.923,32.9,1156.0,421.16,5182.0,3.935,1.824,0,FALSE POSITIVE,6191945
2.136577151,2.4682,79078.0,43.89,0.996,124.3,1311.0,698.75,5457.0,4.442,0.905,0,FALSE POSITIVE,6209347
2.638432816,2.42989,48488.0,49.77,0.863,529.4,1933.0,3299.02,6502.0,3.991,1.753,0,FALSE POSITIVE,6268722
11.991000357,6.4648,375940.0,78.78,0.534,802.9,897.0,153.29,5988.0,4.271,1.13,0,FALSE POSITIVE,6301030
2.03746414,2.895,138.8,1.12,0.008,14.1,1474.0,1118.26,6117.0,4.496,0.947,0,FALSE POSITIVE,10480982
37.80694072,3.84264,106334.0,72.01,1.111,1571.8,617.0,34.14,6387.0,4.41,1.105,0,FALSE POSITIVE,6606934
12.42555055,28.492,409.0,3.79,0.973,123.7,1027.0,262.42,6381.0,4.155,1.423,0,FALSE POSITIVE,5385548
12.42592247,31.5,8707.6,79.21,0.885,190.8,1547.0,1353.9,4849.0,3.06,6.952,0,FALSE POSITIVE,5385778
12.4237327,18.15,30.1,1.12,0.132,20.1,1057.0,294.63,5221.0,3.72,2.067,0,FALSE POSITIVE,5471617
94.38163,11.87,91.2,2.04,0.593,7.5,537.0,19.72,5221.0,3.72,2.067,0,FALSE POSITIVE,5471617
7.5844241,3.918,1005.0,5.83,0.815,23.8,1228.0,537.4,6264.0,4.133,1.651,1,CONFIRMED,5629353
210.899577,2.167,3345.0,4.85,0.3202,7.8,268.0,1.22,5332.0,4.5,0.843,0,FALSE POSITIVE,10363233
3.103730697,6.93402,369228.0,75.28,0.539,5143.6,1340.0,763.25,6075.0,4.422,1.091,0,FALSE POSITIVE,10385682
253.40538,7.43,240.8,2.69,0.3967,5.0,443.0,9.13,7304.0,4.151,1.69,0,FALSE POSITIVE,10414727
5.110771787,2.48392,50681.0,26.98,0.878,394.0,1048.0,284.85,6029.0,4.523,0.894,0,FALSE POSITIVE,10483644
1.463773705,1.9123,64776.0,21.79,0.838,119.7,1329.0,739.19,5446.0,4.599,0.668,0,FALSE POSITIVE,10601549
4.46255312,14.0957,22720.0,52.74,0.004,140.9,1795.0,2458.34,4847.0,3.277,3.619,0,FALSE POSITIVE,10614158
79.87804945,3.19,,,,,,,,,,0,FALSE POSITIVE,8505215
3.026764871,4.32532,66719.9,26.36,0.198,1561.2,1360.0,810.38,6283.0,4.459,1.01,0,FALSE POSITIVE,6614926
3.840130917,2.8951,60401.0,33.44,0.872,275.6,1205.0,498.48,5931.0,4.418,1.012,0,FALSE POSITIVE,6628237
5.554227226,4.77434,142313.0,31.71,0.174,1517.7,930.0,176.7,5433.0,4.465,0.843,0,FALSE POSITIVE,6694186
1.570919281,3.2232,65124.0,59.12,1.083,316.9,1797.0,2473.29,6192.0,4.326,1.162,0,FALSE POSITIVE,6934587
35.08976902,3.9623,5754.6,33.1,1.264,170.8,501.0,14.95,5603.0,4.556,0.846,0,FALSE POSITIVE,7219906
5.233450136,8.57374,430422.0,70.33,0.457,3921.8,1050.0,287.6,5841.0,4.454,0.977,0,FALSE POSITIVE,7257373
3.6037011,2.994,16112.0,66.94,1.225,33.4,1464.0,1089.0,5633.0,4.016,1.547,0,FALSE POSITIVE,7295570
3.518356021,6.90375,316750.0,64.49,0.593,3217.6,1266.0,606.41,6201.0,4.472,0.989,0,FALSE POSITIVE,7362852
2.6160943,21.34,29.3,0.81,0.6458,5.6,1744.0,2188.14,6645.0,4.232,1.42,0,FALSE POSITIVE,5641294
2.404386969,7.40348,313168.0,79.72,0.613,8577.4,1670.0,1838.11,6466.0,4.278,1.21,0,FALSE POSITIVE,5738698
4.390513938,2.9472,46829.0,41.83,0.879,290.7,1401.0,910.71,6081.0,4.133,1.454,0,FALSE POSITIVE,5768927
3.86963822,2.29,,,,,,3728.91,,,,0,FALSE POSITIVE,5814635
7.384681,3.548,142.8,1.22,0.068,10.6,1000.0,236.56,6174.0,4.445,1.021,0,FALSE POSITIVE,5816144
21.0907909,4.751,417.6,1.88,0.832,19.7,606.0,31.86,5723.0,4.546,0.818,1,CONFIRMED,10717220
3.371796653,3.4421,366901.0,306.28,3.219,560.2,1155.0,419.47,5615.0,4.455,0.912,0,FALSE POSITIVE,10728219
1.927177921,2.7742,136135.0,28.94,0.399,204.7,1219.0,523.16,5193.0,4.525,0.774,0,FALSE POSITIVE,10735988
0.575925434,2.4676,137404.0,38.24,0.905,354.4,1834.0,2666.7,5461.0,4.586,0.683,0,FALSE POSITIVE,8112324
496.17566,11.63,293.0,3.46,0.4188,11.3,358.0,3.88,6643.0,3.946,1.976,0,FALSE POSITIVE,10971944
6.256352128,2.3512,3289.3,30.76,1.269,120.4,918.0,167.92,5772.0,4.549,0.836,0,FALSE POSITIVE,10973583
16.17803,5.18,449.0,2.25,0.081,6.0,754.0,76.54,5929.0,4.413,1.069,1,CONFIRMED,10989274
2.37795507,2.4329,4391.1,92.61,1.298,257.5,2965.0,18261.57,9565.0,4.088,2.286,0,FALSE POSITIVE,11099351
2.053866175,4.8045,5021.3,158.25,1.265,380.5,2528.0,9631.57,5051.0,3.22,4.089,0,FALSE POSITIVE,11147460
36.5521313,2.481,282.9,0.9,0.4969,7.7,361.0,4.03,4722.0,4.723,0.527,0,FALSE POSITIVE,10662202
5.177577252,2.4777,1325.4,73.82,1.341,23.6,1671.0,1846.9,7429.0,4.143,1.796,0,FALSE POSITIVE,11607193
4.08029328,2.8343,1128.4,2.92,0.2428,43.1,1044.0,280.4,5619.0,4.536,0.874,0,FALSE POSITIVE,10743597
104.3519624,3.695,243.8,1.39,0.532,15.8,355.0,3.74,5650.0,4.546,0.87,1,CONFIRMED,4247991
469.52303,5.487,355.7,2.1,0.733,10.5,252.0,0.95,6197.0,4.449,1.035,0,FALSE POSITIVE,8042747
11.83271013,6.152,176.3,1.17,0.548,12.7,728.0,66.51,5639.0,4.551,0.859,0,FALSE POSITIVE,9008737
32.669962587,3.581,365.4,1.37,0.18,6.2,428.0,7.96,4871.0,4.606,0.741,0,FALSE POSITIVE,7373877
19.93364711,8.6122,174830.0,75.88,0.852,1863.4,848.0,122.24,6505.0,4.25,1.29,0,FALSE POSITIVE,7436177
1.071911311,3.8559,9817.8,40.32,1.272,397.6,1809.0,2534.86,5885.0,4.413,0.933,0,FALSE POSITIVE,7537945
18.019651402,5.08572,176998.0,31.77,0.675,3373.3,544.0,20.7,5278.0,4.658,0.659,0,FALSE POSITIVE,7624297
117.934158,9.25,187.5,3.76,0.658,12.9,648.0,41.73,6790.0,3.822,2.597,0,FALSE POSITIVE,8109692
4.032762189,4.14212,119350.0,35.22,0.599,1520.0,1173.0,447.97,5960.0,4.438,0.962,0,FALSE POSITIVE,7695093
2.371589507,3.5116,235104.0,88.22,1.653,386.0,1043.0,278.9,5340.0,4.715,0.601,0,FALSE POSITIVE,7749318
5.09112124,2.159,115.1,3.58,0.224,11.4,2044.0,4131.88,6705.0,3.629,3.293,0,FALSE POSITIVE,7777397
4.206070484,10.6988,119812.0,172.66,0.949,508.0,2547.0,9955.22,8212.0,3.736,3.185,0,FALSE POSITIVE,5817566
0.905677864,2.2432,3670.4,325.51,1.321,107.4,3989.0,60020.95,5037.0,3.002,7.553,0,FALSE POSITIVE,5952403
94.219289,24.312,1025.9,2.15,0.173,37.6,285.0,1.57,4641.0,4.589,0.694,0,FALSE POSITIVE,4150539
297.113395,4.529,275.4,5.37,0.0322,10.1,509.0,15.89,6626.0,3.676,3.206,0,FALSE POSITIVE,6182093
180.921729,8.99,742.4,2.3,0.025,16.2,302.0,1.96,5818.0,4.554,0.848,1,CONFIRMED,9839821
4.478116695,3.357,117981.0,38.85,0.622,3665.4,1218.0,521.12,6304.0,4.435,1.058,0,FALSE POSITIVE,11252617
0.579108481,1.659,68.4,0.42,0.424,9.3,1377.0,849.52,4604.0,4.749,0.501,0,FALSE POSITIVE,8245108
1.27620899,2.169,186.2,1.46,0.276,11.4,1851.0,2769.8,6304.0,4.435,1.058,0,FALSE POSITIVE,11252617
528.50344,6.394,133.8,2.2,0.0094,11.7,354.0,3.73,7102.0,4.068,1.874,0,FALSE POSITIVE,11296437
2.027383251,1.5528,3856.2,31.12,1.248,126.1,1352.0,791.38,5544.0,4.435,0.875,0,FALSE POSITIVE,7830321
10.73370737,7.6706,6155.3,18.7,0.895,239.5,1171.0,444.77,5971.0,3.914,2.003,0,FALSE POSITIVE,7841986
9.449438672,5.5479,12867.3,60.59,1.243,231.4,1152.0,415.72,6558.0,4.167,1.431,0,FALSE POSITIVE,7877820
8.752913958,3.4546,41770.0,119.91,1.124,326.1,1635.0,1689.12,7279.0,3.856,2.624,0,FALSE POSITIVE,7914906
1.985586627,2.53163,72584.2,105.22,0.804,1594.1,2796.0,14480.75,6651.0,3.6,3.219,0,FALSE POSITIVE,8019043
16.579028045,7.803,37979.8,49.01,0.745,813.6,1062.0,300.36,5870.0,3.808,2.3,0,FALSE POSITIVE,8023317
513.42784,6.278,523.2,14.87,0.714,11.5,424.0,7.67,4833.0,3.13,6.065,0,FALSE POSITIVE,8126531
2.064900876,6.8769,10939.4,38.19,1.253,364.0,1357.0,800.75,5714.0,4.501,0.901,0,FALSE POSITIVE,8121067
9.751720174,16.1937,332900.0,182.09,0.15,1767.3,1356.0,800.41,5147.0,3.424,3.145,0,FALSE POSITIVE,6197038
19.672324,4.812,649.9,4.07,0.721,20.6,908.0,160.98,6486.0,4.136,1.485,1,CONFIRMED,6221385
32.657035,5.953,620.4,3.73,0.007,17.9,767.0,81.91,6486.0,4.136,1.485,1,CONFIRMED,6221385
4.592401261,4.96038,87426.1,52.18,0.272,5784.8,1678.0,1872.74,7201.0,4.138,1.724,0,FALSE POSITIVE,6362386
6.70995253,2.297,86.0,1.1,0.616,9.8,1120.0,372.31,6461.0,4.396,1.131,0,FALSE POSITIVE,8260269
5.776794344,6.33505,121544.0,129.2,0.366,8022.8,2249.0,6048.96,7666.0,3.658,3.601,0,FALSE POSITIVE,6449358
23.19923256,2.09,,,,,,,,,,0,FALSE POSITIVE,6593968
0.503199724,1.117,275.6,1.06,0.492,10.1,1363.0,819.89,4013.0,4.639,0.63,0,FALSE POSITIVE,6674908
4.768540307,0.9938,347.6,1.84,0.806,4.0,1010.0,246.11,5491.0,4.432,0.887,0,FALSE POSITIVE,11516930
73.91858615,6.9735,184074.0,89.96,1.137,933.5,484.0,12.95,6300.0,4.404,1.057,0,FALSE POSITIVE,11558882
2.38793696,17.302,114.3,25.56,1.193,41.7,1674.0,1860.02,6769.0,4.379,1.161,0,FALSE POSITIVE,8042835
589.17968,10.2,253.4,4.91,0.0431,7.7,330.0,2.82,5295.0,3.617,3.152,0,FALSE POSITIVE,2853780
4.618767943,6.03,32609.2,32.36,0.004,674.9,1565.0,1418.08,6195.0,3.937,1.781,0,FALSE POSITIVE,11673686
3.60727417,14.0841,841897.0,221.55,0.463,710.9,1833.0,2671.63,7026.0,4.068,1.785,0,FALSE POSITIVE,8153568
2.565717939,1.7084,1941.7,180.8,1.313,45.8,4607.0,106664.85,11360.0,3.636,4.712,0,FALSE POSITIVE,8167938
22.05274533,5.5924,13857.7,32.56,1.247,343.5,552.0,21.93,5510.0,4.608,0.741,0,FALSE POSITIVE,8167978
2.881338104,3.5943,2533.7,31.58,1.271,111.3,1206.0,501.88,5783.0,4.539,0.88,0,FALSE POSITIVE,8168581
4.078355243,6.4649,36133.0,16.73,0.368,310.0,1113.0,362.07,5872.0,4.481,0.867,0,FALSE POSITIVE,8230809
7.73590441,4.4389,465.3,21.3,1.205,59.5,884.0,144.83,5927.0,4.544,0.86,0,FALSE POSITIVE,8364115
3.530164642,4.11466,69923.0,35.71,0.019,731.2,1465.0,1086.97,6208.0,4.226,1.344,0,FALSE POSITIVE,8458207
94.225938,22.08,530.4,1.93,0.213,25.4,348.0,3.48,5421.0,4.564,0.852,0,FALSE POSITIVE,4150624
395.07333,7.844,645.1,230.33,0.013,16.4,1406.0,923.0,3599.0,0.679,98.38,0,FALSE POSITIVE,6967278
1.51918335,5.45573,499989.0,128.17,0.336,899.3,2517.0,9460.59,7426.0,4.116,1.698,0,FALSE POSITIVE,7108433
13.59940118,2.52,,,,,,,,,,0,FALSE POSITIVE,7119080
2.745910734,4.02594,286812.0,61.16,0.639,1550.9,1221.0,524.18,5372.0,4.396,0.96,0,FALSE POSITIVE,7129465
1.608363345,2.1988,96134.0,19.36,0.608,312.3,1133.0,390.1,5022.0,4.668,0.589,0,FALSE POSITIVE,7174617
5.746017234,3.6347,29236.3,29.32,1.008,393.9,1042.0,278.69,5940.0,4.429,0.96,0,FALSE POSITIVE,11724210
3.963787093,3.10316,25015.2,28.11,0.95,584.8,1389.0,880.12,6617.0,4.373,1.18,0,FALSE POSITIVE,11867071
1.759208679,4.60837,362327.0,66.06,0.548,1967.2,1475.0,1121.32,5721.0,4.453,0.961,0,FALSE POSITIVE,11975363
1.6031794,0.91,,,,,,676.51,,,,0,FALSE POSITIVE,12207117
6.496031958,5.21924,108889.0,32.33,0.065,1797.6,957.0,198.07,5516.0,4.364,0.988,0,FALSE POSITIVE,8580438
4.012537983,2.0101,19796.0,9.96,0.783,166.0,765.0,80.95,4483.0,4.629,0.63,0,FALSE POSITIVE,8581232
1.594162001,5.4958,9876.3,26.11,1.128,415.0,1419.0,960.51,5388.0,4.449,0.885,0,FALSE POSITIVE,8655458
10.238939876,3.4851,3153.1,22.09,1.022,427.6,1190.0,474.05,6244.0,3.986,1.807,0,FALSE POSITIVE,8695779
5.499941387,5.1339,40110.4,23.34,0.002,506.4,1202.0,492.27,6435.0,4.385,1.157,0,FALSE POSITIVE,8953059
8.667826242,5.06514,43491.0,37.51,0.822,4638.1,1225.0,531.63,6712.0,4.174,1.538,0,FALSE POSITIVE,9048145
265.2996227,8.8452,100158.0,33.81,0.798,616.3,270.0,1.25,5873.0,4.547,0.863,0,FALSE POSITIVE,9214712
265.2999623,8.8577,31778.0,25.56,0.928,154.7,296.0,1.81,6108.0,4.471,0.997,0,FALSE POSITIVE,9214715
98.1020983,1.225,184.4,1.97,0.1865,6.9,525.0,17.96,6669.0,4.224,1.427,0,FALSE POSITIVE,7190639
182.467019,7.607,1020.0,3.73,0.0158,12.5,364.0,4.17,6299.0,4.401,1.167,0,FALSE POSITIVE,7198881
126.57837267,2.5,,,,,,,,,,0,FALSE POSITIVE,7198881
11.41437505,6.276,45966.0,44.08,0.895,34.2,1128.0,383.45,6826.0,4.187,1.52,0,FALSE POSITIVE,7422883
151.31847,16.45,105.4,1.13,0.3788,6.0,373.0,4.57,6003.0,4.346,1.085,0,FALSE POSITIVE,7464205
10.4032399,23.85,1056.2,51.47,1.296,272.8,1104.0,350.59,6428.0,4.144,1.436,0,FALSE POSITIVE,7622059
1.853209359,1.7543,12319.1,32.99,0.99,238.9,2100.0,4584.55,6384.0,4.026,1.716,0,FALSE POSITIVE,12367464
14.66769462,2.4462,29862.0,145.18,1.169,86.5,1552.0,1370.6,7517.0,3.717,3.226,0,FALSE POSITIVE,12470041
11.4132144,2.371,76.4,1.03,0.439,10.4,925.0,172.97,6188.0,4.33,1.155,0,FALSE POSITIVE,8179286
172.178768,1.19,501.0,2.29,0.2431,4.7,349.0,3.51,6208.0,4.462,1.009,0,FALSE POSITIVE,2581191
13.787520532,2.55435,12978.3,25.33,0.99,2126.1,921.0,170.01,6399.0,4.312,1.289,0,FALSE POSITIVE,9221398
8.2904597,2.6002,173007.0,23.96,0.426,297.2,594.0,29.41,4601.0,4.681,0.566,0,FALSE POSITIVE,9411317
8.214204254,4.5905,74177.0,42.29,1.092,613.1,798.0,96.12,5654.0,4.59,0.774,0,FALSE POSITIVE,9532123
15.71377375,7.464,9482.0,10.85,0.864,98.1,728.0,66.24,5812.0,4.434,0.96,0,FALSE POSITIVE,9549471
5.918619554,3.94804,94124.0,29.98,0.258,1117.0,1009.0,245.42,5957.0,4.498,0.971,0,FALSE POSITIVE,9649222
3.319523463,3.3465,38832.0,38.37,1.162,249.4,1108.0,356.42,5761.0,4.581,0.791,0,FALSE POSITIVE,9664215
5.874197307,4.26585,205698.0,59.2,0.7,2200.0,1112.0,361.15,6103.0,4.363,1.083,0,FALSE POSITIVE,7750740
19.7959731,5.342,334.0,3.47,0.156,16.6,1014.0,249.43,6731.0,4.043,1.876,0,FALSE POSITIVE,7779942
209.00055019,2.52,,,,,,,,,,0,FALSE POSITIVE,7835312
5.614892073,3.7294,2373.0,1192.79,1.243,122.3,4097.0,66631.18,4289.0,1.603,35.695,0,FALSE POSITIVE,7838906
12.2064304,2.407,1337.2,5.41,0.104,16.2,895.0,151.44,5254.0,4.05,1.514,1,CONFIRMED,7908367
6.6513189,2.135,1058.4,4.81,0.064,15.3,1095.0,340.06,5254.0,4.05,1.514,1,CONFIRMED,7908367
3.905532605,6.8091,73081.0,21.37,0.002,350.4,1017.0,253.21,5495.0,4.543,0.798,0,FALSE POSITIVE,7940533
210.631486,8.419,1657.8,3.23,0.642,25.9,234.0,0.71,4895.0,4.589,0.759,1,CONFIRMED,4142847
0.766691517,1.2638,244.0,1.22,0.388,29.5,1541.0,1334.22,4821.0,4.529,0.788,1,CONFIRMED,4665571
5.2438528,10.539,135.8,1.11,0.583,17.8,1016.0,251.99,5815.0,4.5,0.918,0,FALSE POSITIVE,6364215
93.6273251,1.92,,,,,,,,,,0,FALSE POSITIVE,7047363
6.474202359,3.35989,203491.0,28.96,0.448,1284.0,717.0,62.47,4947.0,4.636,0.624,0,FALSE POSITIVE,9714358
8.4803048,7.5348,2672.9,4.13,0.027,70.1,777.0,86.01,5478.0,4.573,0.812,0,FALSE POSITIVE,9851123
8.947426242,4.89701,85995.2,45.87,0.517,7878.0,1141.0,401.11,6297.0,4.155,1.506,0,FALSE POSITIVE,9966115
9.93443795,8.098,2750.0,35.54,1.264,92.8,830.0,112.23,5763.0,4.484,0.998,0,FALSE POSITIVE,10026458
2.173552528,1.6107,3026.0,23.51,1.297,35.9,1025.0,260.75,5008.0,4.663,0.594,0,FALSE POSITIVE,10139305
10.157715971,2.9526,9520.1,42.27,1.268,168.0,853.0,125.42,5993.0,4.489,0.986,0,FALSE POSITIVE,10288922
404.701927,3.981,236.2,1.94,0.2598,7.8,298.0,1.85,6443.0,4.325,1.248,0,FALSE POSITIVE,7974634
0.779609509,4.013,88.5,1.07,0.676,21.0,2097.0,4557.44,5899.0,4.37,1.07,0,FALSE POSITIVE,8043882
15.80529628,1.56,,,,,,,,,,0,FALSE POSITIVE,8058507
2.103239235,7.08365,314928.0,64.15,0.62,3069.4,1470.0,1100.91,6074.0,4.466,0.965,0,FALSE POSITIVE,8095099
184.262741,11.94,292.2,2.57,0.885,21.1,380.0,4.93,6115.0,4.249,1.291,1,CONFIRMED,12206313
20.9569985,3.493,1917.9,2.38,0.112,22.7,363.0,4.11,3891.0,4.718,0.564,1,CONFIRMED,10122538
15.249335907,3.82224,34565.1,45.92,1.077,635.5,875.0,138.77,6385.0,4.316,1.189,0,FALSE POSITIVE,10659313
4.816610903,3.82353,80226.0,26.15,0.431,759.1,1050.0,287.3,5796.0,4.472,0.904,0,FALSE POSITIVE,10710755
2.305903447,3.3828,23268.7,39.04,0.003,511.7,3147.0,23214.46,9696.0,4.033,2.492,0,FALSE POSITIVE,10727668
1.814128042,3.0646,2063.6,426.98,1.246,163.9,3773.0,47891.79,4822.0,2.662,12.899,0,FALSE POSITIVE,10735519
1.247121237,9.363,966.7,18.39,1.223,92.1,1237.0,552.82,4852.0,4.613,0.651,0,FALSE POSITIVE,8197767
4.128795314,2.771,154870.0,52.0,0.739,1041.8,1244.0,565.91,5949.0,4.311,1.083,0,FALSE POSITIVE,10935310
3.269176601,2.7233,59095.0,164.61,2.195,515.5,1349.0,781.57,6372.0,4.453,1.015,0,FALSE POSITIVE,11021252
15.995094054,8.45037,44315.3,17.09,0.272,2019.7,676.0,49.26,5899.0,4.574,0.805,0,FALSE POSITIVE,11408935
0.70914232,1.936,2560.0,7.27,1.0094,2.6,1685.0,1903.76,5350.0,4.578,0.693,0,FALSE POSITIVE,8181016
9.86869589,2.876,5915.0,21.68,0.984,15.8,1332.0,743.72,7301.0,4.11,1.717,0,FALSE POSITIVE,8197761
66.34455122,3.64,,,,,,,,,,0,FALSE POSITIVE,4840513
0.978362973,1.206,37.1,1.04,0.267,15.9,2772.0,13948.03,7193.0,4.156,1.671,0,FALSE POSITIVE,8265156
37.6333868,4.49,1661.7,2.25,0.338,18.6,299.0,1.88,3891.0,4.718,0.564,1,CONFIRMED,10122538
15.0367776,3.042,503.5,8.02,1.115,10.8,381.0,4.96,3729.0,4.733,0.514,0,FALSE POSITIVE,6609270
12.25384348,2.373,147.7,1.0,0.441,12.3,678.0,50.05,5413.0,4.579,0.82,1,CONFIRMED,11125797
22.16127178,3.699,5259.0,69.44,1.277,56.6,877.0,139.67,5893.0,3.945,1.745,0,FALSE POSITIVE,11519226
2.745121487,2.9845,14608.0,9.55,0.861,86.7,893.0,150.25,4608.0,4.648,0.658,0,FALSE POSITIVE,11756821
282.9656538,21.4259,467860.0,71.61,0.426,1365.9,280.0,1.45,5999.0,4.494,0.959,0,FALSE POSITIVE,11769146
37.32030954,6.9616,4325.0,36.96,1.282,171.3,538.0,19.77,5910.0,4.505,0.94,0,FALSE POSITIVE,11812199
5.889372452,4.94674,56841.0,50.78,0.403,4146.7,1695.0,1951.4,7249.0,3.993,2.071,0,FALSE POSITIVE,11826400
2.581595167,4.9153,171132.0,40.94,0.124,338.2,1328.0,735.27,5720.0,4.407,0.989,0,FALSE POSITIVE,12010534
0.566801886,5.733,5.9,0.54,0.3733,16.3,3862.0,52564.19,7589.0,4.023,2.169,0,FALSE POSITIVE,7116117
180.71809,10.85,31.2,1.28,0.8856,8.6,546.0,20.98,7608.0,4.08,1.991,0,FALSE POSITIVE,7868092
6.5583706,3.286,136.0,39.06,1.213,18.1,1283.0,639.83,6144.0,4.083,1.606,0,FALSE POSITIVE,3337061
434.39148,13.02,120.3,1.59,0.9936,10.4,236.0,0.73,5971.0,4.514,0.868,0,FALSE POSITIVE,9826171
71.1577054,4.85,,,,,,,,,,0,FALSE POSITIVE,3936658
73.26417,5.54,38.4,1.32,0.4719,3.0,584.0,27.47,5424.0,3.832,2.11,0,FALSE POSITIVE,4577484
11.3220104,5.86,17.1,0.91,0.1749,8.1,1215.0,515.77,6003.0,3.825,2.193,1,CONFIRMED,4735826
681.9363102,7.94066,186528.0,61.52,0.828,5388.3,220.0,0.56,6095.0,4.427,1.035,0,FALSE POSITIVE,5005618
0.705891195,5.281,15.0,1.0,0.511,32.9,4884.0,134291.26,10346.0,4.077,2.449,0,FALSE POSITIVE,4663658
377.88909,9.259,92.8,3.17,0.1164,11.6,606.0,31.87,9030.0,3.822,3.218,0,FALSE POSITIVE,10467815
199.21638,9.23,62.5,2.36,0.5,10.6,706.0,58.73,8914.0,3.896,2.867,0,FALSE POSITIVE,10847721
121.70747,1.37,98.2,3.02,0.9778,6.9,580.0,26.67,6362.0,3.858,2.27,0,FALSE POSITIVE,10118942
273.528359,22.346,408.5,115.4,1.363,32.1,557.0,22.75,7682.0,3.838,2.783,0,FALSE POSITIVE,9471539
3.88258905,2.741,57.8,0.78,0.553,13.2,1158.0,426.41,5780.0,4.438,1.0,0,FALSE POSITIVE,5482603
135.57186,9.94,41.2,0.83,0.2687,5.7,439.0,8.77,6070.0,4.117,1.277,0,FALSE POSITIVE,2305819
173.06929,12.84,576.7,30.29,1.1262,19.9,518.0,17.08,7296.0,4.103,1.818,0,FALSE POSITIVE,10284575
1.039046871,1.689,24.4,0.48,0.096,9.3,1774.0,2348.45,5689.0,4.422,0.976,0,FALSE POSITIVE,3342952
0.607538435,5.549,34.9,1.34,0.9849,30.4,3219.0,25377.69,7076.0,4.147,1.691,0,FALSE POSITIVE,10338624
0.98762513,1.127,28.6,1.14,0.547,14.8,3728.0,45704.5,9456.0,4.172,2.022,0,FALSE POSITIVE,5307990
113.0707574,9.03,,,,,,,,,,0,FALSE POSITIVE,2142501
66.713573,4.487,63.9,0.98,0.4916,6.7,555.0,22.47,6745.0,4.361,1.182,0,FALSE POSITIVE,2713018
135.223193,8.989,56.3,0.92,0.0177,8.9,417.0,7.18,6181.0,4.279,1.227,0,FALSE POSITIVE,8413968
195.7093855,10.78,,,,,,,,,,0,FALSE POSITIVE,9008103
27.6775212,2.513,293.9,23.04,1.238,12.3,558.0,22.91,5797.0,4.563,0.828,0,FALSE POSITIVE,4376629
35.2340413,11.874,465.5,2.21,0.2713,14.7,602.0,31.14,6295.0,4.456,1.014,0,FALSE POSITIVE,3958301
20.9794338,3.762,2388.2,24.76,1.284,32.2,520.0,17.28,5182.0,4.601,0.666,0,FALSE POSITIVE,8211605
15.6937855,5.149,367.7,1.99,0.2227,14.2,755.0,76.79,5868.0,4.397,1.037,0,FALSE POSITIVE,11098573
20.73376301,5.8043,104599.0,54.58,0.993,97.3,663.0,45.6,5780.0,4.438,1.0,0,FALSE POSITIVE,9837586
63.571688,6.01,591.0,2.14,0.7182,5.4,399.0,6.02,5504.0,4.572,0.819,0,FALSE POSITIVE,6021655
338.20075,15.23,678.2,2.08,0.2434,11.1,223.0,0.59,5381.0,4.575,0.811,0,FALSE POSITIVE,8308682
124.922516,11.942,498.7,3.37,0.943,24.4,407.0,6.45,5970.0,4.317,1.2,1,CONFIRMED,11442793
1.303570451,2.28163,332340.0,235.58,0.548,573.2,2720.0,12920.56,4884.0,3.279,3.584,0,FALSE POSITIVE,3344427
3.72277264,15.869,1114.6,22.78,1.2672,58.1,945.0,188.82,5333.0,4.633,0.688,0,FALSE POSITIVE,6205481
3.886730304,16.1723,372425.0,61.58,0.0,280.6,1158.0,424.65,5780.0,4.438,1.0,0,FALSE POSITIVE,4474637
49.5740154,63.196,8772.9,5.01,0.472,200.6,280.0,1.46,4040.0,4.714,0.527,0,FALSE POSITIVE,8435232
10.42360821,5.404,878.3,1.67,0.001,18.7,515.0,16.64,4260.0,4.663,0.58,0,FALSE POSITIVE,6462874
85.517344,9.331,270.2,3.04,0.944,12.9,482.0,12.75,5592.0,4.115,1.451,1,CONFIRMED,11450414
161.2529031,24.3711,94008.0,59.07,0.227,576.6,652.0,42.81,9341.0,4.222,1.87,0,FALSE POSITIVE,5217733
0.761119678,1.43,1112.0,27.81,1.129,9.7,2977.0,18660.94,6911.0,4.038,1.501,0,FALSE POSITIVE,4150611
94.212787,14.48,55654.0,35.89,0.001,112.3,597.0,30.09,6911.0,4.038,1.501,0,FALSE POSITIVE,4150611
1.330333096,5.045,61867.0,24.3,0.692,700.5,1634.0,1691.25,5984.0,4.521,0.906,0,FALSE POSITIVE,5716244
1.140133012,9.251,223.2,126.77,1.181,63.4,4370.0,86385.22,6715.0,3.211,5.97,0,FALSE POSITIVE,5725851
7.946367138,2.58667,278086.0,36.01,0.636,1228.9,629.0,36.92,4789.0,4.678,0.573,0,FALSE POSITIVE,5731312
16.832079803,7.79748,48374.6,61.35,0.218,5156.6,1243.0,565.17,6300.0,3.646,2.755,0,FALSE POSITIVE,5735878
7.346159047,6.5974,121807.0,44.48,0.945,2541.2,835.0,114.57,5616.0,4.574,0.81,0,FALSE POSITIVE,5736461
26.2402438,3.024,174.0,1.16,0.36,7.9,583.0,27.36,5649.0,4.45,0.875,0,FALSE POSITIVE,5737869
10.738427243,2.3544,1684.2,6.96,0.036,112.8,1137.0,394.4,6180.0,4.007,1.686,0,FALSE POSITIVE,5771589
23.832382513,7.06068,278997.0,63.78,0.664,2389.2,623.0,35.58,5722.0,4.454,1.0,0,FALSE POSITIVE,6672229
1.428766771,3.9753,92.2,1.01,0.354,3.6,1737.0,2157.42,6197.0,4.449,1.035,0,FALSE POSITIVE,6676725
14.5567427,1.421,185.1,1.38,0.4308,8.9,783.0,89.02,6153.0,4.471,0.993,0,FALSE POSITIVE,6695622
1.106560721,2.64151,253683.0,47.63,0.531,643.6,1782.0,2382.7,6205.0,4.534,0.873,0,FALSE POSITIVE,6695889
0.721624431,2.54242,157754.0,40.61,0.855,514.4,1604.0,1560.97,5067.0,4.565,0.715,0,FALSE POSITIVE,6697716
10.81589054,4.73495,45399.6,32.48,0.219,4313.4,1086.0,328.64,6269.0,4.109,1.508,0,FALSE POSITIVE,6698670
4.1747072,11.13,,,,,,1914.16,,,,0,FALSE POSITIVE,7541746
0.622303871,1.84,80.9,0.77,0.338,9.9,2032.0,4050.15,5672.0,4.447,0.853,0,FALSE POSITIVE,7584778
23.3924063,3.416,62.3,0.84,0.3153,8.1,701.0,57.23,6221.0,4.4,1.05,0,FALSE POSITIVE,7588436
4.608901433,8.73393,378548.0,48.72,0.386,2624.6,1007.0,242.9,5938.0,4.605,0.755,0,FALSE POSITIVE,7597703
3.326193904,2.08375,178470.0,14.72,0.001,502.0,521.0,17.41,3520.0,4.906,0.349,0,FALSE POSITIVE,7605600
12.823275455,5.32062,121991.0,44.29,0.93,2541.7,743.0,72.0,5973.0,4.562,0.826,0,FALSE POSITIVE,8312222
37.183276326,14.0996,221205.0,55.0,0.003,2648.4,594.0,29.41,5657.0,4.23,1.168,0,FALSE POSITIVE,8314801
5.065329723,4.90392,155614.0,60.35,0.725,5497.0,1315.0,705.6,6350.0,4.233,1.286,0,FALSE POSITIVE,8316503
0.957079167,3.85011,48673.6,72.76,1.135,3062.6,2441.0,8421.62,6367.0,4.133,1.468,0,FALSE POSITIVE,8330575
9.380632783,4.295,65832.8,46.72,1.084,1053.1,846.0,120.99,5926.0,4.519,0.913,0,FALSE POSITIVE,8345358
10.064687893,3.59854,10088.0,30.11,1.261,585.4,679.0,50.11,5185.0,4.571,0.705,0,FALSE POSITIVE,8358008
7.73591011,5.01919,315131.0,50.46,0.613,3786.7,806.0,99.92,5623.0,4.596,0.763,0,FALSE POSITIVE,8364119
3.359470825,2.14715,2707.8,129.93,1.281,504.1,2421.0,8125.7,6587.0,3.531,3.514,0,FALSE POSITIVE,9278021
20.729255112,7.53677,341973.0,53.87,0.575,2957.7,567.0,24.47,5256.0,4.502,0.802,0,FALSE POSITIVE,9284741
3.04459739,7.638,66.1,0.62,0.385,18.2,1076.0,317.36,5525.0,4.603,0.753,0,FALSE POSITIVE,9286728
3.796448299,11.5917,522879.0,232.39,0.249,1487.2,2577.0,10412.56,8117.0,3.748,3.07,0,FALSE POSITIVE,9291368
3.79654367,11.4071,70781.0,159.34,1.081,283.7,2577.0,10412.56,8117.0,3.748,3.07,0,FALSE POSITIVE,9291368
15.926990634,11.5142,394232.0,93.94,1.368,3458.3,566.0,24.16,5191.0,4.615,0.65,0,FALSE POSITIVE,9291748
1.219049953,1.477,53.5,2.48,0.0517,10.1,2948.0,17862.9,5742.0,3.521,3.374,0,FALSE POSITIVE,9304561
0.64585177,1.97644,308504.0,51.1,1.138,808.3,1234.0,543.24,4399.0,4.788,0.463,0,FALSE POSITIVE,9328852
1.70192371,3.0271,49833.0,40.15,0.906,351.1,1704.0,1993.63,5826.0,4.273,1.262,0,FALSE POSITIVE,10091257
1.20693963,6.881,20.0,0.97,0.701,24.3,2847.0,15568.09,7331.0,4.041,2.041,0,FALSE POSITIVE,10093664
3.008602107,4.34296,120272.0,56.15,0.948,502.0,1343.0,768.47,6033.0,4.398,1.026,0,FALSE POSITIVE,10095512
41.81145,2.208,302.0,1.4,0.0121,5.9,483.0,12.88,5593.0,4.478,0.812,0,FALSE POSITIVE,10098534
0.846291334,1.79962,190191.0,30.8,0.779,1049.3,1243.0,562.86,4627.0,4.721,0.526,0,FALSE POSITIVE,10129482
1.930451347,3.87956,53075.2,58.77,1.121,602.3,1623.0,1637.68,6154.0,4.399,1.168,0,FALSE POSITIVE,10155080
2.427967843,4.7847,126975.0,108.33,0.954,472.8,2275.0,6328.22,7652.0,4.104,1.921,0,FALSE POSITIVE,10156064
6.840305932,4.32742,124933.0,62.08,1.094,2025.7,945.0,188.58,5970.0,4.521,0.908,0,FALSE POSITIVE,11198723
1.032967155,1.17,127.3,21.22,0.025,8.3,5990.0,304226.71,5283.0,2.352,18.959,0,FALSE POSITIVE,11199725
2.489550708,2.84685,29838.9,36.91,1.185,443.6,1281.0,636.43,6018.0,4.569,0.794,0,FALSE POSITIVE,11200773
2.980479588,3.72527,375343.0,70.52,0.479,1737.7,1370.0,833.83,6065.0,4.377,1.047,0,FALSE POSITIVE,11228612
4.81712182,2.45699,35756.4,43.45,1.233,445.3,922.0,170.42,5419.0,4.581,0.795,0,FALSE POSITIVE,11232745
2.479948394,5.7219,150682.0,35.62,0.67,489.6,1169.0,441.85,5391.0,4.539,0.822,0,FALSE POSITIVE,11233911
1.58742695,2.66475,76162.0,37.64,0.718,1150.7,1893.0,3023.98,6440.0,4.313,1.241,0,FALSE POSITIVE,11234677
19.668404822,21.1764,352808.0,42.91,0.0,1834.5,555.0,22.36,5260.0,4.56,0.717,0,FALSE POSITIVE,11235323
0.968065631,1.772,92.5,0.68,0.518,14.0,1487.0,1157.58,5367.0,4.639,0.687,0,FALSE POSITIVE,8652360
0.824181335,2.4864,224.7,18.2,1.174,40.2,1912.0,3155.32,5977.0,4.514,0.883,0,FALSE POSITIVE,5476671
2.45261841,1.9,85.5,0.69,0.3595,8.8,1108.0,355.92,5216.0,4.564,0.751,0,FALSE POSITIVE,4919550
0.706423768,1.0597,46.1,1.16,0.71,15.9,2845.0,15425.08,6514.0,4.09,1.585,0,FALSE POSITIVE,8094120
25.9534494,6.001,528.9,2.06,0.6188,10.5,554.0,22.3,5591.0,4.559,0.86,0,FALSE POSITIVE,3858757
3.49550335,3.799,60.9,0.66,0.0843,9.6,1081.0,322.8,5582.0,4.551,0.85,0,FALSE POSITIVE,3858767
25.95193721,15.9897,399167.0,123.34,0.51,915.3,904.0,157.59,6569.0,4.008,1.729,0,FALSE POSITIVE,3858884
31.024310431,7.63621,96480.3,93.29,1.009,4403.8,783.0,88.89,6011.0,3.998,1.741,0,FALSE POSITIVE,3938073
0.634131057,2.851,27.1,0.58,0.0891,11.7,2488.0,9062.53,6428.0,4.345,1.109,0,FALSE POSITIVE,3972391
1.992098705,4.03833,69414.0,45.85,1.069,1186.0,1435.0,1006.31,6024.0,4.523,0.9,0,FALSE POSITIVE,3973002
1.78752921,5.315,62.9,5.86,0.064,16.0,3868.0,52997.01,6286.0,3.056,7.342,0,FALSE POSITIVE,5025217
1.77555333,14.41,83.5,1.26,0.9299,14.1,1786.0,2402.56,6594.0,4.39,1.138,0,FALSE POSITIVE,5025234
5.462689263,3.2605,4184.6,36.25,1.298,82.6,1024.0,260.14,5929.0,4.479,0.888,0,FALSE POSITIVE,5025294
3.58966681,18.534,421.3,95.86,1.209,102.3,2410.0,7969.78,6564.0,3.515,3.837,0,FALSE POSITIVE,5026187
1.37347867,12.62,289.9,4.25,0.9848,27.2,2505.0,9313.26,6877.0,4.028,1.753,0,FALSE POSITIVE,5031804
1.00960235,7.847,31.9,1.94,0.992,12.5,2885.0,16358.66,6028.0,3.724,2.412,0,FALSE POSITIVE,5031882
1.060996585,2.6494,41142.0,64.99,1.141,339.5,1968.0,3542.31,5433.0,4.154,1.348,0,FALSE POSITIVE,5036516
2.735152701,0.1046,283.3,3.27,0.955,4.7,1679.0,1875.08,6333.0,4.198,1.523,0,FALSE POSITIVE,5036530
9.459993213,5.3012,237595.0,51.89,0.743,3164.4,766.0,81.31,5569.0,4.566,0.829,0,FALSE POSITIVE,5781192
1.208524388,1.8478,4759.6,26.71,1.259,181.3,1286.0,647.48,4963.0,4.63,0.701,0,FALSE POSITIVE,5802285
3.79187443,3.5521,230736.0,47.49,0.798,1111.9,1004.0,240.31,5622.0,4.619,0.723,0,FALSE POSITIVE,5802470
17.844323157,5.07999,222364.0,90.67,0.757,4456.6,874.0,138.25,5993.0,4.114,1.485,0,FALSE POSITIVE,5807579
34.6506368,10.287,502.5,12.35,0.973,21.6,1191.0,476.15,6681.0,3.465,4.185,0,FALSE POSITIVE,5809372
12.643303542,5.48853,236718.0,34.94,0.739,2907.6,443.0,9.07,3977.0,4.697,0.562,0,FALSE POSITIVE,5871918
1.36293943,10.32,54.4,31.28,1.13,15.8,2630.0,11346.02,6831.0,3.971,2.106,0,FALSE POSITIVE,5894825
185.103836,4.19,581.4,14.63,0.019,10.9,670.0,47.72,4992.0,2.921,6.226,0,FALSE POSITIVE,8374394
1.267693801,3.57993,333641.0,64.84,0.589,713.8,1606.0,1572.85,5446.0,4.388,0.961,0,FALSE POSITIVE,6706287
7.002865192,5.90232,349695.0,75.09,0.358,8168.6,1197.0,486.09,6818.0,4.357,1.216,0,FALSE POSITIVE,6766748
0.85450941,3.723,13.7,0.35,0.4204,9.0,1928.0,3269.09,5922.0,4.454,0.921,0,FALSE POSITIVE,6774408
30.130130001,13.4919,280751.0,83.75,0.631,2583.7,753.0,76.07,6674.0,4.286,1.347,0,FALSE POSITIVE,6778289
7.0435762,15.76,,,,,,567.89,,,,0,FALSE POSITIVE,6781047
9.12208711,4.62417,58790.4,52.66,1.104,1599.1,904.0,157.73,5857.0,4.396,1.039,0,FALSE POSITIVE,6781535
366.71923,9.8,246.4,3.35,0.592,9.8,383.0,5.09,6295.0,3.907,2.049,0,FALSE POSITIVE,8440062
6.373454978,3.9377,6084.6,51.6,1.284,258.1,1169.0,441.1,5953.0,4.161,1.254,0,FALSE POSITIVE,7622072
1.075577069,4.11779,140584.0,69.11,0.886,1589.6,2094.0,4551.51,6011.0,4.217,1.267,0,FALSE POSITIVE,7630658
0.811390968,1.0114,139.9,14.74,0.345,19.2,5043.0,153237.23,4994.0,2.682,12.487,0,FALSE POSITIVE,7631194
14.6494599,2.883,221.0,1.0,0.175,7.4,574.0,25.65,5017.0,4.585,0.688,0,FALSE POSITIVE,7662209
321.00742,13.01,307.1,3.7,0.6639,11.1,351.0,3.59,5258.0,3.771,2.004,0,FALSE POSITIVE,7663804
27.81892382,8.3777,238224.0,50.0,0.606,156.8,610.0,32.75,6126.0,4.513,0.915,0,FALSE POSITIVE,7668648
8.467706136,4.05376,77323.6,43.98,1.054,976.0,844.0,120.02,5873.0,4.554,0.843,0,FALSE POSITIVE,7670485
24.70361995,6.9719,217538.0,30.13,0.206,268.7,464.0,10.99,5030.0,4.665,0.65,0,FALSE POSITIVE,7670617
5.1348689,48.69,115.8,16.17,1.137,36.1,1040.0,276.25,5515.0,4.357,1.001,0,FALSE POSITIVE,8367298
5.251918489,5.59653,296478.0,51.51,0.317,6979.7,1060.0,299.43,6099.0,4.511,0.919,0,FALSE POSITIVE,8374499
3.62944008,5.94104,130083.0,40.08,0.253,5131.4,1351.0,787.91,6284.0,4.355,1.093,0,FALSE POSITIVE,8378656
43.263305017,10.0915,359086.0,62.75,0.555,2415.6,505.0,15.38,5623.0,4.4,0.917,0,FALSE POSITIVE,8378922
6.042029838,8.0666,132864.0,23.94,0.689,312.5,729.0,66.7,5030.0,4.67,0.587,0,FALSE POSITIVE,8379547
2.892087553,3.16757,71631.0,47.55,1.062,563.9,1225.0,531.42,5622.0,4.443,0.924,0,FALSE POSITIVE,8381592
5.40597608,2.79,461.0,31.78,0.013,23.5,2818.0,14885.1,4840.0,2.56,15.355,0,FALSE POSITIVE,8382339
0.510804497,2.539,42.7,1.58,0.81,15.4,3622.0,40925.32,6596.0,3.913,2.176,0,FALSE POSITIVE,8398290
0.645850521,1.2082,54.9,0.69,0.476,16.8,1941.0,3366.81,5381.0,4.426,0.911,0,FALSE POSITIVE,9328864
18.84497113,4.9442,4143.4,5.35,0.895,79.8,552.0,21.89,5220.0,4.578,0.695,0,FALSE POSITIVE,9334490
14.759477667,9.7746,357470.0,76.06,0.56,3813.5,862.0,130.69,6522.0,4.407,1.105,0,FALSE POSITIVE,9344623
10.476258265,7.77203,120206.0,54.13,0.318,8251.5,1077.0,318.44,6109.0,4.097,1.536,0,FALSE POSITIVE,9353182
1.588298157,4.37027,165034.0,120.0,0.855,1071.6,2773.0,13941.82,7742.0,4.024,2.094,0,FALSE POSITIVE,9357275
1.58826263,2.655,78.9,0.47,0.021,8.5,862.0,130.67,3931.0,4.717,0.544,0,FALSE POSITIVE,9357375
3.909314318,5.36124,97123.4,42.54,0.776,1587.6,1364.0,819.78,6425.0,4.341,1.143,0,FALSE POSITIVE,9392702
1.38385822,1.0,,,,,,234049.39,,,,0,FALSE POSITIVE,9394920
0.79708975,3.301,19.3,0.54,0.53,9.8,2262.0,6174.2,6056.0,4.271,1.196,0,FALSE POSITIVE,8524110
8.5412411,3.654,298.8,1.4,0.793,10.7,767.0,81.55,5602.0,4.614,0.732,0,FALSE POSITIVE,10164018
1.013922622,1.6393,34957.0,31.98,1.178,79.8,1392.0,883.9,5110.0,4.618,0.647,0,FALSE POSITIVE,10189523
17.918743061,4.36387,118355.0,56.94,0.252,4696.8,942.0,186.0,5870.0,3.903,1.63,0,FALSE POSITIVE,10198109
2.287515702,10.0879,358575.0,86.76,0.346,3017.9,1801.0,2484.21,6773.0,4.306,1.391,0,FALSE POSITIVE,10208759
659.2907,22.106,338.1,4.66,0.982,27.0,322.0,2.53,6917.0,4.05,1.837,0,FALSE POSITIVE,10214328
24.847087207,7.28274,317670.0,52.38,0.52,6707.7,569.0,24.75,5644.0,4.55,0.854,0,FALSE POSITIVE,10215422
0.85574731,2.01,,,,,,,,,,0,FALSE POSITIVE,10257903
20.867855659,5.73122,82601.4,53.53,1.045,2768.6,716.0,62.09,6095.0,4.378,1.016,0,FALSE POSITIVE,10258558
3.401949837,16.5797,2477.0,14.32,0.958,304.0,2076.0,4391.35,7094.0,3.905,2.17,0,FALSE POSITIVE,11240948
2.252822538,3.41062,269847.0,57.6,0.621,1575.9,1462.0,1078.82,6116.0,4.431,0.951,0,FALSE POSITIVE,11250867
2.25284817,3.069,60.0,8.61,1.043,8.8,1940.0,3351.24,6850.0,4.196,1.53,0,FALSE POSITIVE,11251058
5.39525573,7.8377,104242.0,152.74,1.0,175.7,1992.0,3721.55,7216.0,3.768,2.804,0,FALSE POSITIVE,11285625
0.939740093,3.682,106.5,34.87,0.5488,14.3,7200.0,635197.09,4297.0,1.663,33.474,0,FALSE POSITIVE,4732015
265.299451,4.563,4946.0,7.1,0.88,34.3,270.0,1.25,5873.0,4.547,0.863,0,FALSE POSITIVE,9214712
265.310499,4.013,1530.0,4.69,0.913,11.6,296.0,1.81,6108.0,4.471,0.997,0,FALSE POSITIVE,9214715
35.4261827,4.393,317.6,153.72,1.004,7.1,2217.0,5712.61,4289.0,1.603,35.695,0,FALSE POSITIVE,7838906
8.460438928,4.73492,76412.9,36.62,1.061,1797.4,804.0,98.6,5951.0,4.638,0.702,0,FALSE POSITIVE,1026032
4.318726936,2.67349,59429.0,29.74,0.867,394.4,1091.0,334.31,5896.0,4.518,0.916,0,FALSE POSITIVE,3973504
3.22598684,1.67,,,,,,,,,,0,FALSE POSITIVE,4042088
76.45315813,5.1822,9662.2,22.89,1.26,151.8,291.0,1.7,4831.0,4.713,0.54,0,FALSE POSITIVE,4055092
7.698431197,5.43677,42548.8,42.72,1.149,942.6,878.0,140.16,5774.0,4.508,0.876,0,FALSE POSITIVE,4067549
0.504296702,1.4145,5995.4,50.41,1.2942,231.8,2694.0,12445.73,6140.0,4.243,1.187,0,FALSE POSITIVE,4069063
5.194256813,7.25775,38851.4,41.77,0.378,2390.4,1546.0,1349.96,6100.0,3.895,2.086,0,FALSE POSITIVE,4069213
61.42252657,3.76585,337545.0,41.01,0.574,850.4,326.0,2.66,4867.0,4.687,0.613,0,FALSE POSITIVE,4075064
9.761172507,11.4007,205866.0,95.58,0.343,3150.9,1325.0,729.48,6468.0,3.893,2.048,0,FALSE POSITIVE,4076952
1.36513839,1.86,,,,,,,,,,0,FALSE POSITIVE,5036530
1.061008464,2.8029,408767.0,32.58,0.477,997.7,1002.0,238.59,4239.0,4.793,0.454,0,FALSE POSITIVE,5036538
1.36840167,4.58,,,,,,,,,,0,FALSE POSITIVE,5038469
5.8957069,56.84,129.7,32.41,1.3087,24.1,1002.0,238.37,5956.0,4.504,0.934,0,FALSE POSITIVE,5039687
1.67473779,5.67,,,,,,16598.34,,,,0,FALSE POSITIVE,5042785
1.039370613,1.0713,743.6,12.6,0.976,182.9,3320.0,28690.6,6429.0,3.615,3.137,0,FALSE POSITIVE,5078879
2.31169425,8.689,38.4,1.76,0.628,16.0,3178.0,24113.62,9451.0,3.97,2.679,0,FALSE POSITIVE,5080346
2.072177815,4.54864,293717.0,46.55,0.641,590.7,1204.0,495.23,5519.0,4.621,0.718,0,FALSE POSITIVE,5080652
3.34328534,27.29,166.8,64.0,1.21,79.5,2094.0,4535.97,6541.0,3.773,2.652,0,FALSE POSITIVE,5894972
0.905678252,1.249,70.4,0.78,0.357,11.1,1901.0,3074.42,6075.0,4.501,0.909,0,FALSE POSITIVE,5952309
0.905672916,1.0,110.4,0.76,0.033,12.1,1468.0,1096.04,4949.0,4.552,0.741,0,FALSE POSITIVE,5952457
0.790046373,4.9939,149304.0,56.93,0.65,174.5,2541.0,9873.85,6785.0,4.321,1.342,0,FALSE POSITIVE,5962514
1.804591904,3.85009,137295.0,80.87,0.879,1666.6,1923.0,3221.97,6271.0,4.178,1.515,0,FALSE POSITIVE,5962716
1.14073528,2.394,13.5,0.68,0.768,7.8,3190.0,24512.67,8847.0,4.2,1.685,0,FALSE POSITIVE,5977541
3.31976683,4.523,48.0,0.7,0.713,8.5,1276.0,626.66,6100.0,4.438,0.94,0,FALSE POSITIVE,5977804
0.52880817,2.2865,57.7,1.84,0.432,38.8,3558.0,37880.12,6224.0,3.815,2.368,0,FALSE POSITIVE,6792124
0.700606479,0.993,23.5,1.22,0.37,9.0,3312.0,28551.69,6280.0,3.795,2.449,0,FALSE POSITIVE,6804648
9.469191607,9.55999,63501.9,49.17,0.627,4419.3,1679.0,1875.84,9454.0,4.244,1.832,0,FALSE POSITIVE,6806632
15.53753378,5.8262,209006.0,40.9,0.425,2807.8,694.0,54.73,5704.0,4.476,0.868,0,FALSE POSITIVE,6841577
2.172042913,8.0331,154381.0,100.79,0.881,583.6,2169.0,5231.88,7128.0,4.105,1.775,0,FALSE POSITIVE,6852488
6.35216475,3.251,185.7,18.1,0.196,10.9,2698.0,12523.45,4820.0,2.471,13.654,0,FALSE POSITIVE,8460634
0.705174384,1.11196,375227.0,366.76,13.5485,222.8,751.0,75.23,3354.0,5.031,0.25,0,FALSE POSITIVE,7671594
38.058140058,8.82403,308873.0,94.1,0.63,3602.0,736.0,69.39,6894.0,4.25,1.419,0,FALSE POSITIVE,7677005
4.800232532,3.57105,277001.0,48.67,0.669,893.6,941.0,184.84,5591.0,4.59,0.756,0,FALSE POSITIVE,7691527
1.74336627,10.405,451.0,140.49,1.855,20.8,2029.0,4006.15,6640.0,4.208,1.478,0,FALSE POSITIVE,7695445
1.507100589,5.8097,497657.0,131.16,0.336,711.8,2378.0,7555.78,6919.0,4.099,1.748,0,FALSE POSITIVE,7700578
0.758355704,4.4135,9568.3,8.78,0.846,153.3,1765.0,2292.94,5629.0,4.586,0.783,0,FALSE POSITIVE,7707736
0.77258608,2.7,,,,,,,,,,0,FALSE POSITIVE,7733540
0.898837525,3.5342,399778.0,57.14,0.496,445.6,1615.0,1609.86,5284.0,4.518,0.807,0,FALSE POSITIVE,8411947
11.931131598,5.56983,300506.0,93.46,1.037,5606.7,831.0,112.47,6089.0,4.449,0.959,0,FALSE POSITIVE,8414159
11.93137992,3.639,122.1,0.56,0.412,14.7,415.0,7.0,3787.0,4.742,0.505,0,FALSE POSITIVE,8414216
27.533803402,3.96227,48152.7,50.02,0.908,5446.9,777.0,85.95,5925.0,4.052,1.611,0,FALSE POSITIVE,8415863
12.4964346,84.32,271.7,55.34,1.17,141.5,1397.0,899.44,6821.0,3.805,2.73,0,FALSE POSITIVE,8423903
1.352576807,5.49531,317484.0,161.02,0.616,1365.1,2866.0,15932.27,6881.0,3.831,2.406,0,FALSE POSITIVE,8429450
13.254134073,4.34991,44979.8,58.51,1.051,2281.0,990.0,227.51,6175.0,4.111,1.436,0,FALSE POSITIVE,8445775
1.922009494,3.101,6547.8,48.61,1.312,284.4,1596.0,1534.66,5880.0,4.296,1.087,0,FALSE POSITIVE,9411943
10.186578749,10.6304,340671.0,67.45,0.677,5867.8,793.0,93.53,5557.0,4.448,0.916,0,FALSE POSITIVE,9412462
32.003815635,4.31197,17120.2,180.25,1.226,711.4,960.0,201.25,5260.0,3.459,4.062,0,FALSE POSITIVE,9418994
1.250390814,3.7184,231167.0,101.37,0.73,2046.8,2367.0,7420.89,6297.0,4.006,1.663,0,FALSE POSITIVE,9451096
9.2742685,13.39,,,,,,134.36,,,,0,FALSE POSITIVE,9466042
5.748815953,1.9216,11657.0,26.94,1.172,43.3,799.0,96.29,4961.0,4.545,0.753,0,FALSE POSITIVE,9468296
0.517573708,2.23102,87205.0,37.02,1.021,740.2,1863.0,2827.01,5427.0,4.633,0.7,0,FALSE POSITIVE,10264202
24.70932686,5.0698,29265.0,25.1,0.928,284.7,662.0,45.33,6065.0,4.427,1.023,0,FALSE POSITIVE,10268809
13.68369259,4.22504,185514.0,30.6,0.089,3641.6,635.0,38.37,5359.0,4.566,0.708,0,FALSE POSITIVE,10274244
9.726748645,19.4093,393412.0,277.38,1.883,4414.3,997.0,233.38,5618.0,4.107,1.406,0,FALSE POSITIVE,10275887
0.691561191,5.23,1901.0,5.91,1.0183,3.4,1460.0,1074.31,4892.0,4.669,0.586,0,FALSE POSITIVE,10290447
1.35337091,2.2396,104562.0,26.69,0.579,303.0,1444.0,1031.53,5426.0,4.511,0.784,0,FALSE POSITIVE,10292465
1.854491777,5.14771,383431.0,63.08,0.285,1070.6,1511.0,1232.64,5843.0,4.413,0.99,0,FALSE POSITIVE,10294608
4.737713268,6.384,105259.0,29.25,0.8,476.7,882.0,143.54,5335.0,4.624,0.719,0,FALSE POSITIVE,11287726
2.49777454,5.241,78.7,2.14,0.778,51.1,2264.0,6214.34,7117.0,3.964,2.211,0,FALSE POSITIVE,11295085
1.51264208,1.871,23842.0,36.72,1.192,262.6,1357.0,801.0,5258.0,4.508,0.811,0,FALSE POSITIVE,11350389
323.2575,17.26,286.8,2.01,0.034,20.0,293.0,1.73,5866.0,4.301,1.198,0,FALSE POSITIVE,11356602
0.984971822,1.64247,6683.5,56.1,1.274,279.1,2321.0,6852.37,6437.0,4.237,1.369,0,FALSE POSITIVE,11358392
567.71329,12.85,259.4,3.28,0.4247,6.6,325.0,2.64,6248.0,3.924,1.996,0,FALSE POSITIVE,1433531
9.31392071,0.971,163.7,1.25,0.1287,6.6,884.0,144.19,6032.0,4.485,0.973,0,FALSE POSITIVE,1717528
2.32539968,16.791,288.1,9.76,1.004,79.9,2501.0,9234.82,7046.0,3.831,2.724,0,FALSE POSITIVE,2012722
0.764597756,1.119,16.6,0.72,0.345,12.0,2708.0,12721.72,6218.0,4.066,1.726,0,FALSE POSITIVE,2013883
4.101595158,6.10362,366585.0,51.08,0.394,3809.8,1028.0,264.23,5610.0,4.533,0.808,0,FALSE POSITIVE,2162994
2.43574046,22.25,6223.0,24.62,0.997,74.6,2102.0,4614.94,7239.0,4.129,1.781,0,FALSE POSITIVE,2167444
2.756536015,1.5908,3590.8,57.46,1.239,100.1,1580.0,1472.73,5496.0,4.02,1.669,0,FALSE POSITIVE,4078693
13.99585365,5.0308,19681.0,368.42,2.095,118.1,1202.0,493.55,5638.0,3.597,2.703,0,FALSE POSITIVE,4142768
4.320850062,4.26661,75927.4,59.16,1.087,1691.5,1221.0,524.62,6098.0,4.384,1.083,0,FALSE POSITIVE,4149684
8.6532378,2.974,126.0,0.96,0.359,9.0,793.0,93.75,5561.0,4.561,0.854,0,FALSE POSITIVE,4150703
5.197420145,6.78534,91307.3,81.49,1.025,4262.1,1416.0,949.86,6248.0,4.05,1.528,0,FALSE POSITIVE,4157488
2.183517999,4.2703,1321.6,4633.66,1.214,147.7,9791.0,2169685.72,3198.0,0.047,162.725,0,FALSE POSITIVE,4160669
383.61248,12.263,619.3,2.3,0.4658,10.2,248.0,0.9,6011.0,4.522,0.902,0,FALSE POSITIVE,4171955
1.945914237,2.8712,9880.5,35.94,1.273,299.2,1417.0,955.56,5967.0,4.516,0.83,0,FALSE POSITIVE,4174507
2.500560859,7.5902,20.4,0.48,0.104,4.5,1486.0,1149.55,6305.0,4.422,1.052,0,FALSE POSITIVE,5083252
1.25625738,9.726,15.2,1.32,0.8208,50.1,3507.0,35745.58,7450.0,3.68,3.063,0,FALSE POSITIVE,5091075
21.142458554,5.17846,73960.9,41.68,0.971,3830.9,672.0,48.12,6079.0,4.495,0.945,0,FALSE POSITIVE,5091614
0.99519559,2.293,13.7,0.29,0.0372,7.4,1624.0,1642.44,5506.0,4.512,0.782,0,FALSE POSITIVE,5094301
25.150788449,7.72717,37582.6,39.12,1.025,1504.9,686.0,52.23,6015.0,4.329,1.101,0,FALSE POSITIVE,5983348
7.21636091,2.218,384.7,18.03,0.017,37.2,2146.0,5009.17,5029.0,2.909,9.476,0,FALSE POSITIVE,5990753
12.591656377,5.53385,302584.0,49.21,0.629,3990.5,642.0,40.23,5293.0,4.604,0.756,0,FALSE POSITIVE,6029130
1.044408447,3.633,46.2,1.17,0.1512,15.1,2745.0,13421.48,7274.0,4.161,1.698,0,FALSE POSITIVE,6035335
0.97705114,2.33,20.1,0.77,0.603,7.4,2501.0,9261.1,6527.0,4.162,1.631,0,FALSE POSITIVE,6041511
5.407157086,5.8919,74653.3,125.96,1.062,2882.0,1984.0,3667.86,7617.0,3.856,2.439,0,FALSE POSITIVE,6042116
30.971766472,8.31171,228680.0,51.72,0.763,3245.9,523.0,17.73,5633.0,4.558,0.829,0,FALSE POSITIVE,6042663
5.06318803,13.8913,662677.0,302.18,3.4,1602.7,908.0,160.52,5375.0,4.531,0.752,0,FALSE POSITIVE,6044064
10.88242209,5.51934,206811.0,63.14,0.788,4284.2,894.0,150.98,6200.0,4.422,1.045,0,FALSE POSITIVE,6859813
1.926366998,3.98088,399528.0,53.63,0.498,1093.2,1204.0,497.84,5176.0,4.542,0.76,0,FALSE POSITIVE,6863840
2.325185422,7.2871,268.5,81.88,1.247,256.3,3738.0,46102.7,11076.0,3.989,2.896,0,FALSE POSITIVE,6864569
40.877841988,9.88456,256094.0,164.06,0.71,5260.3,915.0,166.06,6807.0,3.848,2.59,0,FALSE POSITIVE,6864859
36.75892725,15.5723,261730.0,51.31,0.298,4263.6,575.0,25.82,6085.0,4.438,0.979,0,FALSE POSITIVE,6877673
0.536869783,4.164,221.7,1.81,0.5604,27.8,2645.0,11576.28,6495.0,4.379,1.168,0,FALSE POSITIVE,6877871
0.843400322,1.7606,43.7,0.65,0.489,23.8,1941.0,3371.24,5982.0,4.493,0.96,0,FALSE POSITIVE,7741048
17.042155208,7.80412,55165.0,24.93,0.455,2046.2,760.0,78.98,6197.0,4.449,1.035,0,FALSE POSITIVE,7751562
0.874236216,2.352,58.4,3.46,0.2375,11.1,6177.0,344046.45,10894.0,3.667,4.378,0,FALSE POSITIVE,7755741
0.60886299,1.27896,2019.5,158.5,1.294,457.8,3651.0,42225.89,5022.0,3.311,4.167,0,FALSE POSITIVE,7769072
4.43529675,2.117,181.9,1.15,0.353,9.6,1026.0,261.33,5659.0,4.511,0.842,0,FALSE POSITIVE,7769815
0.88512187,3.349,136.0,1.05,0.766,9.9,1659.0,1797.86,5392.0,4.521,0.819,0,FALSE POSITIVE,7777365
1.734221252,2.4577,289817.0,42.06,0.553,542.2,1114.0,363.79,4765.0,4.584,0.702,0,FALSE POSITIVE,7798259
5.776764285,6.99715,153902.0,117.51,0.88,3033.4,1542.0,1336.82,6263.0,3.875,2.072,0,FALSE POSITIVE,8453191
1.26227317,3.30141,7342.5,369.2,1.247,1159.9,3790.0,48665.04,4927.0,2.882,9.356,0,FALSE POSITIVE,8453324
0.76757669,2.04757,157612.0,34.23,0.821,431.3,1530.0,1294.42,5182.0,4.635,0.627,0,FALSE POSITIVE,8479107
5.860377067,10.4634,361615.0,78.14,0.526,3044.1,1191.0,475.44,6267.0,4.284,1.158,0,FALSE POSITIVE,8479386
5.801881299,4.21133,34469.8,62.9,0.81,3642.0,2001.0,3784.87,7259.0,3.739,3.009,0,FALSE POSITIVE,8488876
4.00770453,5.50884,168776.0,92.08,0.835,1753.5,1699.0,1969.22,7162.0,4.185,1.631,0,FALSE POSITIVE,8504570
6.099032889,4.82208,55374.3,36.68,0.891,2884.0,1183.0,462.81,6356.0,4.297,1.141,0,FALSE POSITIVE,8509346
0.652956712,0.627,50.0,0.76,0.26,12.7,2146.0,4984.96,5812.0,4.419,1.055,0,FALSE POSITIVE,8517433
13.691790011,5.64674,97563.5,49.2,0.269,8326.3,994.0,230.66,6295.0,4.158,1.554,0,FALSE POSITIVE,9474222
21.570508432,13.8604,134176.0,63.68,0.388,8616.1,923.0,171.91,6322.0,4.003,1.692,0,FALSE POSITIVE,9474969
14.199840087,5.98531,214604.0,85.76,0.772,1408.6,907.0,159.99,5864.0,4.139,1.414,0,FALSE POSITIVE,9509207
2.136834989,4.34882,346183.0,66.59,0.559,644.7,1415.0,948.25,5753.0,4.42,0.989,0,FALSE POSITIVE,9520700
2.51690133,2.521,59.6,0.97,0.093,10.0,1430.0,986.6,5403.0,4.201,1.284,0,FALSE POSITIVE,9529294
9.296746368,6.88069,213838.0,400.4,1.623,4407.8,1552.0,1370.16,6461.0,3.67,2.884,0,FALSE POSITIVE,10296163
18.060078203,11.5759,58975.4,20.71,0.328,1797.6,618.0,34.4,5330.0,4.464,0.855,0,FALSE POSITIVE,10330495
18.74072534,5.19791,125477.0,35.61,0.203,2964.7,717.0,62.46,6122.0,4.471,0.996,0,FALSE POSITIVE,10332789
0.93371313,2.971,66.0,0.69,0.133,8.9,1642.0,1724.34,5436.0,4.548,0.869,0,FALSE POSITIVE,10340228
0.93373716,5.015,144.9,1.14,0.793,16.0,1666.0,1811.1,5390.0,4.479,0.852,0,FALSE POSITIVE,10341787
0.933735579,3.892,351.4,10.28,0.565,27.1,3696.0,43890.28,5016.0,3.013,5.344,0,FALSE POSITIVE,10342097
58.28819056,21.6014,156160.0,42.57,0.499,2927.4,462.0,10.79,5463.0,4.353,1.044,0,FALSE POSITIVE,10345862
3.989144446,20.7947,630524.0,60.26,0.252,2055.9,996.0,233.19,5538.0,4.555,0.719,0,FALSE POSITIVE,10346522
32.77897303,19.1378,410080.0,69.08,0.496,2126.1,588.0,28.29,6122.0,4.487,0.964,0,FALSE POSITIVE,10352603
28.487107336,3.77887,37662.9,116.84,1.175,658.2,963.0,202.98,6351.0,3.814,2.385,0,FALSE POSITIVE,11359305
8.61733907,4.05563,185861.0,51.79,0.825,1542.6,796.0,94.74,5387.0,4.482,0.87,0,FALSE POSITIVE,11391181
2.16146908,3.643,84.8,0.95,0.41,11.8,1487.0,1155.45,6047.0,4.422,1.013,0,FALSE POSITIVE,11401869
10.26782676,6.02685,247175.0,73.59,0.277,5758.7,1136.0,393.02,6664.0,4.176,1.44,0,FALSE POSITIVE,11409698
1.057335679,1.5795,47337.0,14.59,0.262,476.0,1276.0,623.51,4664.0,4.594,0.683,0,FALSE POSITIVE,11455795
1.149198426,4.1603,37721.0,42.03,1.167,164.2,1690.0,1922.43,5858.0,4.486,0.867,0,FALSE POSITIVE,11457191
2.50012775,28.2,49.9,1.66,0.9917,17.6,1977.0,3611.69,6923.0,4.12,1.664,0,FALSE POSITIVE,11462556
1.40469182,6.26327,702439.0,217.25,0.597,2651.1,2263.0,6187.57,6230.0,4.043,1.863,0,FALSE POSITIVE,2305372
10.306982793,11.4277,341790.0,81.21,0.564,3691.9,960.0,200.8,5912.0,4.225,1.217,0,FALSE POSITIVE,2306740
1.109841858,8.11952,300713.0,177.78,0.12,2082.6,2944.0,17830.7,5788.0,3.607,3.211,0,FALSE POSITIVE,2308957
7.234965722,7.0245,164848.0,34.03,0.548,671.3,843.0,119.12,5653.0,4.573,0.798,0,FALSE POSITIVE,2437452
7.45301717,3.685,551.5,37.37,0.035,18.3,2595.0,10730.53,4475.0,2.329,16.755,0,FALSE POSITIVE,2437804
2.442941283,4.1847,37338.0,48.18,1.164,229.7,1352.0,788.17,5780.0,4.438,1.0,0,FALSE POSITIVE,2438061
3.684337918,2.1931,76.7,12.52,1.045,31.4,2481.0,8964.2,9609.0,4.149,2.108,0,FALSE POSITIVE,4180396
11.2570616,29.059,690235.0,162.84,0.0,655.2,1272.0,619.07,6915.0,4.012,1.875,0,FALSE POSITIVE,4245897
21.858963291,6.32492,117113.0,114.63,0.969,2951.2,925.0,172.73,5923.0,3.904,2.06,0,FALSE POSITIVE,4252226
1.461270059,16.467,3348.7,26.29,1.288,131.0,1253.0,583.36,5226.0,4.651,0.674,0,FALSE POSITIVE,4261960
9.4022333,2.79,316.0,23.61,0.019,9.8,2309.0,6719.57,4597.0,2.42,13.874,0,FALSE POSITIVE,4269252
9.543584955,3.72007,68184.5,77.97,0.985,3442.2,1141.0,401.55,5537.0,3.837,1.785,0,FALSE POSITIVE,4281895
18.611957253,4.24721,124833.0,65.5,0.952,2671.7,829.0,111.83,6492.0,4.32,1.17,0,FALSE POSITIVE,5095269
0.73240662,4.33,329.0,3.65,0.8618,15.3,3191.0,24515.44,7392.0,4.135,1.772,0,FALSE POSITIVE,5097278
2.954598,24.79,337.8,89.95,1.3662,18.1,2148.0,5028.39,6955.0,3.885,2.161,0,FALSE POSITIVE,5098757
0.562006231,3.496,14.2,0.58,0.678,12.8,2978.0,18708.86,6609.0,4.17,1.455,0,FALSE POSITIVE,5111801
3.21559054,16.261,202.4,18.8,1.153,87.1,1366.0,822.2,6300.0,4.414,1.036,0,FALSE POSITIVE,5112198
1.547426532,16.1346,532.9,3.62,0.947,210.1,1973.0,3587.69,6612.0,4.303,1.264,0,FALSE POSITIVE,5113809
12.851722103,5.71731,42518.6,47.26,1.15,1537.8,781.0,88.01,5838.0,4.438,0.967,0,FALSE POSITIVE,5115178
4.2055797,19.4,100.5,1.8,0.9883,71.7,1345.0,773.19,6190.0,4.261,1.259,0,FALSE POSITIVE,5115379
0.957476003,0.6624,450.7,2.47,0.327,20.2,2138.0,4953.98,6312.0,4.338,1.122,0,FALSE POSITIVE,6046311
1.559360638,5.4458,280066.0,94.2,0.647,419.9,2234.0,5905.62,7002.0,4.193,1.488,0,FALSE POSITIVE,6048106
0.57627248,1.75,,,,,,31519.61,,,,0,FALSE POSITIVE,6048255
2.313367981,2.42645,13437.5,33.55,1.247,733.6,1180.0,458.02,5508.0,4.598,0.764,0,FALSE POSITIVE,6060580
76.01811375,13.4849,80671.0,63.58,0.788,604.3,652.0,42.65,6703.0,4.018,1.892,0,FALSE POSITIVE,6063448
0.82883944,1.83,,,,,,,,,,0,FALSE POSITIVE,6066107
1.574063832,5.6357,1118.1,28.63,1.237,145.3,1619.0,1622.84,5951.0,4.411,0.962,0,FALSE POSITIVE,6890618
2.51989935,1.55,147.2,1.04,0.4448,7.7,1217.0,519.13,5646.0,4.549,0.841,0,FALSE POSITIVE,6925263
3.867613816,5.36467,340908.0,69.23,0.553,1379.1,1203.0,494.75,5780.0,4.364,1.046,0,FALSE POSITIVE,6927629
0.733726452,2.309,114.6,0.86,0.291,13.8,1867.0,2891.64,5855.0,4.578,0.797,0,FALSE POSITIVE,6929016
36.473115046,2.91005,161926.0,53.1,1.003,1899.1,467.0,11.24,5452.0,4.594,0.766,0,FALSE POSITIVE,6936977
4.238855579,5.2235,68002.0,38.01,1.031,374.8,1044.0,280.82,5655.0,4.482,0.804,0,FALSE POSITIVE,6939670
1.17033848,11.56,17.3,0.98,0.1381,13.4,3272.0,27090.0,8027.0,3.997,2.314,0,FALSE POSITIVE,6947837
7.841066931,5.47901,342094.0,56.33,0.579,3314.7,876.0,139.18,5973.0,4.562,0.829,0,FALSE POSITIVE,6949550
4.292599454,4.73293,140032.0,64.04,0.89,1329.6,1319.0,715.83,6467.0,4.377,1.174,0,FALSE POSITIVE,7816680
2.113197701,3.46341,57315.5,50.13,0.909,1048.1,1825.0,2624.42,6215.0,4.138,1.463,0,FALSE POSITIVE,7838639
11.02822674,8.275,278035.0,75.47,0.351,4680.2,1028.0,264.14,6271.0,4.199,1.387,0,FALSE POSITIVE,7846730
70.37626987,6.4205,116050.0,40.43,0.944,759.7,373.0,4.59,5458.0,4.603,0.755,0,FALSE POSITIVE,7847927
0.772803664,1.368,290.2,1.11,0.199,8.5,1365.0,826.03,4535.0,4.607,0.668,0,FALSE POSITIVE,8526387
7.549299761,2.46338,44575.7,18.8,0.899,907.2,690.0,53.74,5085.0,4.679,0.634,0,FALSE POSITIVE,8543278
0.530972263,3.653,48.6,9.32,1.079,12.1,2373.0,7495.0,6185.0,4.472,0.991,0,FALSE POSITIVE,8552500
0.530967171,3.8102,378394.0,92.29,0.84,671.9,2312.0,6728.14,5951.0,4.439,0.991,0,FALSE POSITIVE,8552540
1.606163631,4.92516,144603.0,130.46,0.901,1662.0,2943.0,17727.93,8027.0,3.997,2.314,0,FALSE POSITIVE,8553788
42.032096076,11.6768,391261.0,79.17,0.519,2164.4,622.0,35.34,6618.0,4.393,1.117,0,FALSE POSITIVE,8553907
0.619303759,6.6038,74.5,4.71,1.013,3.5,3232.0,25737.02,7138.0,4.137,1.684,0,FALSE POSITIVE,8559796
22.470494368,7.39097,45979.0,19.12,0.86,2393.2,518.0,17.04,5315.0,4.636,0.697,0,FALSE POSITIVE,8559863
37.482223878,4.81451,28976.8,114.14,1.2,1262.3,902.0,156.47,6422.0,3.78,2.415,0,FALSE POSITIVE,9529856
3.71186243,1.032,53.9,0.95,0.469,7.0,1406.0,922.9,6302.0,4.299,1.258,0,FALSE POSITIVE,9536048
1.077358008,3.6713,311051.0,70.64,0.619,537.4,1925.0,3242.53,6100.0,4.397,1.064,0,FALSE POSITIVE,9540450
3.55643514,8.529,45.8,0.75,0.146,13.4,1297.0,669.38,5831.0,4.289,1.109,0,FALSE POSITIVE,9540675
0.5366497,2.887,105.4,0.92,0.042,10.6,2142.0,4982.76,5822.0,4.529,0.898,0,FALSE POSITIVE,9541163
1.12284501,0.95,,,,,,42791.46,,,,0,FALSE POSITIVE,9541567
1.480324075,3.20209,400007.0,47.81,0.388,1095.9,1313.0,701.93,5260.0,4.56,0.717,0,FALSE POSITIVE,9569866
12.08353781,7.90317,43086.6,50.33,0.749,3799.5,1310.0,696.82,6770.0,3.89,2.214,0,FALSE POSITIVE,9579192
10.692115,4.657,408.4,2.71,0.734,9.4,1008.0,244.47,6474.0,4.311,1.242,1,CONFIRMED,8540376
0.934926138,3.1925,131941.0,58.67,0.905,1149.3,1957.0,3455.76,5962.0,4.423,1.078,0,FALSE POSITIVE,10363300
0.93374699,6.168,172.1,103.98,1.167,25.5,3442.0,33070.3,4909.0,3.136,5.272,0,FALSE POSITIVE,10407047
0.933759404,3.491,114.9,0.99,0.712,18.9,1763.0,2289.8,5766.0,4.514,0.866,0,FALSE POSITIVE,10407430
0.93373711,3.151,12.9,0.37,0.121,11.2,2077.0,4422.99,6300.0,4.391,1.025,0,FALSE POSITIVE,10407464
3.0082548,2.38,,,,,,6114.15,,,,0,FALSE POSITIVE,10417704
45.43324862,14.242,414352.0,77.25,0.489,1337.0,529.0,18.46,5731.0,4.359,1.08,0,FALSE POSITIVE,10420279
1.398890216,4.9641,66012.0,57.48,1.123,204.0,1784.0,2389.78,6134.0,4.378,1.051,0,FALSE POSITIVE,10422852
12.314402323,5.8903,393895.0,75.21,0.506,2540.6,864.0,131.33,6247.0,4.433,1.066,0,FALSE POSITIVE,11499757
0.691823991,5.965,165.9,1.23,0.3501,18.0,1878.0,2938.32,5226.0,4.404,0.962,0,FALSE POSITIVE,11501774
25.431861399,5.23771,46564.7,43.42,1.126,785.0,601.0,30.92,5754.0,4.458,0.9,0,FALSE POSITIVE,11502172
3.98855869,1.467,214.1,2.4,0.1671,10.5,1447.0,1036.21,5791.0,4.057,1.646,0,FALSE POSITIVE,11502179
20.413052415,4.4621,92672.5,35.03,0.777,1620.8,668.0,47.14,5941.0,4.487,0.963,0,FALSE POSITIVE,11506235
0.527679032,1.395,84.1,0.79,0.284,14.8,2115.0,4714.94,5799.0,4.548,0.86,0,FALSE POSITIVE,11560382
0.527673075,1.3693,26.1,0.42,0.134,2.3,1970.0,3535.35,5367.0,4.514,0.828,0,FALSE POSITIVE,11560431
2.44295727,4.0656,15298.0,44.35,1.242,85.5,1352.0,788.17,5780.0,4.438,1.0,0,FALSE POSITIVE,2438062
3.31587688,3.152,185.6,1.27,0.688,11.4,1097.0,342.77,5385.0,4.476,0.875,0,FALSE POSITIVE,2438517
49.788613011,7.41807,219219.0,32.57,0.753,1566.8,271.0,1.28,3892.0,4.708,0.542,0,FALSE POSITIVE,2442084
1.38607973,8.7,64.6,0.6,0.0198,2.8,1356.0,798.8,5261.0,4.562,0.768,0,FALSE POSITIVE,2450716
0.648868342,2.82428,34769.5,72.32,1.172,477.0,2882.0,16368.52,6531.0,4.12,1.524,0,FALSE POSITIVE,2557430
5.088582739,7.6066,448.9,46.02,1.195,40.3,1786.0,2400.3,7514.0,4.052,1.955,0,FALSE POSITIVE,2568971
1.1611022,2.48,,,,,,5175.96,,,,0,FALSE POSITIVE,4284147
0.792023257,3.2604,176.6,0.81,0.205,49.6,1300.0,678.05,4447.0,4.632,0.625,0,FALSE POSITIVE,4349935
10.643743766,6.29783,436506.0,47.87,0.353,3167.9,675.0,49.06,5282.0,4.578,0.694,0,FALSE POSITIVE,4352168
1.7317958,2.924,60.6,1.19,0.445,10.5,1825.0,2628.3,5691.0,4.095,1.508,0,FALSE POSITIVE,4356621
8.65298599,1.549,313.8,1.36,0.529,12.4,734.0,68.48,5210.0,4.538,0.749,0,FALSE POSITIVE,4357985
1.19563447,5.3934,8245.0,14.94,0.861,105.8,1988.0,3686.75,5583.0,4.115,1.413,0,FALSE POSITIVE,4367544
0.550537628,1.216,72.0,1.93,0.516,4.9,4181.0,71798.87,8098.0,4.013,2.199,0,FALSE POSITIVE,4372410
2.53470797,20.143,328.2,50.25,1.187,99.5,2117.0,4744.68,6440.0,3.874,2.254,0,FALSE POSITIVE,4372961
0.530799654,3.487,318.5,2.92,0.0126,12.5,3102.0,21896.26,6534.0,4.128,1.622,0,FALSE POSITIVE,5119143
0.56818769,2.0,,,,,,17741.94,,,,0,FALSE POSITIVE,5125048
1.0094779,3.72,,,,,,2573.87,,,,0,FALSE POSITIVE,5126627
0.91057795,2.73,,,,,,,,,,0,FALSE POSITIVE,5130890
1.0429419,7.22,412.0,2.49,0.922,40.9,1795.0,2448.03,5780.0,4.438,1.0,0,FALSE POSITIVE,5164794
6.12650913,15.43,2434.0,9.08,0.919,3.1,1370.0,832.67,6881.0,4.252,1.534,0,FALSE POSITIVE,5172274
0.720589427,4.329,70.0,1.95,0.64,1.7,3927.0,56448.93,8497.0,4.07,2.211,0,FALSE POSITIVE,5174492
0.573036404,1.3176,4174.5,9.97,0.9279,419.6,2376.0,7539.67,5745.0,4.29,1.196,0,FALSE POSITIVE,6068947
0.643171495,2.31285,41160.0,54.03,1.214,641.4,2193.0,5486.36,5899.0,4.387,0.989,0,FALSE POSITIVE,6103049
14.086776961,10.1279,106837.0,65.6,0.603,1856.9,1197.0,485.09,7138.0,4.062,1.89,0,FALSE POSITIVE,6109688
1.872620976,1.7626,1530.6,31.43,1.242,181.9,1550.0,1362.23,6031.0,4.427,1.004,0,FALSE POSITIVE,6128141
17.527826808,5.78491,347519.0,49.36,0.567,2450.1,554.0,22.31,5079.0,4.579,0.732,0,FALSE POSITIVE,6131659
27.467217305,4.17961,71766.5,38.87,1.076,1986.1,527.0,18.22,5503.0,4.536,0.742,0,FALSE POSITIVE,6146838
40.879068,6.562,499.2,3.35,0.988,12.2,533.0,19.12,6072.0,4.51,0.923,0,FALSE POSITIVE,6950275
0.566802325,1.842,288.4,1.4,0.3857,70.3,1889.0,3012.0,5233.0,4.489,0.824,0,FALSE POSITIVE,6953219
0.634946497,2.40541,426554.0,52.75,0.442,541.4,1475.0,1123.92,4446.0,4.567,0.737,0,FALSE POSITIVE,6962018
5.077746556,3.1718,18836.7,54.93,1.211,616.9,1274.0,622.32,6174.0,4.235,1.271,0,FALSE POSITIVE,6965293
2.00383703,3.473,42.3,0.67,0.268,10.5,1518.0,1256.78,6045.0,4.439,1.028,0,FALSE POSITIVE,6967430
5.321224925,7.48973,98872.1,40.62,1.003,1203.4,958.0,199.25,5787.0,4.544,0.758,0,FALSE POSITIVE,7009828
2.340534383,4.43017,241360.0,69.55,0.71,881.5,1581.0,1476.77,6300.0,4.349,1.136,0,FALSE POSITIVE,7025851
0.580724809,1.82,64.2,0.75,0.292,16.9,2191.0,5418.89,5989.0,4.492,0.933,0,FALSE POSITIVE,7870250
501.07647447,3.21,,,,,,,,,,0,FALSE POSITIVE,7871395
1.72933255,3.631,29.7,0.69,0.586,17.1,1745.0,2196.53,5921.0,4.22,1.211,0,FALSE POSITIVE,7885518
1.729338354,6.8524,140158.0,139.36,0.887,379.7,2230.0,5838.68,5587.0,3.754,2.553,0,FALSE POSITIVE,7885570
0.567493852,1.35349,7984.0,65.47,1.275,1219.8,3024.0,19665.18,6370.0,4.053,1.548,0,FALSE POSITIVE,7886329
2.105238039,5.23595,94675.0,75.1,0.83,1071.9,1966.0,3523.25,5947.0,3.943,1.885,0,FALSE POSITIVE,7919653
7.226944171,23.0124,682175.0,237.79,1.233,3076.6,1179.0,457.25,6270.0,4.199,1.36,0,FALSE POSITIVE,7938468
31.973311701,13.2105,75053.7,272.44,1.35,1554.1,1289.0,652.01,7854.0,3.669,3.462,0,FALSE POSITIVE,8560861
1.64125844,4.51,,,,,,698.68,,,,0,FALSE POSITIVE,8565900
20.849919614,13.7687,313094.0,2912.48,13.715,1614.7,1099.0,345.25,7355.0,4.042,1.984,0,FALSE POSITIVE,8569819
15.120212531,3.50007,24616.5,33.11,1.199,928.2,605.0,31.61,5232.0,4.554,0.725,0,FALSE POSITIVE,8574270
3.481657589,4.75315,347012.0,78.24,0.245,7428.7,1485.0,1151.7,6225.0,4.191,1.291,0,FALSE POSITIVE,8581658
0.739769962,1.95901,20729.3,82.29,1.212,726.2,3013.0,19590.61,6465.0,3.947,1.847,0,FALSE POSITIVE,8590527
6.570421193,4.4698,60118.0,33.99,0.939,712.6,946.0,189.25,5812.0,4.484,0.908,0,FALSE POSITIVE,8604993
0.541405029,2.7481,327656.0,125.64,0.641,541.2,2679.0,12266.51,5096.0,3.889,1.782,0,FALSE POSITIVE,8608490
2.17814186,1.988,127.7,0.92,0.012,11.2,1174.0,447.79,5101.0,4.506,0.84,0,FALSE POSITIVE,9579789
10.54884842,1.17,,,,,,,,,,0,FALSE POSITIVE,9581498
0.609662423,4.24033,140917.0,110.14,0.799,3250.1,3834.0,51214.99,7498.0,3.964,2.274,0,FALSE POSITIVE,9592855
0.953299962,1.69478,2236.6,35.67,1.267,298.0,2011.0,3850.25,6183.0,4.407,1.02,0,FALSE POSITIVE,9596187
2.745640575,3.04508,45264.7,47.22,1.117,918.0,1300.0,673.9,5780.0,4.438,1.0,0,FALSE POSITIVE,9597095
12.180721266,4.15602,414950.0,63.25,0.479,1809.8,742.0,71.88,5750.0,4.538,0.882,0,FALSE POSITIVE,10454401
50.467024395,8.96181,103144.0,52.88,0.973,1435.1,523.0,17.63,6137.0,4.448,1.012,0,FALSE POSITIVE,10462826
0.84986054,1.3875,6571.5,67.45,1.26,100.1,2260.0,6185.9,5164.0,3.949,1.676,0,FALSE POSITIVE,10468514
0.933728196,3.441,67.7,0.85,0.015,13.3,2006.0,3826.49,6170.0,4.43,1.032,0,FALSE POSITIVE,10471113
2.03742712,3.939,36.0,0.9,0.791,11.4,1812.0,2550.21,6356.0,4.215,1.358,0,FALSE POSITIVE,10481054
5.274819905,4.6688,108965.0,100.89,0.99,902.5,1646.0,1733.91,7247.0,4.111,1.834,0,FALSE POSITIVE,10486425
0.527678272,2.33166,247744.0,75.31,0.385,706.1,2551.0,9989.53,5321.0,4.069,1.475,0,FALSE POSITIVE,11560447
3.55027051,1.879,212.7,1.15,0.022,7.6,1036.0,272.61,5497.0,4.581,0.8,0,FALSE POSITIVE,11601357
65.4317194,12.2384,153407.0,59.22,0.885,1146.6,490.0,13.58,6201.0,4.431,1.04,0,FALSE POSITIVE,11615481
1.718649321,3.94095,190567.0,39.08,0.421,833.4,1499.0,1194.16,6071.0,4.541,0.865,0,FALSE POSITIVE,11616200
7.2949175,41.04,182.8,11.67,1.132,18.9,763.0,79.99,5289.0,4.614,0.731,0,FALSE POSITIVE,11616631
7.2935801,40.02,124.5,17.41,1.157,26.6,925.0,173.44,5900.0,4.509,0.951,0,FALSE POSITIVE,11616663
42.9261364,2.578,378.4,1.84,0.2964,8.6,490.0,13.65,5628.0,4.503,0.953,0,FALSE POSITIVE,11618798
1.89129338,5.677,33.8,0.42,0.373,15.1,1152.0,416.87,4986.0,4.558,0.733,0,FALSE POSITIVE,2570505
1.89124453,5.08,31.0,1.19,0.734,19.4,2200.0,5537.41,5850.0,3.72,1.977,0,FALSE POSITIVE,2570767
1.89134201,4.674,128.9,0.92,0.2376,8.9,1325.0,729.42,5658.0,4.567,0.815,0,FALSE POSITIVE,2571075
87.87826191,12.8138,339056.0,110.85,0.585,1974.6,530.0,18.65,5784.0,3.985,1.642,0,FALSE POSITIVE,2576692
15.926632768,7.42888,271858.0,57.95,0.672,2278.9,670.0,47.68,5496.0,4.471,0.917,0,FALSE POSITIVE,2580872
0.958116585,2.3496,2374.1,49.16,1.275,296.0,2271.0,6312.99,6032.0,4.147,1.365,0,FALSE POSITIVE,2583777
39.841522897,8.79024,143685.0,116.52,0.902,4421.6,765.0,80.93,6078.0,3.946,2.07,0,FALSE POSITIVE,2693092
1.891268461,8.24958,641910.0,399.93,0.183,4211.8,5047.0,153163.32,11287.0,3.642,4.662,0,FALSE POSITIVE,2708156
1.89114441,8.724,49.9,6.57,1.088,16.7,932.0,177.97,4267.0,4.637,0.627,0,FALSE POSITIVE,2708172
61.25964956,12.1777,233258.0,54.72,0.741,880.3,447.0,9.45,5912.0,4.532,0.889,0,FALSE POSITIVE,4375101
0.872359598,3.74512,267053.0,67.08,0.686,1063.2,2112.0,4703.58,6240.0,4.391,1.048,0,FALSE POSITIVE,4380283
374.318792,5.96,1541400.0,243.21,0.8507,10.3,241.0,0.79,5997.0,4.572,0.815,0,FALSE POSITIVE,4384793
5.627911313,7.08223,434329.0,81.61,0.464,2890.7,1167.0,438.81,6280.0,4.361,1.115,0,FALSE POSITIVE,4445630
0.62927655,0.9698,839.5,4.64,0.98,30.9,2102.0,4624.3,5628.0,4.388,0.976,0,FALSE POSITIVE,4446411
1.22578134,2.235,99376.0,53.32,0.985,86.8,1701.0,1973.12,5780.0,4.438,1.0,0,FALSE POSITIVE,4454219
0.751408792,2.2974,17481.0,41.48,1.242,267.3,1926.0,3241.36,5697.0,4.46,0.903,0,FALSE POSITIVE,4456622
0.866344816,1.9188,233.6,6.85,0.318,46.5,3569.0,38575.44,4936.0,3.055,4.527,0,FALSE POSITIVE,4482738
2.24294107,2.532,39.4,0.75,0.23,12.1,1654.0,1763.55,6082.0,4.195,1.184,0,FALSE POSITIVE,4484312
0.950487062,2.9283,11.5,1.35,0.907,15.4,4231.0,75637.15,8107.0,3.698,3.385,0,FALSE POSITIVE,5174920
5.579631021,3.38646,118321.0,90.32,1.323,1268.7,1108.0,356.56,6188.0,4.427,1.022,0,FALSE POSITIVE,5181455
21.37831102,21.7174,80571.0,97.23,0.257,852.2,1062.0,300.32,4905.0,3.3,3.484,0,FALSE POSITIVE,5193386
0.541396363,2.384,181.0,2.04,0.0783,20.4,3204.0,24909.05,7118.0,4.212,1.489,0,FALSE POSITIVE,5196851
0.550509602,1.1836,123.5,5.02,0.386,24.0,3938.0,56796.99,4891.0,3.169,4.529,0,FALSE POSITIVE,5199978
2.404293523,4.4649,8150.9,888.7,1.364,471.2,4178.0,71976.93,4697.0,2.204,17.032,0,FALSE POSITIVE,5211470
25.836831272,6.32201,145045.0,50.72,0.899,3016.9,587.0,28.08,5691.0,4.477,0.897,0,FALSE POSITIVE,6147573
0.94895231,3.952,57.7,2.51,0.738,18.1,3464.0,33931.93,6661.0,3.666,3.067,0,FALSE POSITIVE,6152521
11.702203927,2.75173,28998.7,57.95,0.967,2184.7,1240.0,560.24,6148.0,3.793,2.133,0,FALSE POSITIVE,6185717
3.722775537,14.3309,107594.0,90.36,0.626,864.9,1731.0,2125.53,5425.0,3.678,2.592,0,FALSE POSITIVE,6205460
1.245342215,4.40308,234086.0,90.34,0.728,1178.5,2341.0,7120.27,6967.0,4.25,1.476,0,FALSE POSITIVE,6206751
0.604755462,1.3741,334.5,1.29,0.039,40.3,1598.0,1534.24,4842.0,4.616,0.726,0,FALSE POSITIVE,6207053
8.144135648,8.88876,87880.8,56.52,0.222,6113.7,1491.0,1169.67,7605.0,4.123,1.862,0,FALSE POSITIVE,6220470
0.566795196,2.18,14.8,0.35,0.227,13.1,2066.0,4277.24,5680.0,4.516,0.908,0,FALSE POSITIVE,7031132
0.566798827,3.662,34.9,0.52,0.25,21.9,2045.0,4154.8,5548.0,4.473,0.889,0,FALSE POSITIVE,7031732
0.56678012,3.257,27.6,0.49,0.492,13.5,2073.0,4352.1,5674.0,4.506,0.911,0,FALSE POSITIVE,7031767
0.566800113,3.315,104.0,0.58,0.751,18.1,1180.0,455.05,3844.0,4.721,0.526,0,FALSE POSITIVE,7031948
0.56679293,3.814,101.1,0.86,0.18,22.1,2064.0,4264.42,5812.0,4.551,0.853,0,FALSE POSITIVE,7031992
0.566809491,3.156,69.5,0.55,0.484,21.0,1656.0,1790.3,4987.0,4.611,0.654,0,FALSE POSITIVE,7032117
0.566799218,4.227,18.2,0.79,0.6858,19.2,3153.0,23364.03,6108.0,3.893,1.753,0,FALSE POSITIVE,7032174
0.566797404,4.109,69.4,0.64,0.119,18.8,1890.0,2993.84,5313.0,4.51,0.784,0,FALSE POSITIVE,7032383
4.719336335,2.83787,12367.1,91.91,1.269,632.4,1722.0,2078.32,6792.0,3.971,2.058,0,FALSE POSITIVE,7943535
1.258274109,1.92467,14159.9,25.98,1.244,669.1,1207.0,502.19,4937.0,4.669,0.587,0,FALSE POSITIVE,7947631
8.966610607,4.01883,59618.5,56.94,1.101,2049.1,1038.0,274.04,6480.0,4.351,1.132,0,FALSE POSITIVE,7950775
15.32763411,6.0662,17749.0,291.01,1.204,117.0,1472.0,1108.58,4830.0,2.987,6.784,0,FALSE POSITIVE,7955301
2.10413487,4.2269,321239.0,67.03,0.611,86.4,1421.0,963.4,5780.0,4.438,1.0,0,FALSE POSITIVE,7960295
6.767341062,4.49213,244952.0,52.84,0.724,3356.8,933.0,178.98,5926.0,4.513,0.843,0,FALSE POSITIVE,7960547
1.92730001,18.812,6177.1,45.99,1.285,351.1,1614.0,1605.97,6057.0,4.352,1.11,0,FALSE POSITIVE,7967100
48.79936881,8.80873,324547.0,67.36,0.622,1151.6,525.0,17.9,6170.0,4.472,0.992,0,FALSE POSITIVE,8610483
5.882036054,5.16326,238518.0,119.09,1.183,2168.4,1114.0,363.01,5837.0,4.282,1.187,0,FALSE POSITIVE,8618226
4.059428737,5.26926,245217.0,67.38,0.216,5461.0,1455.0,1059.83,6610.0,4.281,1.33,0,FALSE POSITIVE,8621026
19.35954117,12.8464,386979.0,101.44,0.328,3590.2,942.0,186.12,6198.0,3.96,1.567,0,FALSE POSITIVE,8690001
1.287097944,1.94,106.1,0.89,0.382,12.3,1631.0,1678.58,5906.0,4.494,0.852,0,FALSE POSITIVE,9597854
3.5565617,6.691,68.0,0.52,0.262,10.0,883.0,143.89,4964.0,4.628,0.633,0,FALSE POSITIVE,9602431
3.55646511,4.72,46.1,0.56,0.344,7.8,1076.0,317.0,5475.0,4.479,0.818,0,FALSE POSITIVE,9602538
3.661895766,35.6374,35477.1,374.78,2.959,291.7,1708.0,2012.26,6793.0,4.101,1.589,0,FALSE POSITIVE,9630640
2.35195525,5.98883,212828.0,59.62,0.511,1819.1,1678.0,1876.0,6550.0,4.324,1.225,0,FALSE POSITIVE,9635529
1.882438182,3.50695,344205.0,74.77,0.395,2051.3,1818.0,2589.75,6322.0,4.211,1.213,0,FALSE POSITIVE,9637299
5.682410334,5.33373,220418.0,72.9,0.761,2041.6,1141.0,401.43,5897.0,4.278,1.196,0,FALSE POSITIVE,10490960
2.199069234,6.30646,225250.0,118.99,0.762,5915.4,2104.0,4632.97,6613.0,4.014,1.925,0,FALSE POSITIVE,10491031
1.481655821,3.4913,59134.0,59.19,1.103,554.4,1935.0,3314.58,6478.0,4.307,1.174,0,FALSE POSITIVE,10535807
0.93370968,3.356,62.2,0.38,0.848,9.2,865.0,131.85,3615.0,4.839,0.42,0,FALSE POSITIVE,10535858
1.388509353,2.84811,37637.5,52.43,1.145,454.6,1836.0,2679.88,6075.0,4.315,1.13,0,FALSE POSITIVE,10547685
9.089355023,6.4006,101478.0,68.91,0.647,756.4,1511.0,1233.59,7675.0,4.051,2.015,0,FALSE POSITIVE,10549576
0.94808587,8.03,229.8,37.72,1.105,145.3,3359.0,30040.23,6875.0,3.798,2.856,0,FALSE POSITIVE,10552700
10.368552685,4.37878,153233.0,61.14,0.978,3170.1,845.0,120.48,5855.0,4.418,0.944,0,FALSE POSITIVE,11619964
13.8602646,74.26,481.1,19.71,1.204,72.3,690.0,53.56,5667.0,4.535,0.796,0,FALSE POSITIVE,11651105
13.639480425,3.12422,81103.0,44.0,1.033,664.1,680.0,50.51,5461.0,4.517,0.846,0,FALSE POSITIVE,11662440
6.882686062,5.47323,373662.0,60.49,0.399,2842.2,921.0,169.85,5704.0,4.483,0.948,0,FALSE POSITIVE,11704044
1.407937865,1.585,50793.0,19.09,0.759,137.3,1179.0,457.02,4627.0,4.564,0.741,0,FALSE POSITIVE,11706658
1.89117723,6.986,176.2,164.49,1.207,17.4,3536.0,36995.02,5086.0,2.66,6.86,0,FALSE POSITIVE,2708445
52.884577,7.892,11969.0,48.13,1.272,72.6,555.0,22.44,6483.0,4.42,1.078,0,FALSE POSITIVE,2708614
1.429439352,2.424,3367.1,54.36,1.298,292.0,2079.0,4417.56,6491.0,4.223,1.371,0,FALSE POSITIVE,2711114
2.821328194,5.02692,64776.0,40.0,0.537,1227.3,1807.0,2520.03,6701.0,4.121,1.506,0,FALSE POSITIVE,2720354
11.961308501,4.6414,310679.0,51.58,0.616,1907.8,696.0,55.37,5564.0,4.587,0.785,0,FALSE POSITIVE,2852560
204.280255,37.2,10579.0,8.99,0.875,35.1,236.0,0.73,4907.0,4.582,0.727,0,FALSE POSITIVE,2856960
0.572079631,2.27811,127786.0,29.45,0.793,578.2,1716.0,2036.56,5233.0,4.625,0.639,0,FALSE POSITIVE,4484356
0.822314545,3.3374,32.7,0.54,0.447,3.8,1922.0,3227.02,5709.0,4.409,0.938,0,FALSE POSITIVE,4489844
31.005392846,3.073,560314.0,141.82,0.305,1236.1,682.0,51.25,5023.0,3.9,1.784,0,FALSE POSITIVE,4540632
2.189097,5.768,3001.0,13.92,1.246,13.5,647.0,41.37,3624.0,4.848,0.406,0,FALSE POSITIVE,4544623
17.51191534,5.678,728.8,52.64,0.008,41.0,2246.0,6014.16,4029.0,1.786,20.888,0,FALSE POSITIVE,4565985
41.3701638,29.254,6907.1,59.95,0.653,91.3,1133.0,389.15,4764.0,2.777,6.883,0,FALSE POSITIVE,4569590
1.306220168,5.14519,481370.0,83.16,0.352,2019.4,2095.0,4556.14,6600.0,4.238,1.124,0,FALSE POSITIVE,4574310
631.632,16.13,295.1,1.56,0.4544,8.6,201.0,0.38,5689.0,4.493,0.894,0,FALSE POSITIVE,4575824
0.756511623,2.81832,41596.1,77.4,1.216,845.0,2549.0,9947.96,6343.0,4.199,1.417,0,FALSE POSITIVE,5216727
10.845286549,4.3876,7473.8,319.52,1.307,416.1,1682.0,1893.11,5096.0,3.094,7.023,0,FALSE POSITIVE,5218014
32.45541269,7.3736,136386.0,23.48,0.726,180.9,392.0,5.55,4869.0,4.71,0.543,0,FALSE POSITIVE,5255552
5.917085496,23.7545,563292.0,75.86,0.095,1331.5,1005.0,241.42,5661.0,4.383,0.987,0,FALSE POSITIVE,5266937
0.958871144,2.74361,232350.0,45.91,0.533,1191.2,1743.0,2174.51,5530.0,4.425,0.892,0,FALSE POSITIVE,5269407
0.5402463,13.93,1148.0,6.2,0.9411,1.6,3249.0,26335.17,7296.0,4.249,1.498,0,FALSE POSITIVE,5271803
1.288046428,3.637,32.3,2.18,0.219,20.3,2945.0,17822.99,5216.0,3.287,3.871,0,FALSE POSITIVE,5272571
4.200206781,5.21948,82364.4,105.07,1.07,943.7,1737.0,2150.58,6873.0,4.051,1.923,0,FALSE POSITIVE,6228703
6.091954982,3.60482,36700.0,26.96,0.953,1508.7,1036.0,272.7,6063.0,4.424,0.913,0,FALSE POSITIVE,6231401
485.52409,11.04,4147.0,6149.09,71.3346,10.8,191.0,0.31,5227.0,4.584,0.8,0,FALSE POSITIVE,6279823
0.76647343,2.46345,199901.0,42.33,0.766,545.0,1628.0,1654.36,5297.0,4.594,0.722,0,FALSE POSITIVE,6283224
5.2439783,10.1,93.5,1.03,0.82,13.1,1068.0,307.32,6029.0,4.481,0.956,0,FALSE POSITIVE,6285094
5.2436639,10.53,93.5,0.88,0.66,10.4,1059.0,296.41,6212.0,4.537,0.862,0,FALSE POSITIVE,6285396
5.2438269,8.235,128.6,0.76,0.228,11.3,743.0,72.18,4634.0,4.597,0.689,0,FALSE POSITIVE,6285397
0.56678702,3.074,7.5,0.27,0.0063,11.2,2356.0,7279.54,6045.0,4.375,0.999,0,FALSE POSITIVE,7032968
2.19642864,4.933,99.5,0.79,0.004,11.8,1193.0,477.24,5376.0,4.576,0.806,0,FALSE POSITIVE,7033713
2.19635512,9.65516,266552.0,82.04,0.702,2132.0,1793.0,2448.43,6438.0,4.182,1.273,0,FALSE POSITIVE,7033748
26.718417546,8.14155,72975.7,66.69,1.069,2173.1,727.0,65.88,5957.0,4.168,1.286,0,FALSE POSITIVE,7049486
0.615787196,3.067,110.6,3.5,0.7452,23.9,3886.0,53910.99,6315.0,3.603,3.075,0,FALSE POSITIVE,7050754
548.08441,17.66,560.0,2.35,0.1531,7.4,222.0,0.58,5780.0,4.438,1.0,0,FALSE POSITIVE,7090801
2.213964145,6.7598,123355.0,57.06,0.634,951.4,1891.0,3030.64,6256.0,4.037,1.514,0,FALSE POSITIVE,7097571
1.025534511,3.52048,110948.0,43.68,0.883,3769.0,1896.0,3066.26,6267.0,4.487,0.919,0,FALSE POSITIVE,7970629
7.64941291,6.56935,236246.0,53.4,0.231,9054.7,1050.0,287.83,6387.0,4.398,1.076,0,FALSE POSITIVE,7970760
13.174807933,3.37392,71070.9,51.06,1.065,1812.6,811.0,102.2,6067.0,4.433,0.997,0,FALSE POSITIVE,7971389
0.655094658,6.159,372.0,26.41,1.22,59.5,2173.0,5290.98,6063.0,4.476,1.012,0,FALSE POSITIVE,7976136
3.33287187,7.13,,,,,,,,,,0,FALSE POSITIVE,7976435
0.692239369,2.91121,62962.0,67.05,1.074,469.2,2594.0,10725.15,6163.0,4.137,1.358,0,FALSE POSITIVE,7985167
17.030857558,4.24308,77832.4,73.8,1.047,1947.8,836.0,115.15,5575.0,4.066,1.423,0,FALSE POSITIVE,7987749
43.797829003,7.70289,415020.0,93.43,0.489,1375.1,668.0,47.15,6860.0,4.326,1.292,0,FALSE POSITIVE,8700506
4.254417651,6.55436,294547.0,133.79,1.165,2074.5,1360.0,806.64,6292.0,4.256,1.235,0,FALSE POSITIVE,8701327
18.778162159,8.1018,488408.0,127.57,0.357,3788.7,1002.0,238.5,6794.0,4.102,1.71,0,FALSE POSITIVE,8711548
1.25451792,2.64,,,,,,,,,,0,FALSE POSITIVE,8713828
1.575710265,6.83787,173954.0,246.75,0.83,1975.1,2630.0,11307.3,5017.0,3.35,4.293,0,FALSE POSITIVE,8719897
2.534740757,4.85013,364349.0,52.52,0.51,675.7,1230.0,541.27,5810.0,4.56,0.781,0,FALSE POSITIVE,8736245
37.59406667,8.9943,28617.7,43.08,1.197,485.8,554.0,22.2,5941.0,4.426,0.917,0,FALSE POSITIVE,8738115
3.6972959,21.335,19.7,1.07,0.995,23.6,1571.0,1438.97,6313.0,4.12,1.594,0,FALSE POSITIVE,8739209
6.855624762,3.02199,70873.0,33.93,0.877,1397.7,987.0,224.32,6109.0,4.476,0.931,0,FALSE POSITIVE,8746310
80.7060641,6.8899,11851.5,15.47,0.956,268.1,428.0,7.96,6053.0,4.494,0.949,0,FALSE POSITIVE,9640921
2.17814513,2.321,136.0,1.22,0.78,13.8,1428.0,981.63,6053.0,4.494,0.949,0,FALSE POSITIVE,9640921
1.089077111,3.8834,304072.0,77.59,0.63,476.6,2045.0,4147.85,6126.0,4.285,1.176,0,FALSE POSITIVE,9641031
1.089057762,1.637,37.4,0.44,0.185,9.2,1404.0,917.78,5096.0,4.582,0.737,0,FALSE POSITIVE,9641103
0.379412331,1.561,594.0,1.59,0.243,20.2,1643.0,1724.34,4331.0,4.62,0.666,0,FALSE POSITIVE,9644411
0.585940879,4.6979,1943.6,26.57,1.254,189.9,1873.0,2897.54,5459.0,4.583,0.797,0,FALSE POSITIVE,9644683
0.646523404,3.917,25.2,0.85,0.494,14.2,3163.0,23676.16,7257.0,4.185,1.631,0,FALSE POSITIVE,9652166
0.626431697,2.0171,37224.0,34.05,1.145,174.0,1709.0,2003.98,5134.0,4.56,0.721,0,FALSE POSITIVE,10556578
2.696354974,5.39585,245988.0,80.71,0.324,2717.0,1815.0,2560.78,6472.0,4.08,1.579,0,FALSE POSITIVE,10583181
14.762889172,6.52705,79329.6,53.72,1.046,1779.1,759.0,78.43,5691.0,4.354,1.031,0,FALSE POSITIVE,10592163
4.5638537,13.05,71.9,2.97,0.9866,16.8,1533.0,1305.08,5446.0,3.793,2.39,0,FALSE POSITIVE,10597164
1.463775066,0.953,45.1,1.2,0.719,12.7,2308.0,6722.29,6781.0,4.125,1.651,0,FALSE POSITIVE,10601538
8.098754149,5.62354,56616.3,123.02,1.467,5402.0,1176.0,452.03,6328.0,4.16,1.45,0,FALSE POSITIVE,10601579
0.587938916,1.40211,7339.5,29.98,1.257,563.0,1800.0,2476.75,5237.0,4.543,0.74,0,FALSE POSITIVE,10613718
246.87131,10.69,433.6,2.02,0.327,6.9,302.0,1.97,6168.0,4.488,0.96,0,FALSE POSITIVE,8557246
0.71957289,1.79,,,,,,145.63,,,,0,FALSE POSITIVE,11709022
1.559090282,4.95211,226981.0,129.87,0.375,1315.5,2905.0,16893.61,7279.0,3.856,2.624,0,FALSE POSITIVE,11724091
1.81993557,2.43,109.1,0.66,0.768,10.1,907.0,159.62,4205.0,4.668,0.578,0,FALSE POSITIVE,11757422
0.612888148,2.822,43.1,0.93,0.534,15.9,2796.0,14401.76,6720.0,4.276,1.368,0,FALSE POSITIVE,11763910
15.541358818,2.44433,10308.2,149.19,1.25,773.4,1174.0,448.22,5092.0,3.42,3.54,0,FALSE POSITIVE,11768970
12.8177012,3.465,75.6,1.21,0.0006,8.0,999.0,235.16,6290.0,4.151,1.385,0,FALSE POSITIVE,11775530
2.274628199,4.52648,103972.0,104.26,0.986,2047.9,2092.0,4536.51,6389.0,3.914,1.947,0,FALSE POSITIVE,11811454
85.338393,8.5,633.0,11.4,0.004,27.9,741.0,71.36,4850.0,3.134,4.696,0,FALSE POSITIVE,8560280
5.499941793,11.3096,47751.3,59.94,0.531,814.1,1878.0,2942.15,7079.0,3.827,2.634,0,FALSE POSITIVE,2860594
2.629870555,6.606,101310.0,34.05,0.705,1026.0,1291.0,659.45,5566.0,4.382,0.967,0,FALSE POSITIVE,2860788
1.97362159,3.29,,,,,,1767.45,,,,0,FALSE POSITIVE,2969638
6.62761199,6.15281,227141.0,82.03,0.753,4355.5,1204.0,496.41,6316.0,4.231,1.333,0,FALSE POSITIVE,2973509
28.597880332,7.71925,85951.6,74.25,0.356,2526.2,1014.0,250.21,6590.0,3.787,2.474,0,FALSE POSITIVE,2998124
30.476518853,10.2264,326626.0,71.42,0.6,1347.9,592.0,28.96,5527.0,4.315,1.073,0,FALSE POSITIVE,3098194
252.1638623,23.92,103788.0,50.74,1.149,864.5,242.0,0.81,5432.0,4.608,0.745,0,FALSE POSITIVE,4578594
2.23416013,2.12,,,,,,2156.64,,,,0,FALSE POSITIVE,4587448
22.271198511,4.58598,179042.0,39.79,0.775,2141.3,515.0,16.62,5068.0,4.556,0.73,0,FALSE POSITIVE,4633434
73.894163515,9.48995,213900.0,39.18,0.27,3902.3,392.0,5.61,5442.0,4.469,0.841,0,FALSE POSITIVE,4661634
1.124033822,5.5728,247561.0,98.04,0.719,792.9,2547.0,9953.28,7141.0,4.208,1.563,0,FALSE POSITIVE,4665989
2.796661168,3.3781,2363.8,47.68,1.276,251.4,1661.0,1797.72,6331.0,4.146,1.326,0,FALSE POSITIVE,4671584
15.288709179,5.00366,512474.0,54.56,0.372,1758.7,509.0,15.84,4464.0,4.577,0.719,0,FALSE POSITIVE,4678171
1.83592242,5.9942,30745.9,46.3,1.189,1378.9,1501.0,1195.13,5930.0,4.472,0.976,0,FALSE POSITIVE,4681152
1.15495063,2.31,,,,,,340.77,,,,0,FALSE POSITIVE,4725292
1.516372183,1.239,93.8,1.06,0.596,8.8,1686.0,1911.54,6142.0,4.456,1.046,0,FALSE POSITIVE,5282656
8.784575777,5.3022,262984.0,104.57,0.5,4761.5,1555.0,1380.83,8144.0,4.139,1.914,0,FALSE POSITIVE,5284133
1.949700508,4.35014,38119.2,56.11,1.153,2271.0,1716.0,2048.37,6469.0,4.385,1.193,0,FALSE POSITIVE,5285607
9.948701373,3.2922,2749.5,29.19,1.277,103.1,704.0,57.93,5152.0,4.517,0.786,0,FALSE POSITIVE,5286786
3.457078812,5.24058,315517.0,86.12,0.317,6009.0,1603.0,1560.4,6526.0,4.182,1.482,0,FALSE POSITIVE,5288543
3.735993484,17.4877,617987.0,571.07,0.993,1587.7,2063.0,4283.18,5467.0,3.432,4.055,0,FALSE POSITIVE,5294739
12.4239677,16.01,162.4,0.87,0.007,12.8,606.0,31.93,4995.0,4.58,0.698,0,FALSE POSITIVE,5298620
0.639721284,2.69771,465918.0,46.59,0.404,1012.9,1505.0,1220.53,4794.0,4.633,0.625,0,FALSE POSITIVE,5300878
1.25338826,3.828,44.7,0.64,0.469,14.8,1651.0,1750.61,5869.0,4.513,0.942,0,FALSE POSITIVE,6292732
1.620813697,5.9968,121323.0,43.95,0.636,680.4,1733.0,2127.67,5757.0,4.209,1.177,0,FALSE POSITIVE,6311637
5.2434664,18.47,119.4,2.83,1.016,10.7,831.0,113.05,5047.0,4.574,0.766,0,FALSE POSITIVE,6364126
5.2439542,9.82,143.8,0.81,0.223,14.2,778.0,86.51,4920.0,4.636,0.691,0,FALSE POSITIVE,6364195
5.2441517,9.69,90.1,0.91,0.557,10.5,1056.0,293.68,6060.0,4.509,0.925,0,FALSE POSITIVE,6364200
5.2443332,11.268,29.9,0.58,0.775,13.5,1054.0,291.25,5952.0,4.489,0.971,0,FALSE POSITIVE,6364247
20.726069913,6.47393,118864.0,51.9,0.989,1216.8,657.0,43.93,6011.0,4.522,0.902,0,FALSE POSITIVE,7105574
0.566801447,2.352,16.2,0.57,0.615,13.8,2633.0,11321.32,5966.0,4.184,1.349,0,FALSE POSITIVE,7115200
0.566794934,4.399,68.9,1.15,0.974,21.7,2457.0,8648.94,6395.0,4.436,1.049,0,FALSE POSITIVE,7115332
0.566800287,3.487,73.9,0.88,0.648,23.3,2260.0,6188.18,6075.0,4.486,0.969,0,FALSE POSITIVE,7115463
0.566791946,2.77,125.7,1.54,0.982,14.1,2160.0,5129.25,5836.0,4.5,0.97,0,FALSE POSITIVE,7115597
0.566790294,3.641,64.0,0.89,0.393,22.6,2432.0,8244.38,6100.0,4.358,1.093,0,FALSE POSITIVE,7115878
0.566799725,4.097,46.7,0.77,0.33,12.5,2289.0,6460.25,5576.0,4.297,1.132,0,FALSE POSITIVE,7116043
0.566801325,4.176,92.1,1.07,0.77,26.4,2383.0,7585.82,6273.0,4.454,1.021,0,FALSE POSITIVE,7116226
14.854415674,5.13753,77410.4,29.77,0.57,2822.1,798.0,95.83,6214.0,4.444,1.022,0,FALSE POSITIVE,8008128
38.47674409,5.10744,173168.0,33.8,0.458,3487.8,463.0,10.85,5294.0,4.507,0.79,0,FALSE POSITIVE,8009500
10.643110689,88.1118,316.3,31.72,1.179,153.7,1038.0,274.67,5930.0,4.084,1.473,0,FALSE POSITIVE,8013289
1.587485742,7.7489,246568.0,41.52,0.259,996.8,1460.0,1070.86,5863.0,4.566,0.821,0,FALSE POSITIVE,8016214
1.79621807,10.16,47.0,1.54,0.72,42.0,2480.0,8937.14,7117.0,3.988,2.09,0,FALSE POSITIVE,8027902
20.2594232,19.27,82.6,1.23,0.707,23.7,837.0,116.05,6602.0,4.301,1.269,0,FALSE POSITIVE,8039925
1.489442254,5.51392,417901.0,115.45,0.455,2309.2,2328.0,6938.66,6962.0,4.148,1.62,0,FALSE POSITIVE,8081389
1.12679793,12.079,227.2,21.07,1.215,21.1,1590.0,1514.63,5662.0,4.56,0.84,0,FALSE POSITIVE,8750094
0.998217563,3.90851,87567.2,88.64,1.003,3979.1,2795.0,14421.97,6980.0,4.06,1.755,0,FALSE POSITIVE,8758161
0.58640848,2.616,61.3,0.48,0.352,23.6,1444.0,1029.91,4556.0,4.676,0.615,0,FALSE POSITIVE,8767034
33.46947449,11.8874,164608.0,127.38,0.315,1255.2,972.0,211.38,5934.0,3.581,3.075,0,FALSE POSITIVE,8773948
1.827558898,4.72808,314683.0,118.28,0.093,920.8,2178.0,5331.71,5977.0,3.854,2.077,0,FALSE POSITIVE,8784288
62.519211,2.523,277.6,1.9,0.081,6.7,520.0,17.29,6343.0,4.411,1.137,0,FALSE POSITIVE,8804358
349.85525,5.42,842.0,2.63,0.485,7.9,251.0,0.94,5941.0,4.533,0.885,0,FALSE POSITIVE,8508493
2.488812012,5.94523,131002.0,83.26,0.931,3290.5,1852.0,2776.19,6499.0,4.084,1.497,0,FALSE POSITIVE,9652632
0.51811818,0.3969,99.0,1.09,0.021,7.8,2360.0,7376.27,6240.0,4.502,0.929,0,FALSE POSITIVE,9655424
542.52829,11.06,75.2,1.07,0.3252,11.2,266.0,1.19,6099.0,4.204,1.212,0,FALSE POSITIVE,9657636
11.567974732,5.96595,416030.0,45.65,0.458,2341.5,628.0,36.66,5290.0,4.669,0.648,0,FALSE POSITIVE,9665503
21.294733865,7.60143,123177.0,71.55,0.957,2674.6,771.0,83.71,6039.0,4.242,1.278,0,FALSE POSITIVE,9673173
0.855763492,3.64361,131660.0,72.82,0.917,598.4,2464.0,8674.28,6679.0,4.286,1.326,0,FALSE POSITIVE,9711751
2.045166206,6.84312,263637.0,131.41,0.661,1488.6,2422.0,8125.86,7128.0,3.95,2.135,0,FALSE POSITIVE,10619109
2.41349123,11.29,57.0,2.11,0.728,38.1,2348.0,7197.15,6628.0,3.783,2.595,0,FALSE POSITIVE,10646620
0.447820618,0.4199,58.3,1.42,0.317,28.4,3141.0,23149.06,5927.0,3.988,1.607,0,FALSE POSITIVE,10649230
1.23133063,3.7,78.9,0.54,0.051,17.6,1072.0,311.53,4237.0,4.63,0.631,0,FALSE POSITIVE,10661913
0.61566096,2.669,13.9,0.84,0.161,8.5,3459.0,33790.36,6619.0,3.89,2.23,0,FALSE POSITIVE,10661976
1.23140522,3.338,51.3,0.81,0.412,10.8,1756.0,2252.47,5600.0,4.32,1.118,0,FALSE POSITIVE,10662021
31.9714488,8.52,42.9,0.87,0.34,9.2,674.0,48.92,5846.0,4.169,1.323,0,FALSE POSITIVE,8560927
9.762550001,4.87531,41579.9,68.93,1.006,827.0,1375.0,843.46,7199.0,4.055,1.95,0,FALSE POSITIVE,11817750
2.521265,2.69,36.5,1.16,0.463,5.9,2049.0,4175.66,6306.0,3.828,1.874,0,FALSE POSITIVE,11855538
5.674353343,4.17722,36484.5,51.63,1.167,1098.3,1053.0,290.75,5594.0,4.303,1.071,0,FALSE POSITIVE,11858541
0.734426335,2.7415,99056.0,51.42,0.971,429.7,2106.0,4660.36,6108.0,4.471,0.997,0,FALSE POSITIVE,11873166
0.734426409,1.569,94.1,0.98,0.039,10.4,2223.0,5800.4,6406.0,4.458,1.005,0,FALSE POSITIVE,11873171
13.782522208,8.27762,248937.0,41.84,0.718,1524.1,605.0,31.69,5246.0,4.604,0.668,0,FALSE POSITIVE,3102024
1.89121656,5.14,66.8,0.73,0.404,10.7,1434.0,997.34,5741.0,4.438,0.884,0,FALSE POSITIVE,3110937
3.693702974,3.37146,25208.0,62.55,1.19,568.7,1453.0,1054.1,6309.0,4.265,1.396,0,FALSE POSITIVE,3115480
10.265613245,5.67553,150465.0,61.45,0.667,5640.0,1000.0,236.6,5865.0,4.169,1.423,0,FALSE POSITIVE,3120320
2.163569702,7.60963,54518.0,85.64,1.116,1513.2,1996.0,3760.06,6425.0,4.04,1.718,0,FALSE POSITIVE,3127817
0.730956716,2.097,27.8,0.57,0.129,11.2,2192.0,5431.8,6028.0,4.371,1.078,0,FALSE POSITIVE,3228740
7.04715073,1.434,282.5,1.54,0.272,9.8,932.0,178.49,5941.0,4.519,0.911,0,FALSE POSITIVE,3230206
7.047106212,3.16223,69626.0,119.64,1.077,548.5,1846.0,2744.25,8162.0,3.973,2.321,0,FALSE POSITIVE,3230227
0.961292561,4.64294,325530.0,92.55,0.579,1703.0,2344.0,7160.97,6300.0,4.188,1.404,0,FALSE POSITIVE,4729553
63.68192888,12.6047,341717.0,71.45,0.583,963.5,486.0,13.15,5979.0,4.386,1.054,0,FALSE POSITIVE,4736208
9.455586047,8.42272,115171.0,178.47,0.791,1876.9,1972.0,3576.17,7221.0,3.488,4.24,0,FALSE POSITIVE,4737302
1.246585716,4.62051,406770.0,81.28,0.427,2165.3,1992.0,3709.26,6440.0,4.369,1.183,0,FALSE POSITIVE,4739194
0.898932836,2.437,61.1,1.51,0.565,22.3,2489.0,9056.7,5712.0,3.959,1.872,0,FALSE POSITIVE,4739565
3.45423296,2.965,149.8,0.95,0.893,10.2,743.0,71.74,4186.0,4.662,0.635,0,FALSE POSITIVE,4740688
7.304451735,4.09326,143628.0,59.02,1.013,2096.8,931.0,177.19,6024.0,4.523,0.9,0,FALSE POSITIVE,4753988
1.181046137,2.6923,52609.0,37.78,1.165,324.4,1389.0,878.27,5229.0,4.58,0.692,0,FALSE POSITIVE,4757331
0.68396452,1.3,,,,,,,,,,0,FALSE POSITIVE,5301955
2.025580416,4.48448,44998.1,43.23,0.434,987.8,2102.0,4618.62,6348.0,3.996,1.99,0,FALSE POSITIVE,5306862
58.64379,24.44,182.1,1.05,0.226,12.0,437.0,8.59,5833.0,4.537,0.775,0,FALSE POSITIVE,5307574
20.28281916,36.048,2797.5,22.46,0.719,306.7,1141.0,401.55,5043.0,3.284,3.956,0,FALSE POSITIVE,5308778
4.931365987,14.7088,255953.0,139.59,0.686,772.7,1755.0,2239.55,6562.0,3.835,2.263,0,FALSE POSITIVE,5310435
4.331392455,3.7278,200403.0,38.82,0.306,1234.3,1051.0,288.51,5655.0,4.472,0.854,0,FALSE POSITIVE,5343976
345.1846728,6.5468,29988.7,44.91,1.179,687.5,257.0,1.03,5712.0,4.424,0.971,0,FALSE POSITIVE,5347537
9.58405667,6.82752,119630.0,99.66,0.798,2595.9,1212.0,510.85,5605.0,3.813,2.275,0,FALSE POSITIVE,5347784
5.2436612,11.39,88.3,1.1,0.436,14.5,1249.0,574.76,6598.0,4.387,1.145,0,FALSE POSITIVE,6364294
3.7789374,10.767,56.0,0.48,0.6778,15.1,860.0,129.06,5017.0,4.653,0.605,0,FALSE POSITIVE,6367439
1.88984957,19.45,249668.0,73.04,1.182,401.5,1221.0,526.5,5328.0,4.571,0.716,0,FALSE POSITIVE,6367628
2.49904083,2.651,128.2,1.04,0.01,8.1,1258.0,592.18,5525.0,4.458,0.93,0,FALSE POSITIVE,6384840
1.99567242,3.58,18.0,0.75,0.564,14.2,2137.0,4939.44,6773.0,4.063,1.69,0,FALSE POSITIVE,6386784
0.89879279,1.031,26.6,0.57,0.249,5.7,2116.0,4765.1,6224.0,4.373,1.096,0,FALSE POSITIVE,6390236
16.434352831,5.15682,45699.5,25.25,0.572,2171.4,789.0,91.8,5963.0,4.322,1.134,0,FALSE POSITIVE,6421188
0.566793818,4.929,100.3,1.17,0.985,18.3,2027.0,3972.65,5707.0,4.538,0.828,0,FALSE POSITIVE,7116236
0.566797474,2.708,98.8,1.04,0.575,12.3,2270.0,6276.39,6046.0,4.478,1.007,0,FALSE POSITIVE,7117513
1.585673651,3.20763,44116.4,50.53,1.148,717.5,1648.0,1740.78,6117.0,4.457,1.025,0,FALSE POSITIVE,7117541
14.797219157,7.61037,252699.0,47.71,0.157,7795.3,787.0,90.8,6343.0,4.495,0.931,0,FALSE POSITIVE,7118545
6.49066214,3.47128,195090.0,33.46,0.798,1680.0,621.0,35.28,4448.0,4.684,0.563,0,FALSE POSITIVE,7125636
7.11879848,4.11282,107665.0,41.17,0.983,1483.2,819.0,106.52,5578.0,4.601,0.754,0,FALSE POSITIVE,7128918
6.99510404,1.7556,71.8,216.92,0.77,6.3,7492.0,744614.96,3681.0,0.25,229.908,0,FALSE POSITIVE,7132015
2.897829967,3.17788,163091.0,54.35,0.756,1305.8,1454.0,1054.79,6318.0,4.366,1.077,0,FALSE POSITIVE,8088354
0.706428634,1.75182,372128.0,47.64,0.393,1066.7,1416.0,951.77,4429.0,4.569,0.736,0,FALSE POSITIVE,8094140
10.8632531,37.68,188.2,19.93,1.187,25.4,802.0,98.04,5896.0,4.516,0.914,0,FALSE POSITIVE,8094221
1.46842648,6.6666,150998.0,40.3,0.633,622.8,1559.0,1402.93,5539.0,4.381,0.959,0,FALSE POSITIVE,8097825
4.305917719,5.61993,361389.0,71.49,0.549,6104.8,1266.0,607.76,6502.0,4.44,1.037,0,FALSE POSITIVE,8098300
1.28659726,3.53,,,,,,6865.96,,,,0,FALSE POSITIVE,8098515
2.535389624,2.902,418.1,16.24,1.189,27.3,1113.0,362.73,5488.0,4.629,0.706,0,FALSE POSITIVE,8104436
1.627538928,5.583,39.0,1.42,0.769,29.9,2520.0,9504.13,6854.0,3.934,2.088,0,FALSE POSITIVE,8822585
1.506503686,5.02151,477104.0,178.15,0.401,3289.1,3250.0,26341.29,8751.0,4.026,2.352,0,FALSE POSITIVE,8823397
1.679585725,7.34648,101786.0,28.99,0.97,1884.3,970.0,209.45,4462.0,4.7,0.554,0,FALSE POSITIVE,8841616
5.40346248,7.6494,261346.0,108.46,0.521,2851.3,1559.0,1398.38,6350.0,3.921,1.984,0,FALSE POSITIVE,8845221
0.824851807,1.93637,30099.2,78.0,1.185,642.2,2539.0,9801.46,5658.0,3.903,1.654,0,FALSE POSITIVE,8848104
0.82484293,1.383,618.6,97.92,0.03,10.0,8138.0,1040816.86,4148.0,1.458,41.424,0,FALSE POSITIVE,8848115
4.4473549,18.99,203.6,1.52,0.98,25.9,954.0,195.56,5531.0,4.597,0.764,0,FALSE POSITIVE,8868657
7.51509713,2.62,187.1,1.23,0.934,10.1,685.0,51.99,4867.0,4.63,0.696,0,FALSE POSITIVE,9762514
7.51514595,3.54486,117463.0,35.8,0.84,1676.8,842.0,118.99,5624.0,4.516,0.777,0,FALSE POSITIVE,9762519
19.230038188,7.04412,266180.0,186.53,0.694,7232.1,1361.0,810.65,7703.0,3.844,2.916,0,FALSE POSITIVE,9777062
21.120005744,2.05573,13054.3,31.2,0.986,443.9,880.0,141.75,6195.0,4.069,1.598,0,FALSE POSITIVE,9786821
0.82206761,3.8281,26189.8,91.21,1.216,486.3,2941.0,17747.85,6531.0,3.962,1.921,0,FALSE POSITIVE,9790965
45.035589512,9.8341,404836.0,82.4,0.499,1763.5,600.0,30.66,6484.0,4.386,1.153,0,FALSE POSITIVE,9818732
3.10197712,7.083,124.6,2.64,0.984,63.3,2246.0,6009.05,8709.0,4.232,1.797,0,FALSE POSITIVE,10685175
2.618414643,4.99923,200864.0,109.33,0.356,3260.0,2582.0,10502.8,8143.0,3.96,2.361,0,FALSE POSITIVE,10686876
2.61844178,3.203,45.1,2.16,0.182,12.7,2033.0,4044.74,5088.0,3.502,3.293,0,FALSE POSITIVE,10686930
19.407958161,6.09676,142059.0,44.96,0.905,2506.6,633.0,37.92,5702.0,4.485,0.799,0,FALSE POSITIVE,10711913
0.933747375,5.974,198.9,8.93,1.063,35.9,2003.0,3820.18,6224.0,4.454,1.024,0,FALSE POSITIVE,10732401
37.910213899,3.11152,103474.0,29.45,0.963,1065.9,358.0,3.89,4623.0,4.686,0.56,0,FALSE POSITIVE,11906217
3.74785307,3.444,145.9,9.04,0.217,17.0,2440.0,8389.62,4929.0,3.001,7.7,0,FALSE POSITIVE,11913052
3.747835042,5.28519,188923.0,141.7,0.547,6016.2,2697.0,12482.82,8529.0,3.769,3.065,0,FALSE POSITIVE,11913071
0.94754848,1.7347,11348.0,224.79,11.1936,44.7,622.0,35.37,3246.0,5.087,0.2,0,FALSE POSITIVE,11918482
1.75643185,2.397,51.6,0.58,0.115,9.6,1366.0,821.36,5696.0,4.57,0.812,0,FALSE POSITIVE,11922648
1.756466865,4.7781,188219.0,87.4,0.824,541.9,1831.0,2652.65,5726.0,4.077,1.465,0,FALSE POSITIVE,11922782
33.159475806,9.01353,222167.0,146.47,0.768,3733.6,1068.0,307.53,7967.0,4.001,2.379,0,FALSE POSITIVE,11923819
46.14869106,19.092,349630.0,114.2,0.002,1021.3,647.0,41.46,5383.0,3.908,1.935,0,FALSE POSITIVE,11959569
60.2976774,14.2561,315892.0,63.57,0.596,1215.8,481.0,12.63,5995.0,4.434,0.977,0,FALSE POSITIVE,11966557
1.703347524,3.3039,504406.0,47.62,0.223,1288.0,1202.0,495.27,5325.0,4.657,0.648,0,FALSE POSITIVE,3241619
1.70332915,1.663,98.5,0.86,0.307,8.9,1420.0,965.03,5749.0,4.547,0.864,0,FALSE POSITIVE,3241662
20.413812,5.806,496.4,16.5,1.158,11.6,586.0,27.84,5514.0,4.569,0.826,0,FALSE POSITIVE,3245000
67.41958542,7.645,182171.0,49.46,0.72,836.0,470.0,11.48,6071.0,4.425,0.962,0,FALSE POSITIVE,3247294
7.363572395,5.7545,129696.0,82.22,0.922,224.9,1287.0,649.25,6793.0,4.208,1.508,0,FALSE POSITIVE,3248332
33.693201537,7.44219,508772.0,68.86,0.379,1618.4,518.0,17.07,5427.0,4.448,0.899,0,FALSE POSITIVE,3323289
1.120997701,11.243,145.6,66.58,1.114,58.1,3992.0,60096.61,6720.0,3.373,4.845,0,FALSE POSITIVE,4758350
1.874967748,10.0159,31525.9,378.99,0.817,1566.6,4440.0,91765.97,4588.0,2.232,18.328,0,FALSE POSITIVE,4758368
2.40440112,5.49,27.1,0.42,0.669,16.7,1172.0,447.52,5433.0,4.55,0.769,0,FALSE POSITIVE,4768756
21.926779,10.05,198.6,1.26,0.542,10.5,618.0,34.52,5853.0,4.544,0.868,0,FALSE POSITIVE,4769824
25.706001174,10.969,464960.0,67.11,0.43,2008.1,579.0,26.55,5642.0,4.498,0.903,0,FALSE POSITIVE,4773155
501.90703,12.43,306.9,1.83,0.0805,10.3,254.0,0.99,6316.0,4.413,1.036,0,FALSE POSITIVE,4832273
3.115304946,4.88748,149524.0,61.66,0.89,1398.8,1404.0,918.39,6367.0,4.419,1.087,0,FALSE POSITIVE,5359678
12.422524,13.55,33.9,0.86,0.566,6.7,1107.0,354.37,7225.0,4.281,1.414,0,FALSE POSITIVE,5385469
12.4269264,21.826,126.6,1.66,0.04,28.3,906.0,159.5,5349.0,4.044,1.505,0,FALSE POSITIVE,5385647
12.4261809,29.09,92.2,1.88,0.98,39.0,976.0,214.85,5948.0,4.106,1.432,0,FALSE POSITIVE,5385667
0.61810542,6.666,12264.0,39.52,1.2326,118.7,1994.0,3735.52,5371.0,4.403,0.949,0,FALSE POSITIVE,5388229
1.06995136,1.322,54.8,0.9,0.176,10.8,1991.0,3730.45,5869.0,4.274,1.221,0,FALSE POSITIVE,5389184
2.158398259,8.1633,93038.0,101.02,0.996,217.0,1829.0,2649.52,5210.0,3.778,1.946,0,FALSE POSITIVE,6421483
359.534371,24.205,5732.0,64333.8,100.806,96.0,491.0,13.7,5087.0,3.183,5.899,0,FALSE POSITIVE,6421937
534.86668,8.19,565.0,4.3,0.113,8.3,328.0,2.74,6668.0,4.074,1.791,0,FALSE POSITIVE,6428942
1.39797542,9.06,43.2,0.49,0.077,15.5,1316.0,709.8,5074.0,4.536,0.761,0,FALSE POSITIVE,6437993
2.2127498,3.054,22.7,0.68,0.229,9.3,1801.0,2494.14,6195.0,4.106,1.405,0,FALSE POSITIVE,6442246
0.776976021,1.95401,21245.0,48.15,1.222,1582.9,2083.0,4459.03,5999.0,4.423,1.042,0,FALSE POSITIVE,6443392
2.25353739,5.74622,182828.0,96.65,0.82,904.8,2056.0,4215.56,6951.0,4.119,1.662,0,FALSE POSITIVE,7137798
17.99646148,4.65638,62755.2,114.45,1.091,1951.8,1004.0,240.38,5684.0,3.788,2.249,0,FALSE POSITIVE,7177553
1.386249249,2.99104,47187.6,78.6,1.135,560.0,2137.0,4939.8,6226.0,4.135,1.594,0,FALSE POSITIVE,7177892
0.53482911,0.996,704.0,0.54,0.3597,9.8,753.0,75.82,3229.0,5.08,0.201,0,FALSE POSITIVE,7185487
0.566799833,5.543,198.0,1.27,0.851,54.0,1900.0,3084.6,5488.0,4.584,0.789,0,FALSE POSITIVE,7198648
0.566795728,2.79,18.9,0.64,0.653,12.4,2755.0,13656.59,6130.0,4.151,1.393,0,FALSE POSITIVE,7199935
14.665759784,3.65814,336981.0,67.17,0.576,1143.6,712.0,60.89,5385.0,4.369,1.002,0,FALSE POSITIVE,7200102
0.566780836,4.937,60.9,0.75,0.005,18.7,2204.0,5608.62,5949.0,4.493,0.962,0,FALSE POSITIVE,7200225
15.44605962,4.5963,330907.0,52.93,0.3,2025.2,701.0,57.04,5838.0,4.529,0.897,0,FALSE POSITIVE,8111622
1.790518325,3.34624,61541.9,32.19,0.643,2493.3,1850.0,2761.65,6586.0,4.319,1.219,0,FALSE POSITIVE,8112013
1.03905082,3.035,43.8,0.87,0.4522,9.9,2297.0,6581.45,6558.0,4.239,1.28,0,FALSE POSITIVE,8123170
0.503201954,0.167,43.0,2.99,0.3279,8.0,3550.0,37526.28,6157.0,3.827,2.306,0,FALSE POSITIVE,8123937
7.140373046,7.07032,205256.0,61.56,0.309,3250.0,1132.0,388.56,5945.0,4.168,1.333,0,FALSE POSITIVE,8128965
53.647084859,19.9499,219095.0,142.04,0.432,3272.4,753.0,75.91,5261.0,3.506,2.943,0,FALSE POSITIVE,8129189
2.496328637,2.73115,20527.0,112.28,1.199,1412.4,2317.0,6804.42,6757.0,3.842,2.615,0,FALSE POSITIVE,8878681
16.31328124,4.45731,71589.0,30.85,0.768,982.3,747.0,73.51,6008.0,4.44,1.006,0,FALSE POSITIVE,8879427
1.721313779,3.54768,534625.0,83.69,0.315,742.8,1627.0,1658.35,5960.0,4.371,1.073,0,FALSE POSITIVE,8879915
1.50650745,2.622,27.8,1.13,0.677,14.4,2498.0,9242.43,6839.0,4.003,2.02,0,FALSE POSITIVE,8890996
8.209514329,4.14104,141387.0,149.52,1.079,6579.3,1371.0,834.79,6258.0,3.882,2.111,0,FALSE POSITIVE,8906676
3.431126546,2.7986,40248.0,47.48,1.161,308.5,1251.0,580.05,5815.0,4.349,0.969,0,FALSE POSITIVE,8938628
1.583334941,4.4854,177074.0,52.0,0.781,368.8,1548.0,1362.14,5846.0,4.472,0.953,0,FALSE POSITIVE,8940961
8.429438192,3.94306,456346.0,49.49,0.428,3072.5,582.0,27.16,4268.0,4.602,0.68,0,FALSE POSITIVE,9821078
7.9320191,8.18,125.1,1.04,0.5896,8.8,811.0,102.05,5219.0,4.441,0.905,0,FALSE POSITIVE,9848420
1.374249107,5.3181,136655.0,96.85,0.771,520.3,2725.0,13078.76,7053.0,3.958,2.121,0,FALSE POSITIVE,9850387
8.4804737,6.157,337.0,1.85,0.33,14.5,930.0,176.51,6092.0,4.471,0.998,0,FALSE POSITIVE,9850912
0.94242156,1.89,,,,,,,,,,0,FALSE POSITIVE,9852050
4.994773558,4.48893,259761.0,62.69,0.416,5742.0,1264.0,604.21,6253.0,4.271,1.181,0,FALSE POSITIVE,9873869
1.105094098,4.38191,730498.0,267.59,0.161,3732.8,3771.0,47811.67,8011.0,3.773,2.927,0,FALSE POSITIVE,10736223
6.842939,2.8,,,,,,99.24,,,,1,CONFIRMED,10736489
0.8170226,2.974,167696.0,57.56,0.843,240.1,1947.0,3416.07,5780.0,4.438,1.0,0,FALSE POSITIVE,10743600
19.40669392,5.27765,464521.0,57.97,0.424,1496.8,597.0,30.05,5622.0,4.588,0.778,0,FALSE POSITIVE,10753734
7.143708297,5.83451,202685.0,44.78,0.162,2368.6,943.0,187.0,5655.0,4.386,0.992,0,FALSE POSITIVE,10794242
0.952377862,4.0869,2122.3,28.44,1.248,390.8,1713.0,2023.36,5662.0,4.524,0.863,0,FALSE POSITIVE,10794405
3.521050679,3.5323,4879.8,256.2,1.266,337.2,2434.0,8306.9,5149.0,3.109,6.619,0,FALSE POSITIVE,10809677
1.941635737,2.46683,69814.1,59.71,1.071,1243.7,1728.0,2109.03,6525.0,4.381,1.161,0,FALSE POSITIVE,11967004
0.539445498,2.2821,25302.2,68.65,1.214,511.4,2959.0,18153.51,6486.0,4.174,1.456,0,FALSE POSITIVE,11968490
20.7106853,42.737,1003.0,89.55,1.252,154.4,1246.0,570.64,6956.0,3.738,2.888,0,FALSE POSITIVE,11970288
2.521245368,4.24027,418375.0,56.59,0.231,1495.4,1241.0,560.57,5605.0,4.486,0.854,0,FALSE POSITIVE,12004679
2.52122764,2.249,127.3,0.91,0.298,8.9,1177.0,453.48,5546.0,4.575,0.81,0,FALSE POSITIVE,12004680
2.5212708,2.706,163.3,0.81,0.3286,7.8,1003.0,238.81,5110.0,4.674,0.637,0,FALSE POSITIVE,12004689
8.202869679,7.29811,345937.0,110.46,0.561,6499.9,1190.0,474.09,6060.0,4.059,1.643,0,FALSE POSITIVE,12013615
3.442714533,3.36034,60039.0,47.02,1.142,964.8,1157.0,423.13,5819.0,4.501,0.861,0,FALSE POSITIVE,12022517
475.91706,22.86,967.3,28.22,1.222,15.3,221.0,0.56,5334.0,4.372,1.004,0,FALSE POSITIVE,6307521
0.858285844,1.799,43.4,0.9,0.3323,10.8,2274.0,6321.2,5945.0,4.196,1.346,0,FALSE POSITIVE,7037540
6.238315363,2.501,82.9,0.7,0.707,5.3,746.0,73.27,4914.0,4.61,0.724,0,FALSE POSITIVE,4349442
2.115510941,7.2877,415163.0,191.42,0.492,1351.5,2701.0,12609.03,7563.0,3.883,2.638,0,FALSE POSITIVE,3327980
1.015044104,10.994,158.2,1.98,0.984,33.6,1979.0,3627.61,5910.0,4.318,1.124,0,FALSE POSITIVE,3329643
3.711013336,3.31024,24989.1,55.69,1.192,757.0,1436.0,1003.75,6338.0,4.256,1.247,0,FALSE POSITIVE,3335816
2.97606298,4.124,72.2,5.65,0.363,17.8,2615.0,11065.06,5321.0,3.158,6.669,0,FALSE POSITIVE,3337438
2.97586085,4.513,105.9,0.85,0.117,9.1,1135.0,392.05,5481.0,4.508,0.835,0,FALSE POSITIVE,3337548
14.658013949,3.03316,129645.0,121.59,1.141,3361.5,855.0,126.35,5146.0,3.986,1.626,0,FALSE POSITIVE,3339538
18.839487435,5.62797,182722.0,45.2,0.421,2003.1,734.0,68.54,6208.0,4.454,1.024,0,FALSE POSITIVE,3341934
0.555973803,1.271,75.3,1.9,0.563,23.3,3049.0,20544.64,5445.0,3.776,2.117,0,FALSE POSITIVE,3343866
4.426344495,5.84235,276139.0,78.3,0.668,732.5,1316.0,709.74,6228.0,4.277,1.226,0,FALSE POSITIVE,4839180
0.957823876,3.7232,104692.0,110.91,0.992,454.1,2649.0,11612.14,5908.0,3.865,2.033,0,FALSE POSITIVE,4840263
5.024768971,3.82433,53046.4,42.15,1.038,696.5,1159.0,425.9,6322.0,4.444,0.989,0,FALSE POSITIVE,4840818
30.960216668,15.4308,340408.0,62.08,0.58,4578.3,527.0,18.3,5291.0,4.423,0.926,0,FALSE POSITIVE,4847832
2.470283788,7.8391,193828.0,157.82,0.804,967.7,2657.0,11792.22,7823.0,3.885,2.675,0,FALSE POSITIVE,4851217
1.23516416,4.713,64.6,0.92,0.678,13.0,1866.0,2861.14,6249.0,4.428,1.076,0,FALSE POSITIVE,4851338
1.23513471,5.44,42.8,0.7,0.716,12.0,1743.0,2172.96,5930.0,4.436,0.997,0,FALSE POSITIVE,4851356
0.8903331,2.643,134.1,20.96,0.322,10.8,5714.0,251387.46,4981.0,2.437,18.374,0,FALSE POSITIVE,4862332
20.000242814,5.0042,13137.9,21.57,1.004,796.5,746.0,73.09,6373.0,4.438,1.047,0,FALSE POSITIVE,4862625
10.217121652,4.35647,205223.0,81.1,0.786,3617.5,994.0,230.53,5931.0,4.196,1.349,0,FALSE POSITIVE,5393558
0.618060842,1.892,25.1,0.51,0.944,9.6,1854.0,2791.09,5339.0,4.503,0.793,0,FALSE POSITIVE,5397905
0.759764419,5.72501,393266.0,138.54,0.545,1728.1,2715.0,12833.03,5807.0,3.93,1.909,0,FALSE POSITIVE,5444392
21.539269242,5.32432,143753.0,53.0,0.908,2642.2,674.0,48.89,6136.0,4.487,0.933,0,FALSE POSITIVE,5460835
5.270733213,2.7822,293637.0,37.93,0.428,553.0,693.0,54.59,4348.0,4.601,0.678,0,FALSE POSITIVE,5462901
12.4232158,17.67,261.5,1.3,0.245,23.6,685.0,51.91,5497.0,4.577,0.809,0,FALSE POSITIVE,5471010
4.3206933,50.68,147.9,1.66,0.973,35.7,1205.0,499.09,6225.0,4.45,1.031,0,FALSE POSITIVE,6447326
16.486796364,7.06797,48942.8,46.92,0.309,3181.5,1053.0,290.46,6020.0,3.86,2.097,0,FALSE POSITIVE,6448768
5.7768734,5.762,71.0,3.13,0.994,10.1,1399.0,905.0,5473.0,3.796,2.162,0,FALSE POSITIVE,6449291
20.148807707,8.52557,526949.0,68.52,0.215,3487.5,631.0,37.55,5547.0,4.447,0.918,0,FALSE POSITIVE,6449552
0.687772143,2.56725,40368.3,46.27,1.166,679.8,2097.0,4569.67,5885.0,4.413,0.933,0,FALSE POSITIVE,6452742
0.843651274,2.80468,305452.0,39.98,0.405,1509.3,1553.0,1371.12,5220.0,4.578,0.695,0,FALSE POSITIVE,6464285
1.142946648,3.40234,412554.0,43.5,0.479,1054.4,1293.0,660.96,5058.0,4.651,0.608,0,FALSE POSITIVE,6466939
7.217010987,4.4215,78713.8,89.71,1.287,1307.0,1096.0,341.36,6047.0,4.246,1.211,0,FALSE POSITIVE,6468938
9.72869627,5.628,252.2,42.47,1.274,19.1,1126.0,379.75,6881.0,4.301,1.351,0,FALSE POSITIVE,8429014
0.566791802,2.2,49.3,0.66,0.679,15.6,2040.0,4113.39,5691.0,4.544,0.887,0,FALSE POSITIVE,7200301
2.245738777,8.61629,483487.0,99.05,0.397,2121.8,1737.0,2156.25,6508.0,4.287,1.312,0,FALSE POSITIVE,7203179
2.24572117,3.88,48.2,0.74,0.596,13.6,1479.0,1131.64,6158.0,4.455,1.026,0,FALSE POSITIVE,7203194
0.566801906,1.626,89.7,0.55,0.155,27.0,1344.0,774.11,4208.0,4.662,0.583,0,FALSE POSITIVE,7204073
2.316171991,4.03025,251484.0,49.53,0.7,2338.3,1288.0,651.03,5932.0,4.58,0.795,0,FALSE POSITIVE,7212722
0.56680208,1.22,,,,,,392.81,,,,0,FALSE POSITIVE,7280953
0.566810701,6.19,200.0,1.49,0.982,45.9,1921.0,3220.92,5593.0,4.584,0.752,0,FALSE POSITIVE,7281217
0.566813319,3.752,129.1,23.19,1.196,17.0,2313.0,6742.52,6108.0,4.466,1.03,0,FALSE POSITIVE,7281229
28.787257509,13.953,49618.4,91.26,0.559,1292.0,971.0,210.02,5154.0,3.461,3.981,0,FALSE POSITIVE,8143170
0.835315046,2.45449,16876.4,30.54,1.224,939.5,1490.0,1160.98,5009.0,4.584,0.69,0,FALSE POSITIVE,8145789
26.0164225,4.1768,41109.0,61.04,1.147,285.4,755.0,76.63,6287.0,4.231,1.28,0,FALSE POSITIVE,8155584
593.19521,25.65,227.3,1.63,0.6192,7.1,234.0,0.71,6103.0,4.391,1.03,0,FALSE POSITIVE,8158324
0.706430188,1.301,50.8,0.41,0.288,11.0,1473.0,1116.9,5037.0,4.689,0.568,0,FALSE POSITIVE,8162376
0.78430061,2.952,254.7,1.14,0.659,20.5,1566.0,1416.91,5176.0,4.589,0.681,0,FALSE POSITIVE,8953281
2.665875491,7.59461,161389.0,67.43,0.878,2274.7,1502.0,1199.89,6234.0,4.351,1.159,0,FALSE POSITIVE,8953426
2.6658312,5.771,40.8,0.99,0.864,12.4,1663.0,1807.48,6276.0,4.17,1.353,0,FALSE POSITIVE,8953475
1.5765874,15.18,29.2,15.68,1.04,27.9,2946.0,17781.51,6742.0,3.688,3.138,0,FALSE POSITIVE,8957572
28.027891356,17.3269,243231.0,31.3,0.6493,2829.0,440.0,8.86,5231.0,4.721,0.544,0,FALSE POSITIVE,8973000
2.028512246,5.00309,121562.0,50.28,0.871,1545.8,1542.0,1333.24,6105.0,4.412,1.025,0,FALSE POSITIVE,9881258
1.33256167,3.743,59.5,0.63,0.402,13.0,1326.0,727.84,4895.0,4.502,0.828,0,FALSE POSITIVE,9899153
1.332567821,3.4844,31.0,0.96,0.413,5.0,2395.0,7802.17,6600.0,4.047,1.681,0,FALSE POSITIVE,9899193
1.332545609,3.997,278.2,28.37,0.582,31.4,5080.0,157611.61,5154.0,2.435,16.486,0,FALSE POSITIVE,9899410
1.33256256,3.088,174.9,16.03,0.137,11.9,4529.0,99175.88,4601.0,2.321,12.581,0,FALSE POSITIVE,9899421
1.33258981,3.987,78.4,0.67,0.223,16.1,1369.0,832.33,5309.0,4.595,0.763,0,FALSE POSITIVE,9899577
1.33258375,4.081,60.9,0.84,0.746,16.4,1727.0,2096.92,6108.0,4.471,0.997,0,FALSE POSITIVE,9899583
8.9648813,61.23,454.5,28.97,1.208,109.9,1040.0,276.3,6543.0,4.382,1.159,0,FALSE POSITIVE,9906489
2.161583501,4.0537,50163.0,29.61,0.715,239.2,1646.0,1741.01,5888.0,4.167,1.219,0,FALSE POSITIVE,10816107
8.7396758,3.866,1431.0,3.29,0.957,15.6,577.0,26.17,4406.0,4.643,0.628,1,CONFIRMED,10843431
0.535493486,2.57,54.0,1.42,0.566,5.1,3181.0,24045.87,6328.0,4.035,1.864,0,FALSE POSITIVE,10847907
24.261683827,7.1617,192283.0,58.48,0.814,5083.9,659.0,44.55,6151.0,4.473,0.983,0,FALSE POSITIVE,10849244
32.532521502,13.3991,83468.4,24.35,0.237,1595.1,535.0,19.39,5845.0,4.558,0.838,0,FALSE POSITIVE,10857589
4.627775175,3.4079,5675.1,32.62,1.248,197.5,1039.0,275.68,5845.0,4.541,0.874,0,FALSE POSITIVE,12022718
28.7850347,2.102,102.9,2.5,0.2978,6.2,993.0,229.66,6581.0,3.824,2.42,0,FALSE POSITIVE,12053823
6.096030635,18.4531,901661.0,406.97,0.642,4885.3,1925.0,3246.2,7598.0,3.867,2.692,0,FALSE POSITIVE,12071006
31.953038766,8.0461,17703.4,47.96,0.907,1364.9,864.0,131.55,5524.0,3.693,2.734,0,FALSE POSITIVE,12105785
5.9371708,4.954,157.1,1.17,0.4778,10.1,945.0,188.41,5475.0,4.426,0.923,0,FALSE POSITIVE,12106875
0.577844035,4.291,320.4,18.93,1.194,94.0,1980.0,3647.63,5693.0,4.57,0.816,0,FALSE POSITIVE,12157983
2.630090609,13.6817,516932.0,83.5,0.285,1694.6,1551.0,1371.02,6315.0,4.292,1.108,0,FALSE POSITIVE,12164751
43.204596783,15.0402,202488.0,43.15,0.399,4750.2,519.0,17.15,6003.0,4.507,0.932,0,FALSE POSITIVE,12217907
1.75147897,7.89,76.7,1.8,0.008,68.2,2340.0,7086.5,6823.0,4.04,2.037,0,FALSE POSITIVE,10028352
3.495457889,6.9796,114625.0,84.49,0.965,724.0,2051.0,4186.71,8529.0,4.249,1.558,0,FALSE POSITIVE,3352751
4.01668015,2.2828,38007.0,22.11,0.911,87.9,1016.0,252.13,5448.0,4.497,0.794,0,FALSE POSITIVE,3427776
1.89134156,5.891,68.4,0.99,0.739,10.3,1673.0,1856.23,6387.0,4.41,1.105,0,FALSE POSITIVE,3437739
2.881100027,9.43866,662832.0,446.29,0.829,3316.5,2946.0,17809.19,8104.0,3.675,3.369,0,FALSE POSITIVE,3440230
0.806277023,7.275,70.8,0.89,0.697,37.9,2046.0,4119.09,6122.0,4.471,0.996,0,FALSE POSITIVE,3441340
0.513482156,2.732,91.6,0.83,0.004,12.6,2072.0,4335.56,5495.0,4.495,0.882,0,FALSE POSITIVE,3448323
225.66716,16.6,342.9,1.94,0.3037,11.7,331.0,2.82,6363.0,4.444,1.035,0,FALSE POSITIVE,4862625
4.24748886,3.053,121.0,1.01,0.242,10.0,1079.0,319.94,5807.0,4.524,0.922,0,FALSE POSITIVE,4863369
1.000012952,1.221,36.0,2.12,0.097,11.9,2858.0,15781.19,5176.0,3.534,3.605,0,FALSE POSITIVE,4863753
0.878803439,2.74503,410723.0,51.97,0.467,524.8,1347.0,775.9,4524.0,4.566,0.737,0,FALSE POSITIVE,4902030
1.560158562,3.4248,240156.0,45.91,0.712,459.9,1223.0,530.79,4926.0,4.548,0.749,0,FALSE POSITIVE,4908495
34.188302705,3.01179,118440.0,74.5,0.957,2594.9,660.0,44.91,5757.0,4.134,1.345,0,FALSE POSITIVE,4912589
8.65303996,1.091,497.0,1.88,0.369,14.7,764.0,80.51,5301.0,4.528,0.84,0,FALSE POSITIVE,4914709
8.65311903,1.273,206.8,0.85,0.701,8.9,493.0,13.95,3929.0,4.705,0.55,0,FALSE POSITIVE,4914737
12.4253812,19.781,115.3,1.14,0.1583,26.8,823.0,108.46,5925.0,4.412,1.066,0,FALSE POSITIVE,5471141
12.42555999,28.083,2964.8,4.72,0.9066,122.0,599.0,30.49,4922.0,4.576,0.704,0,FALSE POSITIVE,5471328
12.4257442,29.122,936.0,8.43,0.963,49.6,1551.0,1369.63,8691.0,4.072,2.193,0,FALSE POSITIVE,5471415
12.4254241,24.98,378.9,2.17,0.938,36.0,755.0,76.9,5853.0,4.529,0.895,0,FALSE POSITIVE,5471480
2.991884392,7.5583,123880.0,40.11,0.496,1280.3,1486.0,1154.88,6596.0,4.4,1.094,0,FALSE POSITIVE,5475712
1.795273026,7.3232,125416.0,55.26,0.935,877.8,1642.0,1714.88,6363.0,4.456,1.012,0,FALSE POSITIVE,5479973
0.755109271,2.619,23.2,0.47,0.4041,12.9,1961.0,3494.52,5606.0,4.39,0.962,0,FALSE POSITIVE,5513822
0.755101141,3.371,76.7,0.19,0.523,13.4,680.0,50.92,3256.0,5.071,0.207,0,FALSE POSITIVE,5513833
1.75251585,3.489,125.9,1.02,0.738,14.2,1447.0,1035.27,5952.0,4.554,0.844,0,FALSE POSITIVE,6471229
1.752450163,3.0255,55.5,0.79,0.728,3.4,1552.0,1372.36,5779.0,4.364,0.99,0,FALSE POSITIVE,6471230
8.27923132,2.355,164.9,1.08,0.187,10.9,815.0,104.49,5631.0,4.557,0.847,0,FALSE POSITIVE,6521174
2.212877035,4.66961,376200.0,69.18,0.518,2731.0,1507.0,1221.98,6153.0,4.405,1.0,0,FALSE POSITIVE,6521542
0.845097627,1.873,86.5,0.78,0.717,10.7,1584.0,1496.92,5252.0,4.593,0.783,0,FALSE POSITIVE,6522353
17.445640466,6.08966,334158.0,63.46,0.588,4093.9,682.0,51.15,5759.0,4.481,0.945,0,FALSE POSITIVE,6522750
14.313157391,8.90236,21566.9,34.98,0.004,4262.9,1144.0,404.48,5750.0,3.703,2.379,0,FALSE POSITIVE,6523216
0.676990194,1.69459,20505.9,37.5,1.223,997.0,1919.0,3192.15,5813.0,4.568,0.816,0,FALSE POSITIVE,6531485
0.515875396,1.21,1773.0,7.22,0.95,9.1,3189.0,24441.1,7229.0,4.278,1.38,0,FALSE POSITIVE,6531801
2.83401711,5.938,84.2,0.93,0.2794,11.5,1381.0,859.57,6247.0,4.458,1.002,0,FALSE POSITIVE,7281356
0.566803996,3.399,141.6,0.64,0.123,23.4,1350.0,786.1,4373.0,4.722,0.544,0,FALSE POSITIVE,7281399
0.56681118,2.06,,,,,,,,,,0,FALSE POSITIVE,7281410
0.566799927,4.71,145.1,0.77,0.188,28.9,1649.0,1738.27,5092.0,4.671,0.645,0,FALSE POSITIVE,7281616
0.566786121,3.404,81.8,0.79,0.591,14.0,1984.0,3678.65,5603.0,4.556,0.846,0,FALSE POSITIVE,7281699
0.56679797,4.503,72.6,0.65,0.176,14.0,1799.0,2467.38,5230.0,4.594,0.777,0,FALSE POSITIVE,7282008
0.566802891,1.861,49.2,1.29,0.628,14.4,3111.0,22107.66,6487.0,4.08,1.748,0,FALSE POSITIVE,7285616
1.01884975,3.233,30.9,0.47,0.2737,14.8,1754.0,2238.64,6068.0,4.568,0.829,0,FALSE POSITIVE,8178616
32.440339204,4.50984,287602.0,44.56,0.645,2177.0,448.0,9.52,5081.0,4.578,0.696,0,FALSE POSITIVE,8183389
0.552141897,4.985,105.6,10.04,1.091,42.8,2206.0,5602.43,5952.0,4.486,0.904,0,FALSE POSITIVE,8192861
2.62387291,4.61248,232468.0,74.23,0.49,2607.6,1790.0,2430.91,6728.0,4.206,1.46,0,FALSE POSITIVE,8193315
0.75509861,2.6423,60334.0,60.74,1.091,385.4,2359.0,7285.15,6038.0,4.206,1.213,0,FALSE POSITIVE,8195877
3.671661096,4.29947,129243.0,105.82,0.923,3152.6,1967.0,3539.43,7343.0,4.02,1.94,0,FALSE POSITIVE,8196180
22.673145675,6.6324,65410.8,30.92,0.605,912.0,684.0,51.67,5619.0,4.269,1.153,0,FALSE POSITIVE,8210721
0.50948306,3.14,74.6,1.22,0.3535,8.0,3024.0,19778.63,6344.0,4.091,1.39,0,FALSE POSITIVE,8977176
17.329965871,8.43812,252721.0,42.58,0.705,1938.7,548.0,21.34,5079.0,4.588,0.683,0,FALSE POSITIVE,9001468
1.890227354,3.855,112262.0,42.05,0.957,252.0,1236.0,551.66,5356.0,4.589,0.78,0,FALSE POSITIVE,9005854
1.387206724,3.82527,151432.0,103.41,0.856,1752.6,2619.0,11126.98,7207.0,4.06,1.894,0,FALSE POSITIVE,9007918
1.38718209,2.595,45.5,0.68,0.28,7.2,1707.0,2011.41,6122.0,4.471,0.996,0,FALSE POSITIVE,9007953
35.026564845,2.90121,120249.0,34.88,0.777,1607.2,489.0,13.56,5546.0,4.575,0.81,0,FALSE POSITIVE,9024857
3.138580493,4.16343,233337.0,59.24,0.619,2387.8,1281.0,635.61,5593.0,4.311,1.083,0,FALSE POSITIVE,9029486
9.26147679,1.77,,,,,,,,,,0,FALSE POSITIVE,9906802
581.0723,15.81,1364.2,161858.0,88.7243,15.9,639.0,39.36,5026.0,2.504,16.891,0,FALSE POSITIVE,9906841
3.50474265,8.2852,88625.0,200.24,1.049,977.2,2689.0,12355.55,7624.0,3.622,3.682,0,FALSE POSITIVE,9913481
2.14344093,3.9741,133317.0,28.69,0.686,645.9,1033.0,269.48,4817.0,4.624,0.7,0,FALSE POSITIVE,9913798
9.058487716,4.14334,127971.0,20.51,0.213,2098.9,547.0,21.15,4340.0,4.671,0.573,0,FALSE POSITIVE,9934208
2.856085147,4.5776,173843.0,88.52,0.841,422.1,1739.0,2164.0,6604.0,4.178,1.526,0,FALSE POSITIVE,9936698
0.876941133,1.296,73.5,0.85,0.386,12.3,1938.0,3332.14,6018.0,4.485,0.975,0,FALSE POSITIVE,10867017
39.238141571,6.07183,439208.0,90.93,0.459,969.3,656.0,43.69,6599.0,4.35,1.234,0,FALSE POSITIVE,10909274
53.7406575,47.2475,116722.0,25.44,0.386,3568.1,398.0,5.93,5288.0,4.577,0.737,0,FALSE POSITIVE,10920813
7.436016459,4.16284,106527.0,31.39,0.433,742.1,968.0,207.61,6214.0,4.501,0.933,0,FALSE POSITIVE,10923260
0.750737313,1.712,38.8,0.48,0.463,13.4,1603.0,1558.69,5151.0,4.602,0.761,0,FALSE POSITIVE,10924400
14.361021578,13.2895,459877.0,45.9,0.003,2599.0,594.0,29.44,5229.0,4.607,0.668,0,FALSE POSITIVE,10936427
2.570431263,5.49699,76826.0,50.18,1.054,822.9,1411.0,936.9,6244.0,4.473,0.971,0,FALSE POSITIVE,10937609
6.64024496,6.03491,224329.0,74.4,0.756,2941.0,1114.0,364.44,6085.0,4.293,1.215,0,FALSE POSITIVE,10965963
14.844240386,6.83577,83412.4,28.97,0.275,4542.8,810.0,101.98,6161.0,4.367,0.988,0,FALSE POSITIVE,12251779
4.42158021,10.4532,61032.0,188.89,1.146,370.6,2565.0,10243.23,8026.0,3.65,3.461,0,FALSE POSITIVE,12268220
25.321698729,4.45367,119590.0,56.62,0.954,673.3,655.0,43.39,6109.0,4.455,1.029,0,FALSE POSITIVE,12302391
37.878483588,10.5972,222232.0,46.42,0.763,1157.6,503.0,15.19,5985.0,4.603,0.758,0,FALSE POSITIVE,12306808
10.116144515,2.70314,58143.5,17.21,0.879,1144.8,549.0,21.56,4717.0,4.737,0.519,0,FALSE POSITIVE,12351927
0.684496369,2.263,28.4,1.12,0.501,16.3,2913.0,17099.5,5800.0,3.866,2.053,0,FALSE POSITIVE,12353633
1.953285321,1.67598,1520.3,151.56,1.312,237.7,2927.0,17363.68,6450.0,3.501,3.928,0,FALSE POSITIVE,12353720
1.012174295,4.6617,323029.0,114.4,0.596,596.0,2737.0,13215.77,6987.0,4.096,1.716,0,FALSE POSITIVE,8565912
346.36642,14.94,148.2,1.57,0.45,14.3,314.0,2.3,6327.0,4.276,1.259,0,FALSE POSITIVE,2853828
0.51554111,0.87,,,,,,,,,,0,FALSE POSITIVE,7008149
0.892061734,2.24307,75590.0,46.75,1.079,398.1,1724.0,2090.54,5561.0,4.512,0.855,0,FALSE POSITIVE,3458919
3.471399214,5.07707,92284.9,89.62,1.014,3230.4,1558.0,1390.76,6026.0,4.101,1.689,0,FALSE POSITIVE,3542573
4.176929219,5.2003,70355.0,31.35,0.984,187.0,938.0,183.08,5462.0,4.628,0.708,0,FALSE POSITIVE,3543270
6.3762199,2.24,,,,,,168.45,,,,0,FALSE POSITIVE,3544678
0.823014905,3.5426,850.5,22.17,1.247,130.5,1482.0,1136.75,4975.0,4.614,0.724,0,FALSE POSITIVE,3556742
0.796815149,1.0727,55.9,10.23,0.524,4.8,5480.0,212663.45,4897.0,2.464,13.499,0,FALSE POSITIVE,4917014
26.951237675,8.27486,86749.2,146.33,1.04,1451.7,1082.0,324.38,6675.0,3.748,2.747,0,FALSE POSITIVE,4931073
18.11208877,6.7828,116633.0,96.62,0.982,217.7,1068.0,307.27,7323.0,4.167,1.722,0,FALSE POSITIVE,4932691
4.408295716,3.62479,37964.0,35.68,1.159,386.1,942.0,186.23,5496.0,4.607,0.743,0,FALSE POSITIVE,4940201
8.665259912,3.1088,1840.6,82.42,1.269,181.4,1378.0,852.84,6071.0,3.796,2.389,0,FALSE POSITIVE,4946680
4.726086185,4.39793,181820.0,41.38,0.651,1564.3,1032.0,267.96,5873.0,4.547,0.863,0,FALSE POSITIVE,4947726
8.643550046,3.1273,67298.6,38.21,1.076,849.3,779.0,87.16,5679.0,4.605,0.747,0,FALSE POSITIVE,4948863
1.51945182,2.95,13.7,0.5,0.599,9.6,1901.0,3080.82,6168.0,4.25,1.307,0,FALSE POSITIVE,5529501
0.759755409,2.734,70.0,0.91,0.455,15.9,2121.0,4773.08,6090.0,4.447,1.071,0,FALSE POSITIVE,5529560
5.082523739,5.04732,276277.0,61.88,0.269,5286.2,1266.0,606.33,6507.0,4.343,1.145,0,FALSE POSITIVE,5530881
1.02547271,1.996,27.0,0.94,0.651,10.9,2657.0,11800.82,6862.0,4.114,1.712,0,FALSE POSITIVE,5534476
1.025465924,3.71841,152685.0,106.84,0.88,1120.8,2710.0,12744.17,6700.0,4.041,1.883,0,FALSE POSITIVE,5534702
74.985292949,6.23451,105346.0,49.22,0.987,1754.8,425.0,7.69,5955.0,4.52,0.91,0,FALSE POSITIVE,5535280
25.762056721,14.8694,447716.0,74.87,0.445,3469.5,604.0,31.48,5539.0,4.393,1.027,0,FALSE POSITIVE,5553624
1.195516859,6.17216,513813.0,75.54,0.327,1153.4,1715.0,2045.19,5780.0,4.438,1.0,0,FALSE POSITIVE,6543682
1.995728294,6.43532,251876.0,45.2,0.465,1496.5,1409.0,928.82,5807.0,4.455,0.861,0,FALSE POSITIVE,6545018
10.768391927,12.5252,107382.0,52.8,0.001,2085.7,970.0,209.25,5226.0,3.97,1.643,0,FALSE POSITIVE,6548447
0.733724504,2.208,45.9,0.96,0.257,21.4,2601.0,10830.96,6175.0,4.099,1.405,0,FALSE POSITIVE,6584167
5.08840787,4.77204,386682.0,55.3,0.513,3095.0,937.0,181.75,5618.0,4.583,0.791,0,FALSE POSITIVE,6591789
18.527824075,5.88678,76231.1,64.66,0.171,5547.2,1080.0,322.19,6154.0,3.793,2.321,0,FALSE POSITIVE,6593363
12.155241119,6.84353,85531.5,34.62,0.825,1767.8,788.0,91.2,5761.0,4.413,0.932,0,FALSE POSITIVE,7336754
4.48559215,0.8161,2265.0,0.95,0.442,15.0,365.0,4.2,3236.0,5.097,0.193,1,CONFIRMED,7350067
0.566789763,4.008,25.4,0.4,0.6376,15.4,1984.0,3662.84,5799.0,4.6,0.758,0,FALSE POSITIVE,7362534
0.566811926,4.181,82.6,0.91,0.681,22.5,2293.0,6584.06,6165.0,4.474,0.942,0,FALSE POSITIVE,7362632
2.525386934,3.71613,124878.0,67.24,0.934,1003.0,1701.0,1982.55,6826.0,4.337,1.233,0,FALSE POSITIVE,7365447
0.566801506,1.738,29.5,0.62,0.369,19.2,2557.0,10156.53,6398.0,4.358,1.111,0,FALSE POSITIVE,7366036
0.566803738,1.8481,100.6,1.13,0.6755,33.1,2450.0,8516.13,6300.0,4.404,1.057,0,FALSE POSITIVE,7366065
1.69421771,4.161,91.1,0.74,0.734,15.0,1274.0,621.89,5402.0,4.591,0.717,0,FALSE POSITIVE,8211521
2.739477089,3.18229,32096.1,50.48,1.189,593.6,1475.0,1120.19,6469.0,4.431,1.056,0,FALSE POSITIVE,8229048
1.307761491,2.22271,13941.0,29.17,1.237,531.5,1298.0,671.75,5112.0,4.596,0.673,0,FALSE POSITIVE,8231877
4.028671454,8.12253,113967.0,52.42,0.294,2152.8,1492.0,1169.87,6327.0,4.168,1.528,0,FALSE POSITIVE,8234477
2.30118753,7.8216,87537.0,140.23,1.033,404.8,2783.0,14194.09,7970.0,3.871,2.652,0,FALSE POSITIVE,8240109
0.449249224,4.7565,419437.0,95.83,0.494,1194.9,2941.0,17801.78,6338.0,4.239,1.299,0,FALSE POSITIVE,8240861
0.687004402,3.829,93.7,2.89,0.689,45.0,3535.0,36888.8,6240.0,3.684,2.803,0,FALSE POSITIVE,9049010
0.91839938,4.479,152.1,1.0,0.519,16.8,1558.0,1389.28,5222.0,4.556,0.795,0,FALSE POSITIVE,9083503
0.94356284,5.721,13.4,0.76,0.569,16.0,3176.0,23945.42,7693.0,4.083,1.984,0,FALSE POSITIVE,9093566
2.243569483,4.14769,66328.2,21.11,0.381,1107.7,1364.0,817.05,6081.0,4.526,0.801,0,FALSE POSITIVE,9098590
8.258181993,3.9122,311858.0,58.19,0.61,2981.6,809.0,101.33,5306.0,4.445,0.888,0,FALSE POSITIVE,9098810
1.81139053,8.64,77.5,14.47,1.137,12.5,1466.0,1092.69,5941.0,4.519,0.911,0,FALSE POSITIVE,9101208
7.09520543,3.69044,232683.0,50.23,0.778,1959.2,813.0,103.28,5481.0,4.592,0.778,0,FALSE POSITIVE,9944421
0.651731691,2.4602,20524.2,71.9,1.255,347.5,2604.0,10815.86,5791.0,4.052,1.472,0,FALSE POSITIVE,9945280
0.50818743,3.433,54.9,1.26,0.779,29.1,3274.0,27312.92,7141.0,4.243,1.56,0,FALSE POSITIVE,9953736
2.73398963,1.52,,,,,,25373.9,,,,0,FALSE POSITIVE,9958053
40.069674617,9.3564,41865.1,27.38,0.767,1304.8,588.0,28.2,5911.0,4.321,1.207,0,FALSE POSITIVE,9963009
55.884827,2.283,497.6,2.11,0.752,7.7,438.0,8.7,5668.0,4.545,0.868,0,FALSE POSITIVE,8545603
3.75938475,1.188,133.1,3.1,0.505,11.3,1677.0,1868.97,4976.0,3.534,2.638,0,FALSE POSITIVE,10976412
10.6840477,3.515,81901.0,26.43,1.012,395.3,444.0,9.21,3887.0,4.743,0.523,0,FALSE POSITIVE,10979716
2.00280845,1.22,,,,,,15763.18,,,,0,FALSE POSITIVE,10982373
10.67459836,3.82706,16676.0,68.58,1.255,1845.6,1083.0,325.55,6496.0,4.212,1.485,0,FALSE POSITIVE,10987439
2.305097141,1.9378,5880.0,89.22,1.286,133.4,2753.0,13581.41,8851.0,4.085,2.178,0,FALSE POSITIVE,10989032
0.974477904,2.69834,8846.9,618.37,1.252,801.7,5205.0,172916.96,5210.0,2.631,15.004,0,FALSE POSITIVE,10991989
18.525917446,5.9056,455661.0,64.42,0.415,2246.9,618.0,34.58,5492.0,4.533,0.887,0,FALSE POSITIVE,10992733
0.502454299,2.31547,37454.3,43.95,1.17,873.6,2336.0,7025.25,6134.0,4.498,0.901,0,FALSE POSITIVE,12356746
27.308150159,4.43906,388005.0,47.06,0.167,820.9,523.0,17.75,5541.0,4.574,0.739,0,FALSE POSITIVE,12356914
1.262742487,1.7433,15911.0,134.45,1.213,60.8,2548.0,9925.41,5273.0,3.621,3.15,0,FALSE POSITIVE,12365000
0.59586463,1.5,,,,,,931.51,,,,0,FALSE POSITIVE,12365015
1.222127938,2.2613,2486.5,30.32,1.258,200.9,1470.0,1107.41,5157.0,4.465,0.87,0,FALSE POSITIVE,12367017
8.627475562,4.65505,36784.3,188.55,1.141,1157.5,1446.0,1031.92,5146.0,3.475,4.063,0,FALSE POSITIVE,12367310
0.589753355,0.606,216.0,1.03,0.318,12.4,1760.0,2262.14,5414.0,4.648,0.678,0,FALSE POSITIVE,12403968
2.751566365,5.2403,72609.0,42.98,1.041,180.0,1171.0,445.35,5461.0,4.497,0.861,0,FALSE POSITIVE,12418662
0.760935268,2.77023,370600.0,35.68,0.527,1289.0,1285.0,640.66,4675.0,4.74,0.511,0,FALSE POSITIVE,12418816
1.33258772,5.187,70.8,1.13,0.634,16.0,1825.0,2625.26,5576.0,4.201,1.289,0,FALSE POSITIVE,9959492
1.353414369,13.416,610.2,216.31,1.202,100.8,3617.0,40561.5,4850.0,2.865,8.586,0,FALSE POSITIVE,3558803
2.9590637,28.81,23.6,0.65,0.2957,6.4,1564.0,1415.74,6192.0,4.195,1.322,0,FALSE POSITIVE,3634169
1.806631432,1.102,217.5,1.05,0.536,10.4,1059.0,297.98,4606.0,4.591,0.699,0,FALSE POSITIVE,3644174
15.066491533,6.2852,106051.0,88.56,0.988,893.0,932.0,177.96,5751.0,4.028,1.626,0,FALSE POSITIVE,3655326
1.831829703,7.289,40509.0,49.38,0.788,140.4,2078.0,4410.65,5269.0,3.667,2.183,0,FALSE POSITIVE,3656322
0.738527259,1.2174,422.9,49.08,1.171,104.1,2978.0,18549.81,5869.0,3.825,2.313,0,FALSE POSITIVE,3656700
0.89627093,2.2033,66994.0,43.47,1.062,152.9,1733.0,2129.33,5551.0,4.493,0.861,0,FALSE POSITIVE,3659940
1.06100327,1.675,95.9,0.94,0.0834,9.7,1793.0,2443.69,5966.0,4.493,0.961,0,FALSE POSITIVE,4949027
0.922030594,4.367,13859.0,49.63,1.242,331.7,2194.0,5474.27,6484.0,4.386,1.153,0,FALSE POSITIVE,4949214
611.09299,15.22,270.0,1.53,0.2171,12.2,215.0,0.51,6032.0,4.508,0.929,0,FALSE POSITIVE,4950341
24.714790706,5.06776,208732.0,112.24,0.781,5148.8,901.0,155.67,6300.0,3.982,1.862,0,FALSE POSITIVE,4950557
3.6329347,2.3,,,,,,10830.2,,,,0,FALSE POSITIVE,5000179
1.161947482,4.46886,129896.0,68.69,0.815,2435.4,2174.0,5300.4,6225.0,4.204,1.457,0,FALSE POSITIVE,5017058
0.607191908,1.30166,17368.7,12.44,0.917,961.9,1759.0,2251.28,5370.0,4.598,0.671,0,FALSE POSITIVE,5018787
2.2502073,2.203,260.1,19.94,0.268,7.8,3637.0,41377.92,4507.0,2.391,12.787,0,FALSE POSITIVE,8345473
0.648775795,4.34648,108824.0,41.58,0.961,6873.9,1714.0,2038.54,5143.0,4.559,0.776,0,FALSE POSITIVE,5598639
4.132521615,12.4949,156249.0,93.1,0.877,440.0,1628.0,1660.29,6567.0,4.045,1.636,0,FALSE POSITIVE,5610698
410.88527,24.1,2059.6,200346.0,100.196,21.5,774.0,84.63,5015.0,2.34,18.489,0,FALSE POSITIVE,5616489
0.938905082,5.00453,358893.0,205.64,0.54,2584.7,4281.0,79148.54,8615.0,3.784,3.003,0,FALSE POSITIVE,5621294
0.93891532,2.134,39.1,1.13,0.069,8.2,2667.0,11944.88,6534.0,4.074,1.797,0,FALSE POSITIVE,5621299
16.294213708,6.01687,174006.0,68.05,0.612,7486.2,929.0,176.22,6237.0,4.145,1.508,0,FALSE POSITIVE,5622250
11.02520205,12.8097,429759.0,164.02,0.439,2585.5,1294.0,663.18,6047.0,3.724,2.3,0,FALSE POSITIVE,5632781
10.819169459,5.50262,437142.0,67.76,0.275,5258.2,850.0,123.51,5955.0,4.429,0.991,0,FALSE POSITIVE,6594972
2.680514453,3.21178,195748.0,48.86,0.359,665.5,1431.0,989.89,6038.0,4.356,1.076,0,FALSE POSITIVE,6595662
1.053573674,1.70116,3063.0,299.87,1.308,445.3,4319.0,81969.77,5838.0,3.038,7.385,0,FALSE POSITIVE,6606282
0.970085646,1.129,153.0,18.65,0.035,9.8,5119.0,162048.58,4555.0,2.346,15.63,0,FALSE POSITIVE,6606669
63.52017525,17.1759,32548.4,77.1,0.375,1708.1,745.0,72.92,4938.0,3.388,4.33,0,FALSE POSITIVE,6607610
11.300987626,10.5199,325703.0,97.12,0.606,5027.8,1019.0,254.84,6143.0,4.165,1.448,0,FALSE POSITIVE,6610219
0.92098747,2.04,,,,,,27890.55,,,,0,FALSE POSITIVE,6610433
2.182515126,6.8413,114931.0,128.15,0.968,861.6,2703.0,12627.67,8051.0,3.966,2.347,0,FALSE POSITIVE,7368103
2.659418888,6.98414,305233.0,61.52,0.634,5776.1,1352.0,789.69,6156.0,4.5,0.932,0,FALSE POSITIVE,7369523
2.31610674,3.347,33.6,0.7,0.404,13.0,1559.0,1393.98,6025.0,4.3,1.193,0,FALSE POSITIVE,7376982
0.948683571,1.676,150.9,1.12,0.691,13.8,1665.0,1815.32,5576.0,4.556,0.852,0,FALSE POSITIVE,7381695
1.65546056,3.52,125.1,0.9,0.109,12.4,1331.0,743.75,5438.0,4.574,0.82,0,FALSE POSITIVE,7385387
1.655472351,5.09197,174198.0,125.25,0.836,823.8,2546.0,9914.08,6725.0,3.86,2.171,0,FALSE POSITIVE,7385478
4.50279037,6.72,,,,,,1017.15,,,,0,FALSE POSITIVE,7421876
1.759276227,3.19585,32091.2,40.79,1.026,2857.7,1861.0,2828.82,6656.0,4.351,1.232,0,FALSE POSITIVE,8243263
1.09206792,1.646,105.9,0.74,0.378,7.7,1320.0,715.46,4856.0,4.609,0.728,0,FALSE POSITIVE,8244295
1.613014741,4.39594,152120.0,157.33,0.882,1096.1,3145.0,23173.2,7832.0,3.836,2.779,0,FALSE POSITIVE,8262223
6.2089181,2.292,1664.0,9.2,0.6977,8.4,1378.0,853.5,5548.0,3.797,2.113,0,FALSE POSITIVE,8265520
0.77996263,3.369,25.7,0.83,0.0723,9.7,2607.0,10919.82,6002.0,4.032,1.629,0,FALSE POSITIVE,8265990
18.646323091,8.853,231000.0,213.31,0.742,2895.8,1194.0,480.54,5786.0,3.542,3.478,0,FALSE POSITIVE,9119405
3.6673005,3.373,144.9,0.62,0.1985,9.1,627.0,36.42,3823.0,4.729,0.519,0,FALSE POSITIVE,9156957
3.044771557,11.0593,487818.0,231.93,0.295,3684.9,2816.0,14849.39,8199.0,3.747,3.163,0,FALSE POSITIVE,9159301
0.773144492,4.05643,215961.0,107.13,0.694,2947.8,2860.0,15791.97,6413.0,4.038,1.91,0,FALSE POSITIVE,9163674
2.66811113,22.49,48.3,1.53,0.9911,32.5,1792.0,2439.28,6593.0,4.164,1.561,0,FALSE POSITIVE,9164788
50.440285363,12.2001,85309.1,51.5,0.658,2499.7,673.0,48.36,6225.0,4.039,1.646,0,FALSE POSITIVE,9172506
3.255385289,5.9498,158913.0,40.58,0.523,840.7,1236.0,550.68,5806.0,4.425,0.975,0,FALSE POSITIVE,9179531
7.4185369,1.451,14.7,0.81,0.053,5.2,1963.0,3511.86,9763.0,4.179,2.045,0,FALSE POSITIVE,9963639
15.68434493,44.463,791.6,56.23,1.206,256.3,1136.0,393.14,6407.0,3.888,2.191,0,FALSE POSITIVE,9965691
5.357409918,4.28582,199157.0,124.05,0.804,936.1,1492.0,1172.13,5768.0,3.809,2.057,0,FALSE POSITIVE,9971475
1.400991827,4.8798,64104.0,98.13,1.093,669.6,2468.0,8795.37,6706.0,4.026,1.924,0,FALSE POSITIVE,10000490
1.34062901,3.076,69.5,0.82,0.531,13.1,1678.0,1876.57,6045.0,4.494,0.955,0,FALSE POSITIVE,10014702
7.448375935,4.23892,152666.0,34.37,0.35,1837.9,871.0,136.18,5636.0,4.489,0.867,0,FALSE POSITIVE,10020423
0.533628226,5.772,81.8,2.41,0.9385,35.3,3885.0,53849.23,7163.0,3.906,2.177,0,FALSE POSITIVE,11027270
0.678137665,1.00718,885.0,30.37,1.263,172.7,2274.0,6364.7,6429.0,4.449,0.942,0,FALSE POSITIVE,11027722
2.069415479,5.71941,16188.3,55.45,1.241,1148.3,1768.0,2310.53,6640.0,4.343,1.25,0,FALSE POSITIVE,11029877
8.04963472,6.00488,279647.0,95.98,0.671,5246.5,1247.0,571.1,6698.0,4.171,1.485,0,FALSE POSITIVE,11071207
11.578946873,4.6373,299739.0,58.32,0.441,2456.3,869.0,134.91,6028.0,4.355,1.014,0,FALSE POSITIVE,11073223
1.47258471,4.76885,224011.0,123.25,0.75,741.5,2705.0,12617.53,7360.0,4.008,2.024,0,FALSE POSITIVE,11076279
4.446459958,2.558,5663.8,36.15,1.277,178.3,1030.0,265.42,5615.0,4.504,0.893,0,FALSE POSITIVE,11124509
8.207257515,4.23835,391305.0,46.82,0.596,1748.3,650.0,42.1,4859.0,4.637,0.621,0,FALSE POSITIVE,12470530
498.68845,17.88,548.3,2.44,0.1119,9.4,246.0,0.87,6184.0,4.448,1.038,0,FALSE POSITIVE,12504353
1.22775105,1.602,327.6,1.0,0.262,20.3,1094.0,340.64,4551.0,4.713,0.56,0,FALSE POSITIVE,12506342
7.214721393,2.36464,46801.5,16.79,0.898,582.0,630.0,37.12,4705.0,4.696,0.552,0,FALSE POSITIVE,12557713
8.15275885,1.746,16536.0,2.44,0.461,9.2,305.0,2.03,3327.0,5.113,0.189,1,CONFIRMED,9730163
3.18740907,6.19,137.5,0.81,0.144,9.2,919.0,168.43,4808.0,4.589,0.715,0,FALSE POSITIVE,2437112
10.23273611,1.55,,,,,,,,,,0,FALSE POSITIVE,8719324
0.962815183,2.581,20.7,1.12,0.0916,12.1,3152.0,23331.88,6638.0,3.792,2.445,0,FALSE POSITIVE,5471690
0.696290095,3.839,120.5,12.63,1.123,19.4,1969.0,3537.89,5904.0,4.543,0.867,0,FALSE POSITIVE,5078025
0.62240698,1.186,155.8,1.63,0.0908,10.2,2663.0,11894.49,6661.0,4.341,1.29,0,FALSE POSITIVE,3746248
24.09002065,11.0494,6782.2,9.39,0.946,252.3,551.0,21.85,5354.0,4.495,0.804,0,FALSE POSITIVE,3757588
4.4158933,1.155,191.1,1.42,0.1672,5.8,1138.0,395.82,5977.0,4.473,1.022,0,FALSE POSITIVE,3764411
2.666961614,2.4774,7583.4,40.68,1.276,249.5,1469.0,1104.26,6609.0,4.484,0.974,0,FALSE POSITIVE,3766353
1.17430183,9.587,64.5,2.22,0.9744,13.5,3020.0,19656.66,7537.0,4.007,2.145,0,FALSE POSITIVE,5019567
15.039464523,5.39796,66876.8,51.71,0.998,1133.5,877.0,139.95,6410.0,4.329,1.178,0,FALSE POSITIVE,5021732
3.693951168,2.2534,28290.0,20.88,0.917,173.2,1148.0,411.07,5968.0,4.534,0.881,0,FALSE POSITIVE,5022440
1.05680287,5.748,82.3,0.83,0.563,10.9,1633.0,1686.88,5584.0,4.532,0.885,0,FALSE POSITIVE,5022900
0.787122102,3.0999,596.8,20.76,1.211,57.4,1655.0,1775.05,5210.0,4.528,0.799,0,FALSE POSITIVE,5024126
2.15045295,4.453,169.1,24.27,0.3604,25.8,4340.0,83894.63,4899.0,2.356,18.92,0,FALSE POSITIVE,5024268
0.561524348,3.336,34.1,0.43,0.4172,15.7,2050.0,4173.47,5919.0,4.55,0.715,0,FALSE POSITIVE,5024372
1.21607873,4.686,29.4,1.92,0.991,11.2,2803.0,14545.24,6234.0,3.741,2.5,0,FALSE POSITIVE,5647638
38.49536985,12.8716,93327.0,124.34,1.013,201.9,824.0,109.13,6050.0,3.823,2.345,0,FALSE POSITIVE,5653126
4.18224416,6.209,57.2,1.07,0.99,13.8,1206.0,500.7,6057.0,4.392,0.999,0,FALSE POSITIVE,5686974
0.643002821,1.02608,2671.5,36.82,1.261,295.6,2188.0,5409.39,5681.0,4.315,1.036,0,FALSE POSITIVE,5696909
1.95119541,1.907,59.7,0.47,0.1533,7.7,1050.0,287.41,4936.0,4.681,0.628,0,FALSE POSITIVE,5697628
53.220416998,17.7344,72895.3,55.22,0.248,4563.5,655.0,43.63,5653.0,3.905,2.057,0,FALSE POSITIVE,5700330
0.71538172,5.0,,,,,,7377.38,,,,0,FALSE POSITIVE,6629156
2.264471713,7.1803,187430.0,102.12,0.81,873.7,2103.0,4637.68,6782.0,4.014,1.752,0,FALSE POSITIVE,6629588
18.3602239,2.352,574.6,2.04,0.1819,12.4,637.0,38.9,5713.0,4.551,0.856,0,FALSE POSITIVE,6636020
281.509095,40.963,5948.7,85.77,0.626,182.5,685.0,52.05,4797.0,2.632,10.709,0,FALSE POSITIVE,7431665
3.258249472,2.6358,1643.5,79.23,1.264,202.0,2057.0,4234.38,6712.0,3.859,2.361,0,FALSE POSITIVE,7455553
552.8295063,16.0851,266298.0,56.89,0.653,942.6,229.0,0.65,5956.0,4.403,0.929,0,FALSE POSITIVE,7456521
0.773595312,0.781,93.0,0.96,0.612,13.2,1976.0,3613.97,5973.0,4.506,0.935,0,FALSE POSITIVE,7461314
533.6593,12.81,533.5,1.92,0.1083,7.8,205.0,0.42,5695.0,4.556,0.839,0,FALSE POSITIVE,7499571
44.827323809,6.86103,237120.0,429.0,1.494,4484.5,779.0,87.2,5160.0,3.568,3.279,0,FALSE POSITIVE,7541502
7.535894184,8.3059,172126.0,24.64,0.644,1446.7,642.0,40.28,4969.0,4.736,0.537,0,FALSE POSITIVE,8285254
0.562498925,0.6743,420.1,2.88,0.971,44.1,2129.0,4880.5,5638.0,4.437,0.933,0,FALSE POSITIVE,8285970
0.755049082,2.09643,26067.9,30.47,1.225,683.7,1551.0,1372.84,5242.0,4.64,0.622,0,FALSE POSITIVE,8288719
1.012694226,3.6017,108504.0,42.51,0.534,185.1,2230.0,5846.79,6487.0,4.292,1.233,0,FALSE POSITIVE,8294484
10.303356001,5.98633,520067.0,69.66,0.364,2039.1,787.0,90.76,5497.0,4.423,0.9,0,FALSE POSITIVE,8296467
2.214029545,5.64264,349110.0,94.23,0.371,2680.5,1894.0,3041.8,6604.0,4.178,1.526,0,FALSE POSITIVE,8301013
2.441988077,3.94526,95343.5,90.39,0.888,1174.5,1993.0,3721.74,6078.0,3.874,2.059,0,FALSE POSITIVE,8302455
2.44200193,3.146,128.6,0.95,0.124,9.6,1217.0,518.48,5587.0,4.556,0.851,0,FALSE POSITIVE,8302473
384.847556,9.969,189.9,1.09,0.059,12.3,220.0,0.56,5579.0,4.58,0.798,1,CONFIRMED,8311864
2.131225773,5.4932,2337.1,35.68,1.264,215.6,1555.0,1382.47,6181.0,4.38,1.028,0,FALSE POSITIVE,9181340
1.219736039,4.89465,611523.0,135.43,0.229,1037.2,2611.0,10982.55,7358.0,4.171,1.637,0,FALSE POSITIVE,9205993
2.015152464,8.17997,561687.0,132.05,0.308,4129.6,2107.0,4657.05,6988.0,4.163,1.649,0,FALSE POSITIVE,9207508
0.82820657,2.70353,118533.0,35.67,0.94,548.3,1473.0,1109.75,5033.0,4.611,0.655,0,FALSE POSITIVE,9210828
2.537081943,4.80903,245319.0,67.96,0.451,2434.8,1712.0,2032.57,6735.0,4.307,1.309,0,FALSE POSITIVE,9236858
14.443127448,8.33598,41685.3,92.28,0.98,2186.0,1182.0,462.07,5757.0,3.672,2.736,0,FALSE POSITIVE,9243795
5.61386908,5.07753,57385.6,34.24,1.07,1253.6,714.0,61.43,4504.0,4.582,0.709,0,FALSE POSITIVE,9266285
9.080194398,8.18777,324573.0,76.4,0.614,3481.8,1013.0,248.49,6461.0,4.396,1.131,0,FALSE POSITIVE,10026136
9.93442075,7.8219,55965.0,34.03,1.117,529.0,679.0,50.35,5382.0,4.654,0.669,0,FALSE POSITIVE,10026457
2.071939672,4.45367,198766.0,75.64,0.806,2409.8,1696.0,1953.33,6140.0,4.247,1.254,0,FALSE POSITIVE,10031409
8.5893644,6.975,179.3,1.21,0.791,9.8,792.0,93.09,5602.0,4.571,0.817,0,FALSE POSITIVE,10031526
8.589644815,9.49469,269518.0,140.07,0.686,5324.6,1412.0,940.15,6331.0,3.813,2.194,0,FALSE POSITIVE,10031808
1.009671584,4.37759,155117.0,125.31,0.864,1440.7,3287.0,27692.04,7652.0,3.974,2.242,0,FALSE POSITIVE,10063044
1.260575815,2.36064,154278.0,29.91,0.58,781.2,1410.0,935.7,5388.0,4.576,0.715,0,FALSE POSITIVE,11134079
1.88912273,4.219,60.2,0.59,0.477,15.5,1248.0,573.44,5413.0,4.578,0.754,0,FALSE POSITIVE,11137061
0.609125246,0.655,139.2,0.96,0.242,10.9,1896.0,3049.07,5595.0,4.581,0.796,0,FALSE POSITIVE,11144439
1.566528935,3.2593,92511.0,49.66,1.033,485.0,1551.0,1371.7,5883.0,4.471,0.905,0,FALSE POSITIVE,11147276
4.52977632,26.752,1582.2,12.22,0.968,55.2,2264.0,6213.27,8912.0,4.05,2.299,0,FALSE POSITIVE,11154043
4.32744048,4.539,22.0,0.58,0.2789,8.0,1254.0,585.32,5888.0,4.275,1.227,0,FALSE POSITIVE,4548011
11.57958162,2.47,,,,,,,,,,0,FALSE POSITIVE,2852941
0.87630504,1.11,170.9,22.24,1.207,25.2,1911.0,3156.02,6032.0,4.508,0.929,0,FALSE POSITIVE,9597729
15.582794732,3.76683,52760.0,14.0,0.759,439.3,397.0,5.86,3849.0,4.703,0.546,0,FALSE POSITIVE,3830820
1.529283907,14.0075,54.8,2.26,0.981,41.5,2550.0,9998.13,6438.0,3.829,2.266,0,FALSE POSITIVE,3831523
2.908454772,2.6005,64325.0,40.85,1.113,252.8,1153.0,416.75,5631.0,4.518,0.764,0,FALSE POSITIVE,3834364
1.540396094,2.8044,55123.0,48.81,1.093,340.4,1576.0,1455.18,5780.0,4.438,1.0,0,FALSE POSITIVE,3836413
1.540395674,2.80168,70614.6,117.33,1.072,997.9,2850.0,15595.35,7394.0,3.897,2.283,0,FALSE POSITIVE,3836439
2.344138713,0.4495,110.8,2.43,0.104,8.6,1797.0,2469.65,5313.0,3.835,2.095,0,FALSE POSITIVE,3838004
0.91849333,2.399,58.7,0.93,0.276,13.0,2205.0,5576.7,6469.0,4.385,1.193,0,FALSE POSITIVE,3851134
1.341078755,3.86492,112151.0,41.8,0.309,1829.3,1968.0,3533.56,6368.0,4.323,1.225,0,FALSE POSITIVE,3851193
316.950146,5.33,,,,,,,,,,0,FALSE POSITIVE,9595956
589.74851,12.74,462.4,2.03,0.3597,11.5,217.0,0.53,6003.0,4.507,0.932,0,FALSE POSITIVE,9655792
235.2976173,87.013,23052.8,82.92,0.2758,210.7,585.0,27.65,4894.0,2.968,5.568,0,FALSE POSITIVE,9970396
7.4539297,14.21,,,,,,520.65,,,,0,FALSE POSITIVE,10253638
36.136968,15.42,152.0,1.3,0.296,10.4,600.0,30.69,6258.0,4.442,1.046,0,FALSE POSITIVE,10267121
0.933746709,3.435,18.6,0.36,0.057,14.3,1893.0,3026.99,6302.0,4.535,0.815,0,FALSE POSITIVE,10341777
0.93376738,4.036,55.4,0.63,0.714,16.5,1678.0,1879.0,5611.0,4.53,0.787,0,FALSE POSITIVE,10407271
0.93374073,4.296,147.6,0.84,0.009,13.4,1371.0,831.95,4753.0,4.585,0.717,0,FALSE POSITIVE,10471167
0.93369659,4.444,81.4,0.78,0.57,10.8,1680.0,1891.43,5619.0,4.558,0.838,0,FALSE POSITIVE,10471174
0.9337473,3.446,64.6,0.6,0.385,9.5,1625.0,1652.84,5649.0,4.606,0.741,0,FALSE POSITIVE,10471345
677.35794,9.698,322.4,7.12,0.8359,11.2,388.0,5.35,6335.0,3.593,3.523,0,FALSE POSITIVE,11296798
4.0551242,12.0,148.7,3.13,0.008,9.3,2013.0,3887.31,7064.0,3.888,2.531,0,FALSE POSITIVE,11463950
21.6817115,7.18,73.5,0.89,0.27,6.9,713.0,60.99,6297.0,4.448,1.031,0,FALSE POSITIVE,11621897
466.08101,23.69,180.1,2.13,0.0964,14.1,305.0,2.05,6098.0,4.097,1.59,0,FALSE POSITIVE,12253534
0.66573903,1.27,,,,,,,,,,0,FALSE POSITIVE,12304202
3.796383639,8.6711,31.1,0.71,0.649,24.5,1323.0,724.17,6017.0,4.3,1.21,0,FALSE POSITIVE,9291039
0.71059239,4.92,280.6,3.92,0.9638,22.8,3318.0,28640.03,7454.0,4.107,1.853,0,FALSE POSITIVE,10155321
3.36379289,23.7,136.3,44.77,1.159,36.9,1840.0,2712.28,5947.0,3.814,2.407,0,FALSE POSITIVE,4953173
0.907818056,1.679,29.5,0.55,0.037,13.2,2012.0,3871.99,6210.0,4.456,1.014,0,FALSE POSITIVE,6363560
297.71402,13.413,1374.5,45.69,0.8328,16.3,706.0,58.76,4916.0,2.572,10.801,0,FALSE POSITIVE,7539174
3.87594316,2.314,58.6,0.68,0.025,14.2,1081.0,323.21,5713.0,4.541,0.893,1,CONFIRMED,7935997
0.93373761,3.303,58.7,1.0,0.041,9.7,2073.0,4359.29,5534.0,4.17,1.326,0,FALSE POSITIVE,10535708
0.687739345,0.1866,37.6,1.53,0.4062,11.0,2837.0,15318.29,6823.0,4.212,1.493,0,FALSE POSITIVE,11453930
9.524076544,10.4891,198399.0,151.0,0.313,1942.5,1390.0,882.28,5180.0,3.428,3.371,0,FALSE POSITIVE,4737267
11.637858887,11.8851,427948.0,77.01,0.473,2637.0,895.0,151.54,6360.0,4.433,1.058,0,FALSE POSITIVE,5955321
50.900813,3.3,,,,,,,,,,0,FALSE POSITIVE,6182093
14.5862195,2.733,202.2,1.17,0.0133,9.3,702.0,57.32,5904.0,4.565,0.819,0,FALSE POSITIVE,10621666
0.938074536,1.9618,575.9,417.01,1.196,36.1,5718.0,251840.36,4697.0,2.204,17.032,0,FALSE POSITIVE,5211470
0.698359996,1.4959,774.1,28.97,1.247,26.1,1990.0,3702.25,5761.0,4.492,0.956,0,FALSE POSITIVE,6665064
563.94854,15.631,872.9,2.55,0.0504,16.3,209.0,0.45,5853.0,4.544,0.868,0,FALSE POSITIVE,3123418
0.98376204,10.052,55.0,12.44,1.01,25.2,4203.0,73867.88,6431.0,3.276,5.294,0,FALSE POSITIVE,3458687
2.403704619,0.8927,110.6,27.04,1.007,1.4,3903.0,54903.0,6244.0,2.897,10.105,0,FALSE POSITIVE,3749508
33.65766894,40.787,15379.5,78.44,0.306,519.2,1211.0,508.66,4774.0,2.759,6.447,0,FALSE POSITIVE,3955867
0.892988877,2.4428,85.0,2.94,0.71,43.8,3285.0,27545.43,6228.0,3.668,2.975,0,FALSE POSITIVE,4074294
0.705816203,5.55,149.0,15.33,1.133,19.6,2109.0,4650.24,6106.0,4.487,0.966,0,FALSE POSITIVE,4380560
374.51648,6.088,907419.0,73.1,0.0139,105.8,220.0,0.55,5714.0,4.627,0.711,0,FALSE POSITIVE,4384652
10.3482112,2.089,255.1,1.29,0.093,8.4,724.0,64.97,5383.0,4.543,0.822,0,FALSE POSITIVE,7697568
1.7609276,5.189,57.3,1.53,0.29,26.1,2860.0,15818.72,8784.0,4.156,1.967,0,FALSE POSITIVE,4483235
321.24194284,10.16,,,,,,,,,,0,FALSE POSITIVE,4662363
1.463148937,11.04,168.0,15.82,1.0653,66.6,2371.0,7470.01,6525.0,3.993,1.805,0,FALSE POSITIVE,4680745
374.514471,6.629,440516.0,139.55,1.0492,130.3,295.0,1.79,6446.0,4.381,1.155,0,FALSE POSITIVE,4851195
1.525924746,1.955,74.1,8.86,0.208,11.9,3786.0,48691.77,5000.0,2.81,10.533,0,FALSE POSITIVE,5024414
1.25383162,7.68,12.9,0.47,0.2204,9.7,2109.0,4677.63,6472.0,4.271,1.299,0,FALSE POSITIVE,5177065
12.82252496,18.8,19268.0,20.12,0.706,13.7,915.0,165.54,5845.0,4.178,1.352,0,FALSE POSITIVE,5268955
0.648772102,2.614,31.1,2.6,0.368,15.0,3758.0,47393.05,4973.0,3.208,4.708,0,FALSE POSITIVE,5598645
0.96391996,3.01,,,,,,,,,,0,FALSE POSITIVE,5696518
0.93705132,4.808,51.5,6.09,0.773,17.3,5094.0,159426.96,6691.0,3.088,7.781,0,FALSE POSITIVE,5908086
451.86579,13.47,80.0,1.85,0.379,12.0,464.0,10.97,9024.0,4.154,2.005,0,FALSE POSITIVE,6307243
491.52571,12.43,457.3,1.43,0.4713,8.8,159.0,0.15,4541.0,4.608,0.669,0,FALSE POSITIVE,6350522
411.54039644,17.33,,,,,,,,,,0,FALSE POSITIVE,6385302
480.03759,16.25,717.4,1.14,0.2596,9.0,109.0,0.03,3622.0,4.826,0.43,0,FALSE POSITIVE,6508734
0.87985197,1.3,,,,,,,,,,0,FALSE POSITIVE,6527050
0.592618966,0.811,91.4,0.86,0.083,14.9,2103.0,4626.58,5926.0,4.532,0.887,0,FALSE POSITIVE,6590362
0.532854237,3.231,50.9,1.21,0.618,27.9,3042.0,20292.47,6266.0,4.067,1.613,0,FALSE POSITIVE,6628740
0.566802672,3.545,31.7,1.08,0.128,14.3,2791.0,14458.31,5102.0,3.787,1.961,0,FALSE POSITIVE,7031126
0.566796331,5.194,114.8,1.5,0.981,33.3,2411.0,7979.99,6319.0,4.447,1.032,0,FALSE POSITIVE,7031208
0.566785459,2.893,63.8,0.84,0.588,16.5,2280.0,6410.46,6063.0,4.476,1.012,0,FALSE POSITIVE,7031742
0.566792936,2.846,23.0,0.79,0.467,14.3,3114.0,22251.32,6432.0,4.018,1.603,0,FALSE POSITIVE,7032568
0.5668004,3.813,93.2,0.88,0.593,18.3,2222.0,5739.87,6215.0,4.543,0.872,0,FALSE POSITIVE,7032687
0.566793614,5.723,31.4,21.63,0.9476,79.8,7584.0,781981.98,3789.0,1.549,27.384,0,FALSE POSITIVE,7115384
0.566798676,2.777,59.9,0.68,0.01,12.8,2051.0,4160.07,5490.0,4.436,0.887,0,FALSE POSITIVE,7116282
0.5667638,1.73,64.5,0.75,0.158,2.4,2178.0,5335.09,5766.0,4.433,0.94,0,FALSE POSITIVE,7116859
38.51077573,38.8558,84633.4,18.68,0.467,3567.5,352.0,3.64,4374.0,4.626,0.635,0,FALSE POSITIVE,7133286
4.23965309,3.29,,,,,,,,,,0,FALSE POSITIVE,7186259
0.577910513,1.362,144.1,1.1,0.367,18.1,2081.0,4429.84,5730.0,4.503,0.908,0,FALSE POSITIVE,7214090
0.566807725,2.16,31.5,0.94,0.155,12.3,2524.0,9645.51,5018.0,3.953,1.734,0,FALSE POSITIVE,7281694
0.566807422,5.148,26.1,1.13,0.985,28.8,2680.0,12227.82,5616.0,4.04,1.547,0,FALSE POSITIVE,7362450
1.345078434,10.19,3025.0,12.16,0.9526,27.7,2324.0,6894.58,6664.0,4.141,1.675,0,FALSE POSITIVE,8007262
439.1076969,26.2259,69792.0,24.7,0.7777,884.9,221.0,0.57,5810.0,4.567,0.811,0,FALSE POSITIVE,8106973
0.594003994,5.557,25.4,1.55,0.4978,51.1,4952.0,142174.84,8596.0,3.793,2.968,0,FALSE POSITIVE,8258103
2.08802799,24.017,70.8,1.93,0.9865,60.5,2003.0,3806.17,6593.0,4.117,1.67,0,FALSE POSITIVE,8579684
10.4212788,28.4832,148.0,36.9,1.151,31.0,1235.0,549.92,6183.0,3.908,2.073,0,FALSE POSITIVE,8649876
0.778705577,6.445,54.5,59.33,1.1716,104.9,4233.0,75864.33,7846.0,3.743,3.066,0,FALSE POSITIVE,8846809
4.44709107,16.79,40.5,0.96,0.988,22.6,1228.0,537.35,6137.0,4.357,1.076,0,FALSE POSITIVE,8868686
293.70696,11.03,1575.0,6140.44,63.9417,11.2,274.0,1.34,6054.0,4.508,0.893,0,FALSE POSITIVE,9025662
27.795762425,15.5056,420329.0,81.48,0.483,1969.5,655.0,43.51,5915.0,4.329,1.13,0,FALSE POSITIVE,8572936
20.733748565,6.28773,417340.0,69.8,0.479,2236.7,661.0,45.06,5620.0,4.363,0.974,0,FALSE POSITIVE,9837578
24.238241803,4.16665,461962.0,102.31,0.426,1126.4,793.0,93.68,6457.0,4.259,1.365,0,FALSE POSITIVE,7821010
11.258825027,8.9592,196280.0,87.18,0.805,6395.7,1080.0,322.25,6217.0,4.052,1.464,0,FALSE POSITIVE,5473556
28.162612575,3.19576,37749.6,23.52,0.952,912.7,470.0,11.52,4936.0,4.54,0.761,0,FALSE POSITIVE,6504534
75.378956896,7.70352,539175.0,58.76,0.273,1886.6,365.0,4.17,5420.0,4.596,0.771,0,FALSE POSITIVE,6307062
9.0584662,6.376,61.8,2.46,0.154,17.9,1310.0,695.41,5198.0,3.614,3.207,0,FALSE POSITIVE,5652983
3.9169155,2.11,,,,,,,,,,0,FALSE POSITIVE,9092897
342.55315723,73.8068,192887.0,830.99,0.797,8248.4,738.0,70.22,4857.0,2.422,14.219,0,FALSE POSITIVE,9246715
362.747593,16.45,132.4,2.51,0.3185,13.0,384.0,5.13,6176.0,3.885,2.16,0,FALSE POSITIVE,9292130
0.536650344,2.878,25.8,1.57,0.7718,7.0,3380.0,30860.16,5490.0,3.681,2.825,0,FALSE POSITIVE,9541144
328.0485,13.75,398.0,2.22,0.329,6.9,292.0,1.72,6268.0,4.429,1.1,0,FALSE POSITIVE,8757213
1.72128752,2.366,58.5,0.65,0.449,7.7,1415.0,944.49,5813.0,4.561,0.833,0,FALSE POSITIVE,8880003
0.784294574,4.18831,212526.0,87.26,0.764,1751.1,2651.0,11702.6,6576.0,4.171,1.455,0,FALSE POSITIVE,8953296
361.51099,4.868,235.9,6.85,0.443,9.3,733.0,68.36,9492.0,3.619,4.298,0,FALSE POSITIVE,8749844
1.41435861,2.285,56.8,0.74,0.189,9.5,1578.0,1458.2,5470.0,4.366,0.994,0,FALSE POSITIVE,8962007
0.616343903,0.7656,161.4,1.72,0.042,77.8,2513.0,9411.28,6045.0,4.264,1.34,0,FALSE POSITIVE,8703491
364.33929,13.486,1944.0,4.4,0.934,15.9,228.0,0.64,5606.0,4.557,0.8,0,FALSE POSITIVE,9079587
352.710091,2.901,1658.0,3.75,0.329,9.6,261.0,1.09,6112.0,4.513,0.908,0,FALSE POSITIVE,8703506
33.8938177,2.012,205.1,1.22,0.332,6.8,527.0,18.27,5818.0,4.554,0.848,0,FALSE POSITIVE,8590776
224.591055,3.232,125.2,2.17,0.768,8.2,392.0,5.56,5786.0,3.992,1.771,0,FALSE POSITIVE,8761550
374.93999098,17.0849,235.1,4.67,0.64,8.4,381.0,4.99,5382.0,3.645,2.909,0,FALSE POSITIVE,8686761
24.2783801,4.564,714.4,2.03,0.717,13.6,432.0,8.27,4450.0,4.583,0.707,1,CONFIRMED,8873450
11.9283194,6.69,182.5,0.98,0.052,10.6,632.0,37.8,5010.0,4.545,0.75,0,FALSE POSITIVE,8750503
0.603351522,0.8358,164.1,3.91,0.46,20.6,3730.0,45493.51,6240.0,3.679,2.948,0,FALSE POSITIVE,8639155
31.97280045,4.9,2236.4,5.88,0.935,44.8,626.0,36.33,6340.0,4.457,1.01,0,FALSE POSITIVE,9021047
8.39140024,1.193,134.4,1.1,0.342,9.2,921.0,169.89,5892.0,4.389,0.935,0,FALSE POSITIVE,8587439
0.532493086,2.145,19.9,1.87,0.558,8.9,4893.0,135046.96,6894.0,3.476,4.032,0,FALSE POSITIVE,8712863
0.812678859,0.841,39.3,0.83,0.664,7.4,2403.0,7917.14,6636.0,4.349,1.236,0,FALSE POSITIVE,9079915
183.836254,13.088,1046.2,51.64,0.956,15.7,852.0,124.46,4959.0,2.569,11.963,0,FALSE POSITIVE,10208894
5.959695593,1.8383,151.2,1.13,0.626,4.7,937.0,182.4,5717.0,4.538,0.884,0,FALSE POSITIVE,10214873
452.65206,19.87,175.1,2.41,0.646,17.0,345.0,3.33,6664.0,4.075,1.73,0,FALSE POSITIVE,10268714
234.66319186,7.627,243.5,1.68,0.029,5.0,328.0,2.73,6306.0,4.426,1.076,0,FALSE POSITIVE,10281311
351.204993,22.414,1257.9,3.57,0.777,21.3,258.0,1.04,5845.0,4.435,0.918,0,FALSE POSITIVE,10341876
3.381607,7.627,440.6,117.25,0.088,16.6,6037.0,314164.85,3974.0,1.056,59.437,0,FALSE POSITIVE,10219288
0.660655454,7.111,566.9,16.81,1.098,77.7,2497.0,9210.84,6520.0,4.375,1.215,0,FALSE POSITIVE,10226343
145.750554,13.999,385.6,15.34,0.017,17.0,748.0,74.07,5096.0,3.007,8.038,0,FALSE POSITIVE,10263598
2.17813954,2.063,28.6,1.0,0.054,9.7,2073.0,4372.75,6511.0,4.003,1.851,0,FALSE POSITIVE,10266860
384.09781,12.55,100.1,1.63,0.016,8.7,330.0,2.8,5884.0,3.979,1.628,0,FALSE POSITIVE,4763020
0.505322676,5.2727,77349.2,46.59,1.036,384.6,2275.0,6291.87,5941.0,4.49,0.924,0,FALSE POSITIVE,5128966
333.71634048,4.8236,420.2,3.53,0.093,3.1,362.0,4.05,6045.0,3.956,1.719,0,FALSE POSITIVE,5288744
322.50741,20.688,349.5,2.11,0.912,13.7,257.0,1.03,5708.0,4.465,0.933,0,FALSE POSITIVE,5305225
373.8716,16.78,382.7,2.19,0.246,10.3,279.0,1.44,5846.0,4.258,1.116,0,FALSE POSITIVE,5598216
171.046664,2.438,731.0,32.31,0.387,9.8,827.0,110.64,4932.0,2.697,12.048,0,FALSE POSITIVE,5637036
0.799868354,6.613,4928.8,34.7,1.274,251.4,1816.0,2581.61,5568.0,4.488,0.882,0,FALSE POSITIVE,5647008
345.7671,15.38,212.7,2.5,0.391,12.3,336.0,3.02,5845.0,4.024,1.702,0,FALSE POSITIVE,10385708
350.34114,16.97,1363.8,2.5,0.01,16.4,202.0,0.39,5188.0,4.642,0.69,0,FALSE POSITIVE,10404545
363.97165,5.702,1966.0,40.48,1.394,8.5,231.0,0.68,5648.0,4.559,0.841,0,FALSE POSITIVE,10425070
395.23753,18.494,1298.0,3.17,0.629,13.4,225.0,0.61,5648.0,4.559,0.841,0,FALSE POSITIVE,10425070
385.97241,12.167,162.0,1.72,0.444,10.8,325.0,2.65,6732.0,4.271,1.316,0,FALSE POSITIVE,10461045
89.667675,3.726,1415.0,78.77,0.324,7.0,1364.0,818.91,4742.0,2.099,21.291,0,FALSE POSITIVE,10493253
321.02094,7.51,592.9,1.96,0.295,8.5,232.0,0.69,5334.0,4.492,0.81,0,FALSE POSITIVE,10321927
1.213742728,3.596,31.7,1.18,0.627,20.3,2599.0,10804.6,6532.0,3.961,1.987,0,FALSE POSITIVE,10322797
366.74866,12.446,419.1,2.35,0.663,9.1,281.0,1.48,6136.0,4.368,1.087,0,FALSE POSITIVE,10338529
0.93374894,4.637,226.2,0.18,0.457,9.3,433.0,8.36,2661.0,5.283,0.116,0,FALSE POSITIVE,10340212
0.734548624,2.207,58.6,0.84,0.747,25.1,2082.0,4454.22,6046.0,4.478,1.007,0,FALSE POSITIVE,10383729
317.99484,7.28,719.0,2.22,0.405,8.4,241.0,0.79,5665.0,4.568,0.82,0,FALSE POSITIVE,5709226
432.96732,10.85,866.0,1.64,0.189,10.0,151.0,0.12,4403.0,4.7,0.576,0,FALSE POSITIVE,5775090
614.39054,9.312,289.1,2.43,0.11,10.2,269.0,1.24,6228.0,4.193,1.427,0,FALSE POSITIVE,5791705
238.561202,11.9,260.2,5.75,0.732,16.4,568.0,24.55,6565.0,3.573,3.308,0,FALSE POSITIVE,5812648
375.17737,20.52,1230.0,3.64,0.405,13.7,264.0,1.15,6089.0,4.468,1.024,0,FALSE POSITIVE,5872139
334.87402,35.42,387.8,47.48,1.165,19.1,408.0,6.52,6122.0,3.811,2.348,0,FALSE POSITIVE,10519701
370.2402,31.46,1272.6,29.24,1.239,20.5,270.0,1.26,6296.0,4.481,0.966,0,FALSE POSITIVE,10664150
1.6749812,2.707,94.0,79.51,0.382,8.9,8986.0,1540745.8,3940.0,0.76,84.461,0,FALSE POSITIVE,10735575
288.678554,9.197,242.5,0.96,0.717,10.8,172.0,0.21,4326.0,4.667,0.575,0,FALSE POSITIVE,10753394
307.94735718,15.0,11296.0,76.66,0.966,16.5,492.0,13.83,4878.0,3.08,4.461,0,FALSE POSITIVE,10875937
264.63654,42.77,431.8,42.55,1.247,28.2,376.0,4.75,6564.0,4.198,1.461,0,FALSE POSITIVE,11087662
375.408923,11.438,87.3,4.48,0.529,15.3,858.0,128.15,11357.0,3.667,4.528,0,FALSE POSITIVE,10389280
2.17812769,1.645,61.7,0.78,0.533,10.4,1421.0,963.16,6014.0,4.494,0.958,0,FALSE POSITIVE,10397315
0.93378068,3.706,72.7,0.63,0.251,9.2,1427.0,985.2,4938.0,4.601,0.753,0,FALSE POSITIVE,10405224
0.93373895,4.156,39.6,0.64,0.259,10.5,1993.0,3723.37,6223.0,4.459,1.006,0,FALSE POSITIVE,10405482
0.93373718,2.582,18.9,0.48,0.29,8.4,2097.0,4570.22,6367.0,4.419,1.087,0,FALSE POSITIVE,10405546
213.201978,15.396,696.9,1.91,0.214,12.9,221.0,0.56,4594.0,4.557,0.752,0,FALSE POSITIVE,5955427
77.773042,2.285,432.6,15.03,0.558,7.7,955.0,196.5,4763.0,2.685,7.068,0,FALSE POSITIVE,5956977
381.782641,4.52,367.6,55.75,1.204,8.6,384.0,5.12,6056.0,3.816,2.29,0,FALSE POSITIVE,6043574
354.7897,12.62,81.0,0.47,0.449,9.2,134.0,0.08,3778.0,4.742,0.515,0,FALSE POSITIVE,6049470
235.544698,8.93,299.3,2.13,0.005,9.2,316.0,2.36,5533.0,4.244,1.255,0,FALSE POSITIVE,6105359
115.28415,11.39,415.1,2.05,0.39,9.5,374.0,4.63,5780.0,4.438,1.0,0,FALSE POSITIVE,11099109
423.73074,19.4,834.9,2.48,0.37,12.1,225.0,0.6,5743.0,4.553,0.853,0,FALSE POSITIVE,11124353
677.56282,10.53,631.0,2.24,0.537,8.5,190.0,0.31,5511.0,4.477,0.872,0,FALSE POSITIVE,11400356
371.21205,19.95,719.9,2.55,0.357,12.9,259.0,1.07,6106.0,4.497,0.94,0,FALSE POSITIVE,11449696
190.783023,4.069,1385.0,71.66,0.088,9.5,989.0,226.51,5013.0,2.394,19.813,0,FALSE POSITIVE,11456839
0.85581563,10.27,,,,,,,,,,0,FALSE POSITIVE,10462462
0.9337491,3.842,98.1,0.79,0.084,12.6,1662.0,1809.26,5628.0,4.575,0.808,0,FALSE POSITIVE,10470882
0.93374417,3.385,31.3,0.64,0.277,9.9,2126.0,4835.58,6363.0,4.399,1.131,0,FALSE POSITIVE,10470993
0.93374635,3.074,34.3,0.63,0.096,7.3,1895.0,3029.67,5593.0,4.349,1.094,0,FALSE POSITIVE,10471005
0.9337465,3.629,49.9,0.63,0.167,11.6,1863.0,2852.33,6102.0,4.528,0.887,0,FALSE POSITIVE,10471055
0.93371631,4.344,61.3,0.7,0.401,10.3,1743.0,2180.39,5734.0,4.538,0.883,0,FALSE POSITIVE,10471204
260.02265,12.009,2060.7,3.13,0.842,25.7,217.0,0.53,5250.0,4.684,0.608,0,FALSE POSITIVE,6119605
443.66,7.99,360.7,33.2,1.194,6.3,331.0,2.85,6743.0,4.144,1.433,0,FALSE POSITIVE,6230649
366.28999,10.869,2568.0,68.39,0.654,11.9,666.0,46.47,5083.0,2.708,12.868,0,FALSE POSITIVE,6286633
72.6549842,5.503,389.3,34.52,1.141,22.1,699.0,56.33,6793.0,3.926,1.96,0,FALSE POSITIVE,6451125
379.42818,11.24,403.9,1.89,0.006,11.1,252.0,0.95,5947.0,4.487,0.945,0,FALSE POSITIVE,6516529
103.039788,14.197,1370.0,2.05,0.039,15.9,210.0,0.46,3749.0,4.674,0.581,0,FALSE POSITIVE,6521526
371.90464,25.36,519.1,2.88,0.922,14.4,271.0,1.28,6164.0,4.446,1.045,0,FALSE POSITIVE,11501492
362.85801,17.03,151.6,1.9,0.626,10.1,353.0,3.66,6740.0,4.165,1.471,0,FALSE POSITIVE,11558217
384.558321,4.76,1330.0,14.33,0.947,10.1,382.0,5.03,5078.0,3.479,3.0,0,FALSE POSITIVE,11649292
397.72733,11.683,232.8,1.48,0.013,9.0,253.0,0.97,6032.0,4.485,0.973,0,FALSE POSITIVE,11760931
504.88419,20.18,5058.0,25.19,1.26,15.9,157.0,0.14,4559.0,4.612,0.655,0,FALSE POSITIVE,11854061
384.92275,9.98,184.8,1.64,0.288,7.2,298.0,1.87,6070.0,4.186,1.191,0,FALSE POSITIVE,11868122
0.93376131,3.747,55.6,0.61,0.312,10.5,1682.0,1891.81,5665.0,4.568,0.82,0,FALSE POSITIVE,10471243
0.93377253,2.544,30.0,0.43,0.004,8.4,1644.0,1734.32,5595.0,4.581,0.796,0,FALSE POSITIVE,10471296
0.93376021,3.182,56.5,0.4,0.297,9.5,1019.0,253.97,3885.0,4.71,0.54,0,FALSE POSITIVE,10535886
0.93372008,2.591,17.0,0.41,0.413,7.9,1990.0,3704.01,6221.0,4.452,0.983,0,FALSE POSITIVE,10535897
0.93373591,4.517,35.1,0.57,0.21,10.8,1904.0,3116.05,6028.0,4.47,0.95,0,FALSE POSITIVE,10535926
0.93374911,3.504,57.8,0.66,0.505,8.4,1793.0,2442.7,5978.0,4.554,0.846,0,FALSE POSITIVE,10535991
0.93372261,3.052,31.2,0.59,0.534,8.2,1949.0,3430.76,5984.0,4.419,1.017,0,FALSE POSITIVE,10536177
312.61007,14.85,438.7,2.01,0.601,11.9,258.0,1.05,5818.0,4.523,0.925,0,FALSE POSITIVE,6600492
429.60143,18.11,1001.4,2.74,0.025,12.2,223.0,0.58,5587.0,4.502,0.877,0,FALSE POSITIVE,6685403
499.88159,13.39,184.4,2.61,0.671,12.4,338.0,3.07,6486.0,3.992,1.812,0,FALSE POSITIVE,6846544
197.37704,18.71,226.2,84.37,1.277,15.1,815.0,104.45,10974.0,4.041,2.677,0,FALSE POSITIVE,6848529
1.65746034,4.572,22.9,0.54,0.193,9.1,1663.0,1808.13,5860.0,4.326,1.13,0,FALSE POSITIVE,6887321
0.566799395,1.5368,231.2,1.65,0.042,33.7,2448.0,8550.93,6322.0,4.426,1.075,0,FALSE POSITIVE,6953281
203.8406,9.33,227.4,2.41,0.04,8.6,385.0,5.21,5548.0,3.97,1.616,0,FALSE POSITIVE,7020168
14.395425,5.12,115.4,0.85,0.398,9.4,672.0,48.08,5715.0,4.586,0.782,0,FALSE POSITIVE,12012872
231.157554,8.489,845.6,37.37,0.749,17.4,789.0,91.65,5386.0,2.78,11.839,0,FALSE POSITIVE,12069319
495.06538,21.09,417.0,2.0,0.341,13.2,236.0,0.74,6075.0,4.486,0.969,0,FALSE POSITIVE,12121118
595.78152,15.97,84.9,1.18,0.164,10.6,245.0,0.85,5618.0,4.155,1.288,0,FALSE POSITIVE,12252732
365.709623,13.553,1033.4,26.93,0.338,15.1,604.0,31.42,4787.0,2.629,8.522,0,FALSE POSITIVE,12554051
655.25732,20.05,268.2,1.56,0.141,11.5,226.0,0.62,6420.0,4.492,0.941,0,FALSE POSITIVE,12555140
0.573762943,2.196,48.3,0.39,0.13,8.5,1538.0,1331.17,4891.0,4.683,0.571,0,FALSE POSITIVE,10614845
1.072934147,4.50475,96883.0,81.42,1.009,949.0,2523.0,9590.04,7031.0,4.222,1.523,0,FALSE POSITIVE,10616829
2.61854596,4.866,19.7,1.18,0.033,8.1,2008.0,3846.53,5657.0,3.721,2.682,0,FALSE POSITIVE,10686909
13.667809025,2.7993,127.7,0.91,0.212,2.6,705.0,58.32,5796.0,4.556,0.807,0,FALSE POSITIVE,10730250
1.105123883,3.001,66.7,0.83,0.685,20.7,1755.0,2235.64,5883.0,4.476,0.959,0,FALSE POSITIVE,10801951
381.85852,16.121,362.9,8.3,0.024,16.0,453.0,9.93,4959.0,3.155,4.486,0,FALSE POSITIVE,7049771
455.77076435,5.1149,341.1,5.34,0.802,11.6,419.0,7.28,6785.0,3.788,2.623,0,FALSE POSITIVE,7053328
212.760495,3.703,195.8,2.8,0.036,9.2,485.0,13.13,7021.0,4.031,1.976,0,FALSE POSITIVE,7106437
73.836858,19.722,231.2,25.09,0.8,13.1,1143.0,403.37,4769.0,2.583,14.706,0,FALSE POSITIVE,7117050
160.243128,5.393,556.4,15.72,0.258,10.2,686.0,52.5,5128.0,3.091,6.775,0,FALSE POSITIVE,7185710
402.41511,5.156,780.6,2.52,0.281,9.5,253.0,0.96,6251.0,4.53,0.889,0,FALSE POSITIVE,7282872
369.28177,26.96,1017.7,34.25,1.297,13.0,250.0,0.93,5900.0,4.509,0.951,0,FALSE POSITIVE,7340624
462.463589,5.007,1024.3,8.92,0.386,13.2,355.0,3.78,5059.0,3.466,2.799,0,FALSE POSITIVE,12647110
0.939375593,2.8424,100893.0,52.18,0.987,317.3,1936.0,3333.58,5826.0,4.345,0.978,0,FALSE POSITIVE,3662635
31.1911468,7.003,228.4,9.36,0.019,11.4,1131.0,386.78,4785.0,3.009,6.443,0,FALSE POSITIVE,3734501
30.9587224,4.411,342.0,2.34,0.765,13.1,686.0,52.49,6525.0,4.381,1.161,0,FALSE POSITIVE,4169315
9.1447861,5.422,268.8,1.63,0.742,14.9,843.0,119.61,5849.0,4.517,0.919,0,FALSE POSITIVE,10862284
0.786483923,7.035,233.3,21.66,1.139,104.2,2408.0,7999.91,6315.0,4.258,1.282,0,FALSE POSITIVE,10877024
0.9438885,2.592,35.8,1.45,0.649,8.3,3158.0,23572.82,6947.0,3.895,2.297,0,FALSE POSITIVE,10920420
40.244826,4.303,192.9,115.94,0.022,16.8,3302.0,28103.18,3674.0,0.452,89.878,0,FALSE POSITIVE,7622473
135.428746,7.394,381.1,1.83,0.498,7.9,343.0,3.29,5849.0,4.517,0.919,0,FALSE POSITIVE,7662744
380.03903,18.5,788.8,2.36,0.555,13.2,219.0,0.55,5477.0,4.568,0.818,0,FALSE POSITIVE,7686191
380.294204,12.351,730.5,2.27,0.519,15.0,229.0,0.65,5518.0,4.473,0.822,0,FALSE POSITIVE,7690521
373.74691,28.37,622.3,2.65,0.834,16.2,260.0,1.08,6131.0,4.497,0.945,0,FALSE POSITIVE,7747835
315.81065,23.66,541.6,1.82,0.094,11.6,212.0,0.47,4875.0,4.514,0.81,0,FALSE POSITIVE,7762886
16.9341628,3.94,207.8,1.71,0.662,7.2,798.0,95.78,6321.0,4.417,1.125,0,FALSE POSITIVE,7811537
527.68601,4.817,602.0,2.0,0.011,6.8,203.0,0.4,5657.0,4.567,0.824,0,FALSE POSITIVE,4566999
267.911652,4.124,695.0,2.38,0.016,7.7,257.0,1.03,5291.0,4.423,0.926,0,FALSE POSITIVE,4569942
99.299502,3.631,408.5,5.4,0.526,6.6,682.0,51.2,6832.0,3.851,2.578,0,FALSE POSITIVE,4772095
371.47786,12.3,264.9,1.2,0.128,8.6,203.0,0.4,5162.0,4.605,0.754,0,FALSE POSITIVE,4847801
1.99638423,2.4,29.4,0.59,0.223,6.2,1590.0,1505.17,6249.0,4.428,1.076,0,FALSE POSITIVE,5026023
29.3657204,8.7303,74936.0,51.33,0.954,808.9,685.0,51.92,6167.0,4.299,1.195,0,FALSE POSITIVE,9101271
1.035329922,3.8022,992.8,105.66,1.243,178.0,3654.0,42120.85,7030.0,3.65,3.512,0,FALSE POSITIVE,9118340
3.04463691,6.656,47.0,0.68,0.322,10.4,1321.0,721.48,6181.0,4.474,0.98,0,FALSE POSITIVE,9159198
7.508818,6.5,70.1,1.02,0.025,7.4,1107.0,354.74,6293.0,4.291,1.213,0,FALSE POSITIVE,11098004
383.937324,2.884,627.7,7.9,0.011,10.8,389.0,5.43,5216.0,3.53,3.207,0,FALSE POSITIVE,11135119
0.619618218,1.2517,50.3,3.34,0.389,4.4,3818.0,50197.86,5180.0,3.314,4.717,0,FALSE POSITIVE,11145726
4.17363793,2.738,49.7,2.52,0.597,10.5,2197.0,5511.8,6619.0,3.595,3.41,0,FALSE POSITIVE,11152950
244.58323,12.822,408.3,2.33,0.483,7.1,328.0,2.72,6321.0,4.417,1.125,0,FALSE POSITIVE,7811537
185.83013,10.14,72.6,1.01,0.037,8.1,370.0,4.42,6137.0,4.286,1.187,0,FALSE POSITIVE,7874976
363.346158,4.911,896.0,22.36,0.29,10.7,537.0,19.65,4994.0,3.002,7.619,0,FALSE POSITIVE,7888957
303.91225,15.37,479.5,1.97,0.504,12.4,242.0,0.81,5412.0,4.513,0.887,0,FALSE POSITIVE,7900114
536.52197,4.458,293.9,3.0,0.14,9.7,273.0,1.31,5335.0,3.973,1.794,0,FALSE POSITIVE,7936194
350.514,19.53,213.5,2.22,0.259,12.0,346.0,3.37,6382.0,4.115,1.5,0,FALSE POSITIVE,7959310
431.51734,16.42,5332.7,10.28,0.718,206.2,287.0,1.6,6221.0,4.294,1.312,0,FALSE POSITIVE,8012732
0.638697833,5.1609,141454.0,162.15,1.757,206.3,2464.0,8720.57,6424.0,4.388,1.18,0,FALSE POSITIVE,5391407
539.214259,3.464,300.6,2.04,0.001,7.8,265.0,1.17,6469.0,4.359,1.171,0,FALSE POSITIVE,5468555
343.56446,18.94,179.6,1.8,0.433,8.4,298.0,1.87,5770.0,4.2,1.326,0,FALSE POSITIVE,5638699
54.432903,3.554,307.6,1.41,0.099,7.7,404.0,6.29,5119.0,4.493,0.827,0,FALSE POSITIVE,5871116
235.20613,6.989,642.0,1.71,0.297,6.8,230.0,0.66,5205.0,4.648,0.679,0,FALSE POSITIVE,6032318
20.004714,2.952,115.7,0.89,0.18,6.7,577.0,26.19,5299.0,4.534,0.848,0,FALSE POSITIVE,9347066
350.65158,7.976,248.1,1.31,0.004,8.2,243.0,0.83,5882.0,4.56,0.833,0,FALSE POSITIVE,9392016
4.18587282,1.998,99.4,0.89,0.078,9.3,1057.0,295.17,5455.0,4.421,0.909,0,FALSE POSITIVE,9429631
2.178142613,0.906,172.7,1.22,0.468,16.1,1452.0,1050.06,6290.0,4.527,0.898,0,FALSE POSITIVE,9518558
391.420272,3.84,236.7,1.61,0.797,10.3,256.0,1.01,6032.0,4.46,0.949,0,FALSE POSITIVE,11348086
185.243906,3.276,383.9,2.38,0.726,7.9,354.0,3.7,6218.0,4.417,1.131,0,FALSE POSITIVE,11357185
261.684363,3.892,817.0,1.46,0.037,8.3,175.0,0.22,4393.0,4.713,0.526,0,FALSE POSITIVE,8028465
0.808106001,3.9174,7676.4,39.59,1.269,73.3,1978.0,3631.91,6014.0,4.494,0.958,0,FALSE POSITIVE,8129641
391.33068,12.37,277.2,1.68,0.508,10.3,274.0,1.33,6428.0,4.457,0.977,0,FALSE POSITIVE,8226720
320.56794551,15.3614,898.9,2.43,0.331,7.5,234.0,0.71,5546.0,4.575,0.81,0,FALSE POSITIVE,8307354
116.025744,3.539,1361.0,37.99,0.017,18.5,893.0,150.02,4575.0,2.592,10.788,0,FALSE POSITIVE,8588982
85.9770426,1.919,1064.0,1.46,0.042,8.0,202.0,0.4,3710.0,4.797,0.452,0,FALSE POSITIVE,6182508
370.94353,16.64,1071.3,27.77,1.294,14.6,228.0,0.64,5755.0,4.588,0.776,0,FALSE POSITIVE,6195669
30.6261927,1.107,162.6,1.55,0.386,6.6,655.0,43.61,5860.0,4.244,1.197,0,FALSE POSITIVE,6583107
364.42189,38.14,2498.0,36.37,1.276,28.5,264.0,1.14,6047.0,4.47,1.002,0,FALSE POSITIVE,6681618
440.584562,10.534,65.9,1.67,0.062,16.1,505.0,15.38,9935.0,4.205,1.996,0,FALSE POSITIVE,6946985
269.331027,4.891,515.7,2.54,0.679,7.9,304.0,2.02,6129.0,4.419,1.055,0,FALSE POSITIVE,7106438
25.3428696,1.51,230.5,1.85,0.554,7.5,706.0,58.81,6311.0,4.398,1.172,0,FALSE POSITIVE,9529148
0.66234265,1.049,2359.0,5.13,0.631,12.4,2089.0,4499.32,5780.0,4.438,1.0,0,FALSE POSITIVE,9531850
0.536654028,2.783,41.0,0.67,0.62,21.8,2299.0,6574.04,5887.0,4.421,1.001,0,FALSE POSITIVE,9541094
1.08908149,2.262,130.7,0.69,0.31,9.9,1131.0,386.2,4327.0,4.639,0.614,0,FALSE POSITIVE,9579753
77.97621155,2.0,,,,,,,,,,0,FALSE POSITIVE,9588880
0.609668222,2.836,287.6,1.35,0.135,15.7,1805.0,2491.57,5296.0,4.576,0.815,0,FALSE POSITIVE,9592831
3.55650403,6.862,132.3,0.56,0.846,11.8,580.0,26.66,3745.0,4.819,0.427,0,FALSE POSITIVE,9602658
0.527673051,1.631,28.3,1.43,0.216,13.5,4056.0,63629.23,6762.0,3.738,2.637,0,FALSE POSITIVE,11560397
117.140785,3.401,337.1,15.87,0.643,8.5,862.0,130.52,5282.0,2.932,8.243,0,FALSE POSITIVE,11565903
0.590281548,2.72,21.6,0.68,0.801,20.6,2643.0,11597.35,6124.0,4.196,1.315,0,FALSE POSITIVE,11601597
4.5647147,13.395,99.3,1.04,0.647,18.0,1131.0,387.76,5953.0,4.433,0.99,0,FALSE POSITIVE,11612241
372.086704,3.686,2494.0,38.4,1.266,18.0,283.0,1.51,6289.0,4.411,1.093,0,FALSE POSITIVE,11661803
363.448167,6.013,2124.0,37.03,1.259,19.4,285.0,1.56,6289.0,4.411,1.093,0,FALSE POSITIVE,11661803
348.68162,10.959,309.3,2.09,0.506,11.9,302.0,1.96,6450.0,4.386,1.155,0,FALSE POSITIVE,8608544
345.128277,15.925,324.4,1.94,0.175,11.4,282.0,1.5,6214.0,4.442,1.076,0,FALSE POSITIVE,8618147
370.38642,23.94,186.2,2.12,0.006,13.9,328.0,2.74,6179.0,4.134,1.555,0,FALSE POSITIVE,8630840
267.970682,11.48,357.7,1.7,0.008,10.4,280.0,1.45,6008.0,4.519,0.897,0,FALSE POSITIVE,8683144
417.829033,15.05,500.8,2.19,0.279,8.9,248.0,0.9,6018.0,4.485,0.975,0,FALSE POSITIVE,8740744
368.5224,36.29,1330.2,26.7,1.22,22.7,260.0,1.09,6063.0,4.473,0.941,0,FALSE POSITIVE,7451315
371.4589776,10.0734,456.6,2.22,0.037,10.8,283.0,1.51,6388.0,4.427,1.033,0,FALSE POSITIVE,7751294
34.9989085,1.764,427.1,1.65,0.896,7.5,376.0,4.74,4559.0,4.653,0.648,0,FALSE POSITIVE,8008913
386.78734,15.51,743.7,2.34,0.479,10.3,224.0,0.6,5425.0,4.484,0.847,0,FALSE POSITIVE,8108450
449.557346,17.227,1193.1,55.33,0.69,28.4,721.0,64.05,5323.0,2.51,15.075,0,FALSE POSITIVE,8293631
2.21568076,1.515,43.6,0.57,0.563,6.9,1236.0,550.44,5349.0,4.478,0.836,0,FALSE POSITIVE,9639021
3.850304552,1.5337,158.0,0.28,0.29,5.3,407.0,6.44,3274.0,5.044,0.224,0,FALSE POSITIVE,9643210
1.07383154,4.846,31355.0,137.54,1.198,137.3,3791.0,48979.38,8059.0,3.789,2.859,0,FALSE POSITIVE,9651155
0.719741,2.628,32.2,0.57,0.275,6.5,2074.0,4398.76,6014.0,4.486,0.993,0,FALSE POSITIVE,11709006
1.47623061,2.032,39.1,0.71,0.375,9.7,1802.0,2484.49,6325.0,4.409,1.112,0,FALSE POSITIVE,11724094
0.520227316,1.7939,68633.0,50.41,1.052,122.3,2264.0,6193.15,5780.0,4.438,1.0,0,FALSE POSITIVE,11774383
36.3192885,2.601,400.2,25.43,0.571,8.6,1410.0,933.26,5008.0,2.706,12.39,0,FALSE POSITIVE,11804952
1.901655058,4.6545,87321.0,89.89,1.032,190.6,2192.0,5467.3,6929.0,4.102,1.704,0,FALSE POSITIVE,11819135
331.92622,10.84,809.0,2.25,0.026,8.7,235.0,0.72,5652.0,4.577,0.798,0,FALSE POSITIVE,8742735
346.31688,21.92,1435.0,5.21,0.954,17.0,278.0,1.42,6060.0,4.408,1.068,0,FALSE POSITIVE,8743244
365.61087,16.102,1116.0,4.42,0.935,12.3,273.0,1.32,6060.0,4.408,1.068,0,FALSE POSITIVE,8743244
259.85736,24.04,307.7,1.33,0.512,14.2,237.0,0.74,5374.0,4.61,0.744,0,FALSE POSITIVE,8748435
5.29731736,3.341,167.5,1.13,0.192,8.7,989.0,226.1,5815.0,4.54,0.877,0,FALSE POSITIVE,8766268
447.97028,10.857,512.7,2.0,0.021,9.2,230.0,0.67,5911.0,4.53,0.887,0,FALSE POSITIVE,8808064
374.80095,10.691,144.4,1.53,0.539,11.4,286.0,1.59,5804.0,4.214,1.234,0,FALSE POSITIVE,8813404
172.280975,12.24,313.8,1.6,0.602,10.2,301.0,1.95,5659.0,4.538,0.869,0,FALSE POSITIVE,8873674
244.547128,3.59,587.0,1.74,0.003,6.4,228.0,0.64,5094.0,4.612,0.736,0,FALSE POSITIVE,9209808
1.27228771,2.099,82.9,0.63,0.428,9.5,1275.0,624.11,5044.0,4.64,0.686,0,FALSE POSITIVE,9656547
1.886002102,1.021,47.4,0.65,0.361,7.6,1433.0,997.72,5793.0,4.485,0.925,0,FALSE POSITIVE,9658192
386.35444,9.594,129.6,1.43,0.705,10.9,287.0,1.6,6165.0,4.319,1.177,0,FALSE POSITIVE,9710611
371.21454,19.4,1780.0,28.21,1.254,14.4,212.0,0.47,5189.0,4.557,0.85,0,FALSE POSITIVE,9710626
365.5435,14.78,753.1,3.04,0.518,13.4,283.0,1.51,6306.0,4.426,1.076,0,FALSE POSITIVE,9710792
7.02932339,2.853,81.6,0.92,0.098,8.7,974.0,212.66,5977.0,4.473,1.022,0,FALSE POSITIVE,9770983
19.229478,4.68,115.8,1.97,0.699,8.1,970.0,209.42,6654.0,4.113,1.712,0,FALSE POSITIVE,9777089
38.35312,2.9,3090.0,5.57,0.017,8.6,557.0,22.73,5979.0,4.449,1.004,0,FALSE POSITIVE,11918793
114.661733,2.784,281.8,1.38,0.863,7.3,316.0,2.37,5412.0,4.562,0.712,0,FALSE POSITIVE,11922290
313.19875,8.603,721.0,1.95,0.36,9.6,216.0,0.51,5254.0,4.618,0.73,0,FALSE POSITIVE,11966668
134.370692,8.73,432.6,1.95,0.174,8.1,351.0,3.58,5910.0,4.505,0.94,0,FALSE POSITIVE,11967872
2.52123022,4.739,145.9,9.68,1.158,8.9,726.0,65.58,3932.0,4.745,0.52,0,FALSE POSITIVE,12004656
47.4314857,4.511,172.8,8.83,0.014,10.3,1029.0,265.1,5166.0,3.12,6.891,0,FALSE POSITIVE,12008916
6.0962602,10.4,30.4,0.62,0.787,10.0,1048.0,284.96,6108.0,4.466,1.03,0,FALSE POSITIVE,12021943
472.6038,12.15,672.0,2.28,0.476,7.7,218.0,0.54,5764.0,4.548,0.863,0,FALSE POSITIVE,8815031
371.51852,30.94,263.0,2.28,0.962,17.0,284.0,1.53,6227.0,4.377,1.089,0,FALSE POSITIVE,8821936
323.66542,20.37,1178.0,1.58,0.031,9.1,133.0,0.07,3737.0,4.779,0.466,0,FALSE POSITIVE,8832676
367.01607,15.48,738.6,2.46,0.633,11.2,245.0,0.85,5931.0,4.545,0.863,0,FALSE POSITIVE,9075882
568.08251,13.608,508.3,2.14,0.4,18.1,205.0,0.42,5359.0,4.403,0.95,0,FALSE POSITIVE,9084832
3.0447752,7.35,74.9,0.68,0.383,8.6,1061.0,299.07,5390.0,4.591,0.78,0,FALSE POSITIVE,9093859
456.55308,4.435,116.2,1.48,0.673,7.3,270.0,1.26,5678.0,4.161,1.298,0,FALSE POSITIVE,9239670
209.941369,2.97,477.3,14.36,0.157,10.2,651.0,42.43,5125.0,2.988,6.69,0,FALSE POSITIVE,9388557
49.763624,2.749,412.0,2.43,0.02,6.8,588.0,28.31,6477.0,4.361,1.187,0,FALSE POSITIVE,9532997
320.347208,7.159,262.8,1.58,0.548,8.8,274.0,1.33,6146.0,4.497,0.943,0,FALSE POSITIVE,9536836
358.74318,19.76,760.5,2.25,0.151,15.9,224.0,0.6,5482.0,4.566,0.826,0,FALSE POSITIVE,10010452
0.660663034,2.81,134.0,1.32,0.025,23.3,2385.0,7605.89,6353.0,4.397,1.134,0,FALSE POSITIVE,10226420
14.3400358,5.7,1706.0,0.68,0.006,8.0,248.0,0.89,3358.0,5.149,0.174,0,FALSE POSITIVE,9777990
0.505079006,1.36737,28077.9,86.41,1.184,665.5,2997.0,19181.12,5398.0,3.822,1.843,0,FALSE POSITIVE,9813678
7.19680984,1.683,50.5,1.2,0.27,10.0,1275.0,625.53,6325.0,4.112,1.676,0,FALSE POSITIVE,9826551
1.33257715,5.158,27.1,0.44,0.326,15.5,1553.0,1378.01,5852.0,4.559,0.837,0,FALSE POSITIVE,9838537
1.33254428,3.122,162.2,0.93,0.021,18.1,1427.0,981.02,5460.0,4.543,0.734,0,FALSE POSITIVE,9838761
424.623345,9.666,5132.1,8.13,0.819,60.2,265.0,1.17,6339.0,4.454,1.017,0,FALSE POSITIVE,9839062
1.456383399,11.838,212.2,52.87,1.169,94.0,2721.0,12950.97,6184.0,3.665,2.646,0,FALSE POSITIVE,9851983
0.608074963,0.879,117.5,1.15,0.11,10.8,2362.0,7350.47,6309.0,4.441,1.044,0,FALSE POSITIVE,12419303
0.559643825,0.677,1812.6,27.21,1.264,130.7,1860.0,2854.44,5240.0,4.521,0.774,0,FALSE POSITIVE,12453855
0.502446098,1.803,11.4,0.43,0.636,10.1,2705.0,12572.01,6306.0,4.311,1.197,0,FALSE POSITIVE,12459808
256.45616,35.35,17283.0,9.44,0.779,14.4,175.0,0.22,4070.0,4.628,0.646,0,FALSE POSITIVE,9114508
138.62902498,4.93,,,,,,,,,,0,FALSE POSITIVE,9216810
388.519605,10.613,151.2,2.3,0.478,15.1,350.0,3.56,6164.0,3.985,1.825,0,FALSE POSITIVE,9340460
60.049737,20.17,16650.0,28.92,1.217,17.5,320.0,2.47,4538.0,4.607,0.663,0,FALSE POSITIVE,9409493
237.26601,8.74,150.4,1.23,0.034,8.6,299.0,1.89,5786.0,4.402,1.007,0,FALSE POSITIVE,9649205
0.93371211,4.76,126.2,0.75,0.119,14.3,1318.0,715.48,4604.0,4.591,0.696,0,FALSE POSITIVE,10341781
461.13781,12.91,408.2,1.26,0.003,7.4,173.0,0.21,4988.0,4.663,0.636,0,FALSE POSITIVE,10459805
0.93376089,3.027,27.3,0.57,0.035,9.7,2064.0,4286.78,6292.0,4.426,1.078,0,FALSE POSITIVE,10471090
367.761848,4.891,428.0,20.06,0.025,9.8,623.0,35.55,5348.0,2.897,9.888,0,FALSE POSITIVE,10532751
378.65484,11.3,247.8,1.53,0.243,6.8,258.0,1.04,6000.0,4.463,0.97,0,FALSE POSITIVE,10585887
384.356448,3.872,715.7,3.03,0.848,13.2,255.0,1.0,5903.0,4.445,0.994,0,FALSE POSITIVE,11867733
1.75647084,2.538,69.5,0.69,0.023,10.9,1405.0,924.14,5813.0,4.561,0.833,0,FALSE POSITIVE,11923074
1.33259003,3.962,11.9,0.69,0.454,7.4,2909.0,16962.04,8133.0,4.146,1.935,0,FALSE POSITIVE,9899216
1.33254024,3.16,35.8,0.59,0.815,12.1,1658.0,1777.13,6071.0,4.511,0.887,0,FALSE POSITIVE,9899256
1.33255492,3.63,66.6,0.92,0.462,10.1,1850.0,2765.99,6310.0,4.417,1.095,0,FALSE POSITIVE,9899621
1.33259095,4.947,105.5,1.14,0.711,13.6,1776.0,2349.35,6184.0,4.448,1.038,0,FALSE POSITIVE,9899623
234.524445,3.9,876.0,2.33,0.741,6.8,226.0,0.62,4987.0,4.613,0.727,0,FALSE POSITIVE,12644020
317.74527,17.54,206.6,2.1,0.787,13.6,336.0,3.03,6050.0,4.08,1.333,0,FALSE POSITIVE,2010152
18.384953,5.92,92.9,1.36,0.012,6.0,872.0,136.82,6335.0,4.214,1.401,0,FALSE POSITIVE,2712825
1.085965104,10.716,10578.7,29.66,0.916,675.9,6297.0,371873.86,15896.0,4.152,2.404,0,FALSE POSITIVE,3443582
308.185801,3.689,708.7,2.12,0.023,9.5,230.0,0.66,5380.0,4.581,0.813,0,FALSE POSITIVE,3533483
398.71694,21.6,893.9,21.25,1.219,13.7,205.0,0.42,5303.0,4.594,0.771,0,FALSE POSITIVE,9771576
241.8591,12.77,659.0,2.81,0.313,9.7,315.0,2.34,5790.0,4.283,1.088,0,FALSE POSITIVE,9827094
353.04037,14.102,239.6,1.04,0.431,11.2,196.0,0.35,5061.0,4.635,0.668,0,FALSE POSITIVE,9837720
522.33888,13.53,423.7,5.65,0.039,12.0,327.0,2.69,5103.0,3.606,2.816,0,FALSE POSITIVE,9873604
473.56314,5.087,327.4,5.39,0.158,8.7,449.0,9.65,7056.0,3.722,2.937,0,FALSE POSITIVE,9874581
1.332565736,6.0828,2319.8,33.69,1.268,301.7,1674.0,1849.94,6014.0,4.494,0.958,0,FALSE POSITIVE,9899449
385.39743,21.69,132.3,1.59,0.587,10.9,285.0,1.57,5676.0,4.175,1.336,0,FALSE POSITIVE,9962731
272.54288087,3.0246,807.2,2.35,0.287,5.7,255.0,1.0,5677.0,4.563,0.828,0,FALSE POSITIVE,12117215
0.9439372,7.27446,279437.0,88.91,0.681,6351.7,2273.0,6347.81,5959.0,4.126,1.365,0,FALSE POSITIVE,9912977
1.075158342,1.295,30.2,20.09,0.157,8.0,6988.0,565413.02,4067.0,1.541,38.446,0,FALSE POSITIVE,9941425
1.33255801,4.74,48.7,0.62,0.397,8.7,1443.0,1025.1,5161.0,4.452,0.892,0,FALSE POSITIVE,9959368
1.33250451,4.143,27.4,0.62,0.295,11.6,1993.0,3726.12,6600.0,4.364,1.157,0,FALSE POSITIVE,9959765
453.64875,18.34,523.4,2.18,0.519,9.0,239.0,0.77,6060.0,4.509,0.925,0,FALSE POSITIVE,10014875
0.594274521,2.162,4691.5,8.7,0.833,83.9,2436.0,8367.99,6321.0,4.417,1.125,0,FALSE POSITIVE,3954211
239.179477,2.93,750.9,18.27,0.165,12.1,583.0,27.38,4915.0,3.063,6.877,0,FALSE POSITIVE,4056579
405.65377,11.02,521.0,2.03,0.102,7.7,246.0,0.87,6102.0,4.528,0.887,0,FALSE POSITIVE,4276445
73.992267,5.692,225.6,2.86,0.446,7.9,546.0,20.98,5271.0,3.878,1.895,0,FALSE POSITIVE,4371172
361.901618,4.984,184.1,0.95,0.093,8.5,198.0,0.37,5053.0,4.603,0.717,0,FALSE POSITIVE,4557341
508.04103,5.398,371.7,1.89,0.476,9.9,217.0,0.53,5672.0,4.503,0.965,0,FALSE POSITIVE,4645492
309.933134,7.165,176.1,1.8,0.73,8.3,319.0,2.43,6299.0,4.325,1.262,0,FALSE POSITIVE,4738095
266.977677,8.59,389.6,7.86,0.895,16.0,549.0,21.53,6619.0,3.595,3.41,0,FALSE POSITIVE,10023069
236.25776888,3.3549,168.4,2.69,0.085,5.3,460.0,10.61,6645.0,3.952,2.054,0,FALSE POSITIVE,10079317
330.80879,21.669,274.8,2.13,0.92,24.4,290.0,1.67,6158.0,4.382,1.066,0,FALSE POSITIVE,10079481
522.64613,17.77,648.1,0.8,0.007,10.5,92.0,0.02,3439.0,4.939,0.318,0,FALSE POSITIVE,10081899
392.94247,11.055,120.3,1.6,0.01,10.0,347.0,3.43,6596.0,4.073,1.44,0,FALSE POSITIVE,10199817
373.89398,27.66,730.0,2.51,0.963,18.5,206.0,0.42,5263.0,4.574,0.699,0,FALSE POSITIVE,10205598
8.5898708,4.806,87.7,1.11,0.765,8.4,929.0,176.4,5638.0,4.296,1.088,0,FALSE POSITIVE,10031643
0.527698548,3.2221,1579.2,29.35,1.252,453.3,2088.0,4500.53,5638.0,4.529,0.903,0,FALSE POSITIVE,10090151
0.681401611,0.865,103.6,1.07,0.147,12.3,2218.0,5713.41,6173.0,4.447,1.041,0,FALSE POSITIVE,10147276
4.85603482,3.078,76.7,1.05,0.134,8.2,1266.0,607.42,6469.0,4.385,1.193,0,FALSE POSITIVE,10156110
