koi_period,koi_depth,koi_prad,koi_insol,koi_duration,koi_impact,koi_model_snr,koi_teq,koi_steff,koi_slogg,koi_srad
0.32744202873084366,0.989761702327286,0.5691803796137954,-0.5804201906533503,-0.5954276108892674,0.08503115957273427,-0.26760970776323817,-0.570325268104207,0.1729518717656049,0.5319458774642847,-0.13285744239321218
0.7517670822574671,0.7650221342398664,0.1392913746504331,-1.043021500778823,-0.3501488213895242,0.06487113817555337,-0.3127674090309578,-0.7643975464199424,-0.3369335705070812,0.44493542119149393,-0.1464987419859211
-0.2498433632138015,-0.22557231091135654,0.761210965766738,-0.3674039320355307,-0.7854961601395432,0.1646284854340175,-0.339357730589615,-0.46137241010239066,-0.8894138654511956,0.6518792090835374,-0.14900748673860323
-0.634035370274367,-1.5106027487500027,-1.0687290767281152,0.48345484375294545,-0.3857032224500643,-0.0348862090829108,-0.3450884033393256,0.14921756494945515,0.0802454277160256,0.04986091703395858,-0.09851899859087586
-0.06052988130026068,0.7298434559657229,0.15739651691862253,-0.21146052961673786,-0.3273412165170642,0.06799941735787456,-0.14462947055444864,-0.3728482129759149,0.3420784926668644,0.5248909756043305,-0.13787493189857639
0.3191113348872487,1.2749453309474996,0.5221861206574117,-0.5700242775015399,-0.5610221293389805,-0.09258558066794581,0.03519904033147015,-0.5646506400832791,-0.006197067411284823,0.4096609118917146,-0.12705597015263478
0.6620838781417094,0.6322265703607536,0.14757831333885324,-0.9143601714806665,-0.41698799019547395,0.07286562941926306,-0.26703664048826714,-0.7144608198357766,-0.2580078140864934,0.3861445723585284,-0.13238705275208426
-0.48496695880225515,0.3812004078018448,1.0583616782023926,0.3345423885644077,4.641440672481056,0.19313058465072158,-0.01477242604600635,0.01643126925974147,0.9371536402824071,0.428473983518264,-0.1394428973690027
-1.1194152867895328,0.8707270416356353,1.6712901953040227,1.1474179565848168,-0.583255274456314,0.2951124859943919,-0.252366118249008,0.9152923477747265,0.6427480409357702,0.2591563388793194,-0.11372826365401112
1.833790180765316,1.2554444496214032,0.35841129648752534,-1.9210949976902019,0.40540549005594373,0.018642123592362666,-0.04354040324955355,-1.0810417899877212,-1.841534101636064,0.727131495589735,-0.1659415138192074
0.7416420745109769,1.1280794809231351,0.551221094181906,-0.801103100713183,0.26205449224285793,0.05444354090114945,0.28803632204870205,-0.6679288700641676,0.5099523237836702,0.3979027421251215,-0.11780497387711954
0.1053731984985397,0.7292580435852838,0.7461364093375442,-0.36931068431658637,-0.4693880354266193,0.12396085606384223,-0.14405640327947758,-0.46250733570657626,-0.022483334609183888,0.33440862538551697,-0.12736956324672005
1.4117316026343645,0.8354922276598638,0.25232063670380533,-1.3743456755836074,0.39175818938685414,-0.22536365262868907,-0.098898702011758,-0.8790250324426867,-0.32816404201590477,0.05691581889391278,-0.10243891226694164
0.07627654105484925,1.5493503397523196,0.872982309227866,-0.3903906342897578,-0.48638893899050195,0.06000492611416488,-0.002623399816619842,-0.47385659174843214,0.20051324702358791,0.5977916281572087,-0.1421084386687274
-0.7484258828078598,1.4984695075388559,0.44202915145699173,-0.004511823759862544,-0.5441066184414005,-0.2514326458146989,0.8043699367976276,-0.24006191728620122,-1.121179975575144,0.821196853722482,-0.1687638516659748
0.06694940114442767,0.7785261473889589,-0.12415365533306792,-1.1549788179392335,-0.5292715834137385,0.030112480594206986,-0.11379845116100558,-0.8041199425664379,-2.2111070880499275,0.948185087201691,-0.1841299132761527
1.197165639452582,0.8636199790351151,-0.13511384754923172,-1.832364615391114,0.18214248252294538,-0.02306826550525301,-0.1463486723793618,-1.0379146170286688,-2.1985791902053897,1.0069759360346586,-0.1891474027815169
-0.5740047544007525,-0.20745870316684034,-0.6317265808058178,0.12628273627762088,-0.3807970256224963,-0.02619654468757419,-0.299930702071606,-0.14813294334716864,-0.06633097706506598,0.6871537183833188,-0.15324099350875428
-0.7820670820050678,-0.04569703473651437,-0.507356613216787,0.38559802939651466,-0.6979143363917237,-0.21875950768823327,-0.27574726306782726,0.06069336782297936,-0.18284042701926698,0.5836818244372961,-0.1389725077278748
0.7374718994314216,0.019387902937570117,-0.22948430166972356,-0.7345645964792297,-0.41132102234084644,0.07425597572251688,-0.3245725948953616,-0.6395557299595278,0.6389896715824089,0.31089228585233075,-0.10729960522526324
-0.09265124421157293,-0.5793824168919169,-0.61463288899464,0.12603061863794857,-0.27140125711919266,-0.13672907579625573,-0.33420012511487546,-0.14813294334716864,0.4009596125361918,-0.2299835234109651,-0.07186358559362852
1.2408695339187763,0.4667943969269937,0.10601431532804428,-0.9897797484961741,0.9364857707008488,-0.009164802472714478,-0.28869858348217325,-0.7439688855446018,1.0085626579962723,0.13451973935342984,-0.07844904056941901
2.6316236370793136,-0.04835862497133816,-0.25663308097656784,-1.7891646358373874,2.7211924964253376,-0.2115297069113132,-0.3101312995660909,-1.0197558073616995,0.9196145833000543,-0.20176391597113993,-0.06371016514741167
-1.2329362019193075,-0.6537211928039949,-0.7826379622968803,1.1430683421226433,-0.6210919885980327,-0.19825189971523888,-0.24801080695922792,0.9107526453579841,-0.10642025016758676,0.4402321532848571,-0.11937293934754586
-0.5611966267532201,-0.1474575404586404,1.1502535582753435,1.894243271715952,-0.6023521798294424,-0.23092503784170448,-0.31253818212096934,2.27493322158906,-1.1299495040663203,-4.340639673812006,1.8716296149997895
-1.2931044752619494,0.17907650322865368,2.0976530586151285,2.8625554681281518,-0.5830223853663977,0.18722161286189265,-0.14921400875421711,5.3585260881613,3.517900596257182,-1.784413566554607,0.3662259668434841
5.746269458586296,0.1733162592994629,-0.3980092297365337,-2.0202876900781477,0.5885494703660442,-0.004055279808256542,-0.31414277049088835,-1.266034663469972,-1.5220727066003517,0.5977916281572087,-0.15512255207326586
-0.20756639190629106,-1.2732179723131134,-0.4363620231499504,1.2652275851550652,-0.2756708904343231,-0.250042299511445,-0.31242356866597515,1.0900708908193069,1.886768296898368,-1.9513795772402334,0.39586051423454144
0.9220783321839278,-0.6524690905156315,-0.48691272319865025,-0.4951635103470546,0.7676567064509309,-0.09189040751631888,-0.27345499396794304,-0.5283330207493403,0.6665510468403919,-0.7097168498879738,0.0073186706629004405
0.09841496743436491,0.1601448658402515,-0.08079401005430692,-0.1446861561190084,-0.39930394530117047,0.08294564011785348,-0.23437180581491668,-0.33199089122523373,0.7028819505895514,0.20506875795299062,-0.10573163975483692
-0.23996781391684444,-0.6329390773191326,-0.45731090860334456,0.11642413584333429,-0.5349074993897105,0.09337323739225742,-0.3331686040199275,-0.15494249697228218,0.3232866459000578,0.12511320354015618,-0.10118453989060058
1.411947521653215,0.7026500394804879,0.34668617194610046,-1.3736044051466945,-0.3879079058346044,0.08468357299692081,-0.2729965401479662,-0.8790250324426867,-0.022483334609183888,0.1744975165598481,-0.12470402194699533
0.15638157482891538,-0.05708148759727454,-0.7100435985687583,-1.0833948194917349,-0.3813559594382952,-0.13916218182695,-0.3385554364046555,-0.7791515792743551,-1.6949576968549724,0.9505367211550104,-0.18209155816459846
0.20509227581035683,0.3587399707777279,1.7893615189517804,-0.5303305651874662,0.06703316834703102,0.393757556210253,-0.294543869686878,-0.5453569048121242,-0.12020093779657827,0.5131328058377352,-0.13191666311095637
2.8878743791437373,0.9004740362071215,1.5106426709398193,-1.9525263542180953,3.521244149984128,0.23258166100554972,-0.1670937077333142,-1.1026053764672474,-0.132728835641116,0.06632235470718852,-0.10463406392553848
-0.5237620719521817,-0.5731545734309607,-0.572480654874035,0.18104906740047585,-0.44563334825516676,0.08607391930017466,-0.3321370829249796,-0.10727562159648751,-0.5198408790373322,0.15803607888661608,-0.11435544984218164
-0.37686220524316966,1.0417611913139238,0.2740193886302847,0.02006184636589797,-0.3844207798615924,-0.2184119211124198,0.26121677358005646,-0.224172958827603,-0.024988914178091435,0.489616466304549,-0.13693415261632058
-0.7240586976794614,-0.7190688038074721,-0.8235433093252043,0.4470941729990171,-0.40153968056436595,-0.1370766623720692,-0.34119154586952233,0.11516979682388755,0.14539049650762187,0.46845176072468225,-0.1245472253999527
-1.1255061936973905,-0.2684552616600423,-0.47294468485132096,-0.002182809281260648,-0.7308448537058745,-0.052613124449397475,-0.3206757374255584,-0.2411968428903868,0.06897031965594162,0.2826726784125056,-0.11231709473062744
-0.7593961638398894,0.40653404018966605,-0.09572832764344658,0.3465648991376641,-0.6567240193552116,0.01968488331980306,0.05880941206027787,0.026645599697411752,-0.46972928765918126,0.461396858864726,-0.1279967494348906
1.2586765668037934,-0.4046608920748833,-0.6194749138304192,-1.2251558322510614,0.1587914697740142,-0.24573222597135808,-0.34909987426412303,-0.8290883058585209,0.216799514221487,0.2967824821324182,-0.10918116378977481
2.1944959984719925,0.14242626584877635,-0.010503493379419287,-1.6290745549505143,3.983451363771149,0.022361299953566706,-0.2843432721923932,-0.9630095271524202,0.10154285405173975,-0.4651469187428316,-0.042542631296656405
0.5836611367627571,-0.29911469549769354,-0.5284072346164517,-0.6235080136846404,-0.03841901156702502,-0.2472616069049373,-0.3171227203207378,-0.589619003375362,0.28695574215089836,0.14627790912002298,-0.099302981326089
-0.07315000314118222,-0.26077544083012794,1.0126570772890113,-0.044731824021314925,-0.0003494083353899052,0.17297056325354065,-0.3173519472307263,-0.2673001317866553,0.5588111253773673,0.3202988216656044,-0.10385008119032534
0.5956125355674006,1.464567932862214,0.203024798563448,-1.6495812631276774,-0.5372938362643852,-0.2514326458146989,0.3411023517110222,-0.9698190807775336,-2.46417062450959,1.1245576337005918,-0.19855519560407478
-0.2830739203992134,1.1078306758889984,0.9598823612649827,0.8672994634198928,0.36773024568323337,-0.05365588417683787,1.2975516336377224,0.550981228831153,1.8930322458206368,-0.8249469136005887,0.05702317607541467
0.8999785608863619,0.7388817614575812,0.0562623004370538,-1.1002792166171185,-0.5592366463162898,-0.16453600186133285,-0.263712850293435,-0.784826207295283,-0.042527971160444274,0.5484073151375167,-0.13426861131659584
2.9787941533197624,0.9400772383589866,0.3083333785326839,-1.986718245983062,0.23160812522114652,0.06949403963387245,-0.28342636455243947,-1.136653144592815,-0.13648720499447733,0.6565824769901762,-0.14979146947381639
2.978852288281946,0.5949349248039429,0.7219904610718482,-1.8836936899873395,3.1222275092610365,0.06560106998476165,-0.2595867659136433,-1.0606131291123806,-0.8844027063133806,-1.3234933117041479,0.08900967167211146
0.3454172301159654,0.0799519473447344,-0.47492335805660857,-0.831559519401474,-0.3323095171019432,-0.0074268695936471575,-0.3180396279606915,-0.6815479773143945,-0.5073129811927946,0.6824504504766798,-0.15857207610820376
-1.199320428240152,-0.52908514595496,-0.6050468798143757,1.3019618135846003,-0.6123043069385281,-0.2375291827821603,-0.3013060635315366,1.144547319820215,-0.09389235232304902,-0.16648940667136058,-0.07562670272265164
-0.6717788123444233,-0.5029556792356651,-0.5793343689076136,0.574485448245877,-0.5126122505150662,-0.10509869739723053,-0.3215926450655121,0.23547191086755978,-0.09389235232304902,-0.16648940667136058,-0.07562670272265164
2.068793879297937,0.6803732757898895,0.16225512416067073,-1.7913227438340977,0.3023443047983608,0.05062008856720134,-0.12823974649027628,-1.0208907329658852,-0.1477623130545613,0.46374849281804337,-0.12297925992952637
1.3025109105123869,0.4924536679567568,0.2158607166861781,-1.2112422997549006,-0.06832197071226521,0.08398839984529388,-0.16801061537326792,-0.8234136778375929,0.48489652809459466,0.3038373839923745,-0.1096515534309027
0.30131685448141354,-0.3591516806557074,-0.026117195292021132,0.1870518907077593,-0.3460810252856546,-0.24030987538866802,-0.32606256981028636,-0.10160099357555959,-0.5849859478289285,-1.8690723888740794,0.18449876882107408
-1.2759373928331066,0.9605983749700425,0.8815235220897641,1.1747405543289369,-0.6186652842811059,0.1350836264898731,0.1331935443515215,0.955014743921222,-0.027494493746998985,0.5930883602505718,-0.141010862839429
1.1595310216389956,1.1972680227530064,0.4343722117469049,-1.265636005805852,0.2953110542828915,-0.12699665167347876,-0.25740911026875335,-0.842707413108748,0.04391452396686615,0.5178360737443742,-0.13066229073461533
-0.28025503722896433,-0.7613857611152004,-0.6243502174485063,0.30258982684312424,-0.32998062620278124,0.06104768584160527,-0.313455089760923,-0.009672019636527035,0.438543306069805,-0.15708287085808484,-0.06355336860036902
0.05066419752735184,-0.2684552616600423,-0.47294468485132096,-0.002182809281260648,-0.2743822374701201,-0.052613124449397475,-0.3206757374255584,-0.2411968428903868,0.06897031965594162,0.2826726784125056,-0.11231709473062744
1.9145242437118748,0.9144475769402894,0.5207270446184984,-1.530069946053159,-0.02699192022180343,0.014123498106787629,-0.21706517411079065,-0.9300966846310381,0.10404843362064731,-0.22057698759768934,-0.06418055478853954
1.1751743445287095,0.6507594940828733,-0.10390204308292166,-1.3825941309681382,-0.4796972591402431,-0.24934712635981807,-0.29546077732683174,-0.8812948836510579,-0.13022325607220847,0.6871537183833188,-0.1533977900557969
-0.28386887788179543,-0.13172978432899315,-0.6292592604603617,-0.4465311331990033,-0.5634286499347814,-0.044271046629874335,-0.325833342900298,-0.5033646574572574,-1.1399718223419504,0.7412412993096475,-0.16108082086088585
0.9313389778641818,-1.2546787990546044,-0.9785993680183783,-0.8188757827082913,0.6587267161274595,-0.19825189971523888,-0.3462345378892677,-0.6758733492934667,0.7868188661479543,0.21917856167290112,-0.09067917123874428
0.3310070844034592,-0.2684552616600423,-0.47294468485132096,-0.002182809281260648,0.21468485135390256,-0.052613124449397475,-0.3206757374255584,-0.2411968428903868,0.06897031965594162,0.2826726784125056,-0.11231709473062744
1.601784820408182,0.6599577135227189,0.413162569131722,-1.1372225778196443,0.6645334174360368,-0.02133033262618569,0.06923923646475114,-0.79844531454551,0.7442240134765259,-0.37108156061008457,-0.023256656010412723
-0.9432221955876057,0.16544171553261472,-0.572480654874035,-0.24173525822200642,-0.6103014607652488,-0.018549640019677977,-0.24927155496416425,-0.3898720970386987,-2.4441259879583295,0.9905144983614266,-0.1863250649347495
0.16437611207818328,1.2283124925102993,0.6478632923334163,-0.35016857933511836,-0.359604118440122,0.05409595432533599,-0.030932923200190216,-0.452293005268906,0.33456175396014176,0.41201254584503405,-0.11843216006529007
-0.32954730561416995,0.1792953895887018,-0.62680049236896,-0.9114099753448498,-0.6416017544499862,-0.2382243559337872,-0.303712946086415,-0.713325894231591,-2.3727169702444644,1.0493053471943943,-0.19259692681645477
2.5064993603011687,0.49629442267536605,0.043020643425451706,-1.800076763854225,0.3159916054674501,-0.20207535204918697,-0.28594786056231214,-1.0242955097784419,0.9672205951092977,0.18625568632644124,-0.09365830563255427
1.9217112817013278,0.7175985328571215,-0.0043529876437365415,-1.7641589938830728,-0.45067927853668444,-0.12564106402780625,-0.3304178811000664,-1.0095414769240292,-0.16029021089909906,0.5413524132775605,-0.1449307765154948
0.7755314059717382,-0.5258601763185333,-0.6856274790614769,-0.8700517189610968,0.10320860698068089,-0.01820205344386451,-0.3382115960396729,-0.6963020101688072,0.13536817823199165,0.25680470492599994,-0.11843216006529007
0.3596016441525815,-0.7252438651586375,-0.7585897649369306,-0.5222552166748411,-0.17237681608682398,0.04471111677837245,-0.3433692015144124,-0.5419521279995674,0.13536817823199165,0.25680470492599994,-0.11843216006529007
-0.14547601448348052,-0.03716439185253379,-0.5391715365326295,-0.48113010171606624,-0.4329331298850699,-0.1370766623720692,-0.32262416616046,-0.5203885415200412,-0.9683396218717835,0.6612857448968131,-0.14681233508000638
-0.938741653212445,1.3855689349612805,0.931536519956955,-0.18567890257386607,-0.551166263053727,0.1590671002210021,0.7764042537790399,-0.3558243289131311,-2.3063191116684143,0.9340752834817784,-0.18507069255840844
2.1348032609338934,-0.2684552616600423,-0.47294468485132096,-0.002182809281260648,1.388445864531557,-0.052613124449397475,-0.3206757374255584,-0.2411968428903868,0.06897031965594162,0.2826726784125056,-0.11231709473062744
-0.6959825780753919,0.004028760482207455,-0.4196705734159828,0.29238940334261415,-0.48791048104462115,-0.24830436663237768,-0.2893862642121385,-0.01875142447001173,-0.6338447494226257,0.30148575003905503,-0.1195297358945885
0.09429366972036675,0.5041543254087539,-0.1781181585100116,-0.7117014523404203,-0.31249841851973836,-0.052613124449397475,-0.23139185598506717,-0.6304763251260431,-1.092365810532707,0.5742752886240224,-0.15073224875607216
3.054071485828788,0.9367887869147327,0.33602842304806396,-1.969247268697834,2.6373524240555053,-0.0681502443882593,-0.21431445119092957,-1.1162244837174744,0.2606471566773691,0.29913411608573764,-0.10886757069568956
1.3336216067668263,0.5735829256826821,0.04492750985372704,-1.3395868030924865,-0.17666197534128203,0.06730424420624763,-0.2672658673982556,-0.8676757764008308,0.33957291309795684,0.4919681002578685,-0.13567978023997954
0.6525383303130038,-0.1336630466703653,-0.3465842637821655,-0.7140100306329791,2.189273815056734,-0.004646176987139442,-0.2786125994426826,-0.6316112507302287,-0.2818108199911151,-0.1288632634182618,-0.08597527482746532
0.602648957095021,0.6046850073466753,0.39363256465298724,-0.7388960439661101,-0.4628050371516546,0.0905925447857497,-0.2248588890503971,-0.641825581167899,-0.07635329534069618,0.16273934679325291,-0.11247389127767006
-1.1796959435120704,-1.2068324680511207,-1.0373960514499319,1.0065565787077633,-0.6541467134268056,-0.24552367402586997,-0.3417646131444934,0.7257597718757334,-0.3444503092138039,0.2826726784125056,-0.13019190109348744
0.349779844214176,-0.9236948118133382,-1.0200938794361798,-0.9826572048301242,-0.37964810611224303,-0.23440090359983912,-0.3394723440446092,-0.7416990343362306,-1.1086520777306061,0.6753955486167257,-0.1629623794253974
1.0846290545084443,-0.5261662247549456,-0.3111091776994166,-0.3038478441008065,0.41062220567006663,-0.01820205344386451,-0.30142067698653074,-0.4261897163726375,2.5269438767542467,-0.5709704466421717,0.04808577289398461
-0.7644401857265762,-0.2000724754753957,-0.5199118769801083,0.13195924271923196,-0.6106740833091147,0.055833887204403305,-0.33798236912968443,-0.1435932409304263,-1.2113808400558157,0.489616466304549,-0.143989997233239
0.3057546276647783,-0.044892461798949575,-0.6698048033297399,-0.9071379484331731,-0.49578213228378876,-0.24934712635981807,-0.3348878058448407,-0.7121909686274054,-0.6275808005003568,0.8353066574423945,-0.17691727211219163
1.7922750812518258,-0.2684552616600423,-0.47294468485132096,-0.002182809281260648,0.34199755384142594,-0.052613124449397475,-0.3206757374255584,-0.2411968428903868,0.06897031965594162,0.2826726784125056,-0.11231709473062744
-0.001138088224061111,-0.508489549703367,-0.7585897649369306,-0.3454339580935107,-0.25280118180455213,-0.18400085010688683,-0.3327101501999507,-0.45002315406053484,-0.012461016333553693,0.5601654849041098,-0.13662055952223534
-0.07167937430223677,-0.9964474976862507,-0.830051188771293,0.056347045381962876,-0.7028981629159304,0.029521583415324088,-0.3488706473541346,-0.19806966993133449,0.69912358123619,0.10865176586692415,-0.09036557814465901
0.06464636503216224,0.7395720407711545,0.1172810158230414,-0.6722061740686092,-0.6102704088865932,0.07112769654019574,-0.237237142189772,-0.6123175154590738,-0.9257447692003551,0.6095497979238017,-0.15904246574933162
1.1910890225404271,1.1460644441434886,0.5332737669405636,-1.5023103276019198,0.5661765917947612,0.09337323739225742,-0.03735127667986612,-0.9210172797975534,-0.537379936019685,0.727131495589735,-0.16923424130710266
-1.1799091714282834,-0.27511899146251567,-0.6936731670256128,0.6959389521460941,-0.6701694828130403,-0.061302788844734044,-0.31483045122085357,0.3569089505154176,-0.9808675197163211,0.7059667900098682,-0.1563769244496069
-0.2577019346593083,-0.6015889376208085,-0.7645258153442714,0.0397889684157353,-0.43732697071482224,-0.22675399893194295,-0.3278963850901938,-0.20941892597319037,0.4648518915433343,0.4543419570047697,-0.1245472253999527
-0.36595421624970503,-0.8052415181758221,-0.6050468798143757,0.4990206415521292,-0.16084104316630815,-0.11344077521675365,-0.3348878058448407,0.16397159780386777,-0.1477623130545613,-0.8343534494138634,-0.0025595118007853386
-0.3224625492829694,-0.9716412587551594,-0.8808619635741995,0.1806245630289871,-0.30232892826006424,-0.13749376626304538,-0.34382765533438925,-0.10727562159648751,0.23183299163493226,0.10630013191360678,-0.10118453989060058
-0.3878163142296808,0.15411015054282254,-0.34823969950234496,-0.0028186100367006343,-0.5934402906553158,-0.08737178203074387,-0.3197588297856047,-0.23892699168201562,-0.13147604585666225,0.5484073151375167,-0.1344254078636385
0.42198147014054854,-0.8343911430795997,-0.8107039744819773,-0.5460269094579973,-0.5735670883157999,-0.08643329827604751,-0.3499021684490825,-0.5533013840414233,-0.055055869004982015,0.0992452300536505,-0.09898938823200375
0.8975212264793214,-0.27420765446131995,-0.29401548588823867,-0.7514366790525464,0.05864916111004773,0.07703666832902459,-0.3374093018547134,-0.647500209188827,0.449818414129889,-0.07947895039856986,-0.06637570644713639
1.6882535505258462,0.6159172571373096,0.40173955442627474,-1.4207834644927346,0.024336835195727397,0.06834700393368802,-0.278841826352671,-0.8937790652970994,-0.40333142908313124,-0.43692731130300855,-0.054145575777811115
0.6756480915046449,-0.30998694322768316,-0.6026704826700516,-0.8414453682964635,-0.11322298724810884,-0.02445861180850687,-0.33706546148973077,-0.6849527541269513,0.2644055260307304,0.5037262700244616,-0.12987830799940217
-0.13097097050549814,0.6669625277055626,0.11210322725610478,-0.05729623613973019,-0.08967013728791702,-0.14958977910135393,-0.2672658673982556,-0.2752446110159544,0.32829780503787287,0.3649798667786595,-0.10871077414864691
1.7085395076997827,0.07085773288548215,-0.29095131747715225,-1.6602541909545931,-0.027054023979114408,0.06487113817555337,-0.3252602756253269,-0.9732238575900904,-0.39330911080750103,0.3979027421251215,-0.13128947692278586
0.9159689900633821,0.5696463653520613,1.033518404244266,-1.2518505085929854,-0.3344365707898445,0.1858312665586388,-0.29614845805679707,-0.8381677106920056,-0.6401086983448946,0.5460556811841972,-0.14524436960958007
-0.3587346610615175,-0.995965277721109,-0.8635174837511633,0.274728649692667,-0.7848751225664332,-0.22063647519762594,-0.3518505971839841,-0.03237053172023877,0.6001531882643419,0.22858509748617686,-0.09193354361508534
0.14699134701689023,0.046517359713525545,0.8420964677529649,-0.48180488534615196,-0.5316470521308837,0.16845193776796566,-0.326406410175269,-0.5215234671242268,0.04767289332022747,0.5930883602505718,-0.14116765938647166
-0.0837098460259293,0.8071193260899404,0.3309570600058536,-0.23670318420129569,-0.5977875536670849,0.07703666832902459,-0.10864084568626603,-0.38760224583032754,0.12158749060300014,0.5484073151375167,-0.13520939059885165
1.942871163207176,1.2612836451661678,0.3729502283372163,-1.8649494384275187,0.5023805070970498,-0.25178023239051234,-0.08331127213254516,-1.051533724278896,-1.1337078734196817,0.5131328058377352,-0.14728272472113427
-0.16086355941967395,-0.2684552616600423,-0.47294468485132096,-0.002182809281260648,-0.42187866108371425,-0.052613124449397475,-0.3206757374255584,-0.2411968428903868,0.06897031965594162,0.2826726784125056,-0.11231709473062744
-0.27296898528202707,-0.18482209034653652,-0.7556402642876294,-1.112587313167072,-0.40992368780134925,0.08398839984529388,-0.3288132927301475,-0.7893659097120254,-2.601977500799505,1.2374360634598882,-0.2031022954683111
-0.059977424465892396,-1.1232380660337555,-0.7615515808647353,0.3186149258596761,0.08504325796721719,-0.022720678929439547,-0.3234264603454195,0.00394708761370001,0.6227034043845098,-0.6321129294284568,-0.0049114600064248315
0.07402083330339272,-0.19302065618910977,-0.6170497699840005,-0.6244809120600654,-0.32018375848697295,-0.2232781331738083,-0.32801099854518795,-0.5907539289795476,-1.0021649460520352,0.45669359095808704,-0.14163804902759952
0.4186777437490272,1.3895337191780406,0.8191359913503473,-0.6865358922216686,-0.3911341960269101,0.07981736093553231,0.7437394191056894,-0.6191270690841872,0.20051324702358791,0.5977916281572087,-0.1421084386687274
-0.47344432152015886,-0.541449797788159,-0.7887795927329471,-0.11414354782820521,-0.5471729914586305,-0.09849455245677471,-0.34073309204954555,-0.31269715595407876,-1.0021649460520352,0.45669359095808704,-0.14163804902759952
0.4137845709800766,0.6795594390179591,0.14510238103756273,-0.665414563725554,-0.3218916118130251,0.024203508805378093,-0.24365549566944789,-0.608912738646517,-0.12771767650330093,0.4190674477049903,-0.1190593462534606
-1.2258487038703507,-0.6697042010766191,-0.8203116231700041,1.0634735914781062,-0.6386052481597311,-0.24030987538866802,-0.32010267015058735,0.8006648617519821,-0.3670005253339718,0.39084784026516517,-0.12987830799940217
1.6294987518582589,1.0383219180993262,0.2579841708540799,-1.6975356888890187,0.3342345841775525,-0.034538622507097334,-0.2601598331886144,-0.9857080392361319,-0.5574245725709455,0.6448243072235811,-0.1455579627036653
-1.1542815809066185,1.1446363120835106,0.4354711335532912,0.977422436502,-0.5514581507130886,-0.019939986322931834,-0.20823993807623634,0.6894421525417946,-0.0024386980579235,0.5248909756043305,-0.12893752871714637
-0.20933986513232328,-0.40205203549293733,-0.5032204272461408,0.28051772071457554,-0.14708506092192444,-0.250042299511445,-0.29947224825162916,-0.027830829303496427,1.009815447780726,0.0804321584271011,-0.0688844511998185
-0.2678818112011298,-0.5839399269474408,-0.8235433093252043,-0.32689949265419826,-0.4577435809308092,-0.20346569835244083,-0.34371304187939505,-0.43867389801867895,-1.042254219154556,0.46374849281804337,-0.14226523521577006
0.5857537930595729,1.2006500741646433,0.5279925968778634,-0.6388118645658117,-0.41392938014790787,-0.2514326458146989,-0.12972972140520106,-0.5975634826046611,0.5287441705504767,0.33440862538551697,-0.10933796033681743
0.5615486990682821,1.0273893916710366,0.6551512388116032,-0.7496415722027124,-0.30332258837704,0.08989737163412277,0.025456896656962123,-0.6463652835846414,-0.10516746038313299,0.21682692771958376,-0.12768315634080532
0.6251801705236278,-0.2196622768215185,-0.1086153752688281,-0.4720965140949368,-0.341764814152541,0.0857263327243612,-0.33018865419007803,-0.5158488391032988,-0.09389235232304902,-0.5686188126888544,-0.02843094206281955
1.149425613379202,1.1650349967397344,0.28156213028885246,-1.5159429098536277,-0.23553633727209772,-0.2125029493235909,-0.1424518149095586,-0.9255569822142958,-1.131202293850774,0.5413524132775605,-0.15057545220902954
0.6267368765355636,-0.7272397074164434,-0.5305470669605532,-0.4603449775905787,-0.38332775373291905,0.08016494751134577,-0.31334047630592887,-0.5101742110823709,0.2305802018504785,-0.4298724094430522,-0.04724652770793535
-0.8309620771699469,-1.2125164456473152,-1.0462080142618737,0.4859154719913333,-0.5624505157571332,-0.1652311750129598,-0.32686486399524584,0.15035249055364075,-0.16029021089909906,0.4872648323512317,-0.13332783203434007
-0.15754824083835067,-0.1892369965122839,-0.5413441381824646,-0.29795243680775385,-0.6345840298738447,-0.13533872949300188,-0.3376385287647018,-0.42278493956008073,-0.859346910624305,0.2615079728326388,-0.123136056476569
0.26148644066010895,-0.34622233590540086,-0.4178399817312639,-0.17848274398456512,-0.4588303966837515,-0.02445861180850687,-0.3094436188361256,-0.3524195521005743,0.17545745133451243,-0.3993011680499097,-0.05884947218909006
1.0223963312859836,-0.14879585585865432,0.7015358519331145,0.22520168287390765,-0.03419595606987782,0.007519353166331808,-0.3206757374255584,-0.07209292786673432,0.6502647796424929,-2.607485450216143,0.7273284146826645
-0.14803593686403071,0.0876529974345359,-0.29555254799376657,-0.3145432134991812,-0.7257989234243569,0.07321321599507652,-0.30623444209628764,-0.4318643443935654,-0.37451726404069446,0.6048465300171649,-0.1421084386687274
-0.3203014572871893,-0.6941044165199762,-0.9393985722515464,-0.9378333861187895,-0.6314788420082954,0.06521872475136685,-0.3445153360643545,-0.7235402246692613,-2.5167877954566484,1.009327569987976,-0.18710904766996267
-0.5325189440268577,0.008908781552516103,-0.19527546094618425,0.4921353920747393,-0.654301972820083,0.06556631132718031,-0.3462345378892677,0.15716204417875426,0.7868188661479543,0.21212365981294692,-0.0902087815976164
0.8341078500275975,-0.049887334152854096,-0.19260871388001655,-0.6948747376785953,-0.05731407972889277,-0.24309056799517573,-0.2920223736770054,-0.622531845896744,-0.3995730597297699,-0.6650358047749187,-0.03266444883297062
0.1654234667748251,-0.2684552616600423,-0.47294468485132096,-0.002182809281260648,-0.34269637051220575,-0.052613124449397475,-0.3206757374255584,-0.2411968428903868,0.06897031965594162,0.2826726784125056,-0.11231709473062744
-0.3239947031548396,-0.3567151184502051,-0.5612029310943056,0.25377264121540466,-0.10550659540221861,-0.24552367402586997,-0.3142573839458825,-0.05052934138720817,0.7605102806744249,0.25445307097268255,-0.10040055715538744
1.2124899866481738,-0.33101803956950987,-0.5862549494995819,-1.2261689342448694,3.673864133575879,-0.16151199865175572,-0.3458906975242851,-0.8290883058585209,0.022617097631151984,0.2685628746925951,-0.1126306878247127
-0.4459174616931636,0.6221722269196818,0.23940989616824773,0.27767665995669877,-0.6612265417602582,0.07008493681275535,-0.12972972140520106,-0.0301006805118676,0.3032420093487974,0.2332883653928137,-0.10557484320779427
0.2519501793414309,-0.11709084386217179,-0.30328821772200193,-0.19005418857442344,-0.21095877531627466,-0.24969471293563156,-0.30061838280157127,-0.35922910572568784,0.12534585995636147,-0.37108156061008457,-0.06057423420655903
1.2174584744421257,-0.23246475041618872,-0.5479021560861653,-1.265636005805852,0.5529950693055042,-0.25073747266307195,-0.31414277049088835,-0.842707413108748,-0.17031252917472925,0.23799163329945053,-0.11686419459486376
-0.6588803749398433,0.5689601647753947,0.179790607489819,0.47190670268489576,-0.5989830509953213,0.07807942805646498,-0.1368357556148422,0.1378683089075993,0.5212274318437541,0.4214190816583077,-0.12078410827092954
0.35723411069454747,0.8703728299291015,0.6847365894648176,-0.3648945557579872,-0.34027432397707724,0.09267806424063048,-0.05305332001407317,-0.4602374844982051,0.5149634829214852,0.09454196214701158,-0.09506947455593796
0.5824016463742808,0.33931155978353794,0.39827646918758286,-0.9292191838027636,-0.4484901210914721,0.11666153797175952,-0.31070436684106195,-0.7201354478567046,-0.24673270602640948,0.6283628695503511,-0.14508757306253742
0.5471712425904282,-0.04531821532393657,-0.5747578763615526,-1.1198543009856148,-0.3363307353878296,-0.2510850592388854,-0.30909977847114295,-0.7916357609203966,-1.1788083056600174,0.616604699783758,-0.15214341767945586
-0.4962418871195351,-0.0780166685675249,-0.5241468381210254,-0.17848274398456512,-0.5700737519670569,0.03671662553466277,-0.2974092060617333,-0.3524195521005743,-1.003417735836489,0.6871537183833188,-0.1554361451673511
-0.28898097111651594,-0.2684552616600423,-0.47294468485132096,-0.002182809281260648,-0.5057187334535467,-0.052613124449397475,-0.3206757374255584,-0.2411968428903868,0.06897031965594162,0.2826726784125056,-0.11231709473062744
1.4371253487633384,0.8495525383718588,0.39071460955462173,-1.2161545653187633,-0.1195575704938295,-0.22571123920450253,-0.13717959597982485,-0.8256835290459641,0.1341153884475379,-0.1735443085313169,-0.06825726501164796
0.23886280104015448,-0.715165061931065,-0.8138920871930067,-0.5439969145087911,-0.6718462842604369,-0.10071910654198088,-0.34806835316917506,-0.5521664584372377,-0.17407089852809057,0.46374849281804337,-0.12329285302361163
-0.1751709472013053,-0.2233003630167506,-0.44012518255471644,-0.09427678574391878,-0.4461457042529824,0.07217045626763613,-0.31139204757102723,-0.30021297430803734,0.07272868900930295,0.3767380365452526,-0.12172488755318533
-0.05726384561164304,0.4582590868469705,-0.25227674865148053,-0.5387505389490999,-0.7228179430734294,0.02142281619887038,-0.2725380863279893,-0.5498966072288665,-0.6112945333024578,0.7177249597764613,-0.16860705511893215
0.4162790626850379,0.3739346324460372,-0.18730510873166545,-0.8116341153551533,-0.25190067732354277,0.02872213429095313,-0.2849163394673642,-0.6724685724809099,-0.5511606236486766,0.4402321532848571,-0.14414679378028164
-0.47039056621150394,-0.31107209833399363,-0.6672016668885667,-0.007898261579521986,-0.6068391762951612,-0.07173038611913797,-0.33591932693978865,-0.24346669409875796,-0.5511606236486766,0.4402321532848571,-0.14414679378028164
-0.37861210291666225,0.6667212438976832,0.06000066948027703,0.17552186052697025,-0.3184603792215931,-0.23474849017565258,0.09330806201353567,-0.11068039840904428,0.48990768723240974,0.4214190816583077,-0.1215680910061427
-0.7556433213542123,-0.7459155261676382,-0.8914759354255086,0.23318428797487523,-0.6536809352469732,-0.08563384915167654,-0.34543224370430825,-0.06641829984580638,-0.6864619203696842,0.5578138509507904,-0.1455579627036653
1.0425306757085626,-0.2684552616600423,-0.47294468485132096,-0.002182809281260648,-0.027519802158946692,-0.052613124449397475,-0.3206757374255584,-0.2411968428903868,0.06897031965594162,0.2826726784125056,-0.11231709473062744
-0.2924760481687997,-0.0864590013113392,-0.5032204272461408,-0.6519442271291863,-0.5133264437241426,0.07912218778390538,-0.32824022545517645,-0.6032381106255891,-1.841534101636064,0.760054370936197,-0.16907744476006006
0.5531805306320643,-0.3218987544664539,-0.5284072346164517,-0.6388118645658117,-0.4814982681022617,-0.014726187685729869,-0.33110556183003176,-0.5975634826046611,0.10530122340510108,0.12276156958683673,-0.10557484320779427
-0.2979711208781802,-0.8445875909682425,-0.924305367018299,-0.18162991005641738,-0.5060292522401015,-0.17833518892112737,-0.35196521063897834,-0.3546894033089455,-0.6313391698537182,0.428473983518264,-0.13850211808674692
-1.030395754589675,-1.4567494240542316,-0.785702130707967,1.8290204882209014,0.2926250667791912,-0.015421360837356797,-0.3193003759656279,2.1273928930449335,2.230032697838702,-0.921363905686654,0.10563010565863039
0.16095715299768693,0.09288794173308093,-0.2683824822470342,-0.6249140925295572,-0.23153064492553901,0.0714752831160092,-0.31700810686574366,-0.5907539289795476,-0.8180048477373305,0.3837929384052089,-0.13520939059885165
-0.2883582246419865,-0.9836227552859934,-0.9393985722515464,0.08369583405120351,-0.28012683502138636,-0.210104601950478,-0.3472660589842156,-0.1787759346601795,0.48990768723240974,0.4190674477049903,-0.12423363230586743
0.635829827237322,0.2607152455547111,-0.1781181585100116,-1.0702592138803382,-0.5172079285560792,0.07390838914670345,-0.31815424141568577,-0.7734769512534271,-0.8844027063133806,0.46374849281804337,-0.14367640413915375
-0.3238120844591948,-0.6613152564536362,-0.7765490503688202,0.1282311349036507,-0.43802563798457084,-0.23148117636300602,-0.3477245128041925,-0.14586309213879747,0.45107120391434274,0.395551108171802,-0.11702099114190638
1.1580309918133476,-0.2727207351769356,0.15982998031425208,-0.3126915181324874,-0.08946830007665622,0.08051253408715923,-0.3331686040199275,-0.4307294187893798,1.2528566659647582,-1.3258449456574661,0.1642720142525746
0.7798478336067565,-0.40946819065022316,-0.7439633934712088,-1.5659814283442814,-0.10763364909011992,0.07738425490483805,-0.3343147385698696,-0.941445940672894,-1.9830993472793406,0.8564713630222635,-0.17785805139444744
-0.9119053134818084,-0.4967825223035265,-0.6909811186934353,0.696664527996341,-0.6004424892921295,-0.11934974700558254,-0.32663563708525745,0.36144865293215994,0.04516731375131992,0.32970535747888013,-0.11874575315937533
-1.0829521675369287,-0.5215993345000588,1.2601447821453506,0.9871371880277825,-0.6746409533394313,0.23032234826276224,-0.3176957875957089,0.6985215573752793,0.4648518915433343,0.4543419570047697,-0.1245472253999527
-0.7952161741512472,-0.5984723511750846,-0.5391715365326295,0.8575310008082719,-0.43554148769213136,-0.172878079680856,-0.33133478874002015,0.5396319727892971,-0.16530137003691414,-0.5662671787355349,-0.02905812825099008
0.716080493090208,-0.001973173695203902,-0.22668605786686954,-1.078503701457576,-0.2764006095827271,0.09128771793737663,-0.331793242559997,-0.7768817280659839,-0.5824803682600209,0.48020993049127536,-0.14806670745634742
-0.42211362771336824,-0.43304546955509937,-0.25809115730526067,0.5960778266836008,0.12354758750002917,0.04818698253650709,-0.33202246946998537,0.2570354973470859,-0.41585932692766897,-1.1612305689251594,0.017824039314756745
0.7112952152752787,-0.14467329401319554,-0.40515643261011886,-1.0665380284239707,-0.1515720573876433,0.08468357299692081,-0.33190785601499123,-0.7723420256492415,-0.4835099752881728,0.5977916281572087,-0.14054047319830112
1.473023135407895,-0.22454470933627196,-0.39093332184549173,-1.2578561110335154,-0.05018767357745707,-0.05087519157033016,-0.3328247636549449,-0.8404375619003768,0.06270637073367276,-0.1923573801578663,-0.07421553379926797
0.20987282384142972,-1.2555860991222545,-1.0825931118666734,-0.6192131796925042,-0.37902706853913315,-0.2152836419300986,-0.33844082294966127,-0.5884840777711764,-0.3632421559806105,0.5437040472308798,-0.143989997233239
1.5428956428891472,-0.30980636318813376,-0.5370055687912862,-1.4182837500512557,0.27290712383295285,-0.08702419545493041,-0.3352316462098233,-0.8937790652970994,-0.008702646980192371,0.11100339982024361,-0.10369328464328269
0.22322758967108242,-0.6978116437498061,-1.0032037033010937,-1.0373576894114895,-0.32468628089201956,-0.09745179272933431,-0.3345439654798581,-0.7621276952115712,-1.2351838459604374,0.9599432569682841,-0.1866386580288348
0.6497030741729737,-0.1799937234199952,0.5404125781225798,0.7675726703151141,0.5438347651021336,-0.22154020029474097,-0.34520301679431975,0.43748866841259426,2.6346837982172713,-2.2406305534984297,0.6020479735956019
1.2130703409096402,-0.4986390343080326,-0.7381962569554036,-1.2881655788497592,-0.35651445651390035,-0.22675399893194295,-0.35081907608903623,-0.850651892338047,0.14413770672316809,0.522539341651011,-0.1316030700168711
-0.16401216346437955,-0.08105242986660444,-0.4889308010438772,-0.2249625934353666,-0.6535567277323512,-0.11726422755070176,-0.32514566217033264,-0.380792692205214,-0.3607365764117029,0.4167158137516709,-0.12987830799940217
1.7059623143662608,-0.2684552616600423,-0.47294468485132096,-0.002182809281260648,-0.11135987452877914,-0.052613124449397475,-0.3206757374255584,-0.2411968428903868,0.06897031965594162,0.2826726784125056,-0.11231709473062744
0.11025144809371434,-0.2684552616600423,-0.47294468485132096,-0.002182809281260648,0.3109456751859324,-0.052613124449397475,-0.3206757374255584,-0.2411968428903868,0.06897031965594162,0.2826726784125056,-0.11231709473062744
1.6538762770849973,-0.8873782016940002,-0.5157020492877086,-0.9306417203698596,1.2844220710356538,-0.16644772802830693,-0.34543224370430825,-0.7212703734608901,0.5400192786105608,-1.2176697838048076,0.08399218216674725
-0.3323682165042404,-0.6787125975237813,-0.20063922097625328,0.7471964267347366,0.702354605638428,-0.11170284233768633,-0.2938561889569128,0.4147901563288825,-0.5261048279596011,-1.6480187972621245,0.2252658710521583
0.25705677573417934,0.3286995462116755,-0.5011613434080039,-1.430088820040825,-0.32732569057773653,0.035917176410291816,-0.22073280467060546,-0.8971838421096561,-2.467928993862951,1.0963380262607667,-0.19526246811617953
-0.22360525483760096,-0.8266678196403767,-0.7826379622968803,0.05386982097891501,-0.30279470643989664,0.0002200350742490575,-0.3269794774502401,-0.20033952113970566,0.0013196712954378223,0.059267452847232234,-0.09789181240270534
0.1773920581621889,-0.2684552616600423,-0.47294468485132096,-0.002182809281260648,-0.33027561905000835,-0.052613124449397475,-0.3206757374255584,-0.2411968428903868,0.06897031965594162,0.2826726784125056,-0.11231709473062744
0.974949362972295,-0.2684552616600423,-0.47294468485132096,-0.002182809281260648,0.43981097160623034,-0.052613124449397475,-0.3206757374255584,-0.2411968428903868,0.06897031965594162,0.2826726784125056,-0.11231709473062744
-1.0677303164626732,-0.5807793349142475,-0.7155854539761506,0.9459280353575369,-0.7443524209210142,-0.13777183552369612,-0.34268152078444714,0.6474499051869279,0.08149821750047938,0.2826726784125056,-0.1121602981835848
-0.2852546286406048,-0.2682920886592454,0.8049290663642675,1.6149767173445329,-0.3219381896310084,-0.02063515947455876,-0.3146012243108652,1.6881766842251111,-0.7754099950659021,-4.427650130084796,1.1059920757906196
-0.2715043929233793,-0.6811635724416112,-0.7615515808647353,0.18211513328356144,-0.1677190342884999,-0.1931771357083623,-0.3529967317339262,-0.10614069599230193,0.6577815183492155,0.207420391906308,-0.10824038450751902
-0.1000893946426114,-0.648735583844172,-0.8704044687626401,-0.4318679423503772,-0.45091216762660064,-0.12532823610957414,-0.34669299170924456,-0.4954201782279583,-0.53236877688187,0.6730439146634062,-0.1519866211324132
-1.2067791324543795,-0.6638782208917365,-0.8600989041989782,0.8797790718895,-0.6730883594066567,-0.13985735497857693,-0.3340855116598812,0.56460033608138,-0.6864619203696842,0.5578138509507904,-0.1455579627036653
-0.8380729657229952,-1.6075512875771603,-1.1562946931546974,0.4263443105661773,-0.5856773209914424,-0.03766690168941851,-0.34749528589420403,0.09587606155273257,-0.3319224113692661,0.5766269225773397,-0.13693415261632058
0.7417460906769958,-0.18012525201739535,0.5279925968778634,-1.5170116005021212,-0.5681330095510886,0.17192780352610032,-0.3433692015144124,-0.9255569822142958,-1.6410877361234602,0.9740530606881966,-0.1888338096874316
-0.05557394715120584,-0.422689380138133,-0.9095266265509921,-0.9161868453886253,-0.4018501993509209,-0.23579124990309297,-0.33500241929983493,-0.7155957454399622,-1.6410877361234602,0.9740530606881966,-0.1888338096874316
-0.5273968811085363,-0.8269867342637894,-0.7527029769265087,0.6003738603454642,-0.6636641142347144,-0.163145655558079,-0.32686486399524584,0.26157519976382826,0.8519639349395505,-0.10064365597843665,-0.07499951653448111
0.2722808275892345,-0.26585226123792843,-0.6803139419754857,-0.8237192770318204,-0.2850951356062653,-0.21424088220265822,-0.3369508480347365,-0.6781432005018379,-1.014692843896573,0.5131328058377352,-0.14759631781521954
-0.5611906717965073,-0.9495406562828244,-0.8366193272174948,0.43676156501617236,-0.32623887482479424,-0.12838699797673261,-0.34084770550453974,0.10495546638621726,-0.02874728353145276,-0.07007241458529412,-0.08268254733957008
0.4655868597516229,-0.3617052721006673,-0.5501017047761247,-0.4611981354356499,0.35783401195572756,-0.24934712635981807,-0.341535386234505,-0.5101742110823709,0.5237330114126617,0.11570666772688044,-0.09459908491481005
-0.8521226697660184,-0.5303204150797002,-0.02506552143866995,0.8146077532620171,-0.8151041264375561,0.09737048301411223,-0.3477245128041925,0.4908301718093169,0.5237330114126617,0.11570666772688044,-0.09459908491481005
0.6326131907665687,-0.2684552616600423,-0.47294468485132096,-0.002182809281260648,1.4940222519602349,-0.052613124449397475,-0.3206757374255584,-0.2411968428903868,0.06897031965594162,0.2826726784125056,-0.11231709473062744
-0.6175234346590646,-1.1291990642132657,-0.9470673375813213,0.48182682553668893,-0.36909046736937523,-0.15827944349669051,-0.33729468839971916,0.14694771374108398,0.15541281478325206,0.04515764912731966,-0.099302981326089
-0.1760563508283093,-0.7909708450586062,-0.7675125729532782,0.04130051753301712,-0.3908267824282207,-0.23718159620634682,-0.3402746382295687,-0.20941892597319037,-0.09389235232304902,-0.07007241458529412,-0.08472090245112428
-1.1845374248891805,-0.8037315798165101,-0.9022511383195833,0.8669537670205737,-0.7230353062240179,-0.1544559911627424,-0.3257187294453037,0.5543860056437098,-0.6225696413625418,0.5413524132775605,-0.1389725077278748
-0.3185165606869454,-0.2669890392485376,-0.5656925276265191,0.006139661439296076,-0.5695303440905858,-0.17044497365016176,-0.3345439654798581,-0.23325236366108767,-0.053803079220528245,0.43552888537822027,-0.11764817733007692
-0.8231028614714901,-0.8990027988263697,-1.0687290767281152,-0.048093840487182515,-0.5766722761813493,-0.08737178203074387,-0.3368362345797423,-0.2695699829950265,-1.3078456534587561,0.948185087201691,-0.1861682683877069
0.28623099072084274,-0.21864937602584303,0.807533397455412,1.0185256067074968,-0.03807744090181456,-0.22640641235612946,-0.31700810686574366,0.740513804730146,0.3420784926668644,-3.1413063576194813,1.117281427177689
0.09340419924369864,-0.116978071442166,0.9569929320798455,-0.20602538079855354,-0.6507310067747013,0.16497607200983103,-0.33546087311981176,-0.3694434361633581,0.34583686202022573,0.17920078446648494,-0.10604523284892219
0.37257582820942614,2.4113386837998174,1.530619092049153,-0.5416272975540876,-0.010472320777080775,-0.24969471293563156,-0.21202218209104534,-0.5510315328330521,0.08149821750047938,0.2826726784125056,-0.1121602981835848
-0.26021842366677483,-0.3917796480130765,-0.7268007687719582,-0.20062856368409465,-0.6330624878197256,-0.18504360983432727,-0.3358047134847944,-0.3660386593508014,-0.2843163995600227,0.6260112355970316,-0.14524436960958007
-0.2860309158209225,-0.7586764535337649,-0.7795869731454886,0.23373460055263398,-0.31645753304831375,-0.17253049310504254,-0.337753142219696,-0.0652833742416208,0.8482055655861892,0.2521014370193631,-0.10087094679651532
-0.42394435716274537,-1.2207757135892086,-1.0551308222782216,0.015671531384544198,-0.4672144039207347,-0.21006984329289666,-0.337753142219696,-0.22644281003597416,-0.28556918934447645,0.45669359095808704,-0.13724774571040585
0.19646318051814066,-0.12196966346479708,-0.37183083893143504,-0.5654397794416354,-0.632363820549977,0.08607391930017466,-0.3366070076697539,-0.5623807888749079,-0.15026789262346885,0.5930883602505718,-0.14038367665125848
-0.7283185449530083,-1.226657908382908,-0.7497778021249888,0.9365413696957825,-0.27065601203146084,-0.12977734427998647,-0.3346585789348523,0.636100649145072,-0.3757700538251482,-1.0577586749791377,0.05702317607541467
1.6513247059323888,-0.26374943507247633,-0.4196705734159828,-1.437871182043935,0.6095094884585023,0.07912218778390538,-0.3382115960396729,-0.8994536933180273,0.6389896715824089,0.33676025933883647,-0.11074912926020114
1.0316323994722896,-0.09867545660601403,-0.3174286304894324,-1.2241453582809407,0.5522187723391169,0.0905925447857497,-0.3356901000298002,-0.8279533802543353,-0.030000073315906532,0.5719236546707029,-0.14618514889183584
-0.4686859612501853,-0.40273100660928685,-0.5435234145022296,-0.40324065533086545,-0.7924207290797182,0.08503115957273427,-0.3348878058448407,-0.4806661453735457,-1.6987160662083338,0.6659890128034499,-0.1629623794253974
0.8479436321937476,-0.09964707712153906,0.4382110129123148,-1.002995207433165,0.3589208277086699,0.1253512023670961,-0.3367216211247481,-0.7485085879613442,-0.008702646980192371,0.3861445723585284,-0.1275263597937627
0.556324570670185,-0.6999117977759988,-0.7735240825260703,-0.6388118645658117,-0.05034293297073445,-0.11830698727814215,-0.33706546148973077,-0.5975634826046611,0.41849866951854464,0.33676025933883647,-0.11090592580724375
0.1177010287304506,-0.534204815634533,-0.7155854539761506,-0.5635839517434965,-0.3430068892987607,0.050967675143014805,-0.3375239153097076,-0.5612458632707223,-0.5686996806310295,0.48256156444459275,-0.14054047319830112
0.9203949176627737,-0.11110069927333759,-0.3270146396696968,-1.0229457644195363,0.1854960854177387,0.06278561872067259,-0.33248092328996226,-0.7564530671906433,-0.2930859280511991,0.12040993563351728,-0.10651562249005006
1.117678058615622,-0.7983414255611326,-0.656883610291266,-0.769386650097857,0.690089113569508,-0.15306564485948856,-0.33087633492004326,-0.6554446884181261,0.8256553494660213,-0.2934776401505696,-0.033448431568183765
0.13938092991331383,-0.24792491775876427,0.6404996910798268,-0.7837800669373213,-0.45867513729047404,0.1601098599484425,-0.33809698258467863,-0.661119316439054,-1.0021649460520352,0.727131495589735,-0.158885669202289
-0.32020057997450097,-0.5176821324776859,-0.7045447037127532,0.09476559332270398,-0.666567464889003,-0.24378574114680265,-0.3352316462098233,-0.1708314554308804,0.33456175396014176,0.41201254584503405,-0.11843216006529007
-0.9822271337889539,-0.15592565538965011,-0.9470673375813213,-0.6528744663701895,-0.7798291922849155,0.054791127476962916,-0.32846945236516484,-0.6043730362297747,-2.8224685028633694,1.6136974959908743,-0.2283465395421748
0.2584635872104724,-0.10197754182620837,-0.6098236916982217,-0.8788935408244668,-0.4436149761425597,-0.2152836419300986,-0.332366309834968,-0.7008417125855495,-1.1374662427730429,0.6236596016437144,-0.15261380732058374
-1.2094269028330689,-0.5553483852995654,-0.5839405791459108,1.28806500019498,-0.7806675930086139,-0.01646412056479719,-0.3194149894206221,1.1241186589448744,-0.1928627452948972,-0.1594345048114043,-0.0818985646043569
1.0186027433335458,-0.3616028222281607,1.2511611253027621,-0.02579837272310449,-0.5108422934317031,0.12882706812523073,-0.3346585789348523,-0.2548159501406138,1.6825635620324029,-1.5751181447092453,0.21726924715298407
0.20915015690905692,-0.29631009189851676,1.0191971799161081,-0.18298651832891996,0.01393445584613705,0.16080503310006944,-0.34016002477457447,-0.3558243289131311,0.5036883748614013,-0.00657829784568963,-0.0739019407051827
-0.40451627774870486,-1.0202881627209794,-0.7615515808647353,0.4218415302213899,-0.4138051726332859,0.07495114887414381,-0.34279613423944133,0.0924712847401758,0.5112051135681239,-0.1288632634182618,-0.07092280631137272
0.4412402721276301,-0.908623856673993,-0.4439084122378702,0.20826911829374836,0.7526586490603274,-0.0109027353517818,-0.32801099854518795,-0.08571203511696136,1.0899939939857677,-1.187098542411664,0.12570006368008724
0.8996927344005389,-0.02853318463955121,-0.5094337856648917,-1.2044675638296196,-0.4398887507039005,-0.15619392404180973,-0.3399307978645861,-0.8211438266292218,-0.4196176962810303,0.6189563337370775,-0.1414812524805569
-1.1842430503567032,-0.5173823550672471,0.7489653418372884,2.6668712978275693,-0.6570966418990775,-0.15410840458692893,-0.34577608406929083,4.574292495669059,-1.5822066162541328,-4.792153392849191,1.5961380818458857
0.014497020258345804,-0.1314376600827953,-0.55230809499713,-0.3210446856482274,-0.5897140652166566,-0.23127262441751797,-0.3338562847498928,-0.43640404681030776,0.19424929810131905,0.5695720207173834,-0.13818852499266165
0.7180649235093798,-0.190786772799575,-0.7268007687719582,-1.3996342730806146,-0.267706083559189,-0.05330829760102441,-0.3309909483750375,-0.8869695116719858,-1.4669499560843855,0.7953288802359763,-0.1751925100947227
1.65567311092237,-0.3294050719216385,1.289239347826684,-1.6348242902921486,-0.2802820944146639,0.2575383771489565,-0.3462345378892677,-0.9641444527566058,-0.15402626197683017,0.5248909756043305,-0.143989997233239
0.26913930908229255,-0.32041385637265785,-0.6050468798143757,-0.47784788201584866,-0.31707857062142364,-0.05365588417683787,-0.3352316462098233,-0.5192536159158556,0.30073642977988985,0.4755066625846365,-0.12627198741742163
0.2165977075427929,-0.2867278016067164,-0.7211709464894518,-0.8414453682964635,-0.35791179105339765,-0.1603649629515713,-0.33924311713462074,-0.6849527541269513,-1.0109344745432118,0.7059667900098682,-0.15669051754369218
-0.8561520694844355,-0.7117795400738678,-0.6882992482620429,0.6089632502292908,-0.4345788794538111,0.08850702533086892,-0.3375239153097076,0.2695196789931274,0.12534585995636147,0.428473983518264,-0.12501761504108058
-0.6008923805595533,-0.9869093295816319,-0.9168775097853047,0.2750190804134615,-0.3333808069155577,0.055833887204403305,-0.3343147385698696,-0.03237053172023877,-0.048791920082713144,0.36733150073197895,-0.1359933733340648
-0.2345418123393313,-1.0259527456827202,-0.9745803550908556,-0.08947817465575203,-0.23805153944319274,-0.06721176063356293,-0.3405038651395571,-0.29680819749548054,-0.048791920082713144,0.36733150073197895,-0.1359933733340648
-0.826435654121515,-0.29639744573466914,-0.8235433093252043,-0.24531723745763784,-0.6061560349647405,-0.19720913998779846,-0.33018865419007803,-0.3921419482470699,-2.0996087972335413,0.9176138458085484,-0.1813075754293853
0.22138081245371,-0.40216511922397546,-0.7324756301112366,-0.6644539282274877,-0.4519989833795429,-0.24587126060168343,-0.3429107476944355,-0.608912738646517,-0.5261048279596011,0.5413524132775605,-0.1435196075921111
-0.36550131450473955,-0.5734980919526285,-0.8235433093252043,-0.16878760208197305,-0.7003208569875244,-0.14090011470601732,-0.3375239153097076,-0.3467449240796464,-0.5461494645108615,0.6354177714103074,-0.1483803005504327
-0.6832516493222769,-0.9993527993186674,-0.6620238783216298,1.008503249351354,-0.15980080523134904,-0.10996490945861903,-0.338326209494667,0.7280296230841046,0.7692798091656015,-0.6862005103547876,0.02660464594914412
1.7479960238085963,0.10516575862589393,-0.5747578763615526,-1.8948240899714117,0.4756758914533253,-0.2489995397840046,-0.3272087043602285,-1.0674226827374942,-1.647351685045729,0.8023837820959326,-0.17111579987161424
-1.0580511111832902,-0.7581367356518924,-0.7296325245651251,0.8257521391621685,-0.6108293427023922,0.07217045626763613,-0.3439422687893835,0.5021794278511728,-0.4321455941255681,0.21917856167290112,-0.11749138078303428
-1.0132637787256222,-0.6820584844590931,-0.8465869931104171,0.5754761506338278,-0.6584008208026082,-0.19373327422966383,-0.333397830929916,0.23774176207593095,-0.8681164391154814,0.39319947421848467,-0.13583657678702218
0.44930813112752926,-0.2720616106371741,-0.5305470669605532,-0.4978911022450043,0.09886134396891173,-0.2451760874500565,-0.33546087311981176,-0.5294679463535259,0.6039115576177032,0.3085406518990113,-0.10667241903709271
0.2543801166497861,-0.14958873864472194,0.9894056005991615,-0.5016631308836141,-0.5581964083813307,0.18270298737631765,-0.3331686040199275,-0.5306028719577115,-0.07760608512514995,0.29207921422578137,-0.12768315634080532
-1.0148802891074535,-0.7760521219423131,-0.7887795927329471,0.8681400823539306,-0.7081459304087088,-0.10822697657955171,-0.332366309834968,0.5532510800395242,-0.28556918934447645,0.035751113314046006,-0.10087094679651532
-1.0465324834019154,-0.24893514222409735,-0.1677624434366501,1.3467866870783425,-0.7299598751641929,0.07008493681275535,-0.12995894831518948,1.2194524096964638,0.2543832077551002,-0.799078940114083,-0.018709556146176386
1.412055060906322,0.4572888543881433,0.850403895111502,-1.7956751633828543,-0.4749773735846081,0.18513609340701187,-0.333397830929916,-1.0220256585700707,-1.6323182076322837,0.8094386839558889,-0.17127259641865689
0.5281069024717738,-0.625068598659688,-0.7183727026865978,-0.4821802708402191,0.11314520815043883,-0.19338568765385036,-0.33729468839971916,-0.5215234671242268,0.9008227365332477,0.2262334635328574,-0.10353648809624008
-0.23004614174648483,-0.7743651772944287,-0.656883610291266,0.31100353360519833,0.00446363285621154,0.02455109538119156,-0.34142077277951083,-0.0028624660114135118,0.8682502021374495,-0.020688101565602204,-0.05931986183021798
1.3653745782477282,-0.27769826680708404,-0.3926956926505426,-1.0265750220109404,1.0237415497227857,-0.24691402032912382,-0.23024572143512506,-0.7575879927948289,0.7855660763635005,-0.17824757643795372,-0.05587033779528008
-0.5249399487496491,-1.136604531199501,-1.0596346715934484,0.020392751612915032,-0.4686117384602319,-0.06616900090612254,-0.3423376804194645,-0.2230380332234174,-0.42713443498775294,0.5578138509507904,-0.15590653480847902
0.45269498343602266,0.015652751707849705,-0.6909811186934353,-1.5493523029307605,-0.5215551915678484,-0.08181039681772843,-0.34119154586952233,-0.9357713126519661,-2.551865909421354,1.0281406416145253,-0.188677013140389
-0.06091169602116177,-1.186385246608985,-0.873873198824525,0.08693317605762357,-0.06804250380436573,0.0005676216500625217,-0.341535386234505,-0.17650608345180832,0.18923813896350394,-0.29818090805720643,-0.05900626873613271
-0.8418947159726398,-1.0343345381060176,-0.9131925462560689,0.7484773336509051,-0.540031059367867,-0.12595389194603837,-0.3394723440446092,0.4159250819330681,0.5625694947307287,0.30148575003905503,-0.1051044535666664
-0.2415917317455671,-0.8654244247049907,-0.7527029769265087,0.2068114676624826,-0.444080754322392,-0.040447594295926224,-0.34038925168456285,-0.08684696072114695,0.29572527064207477,-0.08183058435188724,-0.07107960285841533
-0.3023700241858331,-1.0952823908756422,-0.8012247169285983,0.4073390766997021,-0.39014364109779986,0.009257286045399129,-0.31987344324059896,0.07998710309413434,0.40972914102736824,-0.4204658736297765,-0.04442418986116798
-1.1704870547248922,-0.5841162324432047,-0.6882992482620429,1.226221057499658,-0.6319290942488,-0.24969471293563156,-0.32846945236516484,1.0287849081932852,0.5024355850769475,0.28737594631914454,-0.09898938823200375
0.11518219058453551,-0.2172787186849945,-0.6050468798143757,-0.44230439855175613,-0.23913835519613497,-0.2337057304482122,-0.33500241929983493,-0.5010948062488862,0.037650575044597276,0.567220386764066,-0.13771813535153374
-0.4268236045551881,-0.450612418309331,-0.7675125729532782,-0.16741250595522547,-0.5375158571967721,-0.041837940599180085,-0.3347731923898465,-0.3456099984754608,-0.8405550638574985,0.5484073151375167,-0.15324099350875428
0.6033988037020804,-0.43708987393487875,-0.62680049236896,-0.5921955204156151,-0.30155263129367693,-0.24413332772261612,-0.3364923942147597,-0.5748649705209494,0.7843132865790466,0.30148575003905503,-0.10698601213117798
0.20501108804401633,-0.1137770391357726,-0.5909064670469452,-1.0826923170523775,-0.2824557259205484,0.08642150587598812,-0.33500241929983493,-0.7780166536701695,-1.5170615474625364,0.9293720155751416,-0.18585467529362162
-0.6425113241288587,-0.6961856020959121,-0.5241468381210254,0.7121265202129596,-0.6324725021252712,0.08954978505830931,-0.33190785601499123,0.37620268578657257,0.7454768032609796,-0.10534692388507556,-0.0679436719175627
1.13525276679859,0.07089337440576286,-0.44771192743181815,-1.6680608148926892,-0.03652484696903992,0.07321321599507652,-0.3366070076697539,-0.9754937087984616,-1.5546452409961498,0.8282517555824382,-0.1726837653420406
-0.06148666399998468,-1.3182793784731128,-0.6026704826700516,0.6211619947346119,0.06206486776215205,0.06626148447880724,-0.333970898204887,0.2820038606391688,0.5237330114126617,-1.4105037679769385,0.15596179725931514
1.8384540647528855,0.2136721795973841,0.3155217336681866,-1.4149755560952937,0.7594900623645361,0.07738425490483805,-0.24927155496416425,-0.8926441396929138,-0.6639117042495163,-0.8978475661534678,0.021587156443779905
-1.2295482336037902,-0.8052415181758221,0.5786656731684181,2.6681147708354738,-0.7496778181104313,-0.09223799409213235,-0.3366070076697539,4.576562346877431,-1.3015817045364872,-4.093718108713545,1.7000941925351505
1.3674720791792492,0.8691560592926719,1.0480193842626204,-0.550387283337507,0.18658290117068094,0.06695665763043417,-0.29947224825162916,-0.5555712352497945,1.0148266069185412,-1.2835155344977307,0.14937634228352464
0.13835194884432,0.47187435846339293,0.8864830389120533,-0.6157052456562785,-0.480256192956042,0.1743609095567945,-0.3462345378892677,-0.5862142265628053,-0.3444503092138039,0.7036151560565488,-0.1548089589791806
-0.26085711789853405,-0.8937120967022844,-0.8203116231700041,0.09247015903736966,-0.3341571038819451,-0.23092503784170448,-0.3430253611494298,-0.17196638103506598,-0.2943387178356529,-0.13591816527821807,-0.08487769899816693
1.1620041770451748,0.13627467834200246,-0.340000885817108,-1.2443385334345072,-0.03652484696903992,-0.2514326458146989,-0.3385554364046555,-0.8358978594836344,-0.08387003404741883,0.34381516119879274,-0.1251744115881232
1.4489641321134559,0.49712626788347675,-0.17162814174561933,-1.5311781615859692,1.723045382983827,-0.23579124990309297,-0.2279534523352408,-0.9300966846310381,-0.12771767650330093,0.6189563337370775,-0.14430359032732426
-0.3715954561223204,-0.4409258845078859,-0.7183727026865978,-0.027618099621669556,-0.4676801821005671,-0.24552367402586997,-0.3399307978645861,-0.2559508757447994,-0.15527905176128395,0.567220386764066,-0.13411181476955322
0.8321657604667991,-0.1626141540169786,-0.5816337352131818,-1.182548841304023,-0.042114185127028685,-0.012640668230849122,-0.33546087311981176,-0.8143342730041082,-0.6401086983448946,0.4872648323512317,-0.1483803005504327
1.6142022548890613,0.6648778116893361,0.09367741508319445,-1.6015339368911121,-0.3923793763609954,0.06695665763043417,-0.30004531552660024,-0.9527951967147499,-0.15152068240792263,0.4755066625846365,-0.14163804902759952
1.2888137300031128,0.32591697811493714,-0.38742166178182935,-1.6602541909545931,0.17819889393369764,-0.22988227811426412,-0.28308252418745683,-0.9732238575900904,-1.2276671072537146,0.727131495589735,-0.16139441395497112
1.6479181364828963,0.38952013835995636,0.3901295753901998,-1.002138138887086,1.562181125609043,-0.23787676935797375,-0.31253818212096934,-0.7485085879613442,0.32453943568451155,-1.0789233805590055,0.0810130477729373
-0.9212552744816794,-1.237811258209162,-0.7353301767567613,1.3545534325271944,-0.6910984490268428,-0.11170284233768633,-0.34073309204954555,1.2285318145299484,0.3596175496492172,-1.1212527917187411,0.0664309688979725
1.537014127705683,-0.7422672568995233,-0.6492423814566772,-1.1807391400372695,0.8888211369646666,-0.13881459525113654,-0.3422230669644703,-0.8131993473999226,0.42225703887190597,-0.3169939796837558,-0.04567856223750904
-0.7804248986961213,0.07359309643821059,0.7877637792949855,0.3223941327324757,-0.6339629923007348,0.15767675391774824,-0.3399307978645861,0.007351864426256772,-0.6776923918785078,0.3884962063118457,-0.13724774571040585
1.282543445667646,-0.006511520300272388,0.2607990709136311,-0.382634880413379,0.8659980061528788,0.017599363864922273,-0.29248082749698223,-0.4693168893316898,1.6462326582832434,-1.203559980084895,0.1550210179770594
0.8109296258299923,-0.4029575806267241,-0.019830413661637333,0.014644860679949717,0.3503815610784091,0.04401594362674552,-0.3241141410753848,-0.22757773564015973,1.6462326582832434,-1.203559980084895,0.1550210179770594
1.8776798887259203,0.05475548733452147,0.7542393727060014,-0.7920123576184877,2.6816013511395838,-0.24204780826773534,-0.24056093238460416,-0.6645240932516108,-0.6739340225251464,-2.591024012542912,0.6638258131303987
0.3626086420424797,-0.8767943358472939,-0.41601410199946326,0.27268954886155206,0.6391640325744987,-0.01715929371642412,-0.32491643526034425,-0.03464038292860995,0.9346480607134996,-1.2670540968244997,0.13338309448517618
-0.4404166860385558,-1.0605608244949025,-0.8950495141882203,0.10796411762003623,-0.47063011057283904,0.07634149517739766,-0.33706546148973077,-0.1617520505973957,-0.09765072167641034,0.4096609118917146,-0.126115190870379
-1.1567282454174603,-0.4056862888883388,-0.8465869931104171,0.29481905492757426,-0.5933471350193493,0.022813162502124236,-0.32079035088055263,-0.015346647657454969,-1.7763890328444678,0.9575916230149647,-0.18538428565249376
-1.1044150879794203,-0.7456538552465187,-0.8843823374702707,0.6516300855885953,-0.7393685943968075,-0.15202288513204817,-0.3288132927301475,0.31378177755636527,-1.0134400541121193,0.4543419570047697,-0.14132445593351428
-0.0068843154218892035,-0.7183340129143461,-0.7381962569554036,-0.27031022793898746,-0.5460861757056882,0.05930975296253795,-0.34142077277951083,-0.4068959811014825,-0.08637561361632637,0.34381516119879274,-0.1190593462534606
1.6482547493496391,0.08196888326636008,-0.3962336245937712,-1.6480801533816263,0.40984590870367915,-0.24448091429842958,-0.33614855384977704,-0.968684155173348,-0.6438670676982559,0.3038373839923745,-0.12831034252897586
-1.1736748054773656,-0.9012913288739088,-0.9318118273744446,0.9096214994211078,-0.7013455689831558,-0.16801186761946751,-0.3410769324145282,0.6020528810195044,-0.5586773623553992,0.40730927793839516,-0.13348462858138269
-0.3952975556117055,-1.4493947235737679,-1.1111615586501473,0.0617569853668006,-0.5911113997561538,-0.1673166944678406,-0.34909987426412303,-0.19466489311877772,0.06521195030258031,0.5178360737443742,-0.13081908728165795
1.1292041230418604,0.5555790158925799,0.8815235220897641,-0.27984391242537243,-0.10424899431667116,0.03949731814117048,0.08505589325395241,-0.41257060912241045,0.6089227167555183,-1.6503704312154428,0.2569387735547699
-0.5895625634479847,-0.5818301584398087,0.7591266727368393,0.23535707930393507,-0.6721568030469918,0.16289055255495025,-0.338326209494667,-0.06414844863743521,0.03514499547568973,0.5531105830441535,-0.13520939059885165
-0.7876455694727039,-1.226657908382908,-1.0158334829407534,0.6227021677700199,-0.6044637075780159,-0.16279806898226554,-0.34142077277951083,0.28427371184754,0.22306346314375586,0.1815524184198023,-0.11733458423599165
-0.020899045881839776,-0.9631019803252602,-0.6243502174485063,0.2685353128430838,-0.16228495552378855,-0.10092765848746896,-0.33786775567469024,-0.03804515974116671,0.037650575044597276,-0.8907926642935116,0.04024594554185306
-0.5339936962047452,-0.8636760404329843,-0.873873198824525,-0.0752685445799815,0.3541077865170683,0.08537874614854774,-0.34038925168456285,-0.28772879266199586,-0.7503541993768267,0.6424726732702637,-0.15919926229637427
-0.8868537646154936,0.07210334467514457,0.34356812787447444,1.1929520973142356,-0.6085780814998689,0.06973735023694187,-0.3205611239705642,0.9811180328174904,-0.5173352994684247,-1.2929220703110054,0.11143157789920781
0.4168066277513341,-0.8721371841830967,-0.641682588226994,-0.16570876734888387,-0.35201193410885384,-0.10266559136653627,-0.3402746382295687,-0.3444750728712752,0.45482957326770407,-0.5262894015291166,-0.005068256553467446
0.2994284430429559,-0.4393128593826894,-0.5457094066302036,-0.5822610627384709,-0.5027688049812747,0.06869459050950148,-0.3424522938744587,-0.570325268104207,-0.5198408790373322,0.15803607888661608,-0.11435544984218164
-0.3210279458904202,-0.7348119343533164,-0.7735240825260703,-0.02167722436008894,-0.3912925606080531,0.005086247135637558,-0.3423376804194645,-0.25141117332805707,-0.5198408790373322,0.15803607888661608,-0.11435544984218164
-0.02882173968345607,-1.0989840348558948,-0.9168775097853047,-0.07938645587236848,-0.32965458147689847,-0.049137258691262835,-0.3387846633146439,-0.28999864387036706,0.19926045723913416,0.04750928308063912,-0.09710782966749217
-0.5203109035019691,-1.3422548580286187,-1.0200938794361798,0.39205286985568927,-0.41333939445345347,-0.12421595906697104,-0.3419938400544819,0.0663679958439073,0.19926045723913416,0.04750928308063912,-0.09710782966749217
-0.46982084475621133,-0.002100928510861026,0.10775934421337623,0.678656665616829,-0.557684052383515,0.07912218778390538,0.08138826269413764,0.3410199920568194,0.2781862136597219,-0.7191233857012496,0.011238584338966216
-0.2199077620875176,-0.6518444716198998,-0.8235433093252043,-0.15978727317153502,-0.5280760860855019,-0.15966978979994437,-0.3410769324145282,-0.34107029605871847,-0.09263956253859525,0.555462216997473,-0.13567978023997954
0.59212035882088,-0.04769160442582909,-0.6856274790614769,-1.6333788804814249,-0.5597490023141054,0.05444354090114945,-0.337753142219696,-0.9641444527566058,-2.4992487384742956,1.0493053471943943,-0.19369450264575322
-0.8525461242412913,-0.46275670295199667,-0.7556402642876294,0.4323351983049777,-0.7445076803142917,-0.2451760874500565,-0.34210845350947605,0.1015506895736605,-0.2642717630087623,0.6236596016437144,-0.14414679378028164
-0.23125491532358233,-1.3536346401543702,-0.8843823374702707,0.5069974294701101,0.10833216695883738,-0.2472616069049373,-0.3385554364046555,0.17078115142898131,0.5788557619286278,-0.7638044308143036,-0.0008347497833164077
-0.40034069770313435,-0.6054718653950789,-0.8107039744819773,-0.008231855414286922,-0.37390350856097676,-0.14715667307065966,-0.3387846633146439,-0.24233176849457239,-0.1289704662877547,0.5836818244372961,-0.1389725077278748
-0.3451826830549033,-1.0977464332708036,-0.9355950570575985,-0.02743106925099072,-0.5675119719779788,0.0617428589932322,-0.34256690732945294,-0.2559508757447994,-0.18284042701926698,0.4778582965379559,-0.129094325264189
-0.8396451897492155,0.19280171563991888,-0.9095266265509921,-0.8650019010668634,-0.7103195619145933,-0.23961470223704107,-0.33248092328996226,-0.694032158960436,-2.873832884025974,1.6372138355240626,-0.22975770846555846
0.17063937967532758,-0.5223569559719458,-0.61463288899464,-0.23490743371101483,-0.265066673873472,-0.18504360983432727,-0.3400454113195802,-0.38646732022614194,0.15165444542989073,-0.00422666389237226,-0.08299614043365534
-0.46664598339726426,-0.4943674021391992,-0.7045447037127532,0.2252261213755657,-0.566269896831759,-0.18226291722781954,-0.3394723440446092,-0.07209292786673432,0.3420784926668644,0.44493542119149393,-0.12250887028839848
-0.4381734134449937,-0.8940877462591755,-0.8366193272174948,0.3713939882923238,-0.4816535274955392,-0.11656905439907483,-0.34073309204954555,0.0482091861769379,0.6289673533067787,0.13451973935342984,-0.0991461847790464
0.5922178209013079,-0.37567063848971183,-0.6219083772260489,-0.6867898280175242,0.011605564946975086,-0.19859948629105234,-0.3405038651395571,-0.6191270690841872,0.45107120391434274,0.395551108171802,-0.11702099114190638
-0.6844853012653566,-0.989747533635499,-0.8635174837511633,0.5883428327812408,-0.37312721159458945,-0.025848958111760727,-0.3399307978645861,0.2502259437219724,0.5287441705504767,0.23563999934613314,-0.09601025383819375
0.36590468870005394,-0.907845801714387,-0.4670415671436378,0.18321912231035906,-0.24814340000622806,-0.18052498434875222,-0.33706546148973077,-0.10500577038811634,0.4009596125361918,-1.347009651237334,0.13228551865587782
0.14569998564147194,0.17762341947813265,1.1979233349248843,-0.09030131540801863,-0.6967654168814704,0.1687995243437791,-0.2771226245277578,-0.29680819749548054,0.2819445830130832,-0.279367836430657,-0.06323977550628375
-1.0571425578437073,-0.7360876931330563,-0.8808619635741995,0.7284444691662842,-0.5984085912401947,-0.1989470728668658,-0.3366070076697539,0.3932265698493564,-0.24422712645750191,0.5977916281572087,-0.14069726974534374
-1.2916531529554065,-1.2760726585212154,-0.7735240825260703,1.9195472813673236,-0.5021477674081649,-0.0397524211442993,-0.31952960287561627,2.331679501798339,0.38216776576938516,-0.9307704414999288,0.04463624885904675
-0.34261535755862266,-1.0952823908756422,-0.8012247169285983,0.4679166271576887,-0.0178937197757438,-0.013683427958289475,-0.3343147385698696,0.13446353209504253,0.749235172614341,-0.21117045178441568,-0.038936310714675855
0.08993919674118936,-0.5263193347597497,-0.6050468798143757,-0.1416033107696746,-0.09645497277414225,-0.17148773337760215,-0.3376385287647018,-0.3297210400168626,0.16919350241224357,-0.048907709005427354,-0.07813544747533374
0.0175958953136226,-0.5785117559624969,-0.7439633934712088,-0.2318142763844077,-0.45137794580643303,-0.008921491869645042,-0.3422230669644703,-0.38419746901777074,0.4686102608966956,0.4919681002578685,-0.1295647149053169
-0.06342262942395034,-1.0091887055257327,-0.970583984609802,-0.36295393365354794,-0.39952130845175887,-0.06269313514798791,-0.3410769324145282,-0.4591025588940195,-0.41585932692766897,0.49431973421118586,-0.13693415261632058
0.3763373079766139,-0.06789019041932438,-0.61463288899464,-0.9368667913373435,-0.6361366238066194,-0.00360341725969905,-0.33924311713462074,-0.7235402246692613,-0.5611829419243068,0.854119729068944,-0.1698614274952732
0.5294308885268247,-0.46644485737182745,-0.55230809499713,-0.40183250253107594,0.07883288223611849,-0.2337057304482122,-0.34096231895953394,-0.4795312197693601,0.943417589204676,0.10630013191360678,-0.07296116142292691
-1.135250294676493,-0.5512592535907085,-0.8669526182325568,0.5523860299614312,-0.654301972820083,-0.24830436663237768,-0.33809698258467863,0.2161781755964048,-1.1399718223419504,0.7412412993096475,-0.16108082086088585
-1.1611734574279982,-0.799234873708286,-0.8879202694134994,1.031472577257754,-0.6993271968705487,-0.13638148922044227,-0.3416499996894992,0.759807540001301,0.1529072352143445,0.4331772514249008,-0.13677735606927796
0.006394819869452621,-1.0778480230225294,-0.8465869931104171,0.0715234700044709,-0.1035969048649058,-0.2114601895961505,-0.3369508480347365,-0.1878553394936642,0.6465064102891316,-0.09829202202511927,-0.05634072743640796
0.8091482905787064,-0.5697351394437661,-0.636687117693356,-0.8393728543543442,0.07774606648317627,-0.0348862090829108,-0.3458906975242851,-0.6838178285227657,-0.1490151028390151,-0.0465560750521079,-0.08942479886240323
-0.570190455073899,-0.7310083247325211,-0.9432225916695757,-0.14032075290523005,-0.5504334387174573,-0.24934712635981807,-0.3399307978645861,-0.328586114412677,-1.0347374804478335,0.7506478351229212,-0.16139441395497112
0.7907003254020954,-0.4782572195497721,-0.6292592604603617,-0.8350747237089237,0.23393701612030848,-0.2479567800565642,-0.3386700498596497,-0.6826829029185801,0.032639415906782175,0.11100339982024361,-0.09695103312044955
0.6002870603432442,-0.24460104444904268,-0.16391769752490432,-0.39552799210449757,-0.5991848882065821,0.08537874614854774,-0.3405038651395571,-0.4761264429568033,0.5725918130063589,-0.2817194703839744,-0.03830912452650533
-0.13875189177702393,-0.4526542708262485,-0.6292592604603617,-0.4092360354340762,-0.7780437092622247,0.06904217708531495,-0.34142077277951083,-0.4840709221861024,-0.8743803880377503,0.4661001267713628,-0.143989997233239
0.07849661832238408,-0.3684200808375913,-0.5955886879026497,-0.2541679233647322,-0.5034208944330402,-0.22814434523519675,-0.3063490555512819,-0.3978165762679978,0.0902677459916558,0.19801385609303435,-0.10792679141343377
1.1878530375722913,0.1123145145561392,-0.5932437142492566,-1.8135880892965344,-0.3318282129827831,-0.050527604994516695,-0.33546087311981176,-1.0299701377993697,-2.2086015084810198,0.9364269174350979,-0.1822483547116411
0.4468818916782102,-0.2294860365965709,-0.6122242147476963,-0.8718857989768173,-0.47792730205687994,-0.05122277814614362,-0.33970157095459763,-0.6974369357729928,-0.7190344547654823,0.4402321532848571,-0.14257882830985533
-0.2372364626329513,-0.641166382188861,-0.8267897858575726,-0.20037342800439295,-0.6965325277915542,-0.17044497365016176,-0.3395869574996034,-0.3660386593508014,-0.31688893395582085,0.5695720207173834,-0.13787493189857639
0.18436918292459636,-0.9444093263942999,-0.8600989041989782,-0.23288220744068774,0.27166504868673313,-0.07798694448378034,-0.34142077277951083,-0.38533239462195634,0.6690566264092994,0.2591563388793194,-0.10024376060834479
1.1342284542166938,0.3887170556309622,-0.3174286304894324,-1.8045286694198799,-0.11772550965315537,0.06104768584160527,-0.33637778075976543,-1.0254304353826273,-2.2850216853327,0.9411301853417346,-0.18052359269417215
1.5627583797363767,0.5486209579409153,0.4165539089020147,-1.0736732365841417,0.2848155192973346,0.053400781173709055,-0.22176432576555336,-0.7746118768576127,0.6076699269710646,-0.578025348502128,-0.011810508076300626
-0.24906409307491975,-0.841931855163737,-0.920581716031163,-0.22183158801409897,-0.43755985980473844,-0.14263804758508464,-0.3410769324145282,-0.3785228409968428,-0.4171121167121228,0.5954399942038892,-0.13928610082196008
0.9647166164186369,-0.5661751906688708,-0.6963754708047661,-1.2707206863736644,-0.19892617233727083,0.07981736093553231,-0.3288132927301475,-0.8438423387129336,-0.5824803682600209,0.5248909756043305,-0.14508757306253742
-0.7680815544488881,-1.2334854966499196,-1.0596346715934484,0.29896657059106174,-0.5740328664956323,-0.2364864230547199,-0.34256690732945294,-0.013076796449083794,-0.7516069891612804,0.37438640259193523,-0.135052594051809
-0.060441217627531546,-1.193348232600939,-0.9666100028763367,-0.11077090773796958,-0.3850821848769544,-0.095713859850267,-0.3422230669644703,-0.3104273047457076,0.16042397392106714,0.24269490120608944,-0.09898938823200375
-0.3308246454877948,-1.387290164617835,-1.041788349595853,0.14237530439965046,-0.4296416307475876,-0.14055252813020386,-0.345317630249314,-0.1356487617011272,0.16042397392106714,0.24269490120608944,-0.09898938823200375
-0.17520666708878507,-1.3279185482169735,-1.0243800186647891,-0.0053280713976634085,-0.25481955391715916,-0.24969471293563156,-0.3434838149694066,-0.2411968428903868,0.16042397392106714,0.24269490120608944,-0.09898938823200375
0.07132953008513923,0.15703755020995816,-0.3432849374428015,-0.3686366466625275,-0.41535776656606055,-0.045313806357314725,-0.2638274637484292,-0.46137241010239066,0.18422697982568886,0.5578138509507904,-0.13662055952223534
2.59615995966985,1.1575523666097556,0.5591054617386079,-1.8597555281858171,0.4167860035831821,-0.002560657532258657,-0.11104772824114448,-1.0492638730705248,0.6452536205046777,0.18625568632644124,-0.10479086047258113
-0.7859424981394203,-1.2258124058885653,-1.161491448149468,-0.07714941207114137,-0.5817958361595057,-0.14090011470601732,-0.34474456297434297,-0.28772879266199586,-1.2351838459604374,0.9599432569682841,-0.1866386580288348
0.010112631707363479,0.09204264859941562,-0.24078898529150836,-0.10071186883300574,-0.586686507047746,-0.2423953948435488,-0.2890424238471559,-0.3036177511205941,0.06897031965594162,-0.06772078063197676,-0.08832722303310482
-0.20161095695413175,-0.8311553773370506,-0.8432488510246289,0.10020996349967783,-0.15265887314058552,-0.23857194250960068,-0.34554685715930245,-0.16629175301413804,0.7918300252857693,0.34381516119879274,-0.11278748437175533
0.11967706592528764,-1.3400163507475131,-0.9826412814280311,-0.142984428241473,-0.05996901535393748,-0.08945730148562464,-0.3422230669644703,-0.3308559656210482,0.216799514221487,-0.10064365597843665,-0.07656748200490743
0.21025157637412792,-0.010057136341751389,-0.2610163321067806,-0.22608971693707913,-0.3168612074708352,0.02142281619887038,-0.28354097800743366,-0.380792692205214,0.4473128345609814,0.023992943547452888,-0.09052237469170167
-0.5998193767687787,0.677926898844703,-0.02191982278392704,-0.4621245032849542,-0.7065001808399677,0.06765183078206109,0.06201858880011576,-0.5113091366865565,-2.1434564396894236,0.8023837820959326,-0.17393813771838165
1.2035234089991675,-1.1589416927990854,-0.8333276559551467,-0.9708926525748379,1.4893644701619109,0.02455109538119156,-0.3385554364046555,-0.7371593319194883,-0.12020093779657827,-0.5827286164087648,-0.048500900084276405
-0.10903645486676866,-0.6417749177992834,-0.9470673375813213,-0.859422752029956,-0.4731142608652785,-0.226058825780316,-0.3423376804194645,-0.6928972333562504,-1.8979096419364838,0.8141419518625257,-0.173781341171339
0.008902809490578466,-1.2068324680511207,-0.8914759354255086,0.11030161299537682,-0.00531770892026887,-0.24170022169192187,-0.34073309204954555,-0.15948219938902453,0.7780493376567779,-0.1218083615583055,-0.048971289725404286
2.6852348979033436,0.9005492886012954,0.170279574938327,-1.9396479086827465,1.8432006274412593,-0.07979439467801033,-0.19975854240666466,-1.0935259716337626,0.2781862136597219,0.567220386764066,-0.13850211808674692
1.7310965872949562,1.5685776607625694,0.8283464465335543,-1.6858067921872546,-0.19240527781961722,0.030112480594206986,0.32184729127199463,-0.9811683368193895,-0.3231528828780897,0.5413524132775605,-0.13270064584616953
0.19353248544513418,1.4216812512473056,0.6643559599772073,-0.7397681432043628,-0.5893259167334629,0.05791940665928409,-0.199414702041682,-0.641825581167899,-0.7465958300234654,0.6048465300171649,-0.158885669202289
0.34806138457909663,-1.3246802245302103,-0.9432225916695757,-0.2243421254144107,-0.2832320228869357,-0.006731696442020228,-0.3423376804194645,-0.3796577666010284,0.48113815874123333,-0.2934776401505696,-0.06386696169445427
-0.09636655477360236,-1.4537916797024673,-1.0115985217998364,0.12874802262912666,-0.05531123355561342,-0.20242293862500044,-0.3400454113195802,-0.14586309213879747,0.5763501823597201,-0.04420444109878843,-0.06402375824149692
-0.2862705574464179,-1.0946686891682256,-0.6243502174485063,0.739757304367018,0.056630788997440666,-0.20763673726220241,-0.33259553674495645,0.4068456770995834,0.7793021274412316,-0.9989678261461712,0.09716309211832831
-1.2707253718574723,-1.0121861272875838,-0.9131925462560689,1.3099068399568876,-0.6066373390839005,-0.08111522366610151,-0.3419938400544819,1.1593013526746276,-0.0011859082734697259,0.2591563388793194,-0.10980834997794535
-0.9315105084138907,-1.1728045836871366,-0.8075301263050515,0.925811972038792,-0.6704489497209397,-0.24065746196448148,-0.3445153360643545,0.622481541894845,-1.0785851229037156,-0.8907926642935116,0.005280315551346245
0.45803289752779847,-0.21255281001042872,-0.45153594684984727,-0.5211744375242381,0.4211798444129343,-0.24830436663237768,-0.3050883075463455,-0.5408172023953818,0.06897031965594162,0.035751113314046006,-0.09005198505057375
-0.2731717643664323,-0.9739183397327913,-0.7268007687719582,0.5249869414737146,-0.30170789068695436,-0.13672907579625573,-0.34210845350947605,0.18667010988757954,1.1275776875193808,-0.340510319216942,-0.02215908018111428
0.2807835048119425,-0.755716766475875,-0.8366193272174948,-0.7087340470850512,-0.3217363524197477,-0.004646176987139442,-0.34325458805941816,-0.6282064739176719,-0.7916962622638013,0.3532216970120664,-0.13223025620504164
-0.833413333086872,-1.426709575066645,-1.10151033651795,0.41300888009256626,-0.7168715083109025,-0.0074268695936471575,-0.3518505971839841,0.08452680551087668,-0.39832026994531616,0.5295942435109673,-0.13865891463378954
-0.6036653988091408,0.62069424884107,0.5696349479626756,0.8251868447638516,-0.47264848268544607,0.06313320529648606,-0.30119145007654236,0.5021794278511728,0.17796303090341997,-0.8131887438339955,0.01672646348545834
-0.7928957003814664,-0.5390731958034878,-0.6856274790614769,0.2764894197243128,-0.7207529931428392,0.07912218778390538,-0.3433692015144124,-0.03237053172023877,-0.5812275784755672,0.6448243072235811,-0.146969131627049
-0.19662756501437204,-0.9969302859720488,-0.8914759354255086,-0.00652242986459753,-0.42591540530892835,-0.23440090359983912,-0.34554685715930245,-0.24233176849457239,-0.20288506357052738,0.028696211454089716,-0.0967942365734069
-0.041879796987262345,-0.8181496560016281,0.88240125437435,0.12221322357441138,-0.5754302010351295,0.13751673252056737,-0.3434838149694066,-0.15040279455553981,-0.20914901249279624,-0.6579809029149625,-0.015887218299409017
0.9244889167123176,0.48446766533116525,2.2030735059948676,0.7914942618496132,-0.23494635157764332,0.0714752831160092,-0.23700791527978357,0.46472688291304837,-0.9470421955360693,-4.6698684272766195,3.094172292291188
1.3398112417814447,0.19530833208823206,0.3315929667128531,-0.6871710423657255,1.9293695907102537,-0.06443106802705523,-0.009156366751289918,-0.6191270690841872,0.23559136098829359,-1.31879004379751,0.1228777258333199
-0.4919257118076145,-0.8334177268281002,-0.9022511383195833,0.14634530090017292,-0.42777851802825795,-0.13255803688649417,-0.34405688224437764,-0.13224398488857045,0.10029006426728598,0.555462216997473,-0.1359933733340648
-0.6957098063301109,-0.651013125189296,-0.9022511383195833,-0.2459720600485672,-0.6283736541427459,-0.00846962932108755,-0.34577608406929083,-0.3921419482470699,-1.841534101636064,0.760054370936197,-0.16907744476006006
0.38530539696087035,-1.054400620994853,-0.8107039744819773,-0.24044084374894284,0.28408580014893053,-0.10822697657955171,-0.34279613423944133,-0.3898720970386987,0.42225703887190597,-0.3169939796837558,-0.04567856223750904
2.0410630916185566,-0.5376538248675078,-0.007421574480145295,-1.0105032048089484,0.1617413982462861,-0.015421360837356797,-0.3410769324145282,-0.7519133647739009,0.5149634829214852,-1.739732521441553,0.27449998682354465
-0.10601430865731985,0.44952800330040504,0.4249619949075453,0.21322756927073172,-0.43141158783095074,0.08329322669366696,-0.19345480238198298,-0.0823072583044046,0.28695574215089836,-0.43692731130300855,-0.034075617756354294
1.148203439887211,0.10131248745002341,0.3423170624987695,-0.2780162455858021,0.6983333873525416,-0.2451760874500565,-0.27185040559802404,-0.41143568351822485,1.2478455068269432,-1.3822841605371143,0.1871643101207988
-0.009321771680306679,-1.277986894775906,-0.9826412814280311,-0.04307380012359187,0.3551946022700107,-0.033148276203843474,-0.34256690732945294,-0.2661652061824697,0.47612699960341826,0.0733772565671448,-0.09491267800889532
0.6206252335578236,-0.6335355042331553,-0.8012247169285983,-0.8751678615484728,0.19015386721606264,-0.08771936860655734,-0.3439422687893835,-0.6985718613771784,-0.05881423835834334,0.5342975114176042,-0.13285744239321218
-0.052401560792789216,0.3569710509676207,0.01775331327993597,-0.03982702978135098,-0.6485573752688168,0.06904217708531495,-0.22348352759046655,-0.26389535497409855,0.6427480409357702,0.28972758027246187,-0.10447726737849587
1.6195599793253665,0.6534504565488041,0.09810812208117863,-1.4871513137594483,0.03886911440649841,-0.2375291827821603,-0.1444002436444602,-0.9153426517766255,-0.06507818728061221,0.13922300726006667,-0.10729960522526324
0.8751863237442916,-0.6399520162410093,-0.7353301767567613,-0.8558778969566815,0.6590372349140146,-0.1005800719116555,-0.3434838149694066,-0.6906273821478792,0.504941164645855,0.2309367314394963,-0.10855397760160429
0.44037116195680687,-0.6924929951155138,-0.8533107769514622,-1.2578561110335154,-0.3798033655055206,0.07807942805646498,-0.34738067243920984,-0.8404375619003768,-1.7074855946995102,0.8306033895357577,-0.17284056188908323
0.30612362421510475,0.7996132899496408,0.4522902544749744,-0.5394459865733158,-0.47738389418040883,0.08885461190668238,-0.058783992763783766,-0.5498966072288665,0.2105355652992181,0.4990230021178248,-0.129094325264189
1.1745292301395407,-0.7808698729566593,-0.5391715365326295,-0.7235231869466328,1.0791691531228416,-0.13533872949300188,-0.3410769324145282,-0.6350160275427855,0.2744278443063606,-0.8766828605736,0.02660464594914412
-0.11445699343992796,0.030117762612681294,1.866066880257034,1.1620380390673308,-0.3074059104202374,0.17714160216330224,0.047691906925839245,0.9368559342542526,3.02931258032021,-1.417558669836895,0.24753098073221197
-0.2537156961357523,0.8721609953124945,0.4365683555572878,0.15018636677261768,-0.5561625103293959,0.06382837844811298,-0.02439995626552014,-0.12997413368019925,0.6252089839534174,0.29207921422578137,-0.10024376060834479
-0.9164831560117176,-0.9359974124807177,-1.0073886941074368,0.33692539479716366,0.3351661405372173,-0.10648904370048438,-0.3331686040199275,0.01983604607229823,-0.7779155746348098,0.7059667900098682,-0.15919926229637427
2.3706955139877475,0.7394814643466286,0.3771352191435592,-1.7913227438340977,0.6624684675054466,0.019372055401570935,-0.11620533371588403,-1.0208907329658852,-0.1577846313301915,-0.20881881783109624,-0.06684609608826429
1.9352762390691434,0.3548382147728576,-0.013598860694658281,-1.6526009487692042,-0.2545090351306042,0.050967675143014805,-0.288010902752208,-0.9698190807775336,0.10530122340510108,0.21212365981294692,-0.10432047083145322
-0.5554643948851269,-0.07699268149993947,0.09100564588262856,0.6907144730168218,-0.5946202620442246,0.08364081326948042,-0.24892771459918164,0.3535041737028608,-0.20914901249279624,-0.832001815460545,0.012179363621222005
0.9106821292965269,1.102278461488361,0.46293342314174313,-1.0293193288396916,-0.36376507017995807,-0.01576894741317026,0.5905012297784278,-0.7587229183990145,-0.1577846313301915,0.24269490120608944,-0.11529622912443743
-0.5380352749151195,-0.4567687643043955,-0.37354632679087396,0.6664066220565458,-0.5425152096603064,-0.03731931511360505,-0.337753142219696,0.3285358104107779,0.038903364829051046,-0.6556292689616451,-0.0044410703652969195
0.2101370769185599,-0.6454452383384193,-0.970583984609802,-1.2984092278249715,-0.4749773735846081,-0.009164802472714478,-0.34600531097927933,-0.8540566691506039,-2.267482628350347,0.9834595965014703,-0.18726584421700532
3.21361349318171,0.2714048625318584,-0.37526597341282847,-2.008773428237246,2.216133690093736,-0.16151199865175572,-0.24640621858930895,-1.1707009127183825,-0.9395254568293466,0.5578138509507904,-0.15355458660283952
-0.6540109709377131,-0.7831568059756294,-0.8107039744819773,0.312021804882364,-0.5768275355746267,0.0016103813775029147,-0.343139974604424,-0.0017275404072279246,-0.2066434329238887,0.428473983518264,-0.11937293934754586
-0.3440166075578677,-1.1661794396115854,-0.9393985722515464,0.2606051290482914,-0.4519989833795429,-0.21806433453660634,-0.34669299170924456,-0.04485471336628023,0.36713428835593986,0.07572889052046218,-0.08581847828042272
1.0884989865079864,-0.08656367636316296,-0.4828937102711274,-1.1482769322501898,-0.48926123776613506,-0.22744917208356982,-0.33798236912968443,-0.8018500913580668,0.30073642977988985,0.4755066625846365,-0.12627198741742163
-0.07258394135812561,0.21147811606822242,0.6663412786091422,0.8198469284733323,-0.09386214090640867,0.08398839984529388,-0.210761434086109,0.4965047998302448,1.1563918525618175,-1.5374920014561464,0.21381972311804623
0.1559726862224811,0.13435610172237317,-0.4458076205588722,-1.0757361054671415,-0.32463970307403633,0.031502826897460805,-0.28824012966219636,-0.7757468024617983,-1.9868577166327017,0.7482962011696038,-0.16672549655442057
0.954075707229247,0.30651314542631436,-0.30018381940112726,-1.5696390842980863,0.012847640093194827,0.06799941735787456,-0.3419938400544819,-0.9425808662770796,-1.6398349463390063,0.7647576388428338,-0.17048861368344373
0.3960195425285235,0.34884267803305796,-0.08650082992672269,-0.8704585466712323,0.1310000383773476,0.08642150587598812,-0.295575390781826,-0.6974369357729928,-0.59876663545792,0.5883850923439329,-0.15810168646707587
-0.04446723600920234,0.0785901264843398,0.6068148399185828,0.8093789835190132,4.37468950889104,0.08607391930017466,-0.18256652415753283,0.48402061818420333,1.0160793967029949,-1.6503704312154428,0.23780959481556885
1.0105276064235347,-1.0650998827143752,-0.4970610205220818,-0.44210103780735777,2.437999363087237,-0.035928968810351194,-0.3446299495193487,-0.5010948062488862,-0.23295201839741794,-1.4881076884364546,0.17273902779287675
-0.6868830675589612,-0.9657794134715652,-0.9666100028763367,0.41349901144592016,-0.5457756569191333,-0.23996228881285456,-0.34405688224437764,0.08452680551087668,0.44230167542316634,0.5813301904839787,-0.13865891463378954
1.9284590164092195,-0.5883704894213679,-0.6342025131071086,-1.5923370089244087,-0.3489067462433045,-0.04496621978150126,-0.3464637647992561,-0.9505253455063787,-0.13899278456338487,-0.2158737196910525,-0.0828393438866127
-0.5004798250517916,-0.6961856020959121,-0.9907948641196017,-0.4947754087935323,-0.5841247270586678,-0.2462188471774969,-0.3439422687893835,-0.5271980951451547,-1.7237718618974092,0.9246687476685047,-0.1822483547116411
-0.43995159824773605,-0.8475960192735079,-1.0373960514499319,-0.6952639508637296,-0.5300944581981091,-0.08598143572749001,-0.343139974604424,-0.622531845896744,-2.2248877756789187,0.9105589439485922,-0.1816211685234706
-0.3605270133915597,0.9959185184911068,0.3924668225925112,0.015399412968275133,-0.6743770123708597,0.04957732883976095,-0.0656608000634365,-0.22757773564015973,-0.0024386980579235,0.5248909756043305,-0.12893752871714637
-0.21818938337587118,-1.0412733301538608,-0.994907072065869,-0.09605676883617985,-0.3363307353878296,-0.06999245324007065,-0.34543224370430825,-0.3013478999122229,0.32203385611560403,0.5930883602505718,-0.14242203176281268
-0.6603523341801102,0.6520468065374934,0.3103010743413007,0.6148902478285607,-0.6348013930244332,0.07425597572251688,0.17926815325919473,0.2763292326182409,0.8168858209748449,0.23799163329945053,-0.09851899859087586
1.0545098664647248,-0.22770914974876447,-0.641682588226994,-1.3008591572657342,-0.17548200395237326,-0.11830698727814215,-0.3446299495193487,-0.8540566691506039,-0.2504910753797708,0.6448243072235811,-0.1474395212681769
0.5065115526556424,0.33576111894014,0.075672542820265,-0.6404998817835662,-0.510904397189014,0.08885461190668238,-0.21798208175074438,-0.5975634826046611,0.477379789387872,0.4543419570047697,-0.1265855805115069
-1.2279876339785145,-1.0989840348558948,-0.9907948641196017,0.9939670416453991,-0.6580281982587424,0.0061290068630779505,-0.3441714956993719,0.7087358878129496,-0.5586773623553992,0.44728705514481343,-0.13787493189857639
0.2605254549904803,1.318756010133804,0.5530841389406993,-0.8384344354542238,-0.48950965279537906,0.06348079187229952,0.48356687626882794,-0.6838178285227657,-0.7854323133415324,0.6918569862899556,-0.16405995525469583
1.5745420265338073,0.6633618285615387,0.9697744289447979,-0.9132228349149085,0.6568636034081301,0.03463110607978198,-0.21993051048564596,-0.7144608198357766,-0.9031945530801871,-1.9019952642205413,0.25192128404940567
0.46298886782051435,-1.105228756594217,-0.7381962569554036,-0.16434447796226503,-0.018514757348853602,0.01099521892446645,-0.3406184785945513,-0.3444750728712752,0.5425248581794683,-0.6180031257085462,-0.004754663459382183
1.174218037384423,0.9285578972848928,0.5919997854130059,-0.9444213993427644,0.4579763206196942,-0.25073747266307195,-0.3303032676450722,-0.7269450014818181,-0.2555022345175859,-0.5850802503620843,-0.018552759599133772
0.996550555075292,-0.6973464014362162,-0.7045447037127532,-0.913450036727735,0.43670578374068103,-0.09501868669864007,-0.3439422687893835,-0.7144608198357766,0.1879853491790502,-0.048907709005427354,-0.08378012316886849
-0.19315655991992026,-1.095897013366161,-0.8914759354255086,0.1708575212952403,-0.3346228820617774,-0.07451107872564569,-0.3416499996894992,-0.11408517522160104,0.43603772650089745,-0.0653691466786573,-0.08221215769844217
-0.7958298469055632,-1.1441463407750765,-0.8235433093252043,0.7487546809813451,-0.19985772869693566,0.05930975296253795,-0.3376385287647018,0.4159250819330681,-0.17532368831254433,-0.30288417596384326,-0.06386696169445427
-0.5556295128418012,-1.0922230352587945,-0.8107039744819773,0.48246496118187504,0.04172588724280377,0.04540628992999938,-0.33729468839971916,0.14694771374108398,-0.17532368831254433,-0.30288417596384326,-0.06386696169445427
-0.21872289188130964,-0.8717811252184086,-0.701811159350604,0.266364510027936,-0.31102345428360245,-0.17670153201480412,-0.3399307978645861,-0.0391800853453523,-0.09389235232304902,-0.5427508392023487,-0.03141007645662957
-1.3117533427676098,-0.8873782016940002,-0.8914759354255086,1.4084960201235925,-0.7148686621376231,-0.23891952908541414,-0.32629179672027475,1.314786160448053,0.3032420093487974,0.4425837872381766,-0.12203848064727059
-0.6599749416631335,-1.0052259581730898,-0.9022511383195833,0.4179124657107243,-0.03714588454214972,-0.02063515947455876,-0.3340855116598812,0.09020143353180463,-0.02874728353145276,0.24269490120608944,-0.11153311199541428
0.02956520089260311,-0.811644746483261,-0.8704044687626401,-0.2406024105273055,-0.37638765885341624,-0.12007967881479081,-0.3416499996894992,-0.3898720970386987,0.32579222546896536,0.38144130445189156,-0.12783995288784797
-0.09677349211944165,-0.7800155539544535,-0.6724175277720775,0.1034972192699031,-0.08605259342455204,0.05374836774952252,-0.3351170327548292,-0.16402190180576687,0.7003763710206439,0.09219032819369422,-0.07578349926969428
0.15034292289049953,-0.8169026358207274,-0.6441935780495014,-0.11973157301983794,-0.03466173424971024,0.08190288039041309,-0.34038925168456285,-0.31610193276663556,0.7003763710206439,0.09219032819369422,-0.07578349926969428
0.10507846576469157,-0.6852061626153323,-0.9826412814280311,-1.2707206863736644,-0.4696985542131742,0.018294537016549203,-0.34428610915436614,-0.8438423387129336,-2.424081351407069,1.0069759360346586,-0.1888338096874316
-0.2502460595808397,-0.8785997412071612,-0.7211709464894518,0.4023694851699093,-0.35387504682818344,-0.13846700867532305,-0.33901389022463235,0.075447400677392,0.8857892591198024,-0.23233515736428245,-0.046148951878636914
1.0330792323742366,-0.2633462800226311,0.1790028740561152,-0.1620261898075325,0.4452450503709417,0.08468357299692081,-0.33374167129489857,-0.342205221662904,1.5485150550958489,-1.2976253382176421,0.16348803151736147
-0.4537414560157928,-1.201226279494594,-0.8808619635741995,0.6017009017582161,-0.3839953691240121,-0.23996228881285456,-0.3464637647992561,0.26271012536801386,0.8857892591198024,-0.23233515736428245,-0.046148951878636914
-0.4615203268621465,-1.0348641384552617,-0.5909064670469452,0.9217779538790959,-0.040561591194254044,-0.22188778687055444,-0.3261771832652806,0.6179418394781026,0.49366605658577106,-1.2647024628711812,0.09575192319494465
-0.6392125591968141,-1.0720041890681966,-0.9587282119633659,0.3831292530403209,-0.4184629544316099,-0.0446186332056878,-0.34577608406929083,0.0572885910104226,0.06395916051812653,0.2967824821324182,-0.12329285302361163
-1.0737188554333306,-0.8629787707955595,-0.9626581604317156,0.5086064308495993,-0.6741751751595989,-0.11170284233768633,-0.3435984284244008,0.17305100263735249,-1.1061464981616986,0.6448243072235811,-0.1519866211324132
0.19584548373916782,-0.3170923856375461,-0.2683824822470342,-0.11792877117373655,-0.5471729914586305,0.05270560802208213,-0.3398161844095918,-0.31496700716244996,-0.16530137003691414,-0.5662671787355349,-0.02905812825099008
-0.5398947187859182,-0.36904549441416074,-0.7826379622968803,-0.3073804387499027,-0.766865032946247,-0.10353455780606995,-0.3413061593245166,-0.42845956758100867,-1.5496340818583347,0.6989118881499119,-0.1668822931014632
-0.5064345309182415,-0.9730059878788623,-1.0687290767281152,-0.4440713197465106,-0.6589597546184071,-0.23996228881285456,-0.343139974604424,-0.5010948062488862,-1.7062328049150564,0.854119729068944,-0.17440852735950954
-1.0915207621384306,-0.9945220144087472,-0.5136064676036551,1.4627362300931954,-0.7119032077260236,-0.09050006121306503,-0.3394723440446092,1.411254836803828,-0.8668636493310277,-1.495162590296411,0.1341670772203894
-0.585831235192737,-0.9998390258601237,-0.7705119595960706,0.6147374351474776,-0.5167421503762468,-0.23440090359983912,-0.3462345378892677,0.27519430701405534,-0.32565846244699725,-0.688552144308105,-0.03266444883297062
2.100669636069774,-0.0017177835291492334,-0.37183083893143504,-1.7275829476507596,1.4241555249853743,-0.1154220186988904,-0.3351170327548292,-0.9959223696738022,0.38843171469165405,0.3626282328253421,-0.11231709473062744
1.7789789652644343,-0.3680036682852582,-0.3351031410378445,-1.3910210327862873,0.7464482733292289,0.08155529381459962,-0.3283548389101706,-0.8846996604636147,0.5613167049462748,-0.11240182574503185,-0.06308297895924114
-0.8748577678294335,-1.1780325866262704,-1.0687290767281152,0.4332961344440603,-0.11601765632710322,-0.18434843668270035,-0.3410769324145282,0.10382054078203166,-0.4684764978747275,0.489616466304549,-0.149948266020859
-1.245275807346348,-1.0527365192626013,-0.7353301767567613,1.4799499227717507,-0.6674990212486679,-0.14715667307065966,-0.3336270578399044,1.4418978281168389,-0.9357670874759852,-0.9260671735932919,0.006221094833602001
1.3658386933643198,-0.43758282924476755,-0.6170497699840005,-1.1940540336929502,1.0624011386488752,-0.2392671156612276,-0.3369508480347365,-0.817739049816665,0.7592574908899712,0.27326614259923193,-0.10306609845511217
0.8117226769242222,-0.8128758392598096,-0.6672016668885667,-0.64219524568289,1.1422044667934934,0.07182286969182267,-0.33144940219501434,-0.5986984082088467,0.605164347402157,-0.15473123690476748,-0.07468592344039585
1.1736811932563573,-0.8234922547993665,-0.6317265808058178,-1.019051854669666,-0.22004144982300644,-0.196861553411985,-0.34738067243920984,-0.7553181415864577,-0.9395254568293466,-0.8390567173205012,-0.001148342877401671
1.8050320869277854,-0.37166171107952195,-0.5199118769801083,-1.5033422156147351,1.3727646658105326,-0.1304725174316134,-0.32686486399524584,-0.9210172797975534,0.10530122340510108,-0.09829202202511927,-0.08221215769844217
-0.8147527176463067,-1.1413877726868187,-1.0073886941074368,0.44146797949939026,-0.5418941720871966,-0.22849193181101027,-0.3387846633146439,0.1094951688029596,-0.5950082661045587,0.2591563388793194,-0.12423363230586743
-0.02827839468603656,-0.964884989943564,-0.8043704155833413,0.21076257388205222,-0.05608753052200074,-0.04635656608475512,-0.34073309204954555,-0.08344218390859019,1.2666373535937498,-0.13121489737158126,-0.07170678904658587
-0.5204708884615157,-0.8907192372668374,0.9738985910511808,0.6300321444173193,-0.6567861231125225,0.15072502240147895,-0.3402746382295687,0.2910832654726535,0.07648705836266427,-0.705013581981337,-0.04081786927918744
-0.7130922575355191,-1.1238961317384595,-1.0596346715934484,0.22174041378991857,-0.516121112803137,-0.10683663027629785,-0.3399307978645861,-0.0743627790751055,-0.42713443498775294,0.5578138509507904,-0.15590653480847902
-0.44214663080626404,-0.5750475001110694,-0.7381962569554036,0.22659223624233787,-0.6109846020956696,-0.22397330632543522,-0.3417646131444934,-0.07095800226254874,0.4059707716740069,0.41201254584503405,-0.11984332898867375
-1.0784369855791347,-0.9343355610612443,-0.9318118273744446,0.837544250006679,-0.6109380242776864,-0.24030987538866802,-0.3345439654798581,0.5169334607055853,-0.1039146705986792,0.5154844397910547,-0.12721276669967743
-1.2282774405144676,-0.621962264813096,-0.9626581604317156,0.4281846543485881,-0.7726096304975133,-0.22744917208356982,-0.33546087311981176,0.09814591276110374,-1.852809209696148,0.8940975062753622,-0.18444350637023793
-0.6893127675420978,-0.4632815535210184,-0.8107039744819773,-0.08953299662432436,-0.5897140652166566,-0.24934712635981807,-0.339357730589615,-0.29794312309966614,-1.5433701329360658,0.5930883602505718,-0.1543385693380527
-0.07582735103674805,-0.010187437720070018,-0.5220261971271113,-0.45547525436510394,-0.4759089299442729,0.010647632348652987,-0.3477245128041925,-0.5079043598739997,-0.3995730597297699,0.738889665356328,-0.158885669202289
-0.3172024178797427,-0.6994441655184999,-0.8170945932381984,-0.0702533654720637,-0.5401863187611444,-0.2479567800565642,-0.34210845350947605,-0.2843240158494391,-0.5849859478289285,0.2309367314394963,-0.12109770136501481
-0.20360031978913695,-1.2555860991222545,-0.970583984609802,0.0931224782841088,-0.26475615508691713,-0.05643657678334554,-0.3430253611494298,-0.17196638103506598,0.06521195030258031,-0.07242404853861359,-0.09099276433282955
0.5285950321321835,-0.477712839651607,-0.5567415712050109,-0.49230067346875983,-0.042114185127028685,0.045058703354185915,-0.34038925168456285,-0.5260631695409691,0.7642686500277863,0.21447529376626429,-0.09459908491481005
-1.2496431377898822,0.04446969517902119,0.9146956484487543,0.8331171034629186,-0.7334842633915916,0.2096409470018611,-0.2638274637484292,0.512393758288843,-0.7252984036877512,0.7765158086094269,-0.17299735843612582
0.26203019342237577,0.18321547513097666,-0.24938731946634313,-0.3513478598470631,-0.6170397184334909,-0.08702419545493041,-0.341535386234505,-0.452293005268906,0.6001531882643419,0.31089228585233075,-0.1151394325773948
2.0466844853477166,0.10885319953416067,-0.36331508378860905,-1.7723171454029858,0.0513519696260068,-0.17586732423285178,-0.3470368320742272,-1.0140811793407716,0.03514499547568973,0.5084295379310985,-0.12736956324672005
-0.5915593363038074,-1.3422548580286187,-0.9355950570575985,0.6040459010296855,-0.36815891100971043,0.015861430985854953,-0.34325458805941816,0.26497997657638506,0.18923813896350394,-0.29818090805720643,-0.05900626873613271
-1.4148709503750811,-0.5837636972983113,-0.8138920871930067,0.8049076403143166,-0.7710104587467554,0.08607391930017466,-0.3274379312702169,0.47494121335071865,-2.2248877756789187,0.9834595965014703,-0.18648186148179216
-0.4755777208070574,-1.4627297611131544,-1.041788349595853,0.3978616030949439,-0.24550399032051118,-0.2291871049626372,-0.34187922659948766,0.07090769826064965,0.294472480857621,0.012234773780859774,-0.08142817496322903
-0.06513042559826489,-1.1525352853980597,-0.8773589743114121,0.13418836180394744,0.12587647839919114,-0.06790693378518987,-0.34485917642933717,-0.14132338972205513,0.5750973925752664,-0.1735443085313169,-0.06229899622402796
0.08433595060716811,-1.2592355291659083,-0.7918704642208554,0.15622810796623238,-0.5252814170065075,0.055833887204403305,-0.3402746382295687,-0.1254344312634569,0.5249858011971155,-0.594486786175358,-0.007890594400234817
0.40783290138189804,-1.177281631671544,-0.7645258153442714,-0.11899171050482993,0.6129251951106066,0.050967675143014805,-0.3328247636549449,-0.31610193276663556,0.7467295930454335,-0.4745534545561073,-0.011496914982215363
-1.2358918719187677,-0.7435664835296139,-0.40157382962029636,1.7018001060151808,-0.7348194941737777,-0.1440283938883385,-0.3360339403947828,1.8629552272696916,-0.9720979912251447,-1.6056893861023889,0.1037485470941188
2.1103320493525417,-0.6122151586182888,-0.56794802677372,-1.5074973216467715,0.733251224900644,-0.22313909854348288,-0.34142077277951083,-0.922152205401739,0.710398689296274,-0.39224626618995345,-0.04175864856144323
-0.12440770960904556,-1.3467689071553353,-0.9907948641196017,0.07886887731006229,-0.284318838639878,-0.1332532100381211,-0.3416499996894992,-0.18218071147273626,0.216799514221487,-0.10064365597843665,-0.07656748200490743
1.3460231644656073,-0.23810889885297298,-0.5115170584813656,-1.2793454851296946,0.2156164077135674,-0.006731696442020228,-0.3416499996894992,-0.8472471155254903,0.45107120391434274,0.395551108171802,-0.11702099114190638
1.1354152213729358,0.03578701490959945,-0.33023898105831434,-1.2015997901626907,-0.6574071606856324,-0.006731696442020228,-0.34142077277951083,-0.8211438266292218,-0.17031252917472925,0.22388182957954003,-0.11655060150077849
1.5444854557779626,0.04870536170670085,-0.7045447037127532,-1.9396479086827465,0.0915641524848708,-0.2510850592388854,-0.3399307978645861,-1.0946608972379483,-2.414059033131439,1.0728216867275806,-0.1921265371753269
0.07904024945659396,-0.5948358797752316,-0.7949748625417302,-0.4182463622733896,-0.39734767694587436,-0.008122042745274085,-0.33901389022463235,-0.48861062460284477,0.10154285405173975,0.6048465300171649,-0.1435196075921111
0.7754184450567219,-0.38826618074502045,-0.5262738378680636,-0.7298549815355904,0.44741868187682643,-0.24656643375331036,-0.33844082294966127,-0.6384208043553422,0.16919350241224357,-0.048907709005427354,-0.07813544747533374
-1.3045170822483827,-0.6181121818383101,-0.7072888227409259,1.0947848835964462,-0.8092042694930123,0.04054007786861088,-0.3336270578399044,0.8460618859194056,-0.5674468908465756,0.6401210393169443,-0.14618514889183584
-0.7821233362134564,-1.2309117972117598,-1.0506553886052021,0.4587799485236178,-0.652594119494031,-0.13672907579625573,-0.34096231895953394,0.12538412726155782,-0.12521209693439336,0.37438640259193523,-0.13567978023997954
0.2755546028590595,0.35842212841359894,0.13427234038039373,-0.6244809120600654,-0.5547807017292264,0.08642150587598812,-0.3376385287647018,-0.5907539289795476,-0.6927258692919531,0.21917856167290112,-0.11874575315937533
0.21853517608700587,-0.9716412587551594,-0.830051188771293,-0.19928187816708676,-0.24131198670201956,-0.06929728008844373,-0.3444007226093603,-0.3649037337466158,0.42225703887190597,-0.07712731644525041,-0.08048739568097324
0.11956350509552884,-0.8533396010516987,-0.48490037040464584,0.2051682804242249,0.32119279514224525,-0.1833056769552599,-0.33844082294966127,-0.08798188632533253,-0.23295201839741794,-1.1988567121782583,0.09888785413579727
-0.38047904479253253,-1.195695779501619,-0.8138920871930067,0.5851306222069952,-0.3203390178802505,0.06452355159973991,-0.3422230669644703,0.24568624130523006,1.2102618132933298,-0.19941228201782257,-0.04348341057891219
0.8755216693199084,-0.8739221360838161,-0.6936731670256128,-0.7060558825510829,0.45378431700120236,-0.013683427958289475,-0.33786775567469024,-0.6270715483134864,0.2406025201261087,-0.2487965950375145,-0.042856224390741667
-0.7147103373062866,-1.2404288122467733,-0.8333276559551467,1.124271427935579,-0.3669168358634907,-0.18539119641014068,-0.3386700498596497,0.88351443085753,1.7188944657815624,-0.4251691415364154,-0.0049114600064248315
-1.2064314801111022,-0.6701390692842135,-0.8879202694134994,0.8917984155302081,-0.6962220090049993,-0.1833056769552599,-0.3369508480347365,0.5793543689357926,-0.41335374735876146,0.6871537183833188,-0.1543385693380527
1.634925599016834,-0.28843786801445104,-0.12053756992796798,-1.0568946956568153,-0.2697244556717961,0.03984490471698395,-0.33729468839971916,-0.7689372488366848,0.5162162727059391,-0.7685076987209405,0.04197070755932203
0.31744652017665465,-1.120616323881116,-0.898641187097735,-0.2514583038664343,-0.21352055530535283,-0.24309056799517573,-0.33924311713462074,-0.3966816506638122,0.582614131281989,-0.05596261086538364,-0.07531310962856637
-0.3938788028542841,-1.1810502489876216,-0.8704044687626401,0.5213246398936529,-0.33089665662311823,-0.1478518462222866,-0.33970157095459763,0.18440025867920834,0.5700862334374514,-0.3945979001432708,-0.045521765690466384
1.7338146822415692,-0.06569556496136426,-0.3416410111354186,-1.508543060521923,0.666489685791333,-0.17044497365016176,-0.3400454113195802,-0.9232871310059246,-0.1865987963726283,-0.10064365597843665,-0.08550488518633745
-0.023917031262930728,-1.1008474761878224,-0.8843823374702707,-0.05397929250055829,0.06253064594198433,0.07460356229833034,-0.3402746382295687,-0.27410968541176883,0.7818077070101391,0.3202988216656044,-0.10949475688386008
-0.2651620401514568,-0.522964063623762,-0.44771192743181815,0.3564430179682871,-0.38446114730384456,0.018642123592362666,-0.34382765533438925,0.034590078926710864,0.23433857120383983,-0.44633384711628216,-0.03172366955071483
-0.4757661835870056,-0.9302101907173376,-0.24078898529150836,1.3724905818613267,-0.28975291740458936,-0.043228286902433945,-0.3435984284244008,1.2591748058429593,1.1776892788975317,-1.9466763093335955,0.3317307264941051
1.056032523039604,-0.510105511613825,-0.3980092297365337,-1.0160828044952397,-0.50183724862161,0.0905925447857497,-0.33809698258467863,-0.7541832159822721,0.04516731375131992,0.04986091703395858,-0.08644566446859324
1.5972106621413613,-0.3327328385004073,-0.3270146396696968,-1.2166492161751339,0.5914993988383161,0.015513844410041487,-0.3366070076697539,-0.8256835290459641,0.35585918029585595,-0.3522684889835352,-0.03266444883297062
-0.32831663480207035,-1.1941292544067992,-0.9587282119633659,0.3218796401826783,-0.1301462611153528,-0.22779675865938334,-0.3429107476944355,0.0062169388220711845,0.8381832473105589,0.10159686400696787,-0.09318791599142638
-0.5976531823737968,-0.8324466181637148,-0.9393985722515464,0.1277135603946117,-0.6532151570671407,-0.24030987538866802,-0.3400454113195802,-0.14586309213879747,-0.2742940812843925,0.6448243072235811,-0.14728272472113427
0.32672913039859103,-0.8903466626044257,-0.4929842628403162,0.20215925666625803,0.3763098797557463,0.06765183078206109,-0.3376385287647018,-0.09025173753370372,1.5071729922088744,-0.6979586801213807,0.045263435047217276
-0.24591681688636913,-1.0555137896501796,-0.9907948641196017,-0.04529422720943833,-0.24286458063479419,-0.24413332772261612,-0.34692221861923295,-0.2684350573908409,0.3057475889177049,0.5437040472308798,-0.13473900095772376
1.5366111837017682,-0.38359191748863414,-0.6441935780495014,-1.4961757520459356,-0.11275720906827641,-0.2055512178073216,-0.3391285036796266,-0.9187474285891822,-0.171565318959183,0.28737594631914454,-0.12000012553571639
-0.7793808376206931,-0.6767181049076754,-0.7381962569554036,0.7229604587877416,-0.587540433710772,-0.2451760874500565,-0.34543224370430825,0.38868686743261405,0.7053875301584589,0.2521014370193631,-0.09945977787313165
0.4523421794608365,-1.1654498832066726,-0.8432488510246289,-0.2607915071137521,0.47536537266677054,-0.1217828530362768,-0.33798236912968443,-0.40122135308055457,0.5700862334374514,-0.29582927410388693,-0.03391882120931164
0.4549497320537687,-0.88960252831609,-0.6594490882563784,-0.25752892348254636,0.45626846729364184,0.009257286045399129,-0.3375239153097076,-0.40008642747636897,0.43102656736308237,-0.39224626618995345,-0.025295011121966915
2.0763662424345846,-0.16022627474487913,-0.5094337856648917,-1.7561682009208954,1.459865185439192,-0.15476881908097453,-0.3347731923898465,-1.007271625715658,0.20427161637694924,0.45669359095808704,-0.12078410827092954
0.15457947265171781,-0.8933367913044489,-0.7100435985687583,-0.03291544860257281,-0.1000259388195241,0.046101463081626305,-0.34073309204954555,-0.2593556525573562,0.8031051333458533,-0.11240182574503185,-0.061201420394729554
-0.5620591035534941,-1.2501721990042178,-0.9666100028763367,0.58351696403793,-0.31179975124998976,-0.1796212592516372,-0.34325458805941816,0.24455131570104446,0.9634622257559364,0.13922300726006667,-0.08503449554520953
-0.26698837248559754,-0.7120204373540139,-0.6698048033297399,0.31110156005320877,-0.2821452071339935,0.05757182008347063,-0.34783912625918667,-0.0028624660114135118,1.1614030116996328,0.1697942486532092,-0.09083596778578693
0.7759850921575258,-0.6723203620477931,-0.7826379622968803,-0.829172527505442,0.01641860613857653,-0.24413332772261612,-0.34382765533438925,-0.6804130517102089,0.5099523237836702,0.3979027421251215,-0.11780497387711954
-0.3301764897067199,-0.7448698438816852,-0.7155854539761506,0.20158841060672653,-0.7684176268790217,-0.01576894741317026,-0.34474456297434297,-0.0913866631378893,0.04516731375131992,-0.034797905285514776,-0.08973839195648849
0.21152210910049307,-0.5937512035552288,-0.7980929066133562,-0.5716275087804745,-0.31366286396931936,-0.22883951838682368,-0.34119154586952233,-0.5657855656874647,-0.38203400274741706,0.4049576439850778,-0.13426861131659584
-0.9567328981186879,-0.019102202359110802,1.9216303761139226,1.5737183492877476,-0.5760512386082395,0.17227539010191373,-0.3402746382295687,1.6132715943488625,-0.6025250048112814,-2.0736645428128044,0.317305444166183
0.014322700379871336,-0.6617413051795948,-0.4251908649655766,-0.0440726459993109,-0.525436676399785,0.08781185217924198,-0.34497378988433136,-0.2673001317866553,-0.4797516059348115,-0.5521573750156223,-0.0411314623732727
1.643030847684113,-0.13933952290117316,2.0062379428208543,-1.3402660316814041,-0.5574201114149433,0.4099550906431604,-0.3395869574996034,-0.8676757764008308,0.8482055655861892,0.19095895423307804,-0.08675925756267851
0.7703015723486675,-0.7828702401625556,-0.577042431908387,-0.4612693163398312,0.8121229966855976,-0.16279806898226554,-0.32915713309513006,-0.5113091366865565,0.037650575044597276,-0.8484632531337759,0.007475467209943055
0.008407417100845796,-0.8929618294356297,-0.7045447037127532,0.19692558149194606,-0.5218657103544033,-0.14924219252554047,-0.3399307978645861,-0.09479143995044606,0.7204210075719042,-0.43457567734968905,-0.032821245380013235
-1.2627564866458305,-0.8070608215943351,-0.8465869931104171,1.2967875548398096,-0.6776064077510309,-0.16835945419528098,-0.3375239153097076,1.1354679149867304,0.27693342387526815,0.43082561747158343,-0.11764817733007692
-0.16296540561988143,-0.7259911669403761,-0.8267897858575726,-0.11525475831734149,0.0674989465268633,-0.20450845807988122,-0.3458906975242851,-0.31269715595407876,0.1579183943521596,0.4755066625846365,-0.12297925992952637
0.8744166261221283,-0.49042033692733356,-0.6963754708047661,-0.9526277273498717,0.7518823520939403,-0.08111522366610151,-0.33534625966481757,-0.7292148526901893,0.2969780604265285,0.36968313468529634,-0.12344964957065427
-0.9585706710545414,-0.815969855577657,-0.9168775097853047,0.550434411364695,-0.6050847451511259,-0.20068500574593312,-0.34073309204954555,0.21163847317966245,-0.39706748016086235,0.5954399942038892,-0.14179484557464217
-0.8934086123494375,-0.5921295553773467,-0.8465869931104171,0.3787791219015579,-0.6490231534486491,-0.11726422755070176,-0.3406184785945513,0.05501873980205143,-0.5624357317087606,0.6895053523366362,-0.15277060386762636
-1.1570182833213614,-0.9306208632460516,-0.8950495141882203,1.0379057727114125,-0.6499547098083139,-0.21771674796079288,-0.3391285036796266,0.7688869448347857,-0.28682197912893026,0.16744261469989183,-0.11278748437175533
-0.053913564069057236,-0.727489872806254,-0.701811159350604,0.00502301514837189,-0.2661534896264143,-0.09710420615352085,-0.3406184785945513,-0.23438728926527327,0.2155467244370332,-0.06066587877202047,-0.07531310962856637
0.26180639721801635,-1.2519688940470741,-0.8808619635741995,-0.2035563301689162,0.14435234619920972,0.07078010996438228,-0.3387846633146439,-0.3683085105591725,0.6577815183492155,0.01928967564081397,-0.07264756832884166
-0.9379228543505436,-1.091613896391039,-0.7439633934712088,1.3448695419899244,-0.7311553724924295,-0.13012493085579993,-0.3441714956993719,1.216047632883907,1.226548080491229,-0.549805741062305,0.0026147742516214895
-0.24224323036436363,-0.39588001907563664,-0.701811159350604,-0.16547550137849837,-0.5571095926283884,-0.16384082870970593,-0.341535386234505,-0.3444750728712752,-0.1778292678814519,0.5742752886240224,-0.1374045422574485
-0.18739419753714612,-1.2896640506323909,-0.9168775097853047,0.29595180298938395,-0.10188905153885364,-0.09397592697119968,-0.3430253611494298,-0.015346647657454969,0.3708926577093012,-0.4580920168828753,-0.048030510443148496
-0.4001359868319735,-0.9808265272746491,-0.8635174837511633,0.22712761615637983,-0.36241431345844416,-0.15793185692087705,-0.343139974604424,-0.07095800226254874,-0.19787390443271227,-0.07007241458529412,-0.08848401958014744
-1.1637643653516487,-0.42639228338167334,-0.7268007687719582,0.9052981020494584,-0.6343977186019117,-0.0946711001228266,-0.32686486399524584,0.5952433273943909,-0.20288506357052738,0.6095497979238017,-0.14257882830985533
2.0008684659034444,-0.33917954100718056,-0.558968743785474,-1.6465848060672066,0.7922497943460818,-0.15184909184414144,-0.34371304187939505,-0.968684155173348,0.4322793571475361,0.23799163329945053,-0.10322289500215481
-0.7913403100542189,-0.5881923438160016,-0.8533107769514622,0.15442980079069177,-0.5738776071023549,-0.14646149991903273,-0.3388992767696381,-0.1265693568676425,-1.0848490718259844,0.5719236546707029,-0.15324099350875428
0.7764426680841029,-0.6158193821228882,-0.7527029769265087,-1.0468436491578066,-0.7039228749115617,0.05409595432533599,-0.3391285036796266,-0.765532472024128,-0.15026789262346885,0.5930883602505718,-0.14038367665125848
-1.0739014123279274,-1.5261280270858149,-0.8012247169285983,1.7134535198413117,-0.4175313980719451,-0.15306564485948856,-0.33614855384977704,1.8833838881450322,0.37840939641602384,-1.4551848130899936,0.14482924241928827
-0.5073651890601201,-1.360617408313129,-0.6646080483349691,0.8818429507762401,0.3828307742733999,-0.250042299511445,-0.3413061593245166,0.5691400384981223,-0.6964842386453144,-1.678590038655267,0.21115418181832143
-0.9045694536267208,-1.0505281806903566,-1.0032037033010937,0.5085473939156181,-0.7033639410957628,-0.19164775477478305,-0.3435984284244008,0.17078115142898131,-0.28556918934447645,0.5883850923439329,-0.14116765938647166
-0.1349611605205842,-0.651013125189296,-0.7615515808647353,4.5247300479283384e-05,-0.17843193242464517,-0.23022986469007753,-0.34680760516423875,-0.23779206607783004,0.6201978248156023,0.3508700630587469,-0.11435544984218164
-1.0312923388256072,-1.5648199667062388,-1.0462080142618737,1.1952590883459184,-0.6508862661679788,-0.25073747266307195,-0.345317630249314,0.9845228096300472,0.8018523435613996,-0.04420444109878843,-0.062142199676985345
0.24753514471644308,-1.059996962309408,-0.785702130707967,-0.05136083654844106,-0.35045934017607916,-0.172878079680856,-0.33901389022463235,-0.27183983420339763,0.582614131281989,-0.3828397303766777,-0.02749016278056376
-0.881831023320412,-0.8172140351615179,-0.8600989041989782,0.7160141244388765,-0.4669038851341798,-0.1989470728668658,-0.33786775567469024,0.3818773138075005,0.438543306069805,0.4167158137516709,-0.12047051517684429
-0.6407842431663505,-1.0228532669889108,-0.8566967207748036,0.559309185238426,-0.589869324609934,-0.21111260302033705,-0.343139974604424,0.22185280361733273,-0.016219385686915017,-0.16648940667136058,-0.07374514415814006
0.9790507111684109,-0.2914477699691742,-0.6620238783216298,-1.1775922533564516,-0.3766981776399712,-0.18712912928920805,-0.3394723440446092,-0.8120644217957371,-0.1765764780969981,0.4402321532848571,-0.14273562485689795
1.038329323338058,-0.8753557186950497,-0.7735240825260703,-0.8952461121002117,1.469491267822395,0.005433833711451022,-0.3362631673047713,-0.7065163406064775,0.35585918029585595,-0.1288632634182618,-0.08440730935703901
-0.4082996869456581,-1.3467689071553353,-0.970583984609802,0.4610142546614534,-0.3541855656147384,-0.10683663027629785,-0.34279613423944133,0.12765397846992899,0.6778261549004759,-0.11240182574503185,-0.06621890990009377
-0.8667767956444434,-0.6789348084395004,-0.8333276559551467,0.5712117101802604,-0.5772933137544591,-0.18956223531990227,-0.3416499996894992,0.23320205965918858,0.10530122340510108,0.5413524132775605,-0.13411181476955322
0.15070979353155145,-0.811644746483261,-0.8043704155833413,-0.2661467948827747,0.03520499272515017,-0.0070792830178336924,-0.3405038651395571,-0.4046261298931113,0.48489652809459466,0.3085406518990113,-0.10933796033681743
0.3079536875977516,-0.7930212752898764,-0.8075301263050515,-0.3541495247384461,-0.11725973147332296,-0.24204780826773534,-0.34268152078444714,-0.4545628564772772,0.6803317344693834,0.29207921422578137,-0.10494765701962375
1.7882018067157417,-0.6278060987674288,-0.4592463910705625,-1.0798949082829254,1.3791303009349087,-0.07207797269495143,-0.3376385287647018,-0.7768817280659839,1.5973738566895461,-0.4769050885094247,0.010924991244880953
-0.626857846795719,-0.9906979883845779,-0.994907072065869,0.0907655477372872,-0.5909561403628764,-0.14055252813020386,-0.34669299170924456,-0.17310130663925158,-0.5799747886911134,0.6471759411769006,-0.14618514889183584
-0.18986464245505122,-1.0197770636988666,-0.4690038198033705,0.42954657363824583,0.25691540632537374,0.09024495820993624,-0.34073309204954555,0.09928083836528932,-0.03876960180708295,-0.9472318791731598,0.04965373836441096
2.101818745044525,-0.3901289574796476,-0.7615515808647353,-1.8702135387675307,1.3154739496911472,-0.19262099718706074,-0.34497378988433136,-1.0549385010914527,-0.42462885541884543,0.6659890128034499,-0.15496575552622321
-0.3730216674564181,-1.0977464332708036,-0.9509330358902909,0.24333463734854008,-0.5136369625106975,-0.16592634816458673,-0.3422230669644703,-0.05847382061650728,0.6176922452466947,0.3202988216656044,-0.10839718105456164
1.253224865128123,-0.4667095719613841,-0.4592463910705625,-0.9548961501132694,0.7535902054199923,-0.24656643375331036,-0.34096231895953394,-0.7303497782943749,0.17420466155005865,-0.47925672246274414,-0.02937172134507534
-0.2293599168051629,-0.7079443259812169,-0.8235433093252043,-0.12198942328372533,-0.4864665686871407,-0.16279806898226554,-0.34279613423944133,-0.3172368583708211,-0.23796317753523305,0.40025437607844094,-0.12423363230586743
0.8127272748403631,-0.5406560641294773,-0.49910821929987353,-0.5838180470628442,0.7630610284099177,-0.12213043961209026,-0.3375239153097076,-0.5714601937083926,0.26816389538409174,-0.4580920168828753,-0.030939686815501657
-0.15982823249650438,-0.8775155434509816,-0.7949748625417302,0.1844285505459349,-0.41271835688034364,-0.14368080731252503,-0.343139974604424,-0.10387084478393076,0.9446703789891298,0.15803607888661608,-0.0818985646043569
-0.6863517673710435,-1.3571111459964713,-0.8600989041989782,0.7336933823646553,-0.31769960819453347,0.08989737163412277,-0.34371304187939505,0.4000361234744699,0.4924132668013173,-0.15708287085808484,-0.05947665837726059
-0.5806117817177918,-0.5639868166253804,-0.8203116231700041,0.11487006322908133,-0.5575753708082208,-0.16766428104365405,-0.34256690732945294,-0.15607742257646776,-0.2504910753797708,0.6448243072235811,-0.1474395212681769
-0.14086167428619958,-0.9070692217413707,-0.8432488510246289,-0.003697282934044939,0.1735411121353737,-0.24413332772261612,-0.3398161844095918,-0.24006191728620122,-0.14149836413229244,-0.11475345969834921,-0.09318791599142638
0.746497671395008,-0.08525715674737733,0.5049739167944747,-1.0716212344884055,-0.4175313980719451,0.13925466539963466,-0.3430253611494298,-0.7746118768576127,-0.288074768913384,0.6048465300171649,-0.14947787637973112
0.018132505245436237,-1.0879779629378055,-0.8465869931104171,0.03164018280424132,0.14497338377231966,-0.12908217112835954,-0.3405038651395571,-0.21622847959830388,0.41849866951854464,-0.16413777271804114,-0.05665432053049322
-0.5563842240288668,-0.9902224853560468,-0.8950495141882203,0.457314686260057,-0.6656359085293382,-0.14611391334321927,-0.34268152078444714,0.12424920165737224,0.5750973925752664,0.1886073202797586,-0.10573163975483692
-0.45076923484790066,-1.560973498885985,-1.0506553886052021,0.4843228592032298,-0.4274679992417031,-0.2316202109933314,-0.34073309204954555,0.14921756494945515,0.5036883748614013,-0.1735443085313169,-0.0654349271648806
-0.9964074426520851,-0.8379802571930389,-0.8773589743114121,0.8165673230688371,-0.6538361946402507,-0.1833056769552599,-0.34142077277951083,0.4942349486218736,0.04516731375131992,0.26621124073927566,-0.1245472253999527
-0.3571001160341196,-0.6327404611634435,-0.7615515808647353,0.10920045780765186,-0.17237681608682398,-0.21806433453660634,-0.33798236912968443,-0.15948219938902453,0.16042397392106714,0.36733150073197895,-0.11576661876556534
1.2820866656999381,-0.20090199816131638,-0.5094337856648917,-1.2606168419161135,-0.05655330870183316,-0.21875950768823327,-0.343139974604424,-0.8404375619003768,0.25563599753955396,0.39319947421848467,-0.1121602981835848
-0.3461603807766944,-0.8046368747995042,-0.9168775097853047,-0.15250173064169875,-0.43460993133246656,-0.1857387829859542,-0.34382765533438925,-0.33653059364197613,-0.45469581024573597,0.6283628695503511,-0.14273562485689795
0.9314287582420667,-0.7551809314575735,-0.6750399111067725,-0.9082576315755944,0.7650794005225249,0.03428351950396852,-0.3430253611494298,-0.7121909686274054,-0.2692829221465774,-0.21117045178441568,-0.07750826128716322
-0.5453667520972589,-1.3559490294352916,-0.8808619635741995,0.8227461602133926,-0.1948894281120567,-0.14333322073671156,-0.32973020037010115,0.49990957664280156,0.6865956833916523,-0.6909037782614245,0.0016739949693656993
1.4307080657875675,0.030786508026714003,0.013784889591893525,-1.4361282820578072,0.42304295713226403,0.09476358369551127,-0.33786775567469024,-0.8994536933180273,-0.12020093779657827,0.40025437607844094,-0.11592341531260797
-0.5143511579857107,-1.6674939213301807,-0.9587282119633659,0.8488863613317591,-0.10375216425818332,0.0012627948016894503,-0.3391285036796266,0.5305525679558124,0.7467295930454335,-0.7638044308143036,0.03177893200155095
-0.5970312408441399,-0.4707009560528049,-0.7795869731454886,0.10282859998963347,-0.570927678630083,-0.21180777617196397,-0.34210845350947605,-0.16515682740995247,-0.36950610490287933,0.6542308430368569,-0.14806670745634742
-0.10233992002433748,-0.6489421106007947,-0.7887795927329471,-0.17406450194544462,-0.27950579744827647,0.007519353166331808,-0.34210845350947605,-0.35014970089220315,0.3232866459000578,0.539000779324241,-0.1345822044106811
-0.5162094032220217,-0.6556065514466167,-0.8600989041989782,0.07233845913720159,-0.6459179655830999,-0.11622146782326137,-0.34325458805941816,-0.1867204138894786,-0.11518977865876318,0.6542308430368569,-0.14932107983268847
-0.2815479149656596,-0.669921577474972,-0.8566967207748036,-0.08449433612916443,-0.3574460128735652,-0.24969471293563156,-0.34119154586952233,-0.2934034206829238,0.11532354168073128,0.6071981639704823,-0.1435196075921111
0.24037272191407957,-0.4617090148794236,0.8574046553610356,-0.49750027498532284,-0.14738005376915164,0.16567124516145795,-0.3416499996894992,-0.5294679463535259,0.017605938493336887,0.44963868909813287,-0.12172488755318533
-0.4264448276346792,-0.7980440420177032,-0.873873198824525,0.1636830455968879,-0.5058739928468241,-0.10301317794234974,-0.34187922659948766,-0.11975980324252898,0.4297737775786286,0.522539341651011,-0.1330142389402548
0.15174788922372232,-0.8735645229549647,0.18684111827432073,-0.26727000459115363,0.3960278227019845,0.11770429769919988,-0.34142077277951083,-0.4046261298931113,0.5400192786105608,0.3202988216656044,-0.11419865329513902
0.665079562272466,-0.4890198370569514,-0.5702107205077344,-0.6318010019004195,-0.3119550106432672,0.02941730744258006,-0.34038925168456285,-0.5941587057921044,0.28695574215089836,-0.05831424481870101,-0.09287432289734113
0.4028216174227972,-1.0316967581413734,-0.9022511383195833,-0.36824399597346247,-0.19209475903306233,-0.21006984329289666,-0.3517359837289899,-0.46137241010239066,0.7767965478723241,0.13451973935342984,-0.09851899859087586
-0.3608056824628754,-0.5244857808754172,-0.7183727026865978,0.08778614645118803,-0.49919783893589303,-0.1537608180111155,-0.3416499996894992,-0.17650608345180832,0.19299650831686527,0.45904522491140654,-0.12125449791205745
-0.5438226974867881,-0.44492367958526696,-0.7468646403955056,0.10229287702804472,-0.4900375347325225,-0.2375291827821603,-0.3450884033393256,-0.16515682740995247,-0.2818108199911151,0.5625171188574293,-0.1419516421216848
1.7356688798899012,-0.8334177268281002,-0.6050468798143757,-1.224650267615465,1.3636043616071623,-0.044271046629874335,-0.3387846633146439,-0.8290883058585209,0.5074467442147625,-0.5286410354824361,-0.0025595118007853386
-0.38817548042499606,-0.5750475001110694,-0.7497778021249888,0.1220699380931419,-0.6131582336015542,-0.22432089290124868,-0.3441714956993719,-0.15040279455553981,0.19926045723913416,0.42377071561162716,-0.12266566683544111
-0.6321692465805477,-0.5741859944032541,-0.8107039744819773,0.058039871548480164,-0.6510415255612564,-0.06616900090612254,-0.3439422687893835,-0.19806966993133449,-0.7465958300234654,0.6424726732702637,-0.1464987419859211
0.7129073522769774,-0.9326804242112671,-0.6074312648632773,-0.4567397595236354,0.9347779173747969,-0.08737178203074387,-0.3391285036796266,-0.5079043598739997,-0.516082509683971,-1.0530554070724998,0.03899157316551201
-0.2773699264109626,-1.4039083420971676,-0.9745803550908556,0.3150995518363273,-0.5515202544703995,-0.0060365232903933,-0.3399307978645861,0.0005423108011432495,0.5036883748614013,-0.1735443085313169,-0.0654349271648806
-0.14257424708556224,-0.9397614127427335,-0.7705119595960706,-0.08457552642307294,-0.14303279075738262,0.08850702533086892,-0.34142077277951083,-0.2934034206829238,0.08149821750047938,0.2826726784125056,-0.1121602981835848
-0.866482972459234,-0.6727580178726312,-0.8600989041989782,0.3970685113085729,-0.707400685320977,-0.1005800719116555,-0.34210845350947605,0.07090769826064965,-0.4496846511079209,0.6377694053636269,-0.14665553853296373
0.9195674686400013,-0.7378804566643495,-0.7468646403955056,-0.8412565016275284,0.13581307956894906,0.010300045772839522,-0.3424522938744587,-0.6849527541269513,0.3759038168471163,-0.048907709005427354,-0.10322289500215481
-0.36049620694641327,-1.4239602639878917,-1.041788349595853,0.24673724030703634,-0.3326045099491704,-0.25073747266307195,-0.34279613423944133,-0.055069043803950515,0.26816389538409174,0.09219032819369422,-0.08942479886240323
-0.18699444467816165,-0.4145656590763776,-0.7296325245651251,-0.24605399032482828,-0.3197179803071406,-0.24065746196448148,-0.34566147061429664,-0.3932768738512555,-0.2818108199911151,0.5625171188574293,-0.1419516421216848
0.26857807903441455,-1.0116850314292793,-0.8704044687626401,-0.23726355472114202,-0.03357491849676802,-0.22362571974962175,-0.3400454113195802,-0.38760224583032754,0.5738446027908126,-0.008929931799009088,-0.08597527482746532
-0.781183122864747,-0.6881508231080736,-0.8808619635741995,0.08364311429423132,-0.5921982155090961,-0.020287572898745297,-0.33970157095459763,-0.1787759346601795,-1.265250800787328,0.5977916281572087,-0.15606333135552164
1.3404802908149491,-0.33016332445295526,-0.641682588226994,-1.3499017260839914,-0.28975291740458936,-0.019939986322931834,-0.34256690732945294,-0.8710805532133876,0.44230167542316634,0.5813301904839787,-0.13865891463378954
-0.3246625465726243,-1.294629515223343,-0.8107039744819773,0.7514097481481284,-0.4827403432484815,-0.02063515947455876,-0.34279613423944133,0.4193298587456249,1.2691429331626574,-0.7779142345342152,0.018921615144055184
-0.6413100191311928,-0.5896196825878696,-0.8203116231700041,0.22029527896861276,-0.6415707025713306,-0.19060499504734268,-0.34187922659948766,-0.07549770467929108,-0.12771767650330093,0.6189563337370775,-0.14430359032732426
-1.0711403523963485,-1.1455326223453854,-0.9745803550908556,0.9611907534512802,-0.6389312928856138,-0.24656643375331036,-0.3416499996894992,0.6644737892497117,-0.14400394370119998,0.0733772565671448,-0.1101219430720306
1.7804070496107076,0.015407967826598905,-0.29555254799376657,-1.534521851618814,0.846124803813363,-0.24030987538866802,-0.3387846633146439,-0.9312316102352237,-0.08762840340078014,-0.04420444109878843,-0.0878568333919769
0.03311594076729723,-0.5036795631721933,-0.898641187097735,-0.9373497889157125,-0.43755985980473844,-0.22536365262868907,-0.3413061593245166,-0.7235402246692613,-1.7375525495264008,0.7906256123293395,-0.17581969628289323
-0.3505298267647867,-1.3027016150875064,-0.9907948641196017,0.3006112768206216,-0.39144782000133055,-0.20485604465569468,-0.3461199244342735,-0.011941870844898209,0.4861493178790484,0.031047845407409177,-0.08707285065676376
-0.5325631449849446,-1.717609519908189,-1.1667265559265008,0.214724220144011,-0.21693626195745713,-0.002908244108072121,-0.3424522938744587,-0.08117233270021902,0.02512267720005953,0.43082561747158343,-0.1305054941875727
2.0427119059365433,-0.10893897492657384,-0.5885768955471313,-1.8372036527383782,-0.27500327504322997,-0.250042299511445,-0.34669299170924456,-1.0390495426328545,-0.3181417237402746,0.6377694053636269,-0.1483803005504327
0.953609569055378,-1.2601529893771413,-0.8669526182325568,-0.7090028790467549,0.49244390592729187,0.015166257834228022,-0.337753142219696,-0.6293413995218575,0.16042397392106714,-0.5451024731556661,-0.03830912452650533
0.32977416797973813,-0.9988671492166361,-0.8635174837511633,-0.2883816910762946,0.05321508234533635,-0.19199534135059654,-0.34038925168456285,-0.4171103115391528,0.8482055655861892,0.19095895423307804,-0.08675925756267851
0.2532705653960977,-0.651013125189296,-0.8366193272174948,-0.5338310900875959,0.0513519696260068,-0.050527604994516695,-0.34371304187939505,-0.5476267560204953,0.3032420093487974,0.6142530658304386,-0.1449307765154948
-0.5827338864950917,-1.1988469166789368,-0.7615515808647353,0.9196177679729092,-0.4549489118518148,0.053400781173709055,-0.341535386234505,0.6156719882697315,1.2816708310071951,-0.49101489222933725,-0.003657087630083778
-0.12497127273589963,-0.24475504663622652,-0.28334830917028925,0.08481882581145092,-0.7505627966521129,-0.19477603395710422,-0.3470368320742272,-0.17764100905599392,-0.7879378929104399,-0.7426397252344358,-0.01635760794053693
-0.3156709446369906,-0.5802549322656119,-0.7585897649369306,-0.07590331522079656,-0.47125114814594893,-0.16106013610319822,-0.345317630249314,-0.28886371826618146,-0.41585932692766897,0.395551108171802,-0.12266566683544111
1.1300139058230614,-0.40058478070208636,-0.42704055019656395,-0.8991698581727452,-0.37483506492064156,-0.2316202109933314,-0.3400454113195802,-0.7087861918148487,0.1291042293097228,-0.35932339084349146,-0.033762024662269026
-0.3197133396489807,-0.7358322233317716,-0.8465869931104171,0.04133970050312972,-0.28959765801131193,-0.2027705252008139,-0.34371304187939505,-0.20941892597319037,0.30073642977988985,0.5084295379310985,-0.1305054941875727
-0.22790083891547802,-1.283783866227219,-0.9131925462560689,0.40659575011377136,-0.25637214784993384,-0.17357325283248293,-0.34210845350947605,0.07885217748994876,0.9622094359714827,-0.262906398757425,-0.04379700367299746
-0.22510006604985877,-1.2133349190726093,-1.0733203800329099,-0.27677299251661686,-0.3503040807828017,-0.15897461664831744,-0.34073309204954555,-0.41143568351822485,-0.443420702185652,0.6354177714103074,-0.14759631781521954
-0.140421790229732,-0.48318946952555164,-0.7826379622968803,-0.49361341877891857,-0.34021222021976627,0.007519353166331808,-0.34256690732945294,-0.5271980951451547,-0.831785535366322,0.7294831295430545,-0.1582584830141185
0.07256733764133774,-0.8997642224899833,-0.8107039744819773,-0.1237512962191673,-0.1220727726649244,-0.06060761569310712,-0.3387846633146439,-0.3183717839750067,0.1817214002567813,-0.09829202202511927,-0.0877000368449343
0.6384300391296525,-1.064529742311856,-0.8600989041989782,-0.5662777951762006,0.9827530698975342,0.01099521892446645,-0.34073309204954555,-0.5623807888749079,0.35585918029585595,-0.1288632634182618,-0.08440730935703901
1.5482591959337915,-0.35600717587391423,-0.0023146130107781055,-0.7906834437597285,-0.18914483056079043,-0.1673166944678406,-0.3417646131444934,-0.6645240932516108,0.1240930701719077,-1.4998658582030477,0.19908084769603882
-0.10945588371551004,-1.06282406678824,-0.6776720250141622,0.23234536125018113,0.15925724795384663,0.0002200350742490575,-0.3416499996894992,-0.06641829984580638,-0.45219023067682845,-0.9190122717333357,0.023155121914206222
-0.09714905607734163,-0.3015845743765698,-0.6620238783216298,-0.36395076032019275,-0.5819510955527832,-0.24100504854029495,-0.3422230669644703,-0.4602374844982051,-0.5561717827864917,0.48020993049127536,-0.13865891463378954
-0.9174033585942383,-0.9335071567079852,-0.9280486679696784,0.6819465823076035,-0.4887954595863027,-0.11795940070232869,-0.34256690732945294,0.3444247688693761,0.22807462228157097,0.5013746360711422,-0.12925112181123163
-0.44213675656153417,-0.704854438648026,-0.8267897858575726,-0.12094799789187732,-0.6201449062990402,0.0009152082258759861,-0.3433692015144124,-0.31610193276663556,-0.9533061444583382,0.428473983518264,-0.13912930427491743
-0.409621270582006,-1.294629515223343,-1.0373960514499319,0.06937825411697131,-0.2590115575356508,0.03914973156535702,-0.3458906975242851,-0.18899026509784977,0.04767289332022747,0.5178360737443742,-0.13270064584616953
-0.3822356112184392,-1.3810738721448659,-0.9867063577916656,0.33878301866831356,-0.31583649547520387,-0.24691402032912382,-0.343139974604424,0.020970971676483815,-0.035011232453721626,-0.29818090805720643,-0.0619854031299427
-0.23575708062306044,-0.722021218843955,-0.6467134879256301,0.14685365989066665,-0.24907495636589289,0.035326279231408915,-0.34382765533438925,-0.13224398488857045,-0.1001563012453179,-0.20646718387777677,-0.07264756832884166
1.1626942012228212,-0.722021218843955,-0.7128091142905197,-0.9468899595498919,0.8180228536301412,-0.025153784960133797,-0.338326209494667,-0.7269450014818181,0.8381832473105589,0.028696211454089716,-0.08864081612719009
-0.379853440619263,-1.0096867552078534,-0.8773589743114121,0.24432480481746752,-0.3319834723760605,-0.25178023239051234,-0.34428610915436614,-0.05733889501232169,0.04767289332022747,0.002828237967584027,-0.08754324029789165
-0.4977005155576409,-0.9269395480892408,-0.8808619635741995,0.24312463150462377,-0.29208180830375136,-0.07798694448378034,-0.34073309204954555,-0.05847382061650728,-0.018724965255822564,0.27326614259923193,-0.11121951890132901
-1.2677501334011525,-0.5599772007990463,-0.8566967207748036,0.8218781258899748,-0.797947963480396,-0.09884213903258818,-0.33614855384977704,0.4965047998302448,-0.9144696611402711,0.8400099253490314,-0.1701750205893585
-0.46555114722706586,-0.9499711826630554,-0.970583984609802,0.13854764164165448,-0.5415836533006416,-0.06477865460286869,-0.345317630249314,-0.13905353851368396,0.4009596125361918,0.6424726732702637,-0.14712592817409165
0.051828598290916884,-0.6213824404939522,-0.7324756301112366,-0.4130541406090834,-0.24441717456756884,0.06938976366112841,-0.3441714956993719,-0.485205847790288,-0.2003794840016198,0.461396858864726,-0.13850211808674692
1.5656600059936627,-0.3067486195409198,-0.5011613434080039,-1.2752968035764896,0.3286452460195637,-0.21041742986871012,-0.34371304187939505,-0.8461121899213047,0.9233729526534157,0.17920078446648494,-0.09067917123874428
-0.28321950738222507,0.08614492881570461,1.8146325745941407,-0.24441864998408155,-0.5496571417510699,0.4174282020231499,-0.34187922659948766,-0.3921419482470699,-0.9057001326490947,0.3884962063118457,-0.135052594051809
1.1516397824324047,-0.6890611475117672,-0.830051188771293,-1.3721260827004857,0.412485318389396,-0.09606144642608046,-0.3445153360643545,-0.8778901068385011,-0.726551193472205,0.34381516119879274,-0.13191666311095637
1.949779286383833,-0.4088929261081591,-0.5955886879026497,-1.6776400885196951,0.7268855897762678,-0.1419428744334577,-0.3405038651395571,-0.9788984856110183,-0.2730412914999387,0.03339947936072655,-0.09961657442017427
0.5827193127058551,-0.33263738334138665,-0.44771192743181815,-0.5085944441892338,0.19714053991354866,-0.23613883647890643,-0.33786775567469024,-0.5351425743744538,0.11031238254291617,-0.2511482289908319,-0.060731030753601645
-0.17400968333739664,-1.0650998827143752,0.3608552399356943,-0.2317352867264168,-0.45867513729047404,0.13438845333824617,-0.3410769324145282,-0.38533239462195634,-0.3682533151184256,0.3884962063118457,-0.141010862839429
0.06257866975937024,-0.8379802571930389,-0.8533107769514622,-0.2848807177266469,-0.2571484448163212,-0.1913001681989696,-0.34187922659948766,-0.4159753859349672,0.07147589922484918,0.3273537235255607,-0.11341467055992585
0.4201140567703036,-1.206026871305584,-0.4592463910705625,0.33609897482912965,0.4188509535137723,-0.21980226741567366,-0.3419938400544819,0.017566194863927055,0.05393684224249634,-2.026631863746431,0.3229501198597177
-0.19931234715561882,-1.0062130569954906,-0.8950495141882203,0.12549432624275997,-0.36256957285172164,-0.2503898860872585,-0.34279613423944133,-0.14813294334716864,0.7053875301584589,0.2521014370193631,-0.09945977787313165
-0.7205341991974163,-0.9892731319460183,-0.8107039744819773,0.40911881873993144,-0.5086686619258185,0.08607391930017466,-0.3419938400544819,0.08112202869831993,-0.34319751942935006,0.22858509748617686,-0.11780497387711954
-0.13273502002909407,-1.2564954131761688,-0.9393985722515464,0.12843483922501744,-0.4071290187223548,-0.0022130709564451927,-0.34016002477457447,-0.14586309213879747,0.4159930899496371,-0.1218083615583055,-0.07970341294576005
-0.4630782424280173,-1.2036195432429395,-0.924305367018299,0.28753622560674363,-0.39936604905848144,0.06313320529648606,-0.343139974604424,-0.022156201282568493,0.058948001380311435,0.07102562261382535,-0.10337969154919743
0.819026527626089,-0.8178375448908466,-0.5220261971271113,-0.07770746977398278,0.21934263315222663,-0.1802816737456828,-0.3450884033393256,-0.28886371826618146,2.4555348590403816,-0.6274096615218199,0.04698819706468624
0.694409688685821,-0.7320191724091372,-0.7239802724748935,-1.0211437373181982,1.6092247217721156,0.09024495820993624,-0.3364923942147597,-0.7553181415864577,-0.5135769301150633,0.43788051933153765,-0.1399132870101306
-0.5150841094096279,-0.39677200813375263,-0.8107039744819773,-0.38170519620824933,-0.7754042995765077,-0.21702157480916595,-0.33844082294966127,-0.4693168893316898,-1.6949576968549724,0.7177249597764613,-0.16860705511893215
1.573077794152759,-0.32544711057025866,-0.534846194569248,-1.3583549510456288,0.5795444255559511,0.018294537016549203,-0.3395869574996034,-0.8733504044217588,0.7805549172256854,0.3085406518990113,-0.11184670508949954
0.19757316123323687,-0.9285716052802204,-0.830051188771293,-0.14251304240235724,-0.5173631879493568,-0.1833056769552599,-0.3445153360643545,-0.3308559656210482,0.9221201628689618,0.13451973935342984,-0.08581847828042272
-0.21010027527088773,-1.2430631995449768,-1.0115985217998364,0.013068166642601357,0.337029253256547,-0.01715929371642412,-0.3413061593245166,-0.22871266124434533,0.41348751038072956,0.37908967049857206,-0.11937293934754586
0.5952656087660477,-0.7892214652622809,-0.35993720176677974,-0.09458214207293669,0.08116177313528045,0.037377040028708355,-0.34600531097927933,-0.30021297430803734,0.2907141115042597,-1.1847469084583457,0.10845244350539779
-0.7071948860308682,-0.48720631610763404,-0.7527029769265087,0.2567139268755862,-0.6362918831998968,-0.09640903300189392,-0.3382115960396729,-0.048259490178836996,-0.34946146835161895,0.600143262110528,-0.14054047319830112
0.08295150418149795,-1.3204019003878562,-0.9666100028763367,-0.06710929763202883,-0.5558675174821687,-0.20138017889756005,-0.3458906975242851,-0.2820541646410679,0.25563599753955396,-0.18765411225122736,-0.06700289263530691
0.9285932161464309,-0.3492923418625251,-0.7183727026865978,-1.1562483600636604,0.10274282880084847,-0.1885194755924619,-0.3417646131444934,-0.8052548681706235,0.052684052458042564,0.6565824769901762,-0.14947787637973112
-0.15972843708376921,-0.4447981561238639,-0.5816337352131818,-0.03384102629974056,-0.3689352079760978,-0.04114276744755316,-0.34038925168456285,-0.26049057816154175,-0.2154129614150651,0.00047660401426456874,-0.09475588146185271
-0.312022820452931,-1.0702671724171529,-0.7645258153442714,0.44932759177069354,-0.3953293048332672,0.0714752831160092,-0.34268152078444714,0.11743964803225872,0.9509343279113986,-0.17589594248463425,-0.05539994815415217
-1.3090109579920588,-0.5955605961306966,-0.7268007687719582,1.3747562538239062,-0.6789416385332172,-0.12456354564278452,-0.3343147385698696,1.2671192850722584,0.06020079116476521,0.39084784026516517,-0.11247389127767006
0.02477211690457118,-1.2808751263391438,-0.701811159350604,0.3633179216459454,-0.06975035713041788,-0.07729177133215341,-0.3416499996894992,0.041399632551824384,0.04015615461350482,-1.2129665158981697,0.11221556063442095
-0.41624107690105305,-0.64914874153233,-0.8138920871930067,0.06777070635905225,-0.5243498606468427,-0.1276918248251057,-0.34187922659948766,-0.19012519070203537,0.04266173418241237,0.539000779324241,-0.13348462858138269
-1.1767478920532404,-0.8689437402776012,-0.9432225916695757,0.7386436348318706,-0.6609781267310141,-0.09432351354701314,-0.34142077277951083,0.4057107514953978,-0.9295031385537164,0.6518792090835374,-0.14540116615662269
-1.2139297728319858,-1.1298667836978324,1.667336741279343,2.0079865666379937,-0.8074808902276325,0.16567124516145795,-0.33901389022463235,2.541640738572673,0.22807462228157097,-1.600986118195751,0.2244818883169451
1.0028257980921749,-0.5908726967575525,-0.6990881084667224,-1.0519988939223839,0.7419457509241824,-0.02619654468757419,-0.34187922659948766,-0.7666673976283136,0.11031238254291617,0.2967824821324182,-0.10980834997794535
-0.6122477006683755,-0.9684744614362766,-0.8950495141882203,0.3654976243313664,-0.47513263297788555,-0.2375291827821603,-0.343139974604424,0.04253455815600997,-0.2404687571041406,0.10865176586692415,-0.10494765701962375
-0.4612438476482019,-0.5489870443644235,-0.8170945932381984,-0.011179865678318687,-0.5668909344048688,-0.1217828530362768,-0.34485917642933717,-0.24460161970294356,-0.21791854098397268,0.6636373788501305,-0.15026185911494427
-0.5542462205545526,-1.3713199396006792,-1.0158334829407534,0.5480304094055128,-0.48724286565352803,-0.11517870809582098,-0.3464637647992561,0.20936862197129127,0.8056107129147608,0.09689359610033105,-0.09005198505057375
-0.46448784738720605,-1.5226267595056773,-0.8669526182325568,0.6908143274007528,0.3673048349456531,-0.1419428744334577,-0.3417646131444934,0.3546390993070464,-0.7879378929104399,-1.5045691261096856,0.08336499597857672
0.9546742486378159,-0.766308133182858,-0.7100435985687583,-0.8837065821426883,0.2722860862598431,0.0520104348704552,-0.34084770550453974,-0.7019766381897351,0.3508480211580408,0.04515764912731966,-0.09381510217959692
0.5998077589516265,-0.3702991933669485,-0.7439633934712088,-1.0333177748911648,-0.24783288121967315,-0.22571123920450253,-0.3429107476944355,-0.7598578440032001,-0.5586773623553992,0.6706922807100868,-0.15167302803832797
-0.3906923171174855,-0.7006142486136023,-0.8465869931104171,-0.12567153424548747,-0.5908008809695988,-0.11552629467163444,-0.3413061593245166,-0.3195067095791923,-0.8555885412709437,0.37908967049857206,-0.13426861131659584
-0.4079941886618388,-0.7112981700853586,-0.9393985722515464,-0.1477617601648505,-0.5704619004502506,-0.1833056769552599,-0.34485917642933717,-0.33426074243360493,-0.24923828559531702,0.8259001216291189,-0.16609831036625003
0.09191147546094706,-0.8082781948916993,-0.9318118273744446,-0.9807616414932464,0.009742452227645405,0.0617428589932322,-0.3446299495193487,-0.7405641087320451,-1.7074855946995102,0.8306033895357577,-0.17284056188908323
0.382584787514152,-1.018247581599432,-0.5979414392606726,0.1343426890897693,-0.27546905322306237,-0.17948222462131183,-0.3441714956993719,-0.14132338972205513,0.6001531882643419,-1.187098542411664,0.08242421669632097
-1.1675955882557698,-1.1372844414187935,-0.7735240825260703,1.5619754071797782,-0.6339629923007348,-0.23474849017565258,-0.3439422687893835,1.5917080078693362,0.48489652809459466,-0.5850802503620843,0.0063778913806446505
2.18058750880307,-0.36967186428097454,-0.6098236916982217,-1.7541958549499448,0.7417904915309047,-0.2451760874500565,-0.34600531097927933,-1.0061367001114725,0.3959484533983767,0.31089228585233075,-0.11341467055992585
0.351072632181219,-0.7814404103930128,-0.8465869931104171,-0.6118093117375236,-0.45401735549215,-0.041837940599180085,-0.3424522938744587,-0.5839443753544341,-0.10516746038313299,0.3767380365452526,-0.12768315634080532
-0.6339773365973382,-0.29153409297298805,-0.7468646403955056,0.02202248852036348,-0.7673308111260795,-0.21215536274777744,-0.33844082294966127,-0.22190310761923182,-0.6438670676982559,0.7012635221032293,-0.1668822931014632
1.5234451208381843,-0.5944740018249455,-0.6122242147476963,-1.1280471792905573,0.029615654567161264,-0.23022986469007753,-0.3424522938744587,-0.7950405377329532,1.2353176089824054,0.01928967564081397,-0.06684609608826429
-0.6417903570349148,-0.6415719721359384,-0.6776720250141622,0.5912041845137832,-0.3636563886046639,-0.22849193181101027,-0.3417646131444934,0.251360869326158,0.4473128345609814,0.059267452847232234,-0.0818985646043569
-0.04464478589871433,-0.8383081050001211,-0.6646080483349691,0.16355423265233673,-0.17160051912043667,-0.18782430244083498,-0.3416499996894992,-0.11975980324252898,0.12158749060300014,-0.5521573750156223,-0.02215908018111428
-0.28489865198862774,-1.052183317540334,-0.5032204272461408,0.9158073376357597,-0.5212446727812935,-0.24413332772261612,-0.3461199244342735,0.6111322858529891,1.0298600843319865,-1.3117351419375547,0.17462058635738834
-0.39946493711657133,-1.051630861875909,-0.7585897649369306,0.33349811342524627,-0.2961185525289655,0.07182286969182267,-0.34268152078444714,0.01643126925974147,-0.13022325607220847,-0.30053254201052376,-0.06323977550628375
-0.6336587053854892,-1.2317679016259266,-0.8843823374702707,0.5739966371555661,-0.675883028485651,-0.033148276203843474,-0.3441714956993719,0.23547191086755978,-0.41585932692766897,-0.483959990369381,-0.04928488281948955
-0.4596930245225385,-1.2986456828143949,-0.9626581604317156,0.3677330056356766,-0.5768275355746267,-0.22258296002218136,-0.34497378988433136,0.04480440936438115,-0.25299665494867835,-0.3264005154970295,-0.06731648572939218
-0.04272495206490335,-0.5182823462306085,-0.7556402642876294,-0.3611330170432316,-0.456035727604757,-0.17114014680178868,-0.3423376804194645,-0.4579676332898339,-0.53236877688187,0.33440862538551697,-0.13332783203434007
-0.40280309968611017,-0.9887992790151211,-0.8879202694134994,0.27523407476008854,-0.3666063170769358,-0.20450845807988122,-0.34543224370430825,-0.03237053172023877,0.4924132668013173,0.2638596067859562,-0.09961657442017427
-0.1392223227951784,-1.2583201191467999,-0.9548199162135099,0.07570704411698743,0.2035061750379249,0.032893173200714665,-0.34119154586952233,-0.18445056268110743,0.47612699960341826,0.0733772565671448,-0.09491267800889532
0.8996211776616475,-0.6233183883933332,-0.7887795927329471,-1.1516134622595608,-0.01603060705641412,-0.059217269389853264,-0.3395869574996034,-0.8029850169622523,-0.5386327258041389,0.3508700630587469,-0.1316030700168711
0.21552603853597643,-1.064529742311856,-0.44201427524018194,0.16609399017404441,0.16748599579755238,0.04922974226394749,-0.3424522938744587,-0.1186248776383434,-0.4772460263659039,-1.42461357169685,0.16834872447568305
-1.337121144162204,-0.8314778061715504,-0.9355950570575985,1.1985159149939326,-0.7516496124050552,-0.2375291827821603,-0.3388992767696381,0.9947371400677175,-0.5386327258041389,0.5836818244372961,-0.1474395212681769
0.3080079227572397,-0.6729770212529256,-0.7826379622968803,-0.6134892604202348,-0.13402774594728953,0.028374547715139666,-0.3445153360643545,-0.5850793009586197,-0.05881423835834334,0.5342975114176042,-0.13285744239321218
2.1358823983909443,-0.08374679605357738,-0.6543273773118391,-1.969247268697834,0.08535377675377209,-0.07030528115830277,-0.34566147061429664,-1.1162244837174744,-1.8628315279717782,0.7577027369828775,-0.17127259641865689
1.0952200275580883,0.6610308706545464,-0.008447393724939552,-1.2941585816267738,-0.5746228521900868,-0.23057745126589105,-0.24514547058437264,-0.8517868179422327,-0.53236877688187,0.33440862538551697,-0.13332783203434007
0.3465024568759951,-0.6617413051795948,-0.6909811186934353,-0.658148862391478,-0.15188257617419818,0.07703666832902459,-0.3321370829249796,-0.6055079618339603,-0.39330911080750103,0.34381516119879274,-0.12501761504108058
-0.22436634356822183,-0.8622826859839177,-0.8635174837511633,-0.005548972785599648,-0.20141032262971031,0.04644904965743977,-0.34268152078444714,-0.2411968428903868,0.2744278443063606,0.2967824821324182,-0.13238705275208426
0.7757109385852836,-0.18937152715818387,-0.8235433093252043,-1.5923370089244087,-0.5403105262757665,-0.1718353199534156,-0.3492144877191172,-0.9505253455063787,-1.7964336693957281,1.0422504453344381,-0.19369450264575322
-0.29990028460358964,-0.6169641778742267,-0.8043704155833413,-0.09742508719753364,-0.46473025362829523,-0.18087257092456568,-0.34577608406929083,-0.3013478999122229,-0.15527905176128395,0.567220386764066,-0.13411181476955322
-0.6680270423805472,-1.0359253976319418,-1.0373960514499319,0.1503937172569124,-0.5987191100267497,-0.15862703007250398,-0.34382765533438925,-0.12997413368019925,-0.2905803484822916,0.738889665356328,-0.158885669202289
-0.6917444094029103,-1.0755004761218494,-0.9990432580365153,0.37355413728287234,-0.6494889316284815,-0.19060499504734268,-0.3423376804194645,0.049344111781123495,0.1090595927584624,0.5154844397910547,-0.1345822044106811
-0.8979565810304113,-1.0259527456827202,-0.9131925462560689,0.7669922710210906,-0.65756242007891,-0.1833056769552599,-0.3433692015144124,0.43521881720422306,0.2844501625819908,0.2850243123658251,-0.10432047083145322
0.0031837189730764596,-0.1992446291584565,-0.6243502174485063,-0.5967046864874875,-0.4453228294686118,-0.054003470752651335,-0.34119154586952233,-0.5771348217293205,-0.8969306041579183,0.6330661374569879,-0.14979146947381639
-0.2581961977805377,-1.3847923165549176,-0.8267897858575726,0.6337145618467832,-0.4737352984383884,-0.22814434523519675,-0.3430253611494298,0.2944880422852103,0.7479823828298873,-0.832001815460545,0.05623919334020146
0.2714030312974064,-0.29692196029171075,-0.6219083772260489,-0.5187742201322221,-0.360706460132392,-0.09710420615352085,-0.3417646131444934,-0.5396822767911962,0.23684415077274737,0.5295942435109673,-0.1330142389402548
0.6639577006482887,-0.14533737255283885,0.8365036354888822,-1.1635216492867724,-0.6055505233309583,0.1740133229809811,-0.3369508480347365,-0.8075247193789947,-0.9946482073453127,0.6424726732702637,-0.14681233508000638
0.16759441729564623,-0.6611023981411909,-0.7645258153442714,-0.36395076032019275,-0.0795316989068983,-0.19164775477478305,-0.3419938400544819,-0.4591025588940195,0.08149821750047938,0.2826726784125056,-0.1121602981835848
-0.23638933794771233,-0.4568980104998466,-0.6672016668885667,0.036192725745164064,-0.5055634740602691,-0.19157823745962035,-0.3450884033393256,-0.2128237027857471,0.39720124318283045,0.39319947421848467,-0.11639380495373586
0.2598384291065073,-0.7752077812522901,-0.839926344322073,-0.4759952318145813,-0.1244016635640865,-0.2291871049626372,-0.3445153360643545,-0.51811869031167,0.127851439525269,0.40730927793839516,-0.1190593462534606
-0.7575091159868905,-1.067388412761914,-0.9785993680183783,0.30902795283863194,-0.5620778932132674,-0.027239304415014584,-0.34279613423944133,-0.005132317219784686,-0.626328010715903,0.4190674477049903,-0.13348462858138269
1.5433427365687735,-0.024689688911569488,-0.39093332184549173,-1.4108794353131229,0.49120183078107227,-0.250042299511445,-0.3369508480347365,-0.8903742884845426,0.4147403001651833,0.3767380365452526,-0.1110627223542864
-0.545678428181901,-0.7495965787823934,-0.830051188771293,0.3099629338259084,-0.4024712369240308,-0.11413594836838058,-0.3439422687893835,-0.003997391615599099,0.3708926577093012,0.44493542119149393,-0.1236064461176969
-0.2304783701758031,-0.5556772860101954,-0.8235433093252043,-0.42067618382352623,-0.47125114814594893,-0.09814696588096124,-0.3446299495193487,-0.48974555020703037,-1.1374662427730429,0.5366491453709236,-0.15010506256790163
0.5541703192633257,-0.3449417299400193,-0.701811159350604,-0.8646007295617375,-0.42343125501648887,-0.18400085010688683,-0.3439422687893835,-0.6951670845646216,-0.055055869004982015,0.6213079676903949,-0.14540116615662269
-0.27504207498988,-1.3547902003369503,-1.0286922136110144,0.08013000616930369,-0.5058739928468241,-0.02376343865687994,-0.3413061593245166,-0.1810457858685507,0.05769521159585766,0.15333281097997925,-0.10526125011370902
0.4831357436839521,-0.841270602698792,-0.8465869931104171,-0.6424218527265394,0.33578717811032727,0.04540628992999938,-0.345317630249314,-0.5986984082088467,0.4410488856387126,0.4849131983979122,-0.13034869764053006
0.29724356843337896,-0.38619422891711847,-0.9355950570575985,-1.4773634245178442,-0.23168590431881653,-0.2503898860872585,-0.34142077277951083,-0.9130728005682544,-2.4604122551562284,1.164535410907008,-0.19839839905703216
0.47932438486671664,-0.059524224788266036,-0.2624834554511817,-0.5353778988588641,-0.291616030123919,0.0759939086015842,-0.3477245128041925,-0.5476267560204953,0.38216776576938516,0.2003654900463517,-0.10322289500215481
-0.344138905650541,-0.9145068560080706,-0.839926344322073,0.27916893841564766,-0.3430068892987607,-0.1333227273532838,-0.343139974604424,-0.028965754907682013,0.5061939544303088,0.06632235470718852,-0.09428549182072479
-0.8500121648924257,-1.3810738721448659,-1.0641672996937632,0.6749768744426831,-0.5835813191821966,-0.2392671156612276,-0.33706546148973077,0.3376152152442626,0.16794071262778978,0.25445307097268255,-0.1126306878247127
-0.3727919784350376,-1.0650998827143752,-0.920581716031163,0.2759319880191242,-0.4549489118518148,-0.13742424894788266,-0.34371304187939505,-0.03237053172023877,0.6665510468403919,0.2709145086459125,-0.1018117260787711
-1.1587638384416443,-0.5247908038329826,-0.8600989041989782,0.46245904684288547,-0.7848751225664332,-0.2191766115792094,-0.3406184785945513,0.12878890407411459,-1.6097679915121157,0.7012635221032293,-0.1668822931014632
-0.38148670650079547,-1.2386819191385823,-0.970583984609802,0.3053350635729568,-0.22423345344149806,-0.09056957852822774,-0.3419938400544819,-0.0074021684281558595,0.216799514221487,-0.11475345969834921,-0.09177674706804272
1.205418967973765,1.544018016612688,0.821370178659179,-1.414152878921409,-0.14297068700007165,0.032893173200714665,0.21262066866251048,-0.8915092140887282,-0.6163056924402729,0.4755066625846365,-0.13175986656391375
0.13478833345565197,-0.612971311695164,-0.5862549494995819,-0.14144667499730876,-0.2850951356062653,-0.06651658748193601,-0.34073309204954555,-0.3297210400168626,-0.1916099555104434,-0.39224626618995345,-0.053675186136683234
-0.4190203163955448,-0.9859676146540715,-0.9280486679696784,0.13158647953571653,-0.05065345175728935,-0.04496621978150126,-0.3450884033393256,-0.1435932409304263,0.17044629219669735,0.46374849281804337,-0.12501761504108058
0.450967053181743,-0.8529995048818247,-0.8773589743114121,-0.7423962172459269,0.0695173186394705,-0.18990982189571576,-0.34210845350947605,-0.6429605067720846,-0.5824803682600209,0.20271712399967118,-0.1181185669712048
-0.07226613502596302,-0.4394367129930308,-0.8012247169285983,-0.6081594891865378,-0.6508862661679788,-0.11239801548931326,-0.34520301679431975,-0.5828094497502485,-1.1337078734196817,0.6260112355970316,-0.1598264484845448
0.7507428491497727,-0.24275751995873981,-0.6292592604603617,-1.0075983628835112,-0.25575111027682396,-0.22432089290124868,-0.34210845350947605,-0.7507784391697154,-0.06257260771170466,0.5883850923439329,-0.14038367665125848
1.1111865215178443,-0.09246858311866488,-0.5011613434080039,-1.2947629843811517,-0.2776426847289469,-0.21493605535428514,-0.34210845350947605,-0.8529217435464183,-0.49979624248607185,0.35792496491870324,-0.1275263597937627
0.06492213232957911,-0.48762410891598934,-0.5634441774584933,-0.13982138580272888,-0.21041536743980355,0.06834700393368802,-0.3395869574996034,-0.328586114412677,0.6803317344693834,0.29207921422578137,-0.10494765701962375
2.277182909333571,-0.4983528688663681,-0.7980929066133562,-1.8920115326477551,1.5514682274728977,-0.038362074841045445,-0.34554685715930245,-1.065152831529123,-0.018724965255822564,0.7247798616364176,-0.1563769244496069
0.03641289334647431,-0.9273469532079364,-0.6776720250141622,0.060994043551794296,-0.2847846168197104,-0.14333322073671156,-0.3439422687893835,-0.19466489311877772,-0.34946146835161895,-0.7638044308143036,-0.0013051394244442854
1.1859352532687262,-0.33025820478067147,-0.55230809499713,-1.1903352703945336,0.13394996684961952,-0.0074268695936471575,-0.3434838149694066,-0.8166041242124794,0.21429393465257943,0.3626282328253421,-0.1121602981835848
0.02875433469503271,-0.8409403763100237,-0.4690038198033705,0.44694897153404733,0.078988141629396,-0.1913001681989696,-0.32319723343543105,0.11516979682388755,0.7793021274412316,-0.9989678261461712,0.09716309211832831
-0.5496930348328561,-1.4627297611131544,-1.0462080142618737,0.6016404683470522,-0.4152025071727831,-0.13777183552369612,-0.3444007226093603,0.26271012536801386,1.0311128741164401,0.04986091703395858,-0.0877000368449343
-1.1560276434041536,-0.7754890348253592,-1.0243800186647891,0.14737627855637767,-0.6653253897427833,-0.23857194250960068,-0.34325458805941816,-0.13110905928438485,-2.2988023729616915,0.9505367211550104,-0.1819347616175558
1.1434418019775723,1.2663212109620574,0.15576955775551238,-1.8892191371986429,-0.5023185527407702,0.048534569112320555,-0.2049161478814042,-1.065152831529123,-2.601977500799505,1.1998099202067896,-0.200593550715629
0.07958336120836283,-0.43708987393487875,-0.7705119595960706,-0.7888635583227604,-0.3111787136768799,0.04436353020255899,-0.34142077277951083,-0.6633891676474252,-1.153752509970942,0.7153733258231418,-0.16813666547780426
-0.7170980891313421,-0.863327257259012,-0.9432225916695757,0.14847894071036574,-0.6147108275343288,-0.17531118571155027,-0.34371304187939505,-0.13224398488857045,-0.9570645138116994,0.48256156444459275,-0.14257882830985533
0.3617279520112008,-0.2695992961923901,-0.5816337352131818,-0.5511935012804504,-0.7202872149630068,-0.007774456169460622,-0.3424522938744587,-0.5555712352497945,0.4623463119744267,0.5272426095576478,-0.13364142512842533
-0.42713772721056537,-1.0897918957013437,-0.8914759354255086,0.35386955069334997,-0.2951869961693007,0.042625597323491665,-0.3430253611494298,0.03345515332252527,0.7605102806744249,0.25445307097268255,-0.10040055715538744
2.2315548249756634,-0.9495406562828244,-0.873873198824525,-1.7425670064051575,1.0810322658421712,-0.1759368415480145,-0.345317630249314,-1.00159699769473,0.3959484533983767,0.1180583016801999,-0.10149813298468585
0.250234033419521,-1.0192666015604355,-0.9785993680183783,-0.5792620010081192,-0.24690132486000832,-0.1276918248251057,-0.3413061593245166,-0.5691903425000214,-0.23420480818187173,0.42612234956494455,-0.13520939059885165
-0.29174277376660246,-1.0977464332708036,-0.6441935780495014,0.5972832429733755,-0.6825591823965821,-0.12352078591534411,-0.34497378988433136,0.2570354973470859,-0.3118777748180057,-1.3705259907705214,0.07975867539659624
-0.2094348930329772,-0.9168839176862277,-0.8635174837511633,0.08691574903616672,-0.34331740808531563,-0.1537608180111155,-0.3433692015144124,-0.17650608345180832,0.5525471764550984,0.2944308481790987,-0.10432047083145322
-0.7986953198879819,-0.5452812752576236,-1.0243800186647891,-0.6232921436336475,-0.6527493788873083,-0.08841454175818426,-0.3399307978645861,-0.589619003375362,-2.642066773902026,1.263304036946394,-0.20639502295620638
1.391869146741065,-0.2558398894023631,-0.3667091279868959,-1.3548104543692798,0.31606923516408875,0.08364081326948042,-0.3429107476944355,-0.8722154788175732,-0.1577846313301915,0.1556844449332987,-0.10635882594300745
0.3799008777827397,-0.7477519177742783,-0.5479021560861653,-0.23766431349830927,0.39214633787004805,0.06313320529648606,-0.3369508480347365,-0.38760224583032754,0.06521195030258031,-0.5545090089689417,-0.03423241430339691
-0.3801299737958535,-1.1894653048266686,-0.8333276559551467,0.655491496578252,-0.28882136104492456,-0.1836532635310734,-0.34073309204954555,0.317186554368922,1.0010459192895496,-0.5356959373423924,-0.02043431816364535
-0.10909536925707493,-0.5604762617498071,-0.45731090860334456,-0.08430495789302571,-0.5526070702233419,0.0905925447857497,-0.3434838149694066,-0.2934034206829238,-0.24923828559531702,-0.02303973551892166,-0.09632384693227902
-0.2366102630654631,-0.5793824168919169,-0.8465869931104171,-0.234668624570779,-0.48988227533924494,-0.23474849017565258,-0.3422230669644703,-0.38646732022614194,-0.20789622270834246,0.6636373788501305,-0.15418177279101006
1.2565784225581826,-0.8432575709262365,-0.4215059014363407,-0.7678197232181357,1.3549098355836238,-0.22293054659799483,-0.33133478874002015,-0.6543097628139405,-0.7303095628255664,-1.5116240279696418,0.14624041134267202
-0.11573519618645937,-0.6448312300099998,-0.9548199162135099,-0.6723285354633792,-0.4923664256316844,-0.22536365262868907,-0.3464637647992561,-0.6123175154590738,-1.170038777168841,0.8494164611623072,-0.17550610318880794
0.2803785829861486,-0.7538444023336955,-0.8465869931104171,-0.5377963212427855,-0.29177128951719644,0.019337296743989593,-0.3441714956993719,-0.5487616816246809,0.2781862136597219,0.5648687528107467,-0.13881571118083216
0.2682020461799537,0.04118732040835528,1.0325725989252763,-0.4371850356124985,-0.7368999700436957,0.17849718980897475,-0.34119154586952233,-0.49882495504051505,0.35585918029585595,0.41436417979835144,-0.11858895661233271
1.0226077747689448,-0.2718969950781641,0.42161071048128695,-0.7451896666370578,0.6005044436484093,0.11318567221362488,-0.3419938400544819,-0.6440954323762702,1.1363472160105572,0.031047845407409177,-0.061201420394729554
0.3792711167509109,-0.9780492568870713,-0.9626581604317156,-0.6895941022145844,-0.21196796137257817,-0.14368080731252503,-0.3413061593245166,-0.6202619946883728,-0.23420480818187173,0.42612234956494455,-0.13520939059885165
-0.8815336640048321,-0.8775155434509816,-0.898641187097735,0.6268509533921935,-0.594527106408258,-0.2326629707207718,-0.343139974604424,0.28767848866009677,0.09653169491392466,0.461396858864726,-0.12423363230586743
-0.5852421715456245,-1.230057478209554,-0.7410739642860714,1.083887294122555,-0.23370427643142358,-0.206593977534762,-0.34554685715930245,0.8267681506482506,1.3981802809613961,-0.8155403777873139,0.06125668284556567
0.15158420538434839,-0.5724683993792611,-0.7353301767567613,-0.33510273047438427,0.0030662983167142797,-0.2114601895961505,-0.34325458805941816,-0.4432136004354213,0.35585918029585595,0.41436417979835144,-0.11858895661233271
-0.4751478562145201,-0.589083847569568,-0.7615515808647353,0.20756654674329006,-0.4235865144097664,-0.12595389194603837,-0.3417646131444934,-0.08571203511696136,0.28319737279753704,0.4731550286313191,-0.126115190870379
0.36980300027874813,-0.9094033922338441,-0.8600989041989782,-0.40410029076149234,0.4542500951810348,-0.24587126060168343,-0.34119154586952233,-0.4806661453735457,0.33706733352904933,0.009883139827540315,-0.10400687773736796
-0.30106526368404646,-0.5827079085358309,-0.7268007687719582,0.09696267136013866,-0.5549359611225039,-0.20589880438313507,-0.34566147061429664,-0.1685616042225092,0.3746510270626625,0.395551108171802,-0.11325787401288323
0.6937551239386086,-0.2391711408601449,-0.6170497699840005,-0.9523764938699939,0.33237147145822293,-0.21806433453660634,-0.3433692015144124,-0.7292148526901893,-0.06633097706506598,0.5695720207173834,-0.13724774571040585
1.2848322461275907,-0.7225153634311159,-0.36331508378860905,-0.5427664250021533,0.7157069134602903,-0.23996228881285456,-0.32537488908032114,-0.5510315328330521,0.8632390429996345,-1.2341312214780376,0.1178602363279557
-0.6231922803000789,-1.3749505023285251,-1.0073886941074368,0.4780206021206434,-0.2636693393339748,0.07331749196782054,-0.3422230669644703,0.1435429369285272,0.6089227167555183,0.3626282328253421,-0.11388506020105375
-0.4503074552803279,-1.1996385030374939,-0.7268007687719582,0.6376338689317432,-0.5286971236586119,-0.024111025232693404,-0.3450884033393256,0.29789281909776705,-0.47098207744363507,-1.163582202878478,0.046361010876515715
-1.0858701884658233,-1.052183317540334,-0.6829657352848589,1.3691306987941991,-0.6192133499393754,-0.23022986469007753,-0.3405038651395571,1.256904954634588,-0.3469558887827114,-0.9448802452198414,0.04291148684157781
0.054536815246941886,-0.7774632353358965,-0.8533107769514622,-0.3840335802897523,-0.2661534896264143,-0.24656643375331036,-0.3433692015144124,-0.4704518149358754,-0.3507142581360727,0.317947187712287,-0.12266566683544111
0.31833562376300856,-0.8209694088695745,-0.8267897858575726,-0.38837812792918236,0.17897519090008496,-0.11656905439907483,-0.34497378988433136,-0.47272166614424654,0.504941164645855,0.2309367314394963,-0.10855397760160429
2.17511608509822,-0.16381333374223303,-0.44771192743181815,-1.7221092627805128,0.7705134792872362,-0.1902574084715292,-0.3450884033393256,-0.9947874440696166,0.56632786408409,0.2967824821324182,-0.10212531917285637
-0.2614753874838894,-0.6707922384043921,-0.7949748625417302,0.03972995801386791,-0.35325400925507355,-0.12282561276371719,-0.3424522938744587,-0.21055385157737594,0.4322793571475361,0.44963868909813287,-0.12392003921178216
-0.5924904057325653,-0.5733262966835626,-0.6620238783216298,0.10854156472591496,-0.6996377156571036,0.07912218778390538,-0.3430253611494298,-0.16061712499321013,-0.6363503289915332,0.4661001267713628,-0.13552298369293692
-0.4050102792192468,-0.8884888552792386,0.19227680682015838,0.3579668105964825,0.2941776607119658,0.11492360509269216,-0.34210845350947605,0.036859930135082035,0.8018523435613996,0.21682692771958376,-0.09522627110298058
0.5954262316596715,-0.3143449185103005,-0.6882992482620429,-0.8851833033693038,-0.42979689014086503,-0.2135457090510313,-0.3417646131444934,-0.7031115637939207,-0.05004470986716692,0.555462216997473,-0.14712592817409165
-0.22116785635878752,-0.3980016731160152,-0.5413441381824646,0.23987851573915148,-0.30853930399116297,-0.24448091429842958,-0.34210845350947605,-0.06074367182487845,0.8669974123529958,0.09454196214701158,-0.08409371626295375
-0.2942246449104523,-0.7488049924238365,-0.7980929066133562,0.14688354271044649,-0.45401735549215,-0.19373327422966383,-0.34325458805941816,-0.13224398488857045,0.4648518915433343,0.2756177765525493,-0.10886757069568956
2.1743728644133777,-0.24429321365260434,-0.6543273773118391,-1.9033856982824908,1.267343537775132,-0.22724062013808177,-0.34325458805941816,-1.0708274595500509,-0.9520533546738843,0.46845176072468225,-0.14367640413915375
0.26066745501463834,-0.6838541950083612,-0.7183727026865978,-0.5063501890272809,-0.3940872296870475,0.06417596502392645,-0.3434838149694066,-0.5340076487702683,0.011341989571068016,0.4167158137516709,-0.12062731172388691
0.011938307953969605,-0.38826618074502045,-0.7918704642208554,-0.7565682042098744,-0.4828956026417589,-0.16766428104365405,-0.34187922659948766,-0.6497700603971981,-1.4005520975083354,0.6401210393169443,-0.160610431219758
2.4427783788572706,-0.08270840306895982,-0.37354632679087396,-1.8022963567373464,1.358946579808838,-0.030715170173149228,-0.33133478874002015,-1.0254304353826273,0.8356776677416514,0.2685628746925951,-0.10290930190806954
-0.5216208620800342,-1.1386476566970791,-0.8843823374702707,0.5556642415483509,-0.23153064492553901,-0.1641884152855194,-0.34210845350947605,0.2173131012005904,0.3470896518046795,-0.28877437224393065,-0.06355336860036902
-0.5927767006948081,-1.3559490294352916,-0.636687117693356,0.9650926764502451,-0.02938291487827637,-0.17461601255992334,-0.34096231895953394,0.6724182684790108,-0.7578709380835493,-1.662128600982036,0.23765279826852617
1.9877834833919883,-0.5196360512692781,-0.785702130707967,-1.7764612004123812,1.7435240969571253,-0.2514326458146989,-0.34096231895953394,-1.015216104944957,0.023869887415605757,0.5977916281572087,-0.143989997233239
1.2673250165224672,-1.2334854966499196,-0.924305367018299,-0.9883998763588081,0.8097941057864355,-0.14055252813020386,-0.3429107476944355,-0.7428339599404162,0.48113815874123333,-0.2934776401505696,-0.06386696169445427
0.47176381422194225,-0.38914172649768386,-0.6292592604603617,-0.546912826367139,-0.46550655059468254,-0.15966978979994437,-0.3429107476944355,-0.5533013840414233,0.6014059780487957,0.35792496491870324,-0.11749138078303428
-0.06589156831837689,-0.599936026919243,-0.7439633934712088,-0.15321127090535952,-0.6004269633528019,-0.06686417405774947,-0.34279613423944133,-0.33766551924616167,0.2907141115042597,0.3979027421251215,-0.12078410827092954
-0.05478403108095035,-0.8037315798165101,-0.8075301263050515,-0.1155770170103742,-0.39967656784503636,-0.12039250673302294,-0.343139974604424,-0.31383208155826436,0.1579183943521596,0.21447529376626429,-0.1027525053610269
2.1505993397470573,-0.28409122649123586,-0.5391715365326295,-1.7239252916969545,1.2844220710356538,-0.038362074841045445,-0.34325458805941816,-0.9959223696738022,0.6289673533067787,0.3626282328253421,-0.11388506020105375
0.6604483314456023,-0.5915904294213763,-0.3111091776994166,-0.43564892347492645,-0.16601118096244777,0.09024495820993624,-0.3419938400544819,-0.49769002943632945,0.16794071262778978,-0.5686188126888544,-0.017925573410963243
1.8120448781606198,-0.7464393699897693,-0.42704055019656395,-1.1010141932446846,2.4799193992721533,-0.05713174993497248,-0.3400454113195802,-0.784826207295283,0.3621231292181248,-1.1847469084583457,0.07489798243827464
0.4472695420704484,-0.41608394893135636,-0.7239802724748935,-0.9521254223195373,-0.44019926949045535,-0.07624901160471301,-0.3484121935341577,-0.7292148526901893,-1.0322319008789258,0.4661001267713628,-0.14273562485689795
2.132021661444336,-0.5942931826593154,-0.23088757390609718,-1.260063128252093,0.4988095410516681,-0.044271046629874335,-0.34405688224437764,-0.8404375619003768,0.3483424415891333,-1.3752292586771582,0.13714621161419935
0.97255410637175,-0.5187330843796053,-0.7826379622968803,-1.2470047827010555,-0.24829865939950557,-0.2462188471774969,-0.33924311713462074,-0.8358978594836344,-0.37827563339405573,0.6142530658304386,-0.14038367665125848
-0.5842307415099462,-0.5830595358647886,-0.44201427524018194,0.8152906949959974,-0.547328250851908,-0.16140772267901168,-0.343139974604424,0.4919650974135024,0.44230167542316634,-0.6532776350083256,0.012806549809392533
0.6492258575307082,-0.8070608215943351,-0.6122242147476963,-0.35762562139879595,0.12230551235380943,-0.14124770128183078,-0.3416499996894992,-0.4556977820814627,0.5375136990416531,-0.4980697940892936,-0.0074202047591069385
-0.07012084564510719,-0.385976737107877,-0.8914759354255086,-0.9268597732155409,-0.6625307206637889,-0.22744917208356982,-0.34084770550453974,-0.7201354478567046,-1.725024651681863,0.9717014267348772,-0.18930419932855952
0.06417933140450977,-0.6124040660752145,-0.9785993680183783,-1.2454028441978333,-0.4842929371812561,-0.2354436633272795,-0.339357730589615,-0.8358978594836344,-2.5180405852411023,0.948185087201691,-0.18601147184066427
0.9952192873003857,0.48358365891753846,-0.11098383785032336,-1.7934928747786032,-0.6103014607652488,0.08676909245180159,-0.2897301045771211,-1.0220256585700707,-2.5180405852411023,0.948185087201691,-0.18601147184066427
-0.757393505468662,-0.9516978272133733,-1.0919886649082844,-0.4806060769460938,-0.668896355788165,-0.250042299511445,-0.3445153360643545,-0.5203885415200412,-2.5180405852411023,0.948185087201691,-0.18601147184066427
-0.41287786732082915,-1.1691107280625728,-0.7239802724748935,0.9048586288335999,-0.2701902338516285,-0.24969471293563156,-0.3470368320742272,0.597513178602762,1.2866819901450102,-0.9237155396399735,0.04965373836441096
-0.04050605623605392,-0.9137175574727768,-0.25372588885752134,-0.05357915122546775,-0.5814853173729508,0.10171531521178052,-0.3416499996894992,-0.27410968541176883,0.4159930899496371,0.16273934679325291,-0.09773501585566269
1.4830073233397265,-0.3396647309408206,-0.62680049236896,-1.545879434486171,-0.6262000226368615,-0.0995373121842151,-0.34268152078444714,-0.9346363870477805,-0.6426142779138021,0.27326614259923193,-0.12501761504108058
0.6203322739715389,-0.4013741878814305,-0.4670415671436378,-0.4844402123775658,-0.3669168358634907,-0.105446283973044,-0.3406184785945513,-0.5226583927284124,0.449818414129889,-0.1735443085313169,-0.05602713434232269
-0.021510103032818997,-0.6729770212529256,-0.7072888227409259,0.038725411033398265,-0.44299393856944985,-0.20068500574593312,-0.341535386234505,-0.21055385157737594,0.8757669408441722,0.13922300726006667,-0.08911120576831796
-0.04189214548287687,-1.0760861028307145,-0.8600989041989782,0.0717047261135752,-0.2722086059642356,0.028374547715139666,-0.34485917642933717,-0.1867204138894786,0.7667742295966938,0.02164130959413343,-0.08472090245112428
2.291264423630493,-0.3757766682076799,-0.10507744332559933,-1.3301999031653988,-0.2658429708398594,-0.24587126060168343,-0.3391285036796266,-0.8642709995882741,0.7367072747698032,-1.2788122665910928,0.13134473937362198
0.12396125919532511,-0.5145453579623638,-0.7439633934712088,-0.41583160333534414,-0.24084620852218713,-0.2097222567170832,-0.3417646131444934,-0.48747569899865917,0.08525658685384069,0.5201877076976915,-0.1309758838287006
-0.2786488139531413,-1.2283541667613949,-0.9666100028763367,0.13839497164281706,-0.21755729953056696,-0.11100766918605941,-0.34096231895953394,-0.13905353851368396,0.24937204861728512,0.18390405237312177,-0.09099276433282955
0.5673645515175874,-0.7345572586764261,-0.24078898529150836,-0.023130853312703,0.5911888800517614,0.005086247135637558,-0.3399307978645861,-0.25368102453642827,-0.09389235232304902,-1.5022174921563671,0.18826188595009724
0.694489114603658,-0.20893795197134682,-0.7949748625417302,-1.4783312200393839,-0.3589986068063398,-0.19477603395710422,-0.3406184785945513,-0.9130728005682544,-1.720013492544048,0.8964491402286796,-0.1842867098231953
-0.7744358313572891,-0.907457327704161,-0.9131925462560689,0.4207853219485515,-0.6294604698956883,-0.1527180582836751,-0.34038925168456285,0.09020143353180463,-0.3356807807226274,0.3837929384052089,-0.1251744115881232
1.0177641485071196,-0.5988377801137545,-0.5435234145022296,-0.7821542820354034,0.9097811550571246,-0.1662739347404002,-0.33729468839971916,-0.6599843908348684,0.2744278443063606,-0.340510319216942,-0.03235085573888536
0.1836970891422329,-0.5409733730633004,-0.6517803229266033,-0.24876740233115632,-0.03652484696903992,-0.055393817055905195,-0.3388992767696381,-0.394411799455441,0.6252089839534174,0.29207921422578137,-0.10024376060834479
-0.07040044330868138,-0.7791630129327257,-0.8499409184325841,-0.14424425306872662,-0.3316729535895056,-0.20033741917011966,-0.3419938400544819,-0.3308559656210482,0.24686646904837756,0.317947187712287,-0.12407683575882479
0.6860857907735247,-0.38111345308195,-0.6441935780495014,-0.9009265127711533,0.04653892843440522,0.02142281619887038,-0.34073309204954555,-0.7087861918148487,0.1291042293097228,0.555462216997473,-0.1359933733340648
0.053251336001132514,-0.5685450490895806,-0.6292592604603617,-0.16136634803537941,0.3404449599086512,-0.17809187831805798,-0.34187922659948766,-0.342205221662904,-0.2943387178356529,-0.2299835234109651,-0.07625388891082216
0.5915269381821234,-0.44972229823488274,-0.55230809499713,-0.6278507286407371,0.595691402456808,-0.11378836179256711,-0.34279613423944133,-0.5918888545837332,-0.2943387178356529,-0.2299835234109651,-0.07625388891082216
0.6796824117935159,-0.39599141154758993,-0.5220261971271113,-0.5110943311271143,-0.25544059149026904,-0.24274298141936226,-0.3406184785945513,-0.5362774999786394,1.0574214595899696,0.09219032819369422,-0.07797865092829113
-0.5204712564297713,-0.995483624740184,-0.30018381940112726,1.1912785925649314,-0.2709665308180158,-0.24309056799517573,-0.3441714956993719,0.9799831072133048,0.037650575044597276,-1.9255116037537277,0.3511734983273914
0.9973025041599789,-0.2967470474739025,-0.6219083772260489,-1.1931210093018596,0.2280371591757648,-0.036971728537791584,-0.32778177163519956,-0.817739049816665,-0.10516746038313299,0.5625171188574293,-0.13615016988110742
0.16413372650167,-0.6503907206941492,-0.6990881084667224,-0.24605399032482828,0.10755586999244991,-0.21215536274777744,-0.34119154586952233,-0.3932768738512555,0.1140707518962775,0.007531505874220856,-0.08738644375084903
0.26690562663740053,-0.7974499218075664,-0.6098236916982217,-0.3353087532199236,0.09622193428319487,0.08850702533086892,-0.34142077277951083,-0.4432136004354213,-0.09263956253859525,-0.1406214331848549,-0.08158497151027164
-0.7476695471375422,-0.7674100728199797,-0.873873198824525,0.32978824873558643,-0.5715487162031929,-0.15480357773855585,-0.3450884033393256,0.01189156684299912,-0.45093744089237464,0.4543419570047697,-0.13364142512842533
-0.0468977213202346,-0.8513032465033374,-0.839926344322073,-0.04190766479726922,-0.5571095926283884,-0.15341323143530203,-0.3429107476944355,-0.2661652061824697,0.7041347403740051,0.3085406518990113,-0.10729960522526324
0.5228403141397517,-0.11143428708744275,0.09189735421394779,-0.205176031034926,-0.6038892478228893,-0.019244813171304904,-0.32365568725540794,-0.3683085105591725,-0.6275808005003568,-1.2976253382176421,0.11158837444625043
0.8876577739277176,-1.201226279494594,-0.7100435985687583,-0.3115750163484873,-0.0366801063623173,0.01898971016817613,-0.3472660589842156,-0.4307294187893798,1.3079794164807244,-0.705013581981337,0.04808577289398461
1.0447816119658946,-0.4529102194837993,-0.6882992482620429,-1.0883481332445628,0.5879284327929344,-0.2503898860872585,-0.3371800749447249,-0.7802865048785407,0.3746510270626625,0.43788051933153765,-0.12376324266473954
2.110226431197272,-0.008496744097312176,-0.38392730060635205,-1.9033856982824908,0.03334188000582049,0.07112769654019574,-0.3416499996894992,-1.0708274595500509,-1.0773323331192617,0.5272426095576478,-0.146969131627049
-0.008177577687049633,-0.4105057069830082,-0.7128091142905197,-0.38731687784839847,-0.34595681777103265,-0.19060499504734268,-0.3394723440446092,-0.47158674054006094,-0.20413785335498114,0.5742752886240224,-0.13787493189857639
0.41670015939046195,-0.30665903051637816,-0.4808927106814695,-0.5813879861748895,-0.31288656700293205,0.07981736093553231,-0.3303032676450722,-0.570325268104207,-0.0036914878423772745,0.15098117702665978,-0.12282246338248375
-0.13267113131747074,-1.067388412761914,-0.9470673375813213,-0.013992260551762606,-0.11167039331533418,-0.02376343865687994,-0.3410769324145282,-0.24687147091131473,0.5675806538685437,0.3155955537589676,-0.12047051517684429
0.11036266663602985,-0.8993833337474484,-0.8669526182325568,-0.2340325150241595,-0.04863507964468229,0.008214526317958737,-0.3374093018547134,-0.38646732022614194,0.5675806538685437,0.3155955537589676,-0.12047051517684429
0.5052773253783506,0.8911494460189082,0.47601667642266915,-0.535550146262532,-0.621200670173327,0.06695665763043417,-0.23884173055969096,-0.5476267560204953,0.6001531882643419,0.29913411608573764,-0.10134133643764323
-0.6208713806264474,-0.4635442311915027,0.3596343207286886,-0.785085598103373,-0.5960797003410327,0.1698422840712195,-0.3416499996894992,-0.661119316439054,-2.601977500799505,1.2374360634598882,-0.2031022954683111
-0.32283323098656175,-0.6589798762264474,-0.839926344322073,-0.05002102472819795,-0.6574071606856324,-0.18886706216827534,-0.34497378988433136,-0.27183983420339763,0.04266173418241237,0.5883850923439329,-0.14069726974534374
0.029967052047627445,-0.5589808991816742,-0.8366193272174948,-0.5049938871041086,-0.14986420406159112,-0.2392671156612276,-0.34405688224437764,-0.5328727231660827,-0.3081194054646444,0.6895053523366362,-0.15324099350875428
0.6241166051579323,-0.8013271954343418,-0.28486240554909203,-0.0488586314107362,0.8031179518755043,-0.16488358843714634,-0.3400454113195802,-0.27070490859921204,-0.2354575979663255,-1.6245024577289382,0.2315377329338636
1.1854179796031006,-0.5015117376169701,-0.5816337352131818,-1.0223441619879161,0.47303648176760843,-0.2423953948435488,-0.34142077277951083,-0.7564530671906433,0.3533536007269484,-0.03244627133219532,-0.07421553379926797
0.5110175457257027,-0.6266306436909336,-0.5702107205077344,-0.4400058367105977,0.4351531898079064,0.015513844410041487,-0.3362631673047713,-0.49995988064470065,0.0752342685782105,-0.2934776401505696,-0.05696791362457848
0.010963788693667391,-0.8668285248391494,-0.7353301767567613,-0.0018543535741353575,0.16562288307822284,-0.07972487736284765,-0.34096231895953394,-0.23892699168201562,0.0752342685782105,-0.2934776401505696,-0.05696791362457848
1.1923367826060303,-0.18131091366446053,-0.41601410199946326,-1.132009955043297,-0.4353862282988539,-0.24170022169192187,-0.34256690732945294,-0.7961754633371388,-0.22167691033733397,-0.1218083615583055,-0.08393691971591113
0.024471529039790465,-0.6183038290058213,-0.8043704155833413,-0.4344509599565442,0.4503686103490983,-0.009164802472714478,-0.3387846633146439,-0.49655510383214385,-0.19536832486380473,0.6119014318771212,-0.14304921795098322
0.30229797849694456,-0.7112981700853586,-0.6936731670256128,-0.6071229332341608,1.06271165743543,0.08885461190668238,-0.3331686040199275,-0.5828094497502485,-0.3720116844717869,0.27796941050586876,-0.1295647149053169
-0.3314069634467634,-0.8918389987287638,-0.6194749138304192,0.6084838924481873,-0.1908526838868426,-0.011250321927595265,-0.341535386234505,0.2695196789931274,0.6865956833916523,-0.6909037782614245,0.0016739949693656993
0.05641997015519709,-0.604358696739753,-0.5457094066302036,0.034342187837111314,-0.2694139368852411,-0.10231800479072281,-0.34268152078444714,-0.2139586283899327,0.1328625986630841,-0.44868548106960165,-0.03501639703861008
0.7552259505060156,-0.799234873708286,-0.6750399111067725,-0.5502978064800909,0.8795055733680184,-0.014726187685729869,-0.3352316462098233,-0.5555712352497945,0.7291905360630806,-0.13591816527821807,-0.054302372324853763
1.2396551115111638,-0.43219267498939007,-0.31901732966224905,-0.9198660934922442,-0.5172079285560792,-0.19234292792640997,-0.34749528589420403,-0.7167306710441478,-0.7516069891612804,-1.1729887386917526,0.03271971128380674
0.747649470682609,-0.4635442311915027,0.49292515350547766,0.8793850348203339,-0.06478205654553892,-0.08111522366610151,-0.34909987426412303,0.5668701872897511,2.6772786508886997,-2.7250671478820774,0.8540200246931108
-1.1134215787795614,-0.6604644860272048,-0.1677624434366501,2.2167809823107096,0.008298539870165014,-0.17670153201480412,-0.34909987426412303,3.0988892102277963,2.453029279471474,-1.5022174921563671,0.23498725696880143
0.2553552015784582,-0.7710119868409518,-0.6698048033297399,-0.3284150081063972,0.08023021677561575,0.06904217708531495,-0.343139974604424,-0.43980882362286455,0.11657633146518505,0.01928967564081397,-0.08722964720380638
0.3324316969613257,-0.28409122649123586,-0.5435234145022296,-0.5247608267098544,-0.05919271838755016,0.04332077047511859,-0.33924311713462074,-0.543087053603753,0.3533536007269484,0.48020993049127536,-0.12721276669967743
2.3479820359587653,0.18136899743952067,-0.37011948976807724,-1.9831608011939947,2.450420114549434,0.07842701463227846,-0.3343147385698696,-1.130978516571887,-1.6749130603037121,0.7577027369828775,-0.1726837653420406
0.9792712043255264,-0.5964682982815772,-0.7100435985687583,-0.9217188318103813,0.21390855438751524,-0.060260029117293654,-0.3399307978645861,-0.7178655966483334,0.555052756024006,0.18625568632644124,-0.1101219430720306
-0.29311257105508226,-0.9716412587551594,-0.8043704155833413,0.17050613707086126,-0.0818605898060604,0.04471111677837245,-0.3439422687893835,-0.11408517522160104,0.11657633146518505,0.01928967564081397,-0.08722964720380638
-0.15880116443533587,-1.0412733301538608,-0.7072888227409259,0.46958412836941466,0.08255910767477771,0.008214526317958737,-0.34325458805941816,0.1355984576992281,1.1112914203214819,-0.49336652618265675,-0.004754663459382183
0.01944202909644333,-0.7488049924238365,-0.7765490503688202,-0.1053947190803445,-0.49966361711572543,-0.15028495225298086,-0.3464637647992561,-0.3070225279331508,0.5989003984798881,0.27326614259923193,-0.1016549295317285
0.012104856400619823,-0.6198402426702875,-0.7795869731454886,-0.2925140229376105,-0.39501878604671237,-0.10718421685211131,-0.34405688224437764,-0.41938016274752393,0.003825250864345371,0.37908967049857206,-0.12783995288784797
0.2100331703166615,-0.5880142756484147,-0.701811159350604,-0.2886558202199427,-0.11415454360777368,-0.047746912388008975,-0.3402746382295687,-0.4171103115391528,0.5913836597731654,0.2685628746925951,-0.1101219430720306
-0.16114729458534954,-0.624484363980554,-0.7645258153442714,-0.06882109709792887,-0.5203131164216286,-0.17426842598410985,-0.34485917642933717,-0.2831890902452535,0.24937204861728512,0.3884962063118457,-0.11921614280050323
0.1930555722780916,-0.5908726967575525,-0.6492423814566772,-0.31723898548331875,-0.3065209318785559,-0.03523379565872426,-0.34382765533438925,-0.4341341956019366,-0.1490151028390151,-0.0465560750521079,-0.08942479886240323
-0.4732710284375648,-1.3411340753511356,-0.7100435985687583,0.9263920786830139,-0.10406268304473822,-0.017854466868051047,-0.34119154586952233,0.6236164674990305,0.42726819800972105,-1.224724685664763,0.1200553879865525
-0.06484656439002719,0.12863873411714183,-0.23088757390609718,-0.33166794974114966,-0.7165299376456921,0.07877460120809192,-0.3097874592011083,-0.4409437492270501,-0.2316992286129642,0.5248909756043305,-0.13865891463378954
0.11859089733793074,-0.6533033999956396,-0.924305367018299,-0.704989751206007,-0.09334978490859297,-0.24448091429842958,-0.3422230669644703,-0.6270715483134864,-0.5561717827864917,0.8259001216291189,-0.16735268274259107
0.31850317038211373,-0.503245079327591,-0.5816337352131818,-0.494620276375294,0.4651182527104576,0.0857263327243612,-0.33248092328996226,-0.5271980951451547,0.36087033943367103,0.44493542119149393,-0.12282246338248375
0.6487952550963201,0.5549781618687396,1.1827696716770983,-0.9292191838027636,-0.6622046759379061,0.19313058465072158,-0.3221657123404832,-0.7201354478567046,-0.5799747886911134,0.2591563388793194,-0.12439042885291006
1.7380917042496584,0.42106934362426274,-0.019830413661637333,-1.6495812631276774,-0.14505116286998967,0.06313320529648606,-0.2905323987620806,-0.9698190807775336,-0.22418248990624154,0.42377071561162716,-0.1251744115881232
-0.03097324954942211,1.66426856623239,0.4847774241965649,-1.5795641434132999,-0.5997903998403642,0.11527119166850566,-0.17110517865811162,-0.9459856430896364,-2.99535349311799,1.6184007638975133,-0.2269353706187911
-0.779596242362951,-0.6684023594732784,0.45496605502300475,2.1322078296485047,-0.48336138082159136,-0.08771936860655734,-0.3340855116598812,2.8616897589530086,-0.7754099950659021,-4.427650130084796,1.1059920757906196
0.2029453483396883,-0.7337941802569219,-0.839926344322073,-0.4284503483268211,0.010674008587310246,-0.24587126060168343,-0.34256690732945294,-0.4942852526237727,-0.07259492598733486,0.19566222213971488,-0.126115190870379
1.8641614774259927,-0.00389369204215413,-0.14003993598608971,-1.3728645426316863,1.9788973371657657,-0.2510850592388854,-0.31540351849582465,-0.8778901068385011,0.5086995339992164,-0.3640266587501283,-0.028117348968734288
-0.8777537262866913,-1.0412733301538608,-1.1111615586501473,-0.31723898548331875,-0.04972189539762465,-0.028282064142454977,-0.34485917642933717,-0.4341341956019366,-2.4002783455024472,0.9881628644081093,-0.18899060623447425
1.6127300993267923,1.3240769802261267,0.3965385657846302,-1.760143107830019,3.919173974954277,-0.00012755150156440681,-0.2797587339926247,-1.0084065513198437,-0.8944250245890107,0.6706922807100868,-0.16484393798990898
-1.2732602264942892,-0.20333107829156627,-0.012565570076184142,1.437002116767105,-0.7086738123458522,0.09962979575689973,-0.2553460680788575,1.3692625894489612,0.6865956833916523,0.33440862538551697,-0.11074912926020114
-1.30825490359762,-0.822544365877202,0.3213494113178267,2.9740633588590626,-0.6304230781340086,-0.15827944349669051,-0.32973020037010115,5.838599618731803,-0.7754099950659021,-4.427650130084796,1.1059920757906196
-0.4222663426989705,0.8920723102783714,0.479121074743544,0.5414124170581827,-0.34958988757372533,-0.025848958111760727,0.08700432198885401,0.20369399395036333,0.9233729526534157,-0.18059921039127316,-0.06433735133558219
-0.3395818772455075,-0.7712903734048996,-0.8012247169285983,-0.024822029496934298,-0.4311942246803623,0.07519445947721325,-0.34371304187939505,-0.2548159501406138,0.032639415906782175,0.5601654849041098,-0.13834532153970427
-0.40270154989940493,-0.795968380181525,-0.898641187097735,-0.06731638827861182,-0.5431362472334162,0.0036959008323837004,-0.3444007226093603,-0.2820541646410679,-0.2454799162419557,0.6401210393169443,-0.14947787637973112
-0.2907915794093497,1.436308852529866,0.577318371938787,-0.2189165636018521,-0.3550550182170922,-0.05817450966241287,-0.18783874308726659,-0.37625298978847166,-0.6964842386453144,0.44728705514481343,-0.1435196075921111
-0.7623172609963345,0.48397389692471127,0.12242128385340531,0.8028412262742575,-0.46143875449081295,-0.02793447756664151,-0.14268104181954702,0.4772110645590898,0.8156330311903911,0.0804321584271011,-0.07515631308152376
0.2600494200552608,-0.03944421428997432,2.163409416954406,1.1874223854136572,-0.08558681524471963,0.18270298737631765,-0.3463491513442619,0.9731735535881914,4.1054590051660025,-1.8408527814342552,0.4886840700837793
-0.8394073568178626,-1.3411340753511356,-1.1209459052800899,0.23925432285435452,-0.5668909344048688,-0.11483112152000752,-0.3423376804194645,-0.06074367182487845,-0.8994361837268259,0.6589341109434936,-0.1519866211324132
-0.6218868673881611,-1.0461469002839623,-0.9095266265509921,0.5536711814729878,-0.33819384810715925,-0.2503898860872585,-0.345317630249314,0.21504324999221922,0.694112422098375,0.22153019562622056,-0.09883259168496113
-0.46894434727805756,-1.0903983292881632,-1.0330307830021928,-0.07119370991675615,-0.5462414350989656,-0.13255803688649417,-0.34680760516423875,-0.2854589414536247,-0.6350975392070795,0.5766269225773397,-0.1479099109093048
1.5192444006302754,0.8520165168833447,0.34043631755923237,-1.5033422156147351,-0.6260292373042563,0.06521872475136685,-0.17465819576293218,-0.9210172797975534,-0.13648720499447733,0.3767380365452526,-0.12501761504108058
2.209391767653567,-0.11726006072368308,-0.5839405791459108,-1.8892191371986429,-0.44904905490727104,-0.18990982189571576,-0.3441714956993719,-1.0640179059249375,-0.6050305843801889,0.4731550286313191,-0.14712592817409165
0.27668804102709416,-0.7407136046714906,-0.9095266265509921,-0.813388001690669,-0.33897014507354656,-0.10857456315536518,-0.3352316462098233,-0.6736034980850955,-0.8781387573911117,0.567220386764066,-0.1504186556619869
-0.8009878794026067,-0.2684552616600423,-0.47294468485132096,0.5602513103799052,-0.38306381276434737,-0.052613124449397475,-0.3206757374255584,-0.2411968428903868,0.06897031965594162,0.2826726784125056,-0.11231709473062744
1.9575153594288615,1.0028643390115666,0.5029799481332408,-1.6015339368911121,-0.03078024941777363,-0.06929728008844373,-0.24411394948942472,-0.9539301223189355,-0.053803079220528245,-0.15473123690476748,-0.07766505783420587
1.3415820765263708,-0.5269323476883372,2.4866515728204925,1.6329543452327833,0.7254882552367705,-0.2423953948435488,-0.34520301679431975,1.7244943035590499,-3.0417067151427797,-9.885792535737437,23.71605415933809
-0.08508220886142748,-0.9172814391274988,-0.970583984609802,-0.48640949032692754,-0.4653512912014051,-0.02306826550525301,-0.3417646131444934,-0.523793318332598,-0.6751868123096002,0.6918569862899556,-0.15324099350875428
2.00213721209614,-0.4499764209558631,-0.5656925276265191,-1.5552101200402555,1.6741231481620968,-0.054003470752651335,-0.34279613423944133,-0.9380411638603372,0.9208673730845081,0.16038771283993553,-0.0878568333919769
-0.918634510075381,-1.0714243647490524,-0.8879202694134994,1.0094133821954165,-0.6249268956119862,-0.11100766918605941,-0.3254895025353153,0.7291645486882902,0.9058338956710628,0.028696211454089716,-0.08613207137450797
-1.1239154924047519,1.4569526307829253,0.7307345333842257,-0.18396341538523614,-0.673802552615733,0.15176778212891937,-0.16388453099347625,-0.3558243289131311,-2.5944607620927824,1.3009301801994928,-0.2079629884266327
1.961420980719285,0.65957678542607,0.4165539089020147,-1.5897487103847516,-0.5370345530776118,0.07321321599507652,-0.27586187652282146,-0.9493904199021931,-0.10516746038313299,-0.2487965950375145,-0.07092280631137272
-0.9371836379623775,-1.4131439045803607,-1.0032037033010937,0.8477881507674192,-0.5737223477090775,0.014818671258414557,-0.3444007226093603,0.5294176423516268,-0.018724965255822564,0.02164130959413343,-0.08456410590408166
-0.4738880421350725,0.5367587445682455,0.11899858054632372,0.33950354855138,-0.699792975050381,0.04401594362674552,-0.34256690732945294,0.020970971676483815,0.5588111253773673,0.3202988216656044,-0.10385008119032534
0.8446476811705761,-0.10224938855002336,1.728623338891474,-0.3312598433685171,0.019213275217570915,0.1757512558600484,-0.31483045122085357,-0.4420786748312357,-0.5724580499843908,-1.695051476328498,0.16693755555229933
0.2869312151500265,-0.9261259513707889,-0.7705119595960706,-0.08988952760719035,2.2501354972215015,-0.2152836419300986,-0.34749528589420403,-0.29680819749548054,0.8983171569643401,-0.2605547648041076,-0.05806548945387692
-1.1381700701065067,-0.6183038290058213,-0.6543273773118391,1.3132736577931268,-0.761229116970275,-0.2326629707207718,-0.3176957875957089,1.1649759806955555,0.9446703789891298,0.15803607888661608,-0.0818985646043569
-0.03885991295343707,-0.43993250223731223,-0.5932437142492566,-0.004445716420366074,-0.6461819065516715,-0.11135525576187287,-0.3345439654798581,-0.24006191728620122,0.7617630704588788,0.23563999934613314,-0.09757821930862007
-0.4439620054882869,-1.0301222047111669,-0.9470673375813213,0.20941605453419362,-0.1914737214599524,-0.18747671586502146,-0.345317630249314,-0.08571203511696136,0.08525658685384069,0.23563999934613314,-0.1181185669712048
-0.2933648931694991,-1.2158001972036105,-0.5793343689076136,0.5766130958112788,-0.3673826140433231,0.058266993235097556,-0.34096231895953394,0.23774176207593095,-0.46597091830581994,-1.30232860612428,0.12397530166261828
1.0512053982578107,-0.046503191021738666,-0.3962336245937712,-1.0901325500023633,-0.3930004139341053,-0.16279806898226554,-0.34382765533438925,-0.7814214304827263,0.14163212715426055,0.3391118932921538,-0.10776999486639112
-1.1337529728775704,0.7045060184865721,1.0551602045611077,0.809100682022267,-0.6471724614807818,0.19243541149909466,-0.006520257286423027,0.48515554378838893,-0.30436103611128307,0.600143262110528,-0.15261380732058374
-1.241210954759817,-0.25989542800387083,-0.7324756301112366,0.37020835986984213,-0.7502988556835413,0.04575387650581284,-0.3167788799557552,0.0482091861769379,-2.157237127318415,0.8893942383687233,-0.18209155816459846
-1.0184961656136278,-0.5651637190115731,1.0408059481775933,1.5557812442615706,-0.6071807469603716,0.13577879964150003,-0.258326017908707,1.5769539750149237,1.3881579626857659,-0.6532776350083256,0.050437721099624105
0.07429624135418555,-0.3341673414712149,-0.4808927106814695,-0.2673565396347281,-0.4645749942350178,0.08642150587598812,-0.3173519472307263,-0.4057610554972969,0.4473128345609814,0.45199032305145026,-0.12423363230586743
-0.7767164687141209,-1.2404288122467733,-0.7211709464894518,1.297476869425658,-0.5043213989140495,-0.17114014680178868,-0.3429107476944355,1.1400076174034726,0.9346480607134996,-1.1094946219521482,0.07991547194363886
-1.291346801077398,-0.9495406562828244,-0.9022511383195833,1.3449364498983565,-0.6852141180216269,-0.19269051450222344,-0.3299594272800896,1.2115079304671645,0.04266173418241237,0.3273537235255607,-0.11404185674809639
-0.9724797861859653,-0.6150579584592746,-0.7675125729532782,0.7205491309510583,-0.7754042995765077,-0.24100504854029495,-0.3210195777905411,0.38528209062005725,-0.2454799162419557,0.26621124073927566,-0.1245472253999527
-0.31466970618408746,-0.534204815634533,-0.6856274790614769,0.16166006589013635,-0.7042178677587888,-0.18295809037944646,-0.3199880566955931,-0.12089472884671457,0.48489652809459466,0.3038373839923745,-0.1096515534309027
-1.039595139843516,-0.4751368687444042,0.7212568995957683,0.983176974432031,-0.6867511860150738,0.14585881034009043,-0.3110482072060446,0.6962517061669081,0.48489652809459466,0.3273537235255607,-0.10808358796047637
-0.6811590534052178,-1.4308684515297496,-1.0032037033010937,0.7720169156019389,-0.3948635266534349,-0.09189040751631888,-0.34554685715930245,0.4420283708293366,0.9208673730845081,-0.048907709005427354,-0.06935484084094641
-1.3708296391851,-0.7139527325079517,-0.8879202694134994,1.3370861900928304,-0.7087203901638354,-0.16140772267901168,-0.3115066610260214,1.1956189720085664,-0.3131305646024595,0.6589341109434936,-0.14885069019156058
-1.3770274447669528,-1.1802937468094046,-0.5793343689076136,2.125241538519743,-0.6933341842900383,0.08120770723878616,-0.31127743411603304,2.851475428515338,-0.07760608512514995,-1.1094946219521482,0.0733300169678483
-1.259261325365544,-1.0264716131530827,-0.9666100028763367,1.0966784233417124,-0.6398628492452785,-0.11726422755070176,-0.34485917642933717,0.84492696031522,-0.4008258495142237,0.5131328058377352,-0.12925112181123163
1.4167897308008017,1.5208401743044264,0.5906775969889138,-1.7956751633828543,-0.34730757449254657,0.019337296743989593,-0.20480153442641,-1.0220256585700707,-1.7538388167242998,0.727131495589735,-0.16421675180173845
1.5186988470634544,0.10985902319148239,-0.3997892906057805,-1.6362750833920567,0.32103753574896776,-0.11309318864094019,-0.30543214791132817,-0.9652793783607914,-0.7916962622638013,0.45669359095808704,-0.13662055952223534
-0.6102615932937251,-1.186385246608985,-1.0115985217998364,0.38300703241586564,-0.437404600411461,-0.12525871879441144,-0.35001678190407676,0.058423516614608186,0.39720124318283045,0.44728705514481343,-0.12329285302361163
0.008249314200533405,-0.4897194884876329,0.9318092959203826,-0.12729913061217385,0.3333030278178878,0.16949469749540602,-0.3336270578399044,-0.3206416351833779,0.605164347402157,0.34381516119879274,-0.11137631544837166
1.6414711699951563,-0.23082377810388388,-0.5501017047761247,-1.4725601886040915,0.2679388232480739,-0.1652311750129598,-0.3429107476944355,-0.9108029493598832,0.5750973925752664,0.42612234956494455,-0.12172488755318533
0.3359875613267016,-0.8789617790681838,-0.7615515808647353,-0.24683318861000586,0.09839556578907944,-0.0637358948754283,-0.33786775567469024,-0.3932768738512555,0.5801085517130815,-0.11475345969834921,-0.07029562012320219
-0.23935090972936005,-0.907457327704161,-0.8879202694134994,0.01999977032576003,-0.43709408162490604,-0.012988254806662547,-0.34520301679431975,-0.2230380332234174,0.4473128345609814,0.45199032305145026,-0.12423363230586743
1.645413720562733,-0.2684552616600423,-0.47294468485132096,-0.002182809281260648,-0.46224610333585575,-0.052613124449397475,-0.3206757374255584,-0.2411968428903868,0.06897031965594162,0.2826726784125056,-0.11231709473062744
1.9924551440365588,0.586205185336685,0.16467200515003144,-1.6587114661775695,0.09901660336218925,-0.010207562200154872,-0.22508811596038553,-0.9720889319859048,0.0013196712954378223,0.07102562261382535,-0.0878568333919769
-0.5895583773454828,-0.9573602199423042,-0.9355950570575985,0.269637999637292,-0.6303920262553531,-0.06582141433030908,-0.3446299495193487,-0.03691023413698112,0.12534585995636147,0.522539341651011,-0.13144627346982848
-0.03777011241792876,-0.822544365877202,-0.7949748625417302,-0.05904139941944977,0.6003491842551318,-0.018549640019677977,-0.3422230669644703,-0.2775144622243256,0.6001531882643419,0.29913411608573764,-0.10134133643764323
-1.2696075035387746,0.5810674708063317,0.07476019043191795,0.7909541761025768,-0.6569413825058,0.09094013136156316,-0.006864097651405676,0.46586180851723397,-0.9959009971297664,0.8141419518625257,-0.17629008592402112
2.1590537918876462,-0.22867067326868068,-0.24794700651637236,-1.51487714312301,2.4271312055578145,-0.05852209623822633,-0.34142077277951083,-0.9244220566101102,0.4798853689567796,-0.5850802503620843,-0.015260032111238489
0.7734036907647397,0.12302876768747935,1.1040852861979622,-0.9018078197014855,-0.6625307206637889,0.19486851752978887,-0.33110556183003176,-0.7099211174190343,0.2969780604265285,0.4731550286313191,-0.12674237705854954
-1.05874144236785,-0.6703566766269579,-0.6620238783216298,0.8126653224909756,-0.6792987351377553,0.08954978505830931,-0.3387846633146439,0.48629046939257453,-0.11769535822767073,0.461396858864726,-0.13113268037574322
-1.032895501979757,-0.7980440420177032,-0.9432225916695757,0.5951760371428507,-0.6561650855394127,-0.20416087150406775,-0.3406184785945513,0.2547656461387148,-0.42462885541884543,0.7012635221032293,-0.15449536588509533
-1.22298330159996,-1.0213122777870822,-0.8499409184325841,1.2167935429208752,-0.7704359989916287,0.05652906035603024,-0.3345439654798581,1.0140308753388725,-0.20413785335498114,0.0733772565671448,-0.10745640177230585
-0.3992153567636883,-0.216846830597458,-0.5612029310943056,-0.06786052562308713,-0.6571121678384052,-0.16696910789202712,-0.33591932693978865,-0.2820541646410679,-0.859346910624305,0.2615079728326388,-0.123136056476569
-0.22531787374845838,-1.4065258961347789,-1.07794159431931,-0.09711749502997535,-0.46146980636946844,-0.10892214973117864,-0.34256690732945294,-0.3013478999122229,-0.2755468710688463,0.29207921422578137,-0.11827536351824744
-0.48452712183751867,-0.9001454657125528,-0.9785993680183783,-0.17324800383609776,-0.4908138316989098,-0.2316202109933314,-0.3416499996894992,-0.35014970089220315,-1.163774828246572,0.522539341651011,-0.14822350400339004
-0.11020457392782784,-0.48595548822561707,-1.041788349595853,-1.2810935994937653,-0.5911113997561538,-0.223451926461715,-0.34806835316917506,-0.8472471155254903,-2.4328508798982456,1.4279184136786998,-0.2140780537612953
-0.22637293804991912,-0.4022782341806745,-0.7410739642860714,-0.45330707165846085,-0.4203260671509395,-0.03662414196197812,-0.34325458805941816,-0.5067694342698141,-1.1575108793243034,0.6095497979238017,-0.15261380732058374
0.7987893306414665,-0.5395474144322717,-0.7795869731454886,-1.025361508577661,1.048427793253903,-0.16245048240645207,-0.34382765533438925,-0.7575879927948289,0.013847569139975565,0.5789785565306592,-0.1389725077278748
1.8183714017629264,0.548731979084498,0.14427514609348716,-1.4422628576137917,1.2139343064876833,-0.216326401657539,-0.2817071627275263,-0.9005886189222129,0.749235172614341,0.10865176586692415,-0.07358834761109745
0.9471993149592246,-0.8104173423797353,-0.7045447037127532,-0.8418233765716855,-0.48444819657453364,-0.24830436663237768,-0.34474456297434297,-0.6849527541269513,-0.37827563339405573,-0.4957181601359741,-0.048971289725404286
-0.5875479259355209,-0.9662273586371227,-0.8333276559551467,0.6561468547052473,0.3932331536229902,-0.2503898860872585,-0.34474456297434297,0.3183214799731076,0.7554991215366099,-0.16648940667136058,-0.07829224402237639
1.792453126424824,-0.04626592150274888,-0.6003020200885562,-1.809032043241809,0.398822491780979,-0.2125029493235909,-0.3413061593245166,-1.0277002865909985,-0.7077593467053984,0.743592933262967,-0.1598264484845448
1.9429354145227842,0.9279425493812913,0.11469684580970196,-1.8347766199832838,0.008655636474703184,-0.028977237294081904,-0.26795354812822086,-1.0390495426328545,-0.48225718550371904,0.727131495589735,-0.15716090718482004
1.3271489485791177,-0.48222575854786603,-0.6122242147476963,-1.2141822193478127,0.06889628106636056,-0.24587126060168343,-0.34428610915436614,-0.8245486034417785,0.08650937663829447,0.028696211454089716,-0.08973839195648849
0.6210091379267038,-0.7417487178263815,-0.7527029769265087,-0.6306996794335704,0.2061455847236419,-0.005341350138766372,-0.34210845350947605,-0.5930237801879188,0.44230167542316634,0.1556844449332987,-0.10259570881398429
2.17815596864481,-0.2669890392485376,-0.4690038198033705,-1.6744207520384407,0.090943114911761,-0.11184187696801172,-0.345317630249314,-0.9777635600068327,0.810621872052576,0.21212365981294692,-0.08958159540944588
1.4549057815398254,-0.3122509360196876,-0.049657493362736366,-0.8915762941847443,-0.46271188151568815,-0.14753901830405447,-0.3458906975242851,-0.7053814150022919,-0.9144696611402711,-1.8432044153875748,0.14388846313703252
1.3918312916493327,-0.2684552616600423,-0.47294468485132096,-0.002182809281260648,-0.5600595211006604,-0.052613124449397475,-0.3206757374255584,-0.2411968428903868,0.06897031965594162,0.2826726784125056,-0.11231709473062744
2.0766806321661306,-0.38870371970579776,2.104107738087595,0.5781617382962759,-0.08776044675060421,-0.18577354164353554,-0.3417646131444934,0.23887668768011652,-2.323858168650767,-7.922178184716345,11.38416253098216
-0.9465657973446246,1.6295712386184078,1.0761612326510563,1.1858930129621619,1.0818085628085587,0.002444589159455252,-0.15024552984916503,0.9709037023798202,0.8870420489042562,-0.4627952847895121,-0.07358834761109745
1.5587915474098073,-0.40580038046770983,-0.18204086279676335,-0.7307070507715325,-0.33027561905000835,-0.2333929025299801,-0.34978755499408826,-0.6384208043553422,1.3192545245408083,-1.1141978898587859,0.09198880606592148
1.8903842337763435,-0.2684552616600423,-0.47294468485132096,-0.002182809281260648,0.23176338461442403,-0.052613124449397475,-0.3206757374255584,-0.2411968428903868,0.06897031965594162,0.2826726784125056,-0.11231709473062744
2.4394249279609586,-0.26739579711443096,-0.9058795548453891,-2.008773428237246,1.0133391703731953,-0.15678482122069262,-0.3382115960396729,-1.1797803175518673,-2.5280629035167324,1.202161554160107,-0.2026319058271832
1.9028336853574441,-0.07342875062922836,0.9011568730845708,-0.7726978570171865,-0.2040497323154273,0.08138150052669292,-0.3424522938744587,-0.6565796140223117,-0.7779155746348098,-2.8026710683415934,0.7105511841491029
0.29336950336857576,-1.0301222047111669,-0.9509330358902909,-0.4813548997392606,-0.006870302853043512,-0.1827495384339584,-0.34382765533438925,-0.5215234671242268,0.25563599753955396,0.40025437607844094,-0.1215680910061427
2.143269019024119,0.40540155219523477,0.9993931486830151,-1.778549878322989,-0.019756832495073342,0.1660188317372714,-0.31528890504083046,-1.0163510305491428,0.020111518062244437,0.28737594631914454,-0.11874575315937533
-0.5611270260940272,-0.45419236705030613,1.01143930208151,1.9663246654388515,-0.5751196822485746,-0.22397330632543522,-0.33637778075976543,2.442902211008527,-0.898183393942372,-4.218354708239434,2.2691088617528608
1.7025325691865667,-0.4952181725656306,-0.6829657352848589,-1.5311781615859692,0.3826755148801225,-0.22883951838682368,-0.34016002477457447,-0.9300966846310381,0.3483424415891333,0.40260601003175833,-0.11435544984218164
0.564155563812299,-0.5955605961306966,-0.4196705734159828,-0.2565175750207728,-0.45137794580643303,-0.0018654843806317283,-0.34268152078444714,-0.39895150187218337,0.4560823630521579,-0.6085965898952705,0.010611398150795688
1.5998403880647554,-0.9180776411528518,-0.7675125729532782,-1.260063128252093,-0.4606935094030811,-0.1761801521510839,-0.34829758007916356,-0.8404375619003768,0.39845403296728427,-0.23468679131760192,-0.05602713434232269
1.7616159952530708,-0.8513032465033374,-0.8333276559551467,-1.4530094011448,-0.4707853699661165,-0.15713240779650609,-0.34692221861923295,-0.9039933957347697,0.904581105886609,0.2850243123658251,-0.10557484320779427
2.111333032581483,-0.5138020338370078,-0.6856274790614769,-1.6891220249386425,1.3434206404810913,-0.20881853161996816,-0.34405688224437764,-0.9834381880277607,0.7116514790807278,0.317947187712287,-0.11231709473062744
0.3695881820512814,-0.2752019409035369,-0.6698048033297399,-0.8012734648082004,-0.6889248175209584,-0.22988227811426412,-0.3439422687893835,-0.6690637956683531,-0.6401086983448946,0.46374849281804337,-0.14571475925070795
0.5632199840735892,-0.2432943581319073,-0.6243502174485063,-0.8686311586582671,-0.6296157292889657,-0.19825189971523888,-0.343139974604424,-0.6963020101688072,-0.15026789262346885,0.5742752886240224,-0.13912930427491743
1.6727583969017932,-0.2905855389350331,-0.5909064670469452,-1.521315926033032,1.637481931348615,-0.12338175128501873,-0.33064710801005487,-0.9266919078184813,0.4322793571475361,0.44963868909813287,-0.12392003921178216
2.2126487764802447,-0.22748757984536414,-0.5862549494995819,-1.8347766199832838,4.431529972769919,-0.20131066158239735,-0.34566147061429664,-1.0390495426328545,0.04391452396686615,0.5178360737443742,-0.13066229073461533
2.328997709138411,0.08751612947032099,0.479121074743544,-1.3996342730806146,-0.5108422934317031,-0.2212621310340902,-0.34256690732945294,-0.8869695116719858,-0.9533061444583382,-2.1395102935057273,0.326242847347613
1.2776386517749587,-0.3089046551131038,1.018956026120091,0.18029559647545682,0.1316210759504574,-0.060711891665851184,-0.34382765533438925,-0.10727562159648751,-0.8455662229953136,-3.8491481775684027,1.778178872962381
0.7171066996951032,-0.9653319575962912,-0.7585897649369306,-0.4497661128940422,-0.0824816273791702,-0.2419435322949913,-0.34554685715930245,-0.5044995830614429,0.5625694947307287,-0.47220182060278787,-0.039249903808761116
1.0780664417561698,-0.2901551030300484,-0.7381962569554036,-1.493144316536463,0.0915641524848708,-0.23405331702402565,-0.34520301679431975,-0.9176125029849966,-1.086101861610438,0.6189563337370775,-0.15951285539045953
0.7602263951785493,-0.7721266700133229,-0.7468646403955056,-0.5376230779679496,-0.3133523451827644,-0.1580361328936211,-0.34210845350947605,-0.5487616816246809,1.2403287681202204,0.023992943547452888,-0.08487769899816693
1.5042879931342517,-0.19227467403710613,0.028553373425946476,-0.9799520724514925,-0.5009056922619451,-0.09262033932552717,-0.34543224370430825,-0.7405641087320451,-0.9608228831650608,-1.716216181908366,0.13040396009136623
0.4000231414625823,-0.7551809314575735,0.004773921621078034,0.3718974185485594,-0.37964810611224303,-0.20614211498620452,-0.3422230669644703,0.0482091861769379,-0.6626589144650625,-2.4569808772037476,0.5118899590460888
1.7783393378445844,-0.6270220874025956,-0.8012247169285983,-1.6305040519567646,-0.5748091634620197,-0.11114670381638479,-0.34669299170924456,-0.9630095271524202,0.09402611534501712,0.37908967049857206,-0.13473900095772376
-0.1889462005508687,-1.0037497554473669,-0.9626581604317156,-0.21326412113418805,-0.461004028189636,-0.19929465944267927,-0.34577608406929083,-0.37398313858010046,-0.42713443498775294,0.4167158137516709,-0.1275263597937627
1.6965310162344196,-0.7180893752163716,-0.49910821929987353,-1.0408091114813744,1.3278947011533446,-0.24691402032912382,-0.34256690732945294,-0.7632626208157568,0.8482055655861892,-0.8249469136005887,0.028799797607740964
2.3898301763646934,-0.18997746240182944,-0.44962136030522054,-1.8546299608535501,-0.02907239609172147,0.041061457732331094,-0.34600531097927933,-1.0469940218621536,0.1341153884475379,0.3085406518990113,-0.11702099114190638
0.30411687333978366,-0.2684552616600423,-0.47294468485132096,-0.002182809281260648,-0.561612115033435,-0.052613124449397475,-0.3206757374255584,-0.2411968428903868,0.06897031965594162,0.2826726784125056,-0.11231709473062744
2.2903339527835884,-0.2643145195431228,0.10863025148563805,-1.4012209860567755,0.010518749194032726,-0.16915890331965194,-0.34084770550453974,-0.8881044372761714,-0.8768859676066579,-2.0901259804860355,0.23953435683303775
-0.07395276806279324,1.4214822049630857,0.8491792873250021,-0.35474477559644796,-0.4910451681948932,0.0714752831160092,0.8750864385290563,-0.4545628564772772,-0.559930152139853,0.36968313468529634,-0.13677735606927796
0.3946419801418158,-0.8175256713979878,-0.8432488510246289,-0.5965031668259586,-0.6201449062990402,-0.24204780826773534,-0.34577608406929083,-0.5771348217293205,-0.1477623130545613,0.23563999934613314,-0.1121602981835848
0.9408542305280453,-0.2905855389350331,-0.5178038401117493,-0.8574494068926403,0.6480138179913144,-0.14541874019159234,-0.34187922659948766,-0.6917623077520648,0.7404656441231646,0.25445307097268255,-0.10024376060834479
1.2023710338228277,-0.08530933760383717,-0.6698048033297399,-1.70095270638797,-0.4596066936501388,-0.16345848347631114,-0.34566147061429664,-0.9868429648403175,-1.6648907420280818,0.7318347634963718,-0.1701750205893585
0.16954244091246956,-0.06001452504199037,1.9860440480820951,1.7970388139315236,0.3870227778918914,-0.13916218182695,-0.35047523572405354,2.059297356793798,-2.168512235378499,-6.718141600617184,6.217245916286323
1.3637622631483128,0.021564516727791815,-0.5115170584813656,-1.5278629288345813,-0.6275973571763587,-0.1526485409685124,-0.34864142044414614,-0.9289617590268525,-0.3131305646024595,0.6636373788501305,-0.1513594349442427
1.790242272329791,-0.16768723201712415,-0.532693373845061,-1.6744207520384407,-0.1240911447775316,-0.14507115361577888,-0.34692221861923295,-0.9777635600068327,-0.19787390443271227,0.428473983518264,-0.1259583943233364
2.1368402427884567,-0.6073338950241646,-0.7100435985687583,-1.6362750833920567,2.142540737680217,-0.24767871079591344,-0.337753142219696,-0.9652793783607914,0.9083394752399704,0.08748706028705738,-0.10385008119032534
2.2400163063010106,-0.48678894896701297,-0.5793343689076136,-1.6377313000301814,-0.3186311645541983,-0.23301055729658526,-0.3458906975242851,-0.9652793783607914,0.9559454870492138,-0.0653691466786573,-0.0793898198516748
0.8875408660435773,-0.6440139812340355,-0.9095266265509921,-1.3713890200452974,0.08411170160755235,-0.20384804358583564,-0.34600531097927933,-0.8778901068385011,-1.0272207417411108,0.6848020844299993,-0.16123761740792847
1.73231800195976,0.989121958884973,0.3824798948737533,-1.5180832311561023,2.7938538924791927,-0.017506880292237584,-0.10222249220659016,-0.9255569822142958,0.4924132668013173,0.3602765988720227,-0.1126306878247127
0.6013985517521835,-0.6223492708060594,-0.830051188771293,-0.9917198183045968,-0.3574460128735652,-0.23335814387239873,-0.34520301679431975,-0.7451038111487874,-0.5586773623553992,0.5860334583906155,-0.1399132870101306
0.3932487832600538,-0.908623856673993,-0.8566967207748036,-0.4367837263424082,-0.456035727604757,-0.1516752985562347,-0.34692221861923295,-0.49769002943632945,0.5976476086954343,0.2709145086459125,-0.10353648809624008
0.3464018421643537,-0.5462447703621244,-0.6829657352848589,-0.46176794719868863,-0.15265887314058552,-0.24204780826773534,-0.34119154586952233,-0.5113091366865565,0.2593943668929153,0.2615079728326388,-0.10322289500215481
1.6679886671298108,0.6084058434285543,0.24373963830335574,-1.5033422156147351,-0.3613274977055019,0.07946977435971884,-0.31700810686574366,-0.9210172797975534,0.39720124318283045,0.39319947421848467,-0.11639380495373586
2.1482654863208746,-0.42019984503421975,-0.056215511266437056,-1.1217894142401565,0.3492947453254669,0.012733151803533772,-0.3410769324145282,-0.792770686524582,1.1413583751483722,-1.3869874284437513,0.1550210179770594
2.391870776259154,-0.6714464506484424,-0.4439084122378702,-1.5770590704902496,0.15987828552695657,-0.17405987403862178,-0.34520301679431975,-0.9448507174854508,0.06270637073367276,-1.1306593275320158,0.04542023159425989
0.9498537908437162,-0.834066413920238,-0.7183727026865978,-0.7152377807207607,-0.6072583766570104,-0.07642280489261977,-0.34680760516423875,-0.6316112507302287,0.5024355850769475,-0.3287521494503489,-0.060103844565431115
1.0854837052651243,-0.5295479354748088,0.19843844281825523,-0.21254920062982718,-0.556954333235111,-0.23940615029155302,-0.34543224370430825,-0.3728482129759149,-0.6363503289915332,-2.3981900283707813,0.543719658095743
2.341103257801566,-0.43025007116835534,-0.641682588226994,-1.8299674539981021,0.9676929087496199,-0.04434056394503702,-0.34497378988433136,-1.0367796914244833,0.3746510270626625,0.41436417979835144,-0.11874575315937533
2.008411248322222,-0.19821216835882802,-0.41237638180081315,-1.5671968349373122,0.830909383272171,-0.1790303620727543,-0.3097874592011083,-0.9425808662770796,0.6302201430912324,0.009883139827540315,-0.08315293698069796
0.2996303115943203,-1.2125164456473152,-0.994907072065869,-0.42441432879586277,0.1064690542395077,-0.24448091429842958,-0.34405688224437764,-0.4920154014154015,0.30950595827106625,0.2944308481790987,-0.10667241903709271
2.0904160132814886,-0.517532216350456,-0.37354632679087396,-1.185279255499732,1.5969592297031958,-0.202179628021931,-0.3394723440446092,-0.8154691986082938,2.374103523050886,-0.44868548106960165,0.02299832536716361
1.7780586186244633,-0.7660331108072485,-0.6194749138304192,-1.2470047827010555,1.471820158721557,-0.2510850592388854,-0.34096231895953394,-0.8358978594836344,0.5613167049462748,-0.6062449559419532,-0.023099859463370072
0.5903351641146164,-0.6367311971874461,0.18684111827432073,0.1882763657909137,-0.33865962628699164,0.020936194992731506,-0.345317630249314,-0.10160099357555959,-0.859346910624305,-2.54163969952322,0.5349390514613556
1.9683124266921097,-0.2541815619184267,0.08112215131987315,-1.1674279076178828,-0.30372626279956144,-0.2058292870679724,-0.34371304187939505,-0.8086596449831803,-0.6413614881293483,-1.9490279432869149,0.21005660598902307
-0.40339962605055923,0.15807594319457574,-0.5793343689076136,-0.8114591602670796,-0.7116237408181241,-0.17044497365016176,-0.3345439654798581,-0.6724685724809099,-2.5318212728700935,0.8658778988355371,-0.18020999960008693
0.853775524515696,-0.2684552616600423,-0.47294468485132096,-0.002182809281260648,-0.6873722235881837,-0.052613124449397475,-0.3206757374255584,-0.2411968428903868,0.06897031965594162,0.2826726784125056,-0.11231709473062744
2.0755744299934227,-0.20493520968522985,-0.5909064670469452,-1.9005108697578306,1.2766591013717803,-0.011111287297269856,-0.341535386234505,-1.0696925339458654,-1.1174216062217825,0.5789785565306592,-0.14477397996845215
0.9858131693504216,-0.8396221263772905,-0.6882992482620429,-0.752187088641285,0.6868286663106813,0.07495114887414381,-0.33557548657480596,-0.647500209188827,0.8244025596815675,-0.14532470109149173,-0.0793898198516748
0.7973957559083756,-0.41655224942600777,-0.61463288899464,-0.7841060397572205,0.19651950234043886,-0.1554987508901828,-0.3450884033393256,-0.661119316439054,0.6389896715824089,0.31089228585233075,-0.10729960522526324
2.0354875176380034,0.016711794869061478,-0.4288950712114348,-1.7723171454029858,0.3792598082280182,-0.11333649924400963,-0.34497378988433136,-1.012946253736586,0.04391452396686615,0.5178360737443742,-0.13066229073461533
2.4616170766137166,-0.7506544123284792,-0.7155854539761506,-1.8113034053451607,-0.002212521054719586,-0.23985801284011052,-0.34692221861923295,-1.0288352121951843,-0.02373612439363766,-0.23468679131760192,-0.07123639940545798
0.8707623314349097,-0.3132510705624082,-0.6517803229266033,-1.0420717949112916,0.028373579420941524,-0.14229046100927117,-0.34428610915436614,-0.7632626208157568,-0.05129749965162069,0.3649798667786595,-0.1374045422574485
1.9210373157155243,-0.4536790263652301,-0.5157020492877086,-1.4157999743861887,-0.41504724777950563,-0.24684450301396113,-0.34577608406929083,-0.8926441396929138,0.9634622257559364,-0.1406214331848549,-0.0619854031299427
-0.6163065247742189,-1.1750369914631302,-1.0462080142618737,0.15523494819914163,-0.551986032650232,-0.18643395613758112,-0.3458906975242851,-0.1265693568676425,-0.3507142581360727,0.6119014318771212,-0.13975649046308797
0.8591238258239245,-1.1285324313353373,-1.0286922136110144,-1.1002792166171185,-0.6586492358318522,-0.1438198419428504,-0.3493291011741114,-0.784826207295283,-0.34319751942935006,0.3837929384052089,-0.13928610082196008
2.12388993552184,-0.07500323898567163,-0.4788973397900739,-1.7848839609240759,-0.35511712197440315,-0.11907167774493178,-0.34554685715930245,-1.018620881757514,0.22807462228157097,0.5013746360711422,-0.12925112181123163
1.9071274264512086,-0.5158867498532351,-0.35490034829068895,-1.2151671440117198,1.9346484100816874,-0.025153784960133797,-0.3303032676450722,-0.8256835290459641,1.0298600843319865,-0.6438710991950519,0.022527935726035696
2.260687375939518,0.008078698567200728,-0.3980092297365337,-1.8022963567373464,-0.3352439196348873,-0.1966877601240783,-0.34554685715930245,-1.0242955097784419,0.4059707716740069,0.41201254584503405,-0.11984332898867375
0.1689032501283159,-0.5416087292404278,-0.5413441381824646,-0.016370465874023847,-0.7738517056437331,-0.08702419545493041,-0.341535386234505,-0.24800639651550033,0.7467295930454335,-0.2605547648041076,-0.05900626873613271
0.9831377128580874,-0.2684552616600423,-0.47294468485132096,-0.002182809281260648,-0.6019795572855765,-0.052613124449397475,-0.3206757374255584,-0.2411968428903868,0.06897031965594162,0.2826726784125056,-0.11231709473062744
0.4884400812782127,-0.8432575709262365,-0.7735240825260703,-0.4028728200844131,0.15615206008829735,-0.22814434523519675,-0.3410769324145282,-0.4806661453735457,0.7905772355013155,0.10394849796028732,-0.07860583711646166
0.8440448224879707,0.21849792234088156,-0.22389880915642246,-0.995068298783261,-0.6322551389746827,0.032893173200714665,-0.33844082294966127,-0.746238736752973,0.15416002499879827,0.4966713681645053,-0.12831034252897586
1.3068187920477803,-0.389799616060528,-0.7100435985687583,-1.5191578180363214,0.3604734216414445,-0.06408348145124176,-0.3376385287647018,-0.9255569822142958,-0.6701756531717852,0.5413524132775605,-0.1435196075921111
1.3698625188539617,-0.8836976215605881,-0.7268007687719582,-1.128836515927511,-0.31801012698108844,0.03198944810359968,-0.34669299170924456,-0.7950405377329532,0.1140707518962775,-0.3522684889835352,-0.06810046846460535
0.5256164662161478,-0.7671343098926467,-0.8203116231700041,-0.6623011211064203,2.1538746733894714,-0.22779675865938334,-0.3387846633146439,-0.6077778130423314,0.22807462228157097,0.3720347686386158,-0.11231709473062744
2.107886130887557,-0.13196363380763337,-0.4382411073856108,-1.70095270638797,2.776464840432116,-0.24437663832568554,-0.33901389022463235,-0.9868429648403175,0.5325025399038381,0.32265045561892386,-0.10463406392553848
2.084807697992344,-0.06629293409833363,0.21060343778960272,-1.3841127975975427,2.014762257012861,-0.1820196066247501,-0.3298448138250954,-0.8824298092552435,-1.0936186003171608,-1.777358664694652,0.20692067504817044
1.6350443995991968,-0.3664458803270541,-0.4929842628403162,-1.3409464466964072,0.9574457887933072,-0.16140772267901168,-0.3400454113195802,-0.8676757764008308,0.5112051135681239,0.03339947936072655,-0.07264756832884166
2.4362072722620374,-0.5540354168259441,-0.4382411073856108,-1.534521851618814,1.0172206552051322,-0.2273448961108258,-0.3429107476944355,-0.9312316102352237,1.7214000453504699,-0.3993011680499097,0.002144384610493612
0.47552036343631715,-0.39454566671314195,-0.8267897858575726,-1.2271846779678572,-0.5498124011443474,-0.19696582938472906,-0.34554685715930245,-0.8290883058585209,-1.5909761447453092,0.7341863974496913,-0.1693910378541453
2.058004187271117,-0.06594436291197218,-0.44201427524018194,-1.7581505843191378,-0.07766858618756875,-0.17454649524476065,-0.3463491513442619,-1.007271625715658,-0.21416017163061135,0.19801385609303435,-0.11749138078303428
2.076943168125964,-0.035266487069281455,-0.5284072346164517,-1.857184314249441,-0.33990170143321136,-0.2492080917294927,-0.3481829666241693,-1.0492638730705248,-0.5073129811927946,0.6213079676903949,-0.14414679378028164
2.213616897101144,-0.8581308347703492,-0.6909811186934353,-1.4961757520459356,0.8900632121108861,-0.21709109212432862,-0.3450884033393256,-0.9187474285891822,0.982254072522743,-0.549805741062305,-0.03423241430339691
0.3637236321669222,-0.6122151586182888,-0.6936731670256128,-0.47948553490277224,-0.14148019682460783,0.017599363864922273,-0.3433692015144124,-0.5203885415200412,0.43603772650089745,0.3720347686386158,-0.11027873961907322
1.6288910703107544,-0.24337110676221763,0.6579653412209862,-0.4446166041708764,-0.4684564790669544,-0.05998195985664291,-0.3439422687893835,-0.5022297318530718,-0.7628820972213645,-3.084867142739834,0.8367724045184213
1.8677908838235004,0.21600463519731705,-0.18073088295234935,-1.6406601671894634,1.2642383499095828,-0.15636771732971647,-0.34566147061429664,-0.966414303964977,0.08149821750047938,0.2826726784125056,-0.1121602981835848
2.114395528149864,-0.38630301813913187,-0.62680049236896,-1.7387666104361796,1.4157715177483912,-0.16050399758189668,-0.3364923942147597,-1.0004620720905446,0.02512267720005953,0.07808052447378164,-0.11655060150077849
2.353225335920257,-0.09910700345981269,-0.8773589743114121,-2.0125738242062234,1.6182297665822087,-0.04065614624141428,-0.34096231895953394,-1.1877247967811664,-2.857546616828075,1.3503144932191848,-0.212510088290869
2.102743315485339,-0.4741918952847974,-0.5862549494995819,-1.6109532644974731,2.6879669862639597,-0.0945320654925012,-0.3398161844095918,-0.9561999735273067,0.915856213946693,0.14862954307334242,-0.0878568333919769
2.0423979798577294,-0.43500140672649845,-0.18073088295234935,-1.3423108526344056,-0.09614445398758735,-0.19825189971523888,-0.3450884033393256,-0.8688107020050164,-0.32190009309363593,-1.3234933117041479,0.11566508466935882
1.1591458145603342,-0.2925713903740492,-0.5932437142492566,-1.1704934236965028,-0.1094967618094496,-0.17499835779331813,-0.34577608406929083,-0.8097945705873659,0.4147403001651833,0.44963868909813287,-0.1236064461176969
2.224662495584105,-0.3430772470355005,-0.7353301767567613,-1.8702135387675307,0.8201964851360258,-0.23022986469007753,-0.34657837825425036,-1.0549385010914527,0.07648705836266427,0.7153733258231418,-0.15512255207326586
1.7656118131955978,-0.24467803830568968,-0.5793343689076136,-1.6028656903149239,-0.14862212891537138,-0.2326629707207718,-0.3464637647992561,-0.9539301223189355,0.28319737279753704,0.4731550286313191,-0.126115190870379
1.338118339131279,-0.4884609750151788,0.191502825418601,-0.5075508603684404,-0.5324233490972711,0.006476593438891415,-0.3441714956993719,-0.5340076487702683,-1.0597932761369089,-2.6451115934692417,0.4182824204616377
2.3581139459240377,-0.4191375155762319,-0.5862549494995819,-1.800076763854225,1.3865827518122273,-0.2423953948435488,-0.3312201752850259,-1.0242955097784419,0.24686646904837756,0.11570666772688044,-0.09412869527368217
2.1289256184716425,-0.19268140497876074,-0.6391804555298438,-1.8372036527383782,0.8007890609763424,-0.2137542609965194,-0.34520301679431975,-1.04018446823704,0.07147589922484918,0.6824504504766798,-0.15214341767945586
0.05977539953966998,-0.44744225999396925,-0.7439633934712088,-0.45603674995356475,-0.4224996986568241,-0.04739932581219551,-0.3430253611494298,-0.5079043598739997,-0.07635329534069618,0.6401210393169443,-0.14759631781521954
0.636083532787443,-0.1823677238296498,-0.6122242147476963,-0.9732703049030366,-0.3034157440130065,-0.23857194250960068,-0.3434838149694066,-0.7371593319194883,-0.2642717630087623,0.6236596016437144,-0.14414679378028164
1.5254267837888873,-0.3705085167302581,0.781049541905874,-0.35215396656444026,-0.1185018066195427,0.07936549838697482,-0.3402746382295687,-0.4534279308730916,-0.7140232956276672,-2.9813952487938127,0.9310071292910428
1.94389775157348,-0.08635435299985338,-0.35825427361285567,-1.552856411990704,1.4086295856576276,-0.136555282508349,-0.341535386234505,-0.9369062382561516,0.7868188661479543,0.21917856167290112,-0.09067917123874428
1.664019043143015,-0.5173823550672471,-0.7735240825260703,-1.6002067209664645,2.597916538163029,-0.19077878833524942,-0.34371304187939505,-0.9527951967147499,-0.02874728353145276,0.4190674477049903,-0.14038367665125848
1.0478041646957095,-0.37875669765685,-0.6003020200885562,-1.0736732365841417,0.19201697993539232,-0.21389329562684475,-0.34371304187939505,-0.7746118768576127,0.12659864974081525,0.2685628746925951,-0.10745640177230585
0.9915552510588221,-0.46446493175296993,-0.6194749138304192,-1.0015678057002124,-0.5786906482939564,-0.22213109747362383,-0.3487560338991404,-0.7485085879613442,0.017605938493336887,0.12746483749347357,-0.0956966607441085
1.3795412825277824,-0.2261606712467299,0.5955136198880739,-0.2680495129054045,-0.2069996607876992,-0.1149701561503329,-0.34669299170924456,-0.4057610554972969,-0.626328010715903,-2.927307667867483,0.7389313591638192
1.3250219733767437,-0.40454711737255944,-0.6003020200885562,-1.310186119125763,0.061288570795764594,-0.04656511803024318,-0.34428610915436614,-0.8574614459631605,0.058948001380311435,0.33676025933883647,-0.10871077414864691
1.9325034059191741,0.24613036434013844,0.42161071048128695,-1.7350029338429225,-0.2854056543928203,0.11144773933455752,-0.343139974604424,-0.9993271464863589,-0.4897739242104417,0.18390405237312177,-0.11749138078303428
2.187322369880916,-0.28460020872248554,0.5284743312828994,-1.0578812833443034,0.8010995797628973,0.03987966337456529,-0.34268152078444714,-0.7689372488366848,-0.7578709380835493,-2.66627629904911,0.5885634705499356
2.1118833996988413,-0.1497108569383923,-0.6243502174485063,-1.880960082298539,0.9692455026823945,-0.24601029523200885,-0.34520301679431975,-1.0606131291123806,-0.610041743518004,0.6448243072235811,-0.15120263839720005
0.31406955497983247,-0.7632929948175089,-0.8043704155833413,-0.34585719594261444,-0.11555187814727079,-0.23579124990309297,-0.34382765533438925,-0.45002315406053484,0.8231497698971137,0.317947187712287,-0.10980834997794535
1.8256691456851286,-1.1008474761878224,-0.8203116231700041,-1.3917962320412223,0.22042944890516883,-0.1713834574048581,-0.345317630249314,-0.8846996604636147,0.11532354168073128,-0.49336652618265675,-0.034389210850439556
0.8128490267119034,-0.29300437404514207,1.6695572452137486,-0.9205598381049029,0.10010341911513147,0.33633625388586874,-0.3413061593245166,-0.7167306710441478,0.2844501625819908,0.4425837872381766,-0.12188168410022797
0.9647674932923798,-0.4216205833823191,-0.6292592604603617,-1.24011013373895,-0.3220468712063026,0.05270560802208213,-0.34142077277951083,-0.8336280082752632,-0.5925026865356512,0.45669359095808704,-0.13473900095772376
1.4493020712018845,-0.2684552616600423,-0.47294468485132096,-0.002182809281260648,-0.5383232060418148,-0.052613124449397475,-0.3206757374255584,-0.2411968428903868,0.06897031965594162,0.2826726784125056,-0.11231709473062744
0.14272127932700082,-0.9864382015100542,-0.6441935780495014,0.1558340681664037,0.02775254184783172,-0.040795180871739695,-0.3416499996894992,-0.1254344312634569,0.2744278443063606,-0.8766828605736,0.02660464594914412
2.094811664293758,-0.148978692645034,-0.6594490882563784,-1.8948240899714117,-0.2718980871776806,-0.12251278484548507,-0.34864142044414614,-1.0674226827374942,-0.6814507612318691,0.7247798616364176,-0.16280558287835478
2.3827658319922005,-0.2944799511936139,0.08921885933549237,-1.4716066079637566,-0.4620908439425783,-0.2490690570991673,-0.3472660589842156,-0.9108029493598832,-0.6801979714474153,-1.8432044153875748,0.242827084320933
2.0117874977656354,-0.11338564885259235,-0.6003020200885562,-1.8546299608535501,-0.3558934189407905,-0.196861553411985,-0.3464637647992561,-1.0481289474663391,-0.610041743518004,0.6636373788501305,-0.15057545220902954
2.217571220129111,-0.10607430721695259,1.113013442157692,-0.6772547787594104,0.6214644617408673,-0.06199796199636098,-0.33901389022463235,-0.614587366667445,-0.8292799557974144,-3.6398527557230405,1.5665035344548284
1.957014515000407,0.010563918402492958,-0.3944624529266393,-1.7043999633728018,-0.3813559594382952,-0.234991800778722,-0.3463491513442619,-0.9891128160486886,0.13787375780089922,0.43788051933153765,-0.11764817733007692
1.7281760886843054,0.25006151436343527,-0.340000885817108,-1.7239252916969545,-0.22112826557594878,-0.23290628132384122,-0.34016002477457447,-0.9947874440696166,-0.66516449403397,0.4331772514249008,-0.14226523521577006
0.9127348163499533,-0.2684552616600423,-0.47294468485132096,-0.002182809281260648,-0.51348170311742,-0.052613124449397475,-0.3206757374255584,-0.2411968428903868,0.06897031965594162,0.2826726784125056,-0.11231709473062744
0.7098815583744692,-0.2684552616600423,-0.47294468485132096,-0.002182809281260648,-0.5926639936889285,-0.052613124449397475,-0.3206757374255584,-0.2411968428903868,0.06897031965594162,0.2826726784125056,-0.11231709473062744
-0.42855781504187657,-0.8203411176220488,-0.40875722147982313,0.8757815508987465,-0.0390089972614794,-0.22640641235612946,-0.3441714956993719,0.5623304848730089,0.25814157710846153,-1.2976253382176421,0.13698941506715673
2.265372006084405,-0.29006907009618554,-0.6003020200885562,-1.8372036527383782,1.1540041806825811,-0.1844874713130257,-0.34680760516423875,-1.0390495426328545,0.1291042293097228,0.48256156444459275,-0.12392003921178216
2.114297935154984,0.010976659810794155,-0.4178399817312639,-1.7913227438340977,0.5025357664903272,-0.2463578818078223,-0.3388992767696381,-1.0197558073616995,-0.02373612439363766,0.40730927793839516,-0.12407683575882479
1.4026065217599273,-0.2684552616600423,-0.47294468485132096,-0.002182809281260648,-0.5305602363779415,-0.052613124449397475,-0.3206757374255584,-0.2411968428903868,0.06897031965594162,0.2826726784125056,-0.11231709473062744
1.0149865939624678,-0.841270602698792,0.01577187656099387,-0.162951850085039,-0.008733415572373192,-0.12376409651841354,-0.3446299495193487,-0.3433401472670896,-0.8969306041579183,-2.5275298958033083,0.6114557664181598
2.2003573365996147,0.09194109611042266,-0.5284072346164517,-1.9210949976902019,-0.2565274072432113,-0.14816467414051873,-0.341535386234505,-1.0821767155919069,-0.737826301532289,0.7177249597764613,-0.16405995525469583
1.1940511458607368,-0.2684552616600423,-0.6698048033297399,-1.4530094011448,1.6166771726494342,-0.1332532100381211,-0.3366070076697539,-0.9051283213389553,-0.7190344547654823,0.489616466304549,-0.14775311436226216
1.2502134037931647,-0.23856380818687783,-0.7497778021249888,-1.5962519915972717,-0.09288400672876056,-0.19390706751757059,-0.34084770550453974,-0.9516602711105643,-0.8455662229953136,0.7459445672162844,-0.17080220677752903
1.6955833468075712,-0.0024418029329295364,-0.5955886879026497,-1.818198054307266,-0.06804250380436573,-0.18111588152763508,-0.34428610915436614,-1.0311050634035555,-1.1612692486776646,0.6612857448968131,-0.16358956561356794
1.1334608920466283,-0.6987437165366396,-0.7826379622968803,-1.1061982288405632,-0.4703195917862841,-0.15622868269939108,-0.3481829666241693,-0.7870960585036542,0.4473128345609814,0.3508700630587469,-0.1131010774658406
2.2884449061313954,-0.14545822985216184,-0.5567415712050109,-1.8755497523112565,1.0732692961782977,-0.24489801818940574,-0.3399307978645861,-1.057208352299824,-0.132728835641116,0.5366491453709236,-0.135052594051809
1.727258524090019,-0.4768976238341402,-0.15755573663694897,-1.0705992728255904,-0.32406524331890973,-0.026544131263387654,-0.34382765533438925,-0.7746118768576127,-0.44843186132346713,-1.5915795823824763,0.1264840464153004
-0.37641452748612436,-1.5866464554546014,-0.9548199162135099,0.7190972000868804,-0.2607194108617029,-0.21344143307828728,-0.34210845350947605,0.38414716501587165,0.8031051333458533,-0.782617502440853,0.023468715008291487
1.7365780585361485,-0.2859605945740659,-0.5955886879026497,-1.5745700045322133,-0.37964810611224303,-0.1899445805532971,-0.3472660589842156,-0.9437157918812652,0.25563599753955396,0.3884962063118457,-0.12423363230586743
0.45517515855655133,-0.8147294433866437,0.004773921621078034,0.3619784182861731,-0.0821711085926153,-0.0326268963401233,-0.34474456297434297,0.0402647069476388,-0.9019417632957334,-2.8214841399681427,0.524120089715414
1.3801317191888804,-0.2684552616600423,-0.47294468485132096,-0.002182809281260648,2.082455352481837,-0.052613124449397475,-0.3206757374255584,-0.2411968428903868,0.06897031965594162,0.2826726784125056,-0.11231709473062744
0.9354752034287855,0.051778937903670746,-0.34823969950234496,-1.2438074665532766,0.19760631809338108,0.07981736093553231,-0.34084770550453974,-0.8347629338794488,-0.521093668821786,0.5107811718844179,-0.15026185911494427
1.6307718220041216,-0.2684552616600423,-0.47294468485132096,-0.002182809281260648,-0.43429941254591165,-0.052613124449397475,-0.3206757374255584,-0.2411968428903868,0.06897031965594162,0.2826726784125056,-0.11231709473062744
1.9497200386862663,-0.3911185733998669,-0.6003020200885562,-1.6276502846360268,-0.296273811922243,-0.1424642542971779,-0.3463491513442619,-0.9618746015482346,0.4247626184408135,0.2521014370193631,-0.10776999486639112
2.163428878494938,-0.2923983249667079,0.32328137951384667,-1.0912071368825824,-0.04956663600434713,-0.12042726539060428,-0.3441714956993719,-0.7814214304827263,-0.9445366159671617,-2.7909128985750002,0.45999030197497776
2.394872883806647,-0.4189018160225006,0.06741881691887963,-1.4149755560952937,-0.3021736688667868,-0.13770231820853346,-0.3435984284244008,-0.8926441396929138,-0.6350975392070795,-2.021928595839793,0.2986466550681099
1.088798585603918,-0.2684552616600423,-0.47294468485132096,-0.002182809281260648,1.2487124105818361,-0.052613124449397475,-0.3206757374255584,-0.2411968428903868,0.06897031965594162,0.2826726784125056,-0.11231709473062744
1.0841107123080194,-0.7860335440133647,-0.8235433093252043,-1.005865798884039,0.5570318135307184,-0.12946451636175435,-0.3439422687893835,-0.7496435135655298,0.6377368817979551,0.22388182957954003,-0.11482583948330954
0.9764922792477081,-0.8615877819782902,-0.7183727026865978,-0.6465234846241061,-0.6185923123662656,-0.24962519562046886,-0.3470368320742272,-0.6009682594172179,1.0148266069185412,-0.2417416931775582,-0.047560120802020614
2.183916048331575,-0.30008322984331826,-0.35490034829068895,-1.6618030498422884,-0.3577565316601201,-0.21271150126907895,-0.3445153360643545,-0.9732238575900904,-0.4897739242104417,-0.6838488764014681,-0.02843094206281955
0.44236264915611523,-1.0254345345913696,-0.898641187097735,-0.4375867587457801,-0.18107134211036216,-0.19095258162315612,-0.3444007226093603,-0.49882495504051505,0.6364840920135013,0.1744975165598481,-0.09726462621453481
-0.0078100072158925095,-1.1232380660337555,-0.7585897649369306,0.49244933418051823,-0.16647695914228017,-0.15862703007250398,-0.34474456297434297,0.15716204417875426,2.075939554350888,-0.4134109717698202,0.0057507051924741235
2.2024369530497276,-0.37440041789651407,-0.6003020200885562,-1.8045286694198799,-0.24084620852218713,-0.0049242462477901835,-0.34657837825425036,-1.026565360986813,-0.1765764780969981,0.14862954307334242,-0.1195297358945885
2.1486676841798755,-0.2695174733991324,-0.636687117693356,-1.832364615391114,1.0655063265144245,-0.0951924799865468,-0.3413061593245166,-1.0379146170286688,-0.01747217547136879,0.5648687528107467,-0.14116765938647166
2.118530961907902,-0.001973173695203902,-0.5241468381210254,-1.8755497523112565,2.625863228952973,-0.21611784971205092,-0.33144940219501434,-1.057208352299824,-0.5173352994684247,0.6518792090835374,-0.14806670745634742
2.058813002278503,-0.25497040447508207,-0.5909064670469452,-1.7641589938830728,0.5033120634567146,-0.21319812247521783,-0.3413061593245166,-1.010676402528215,0.13536817823199165,0.48020993049127536,-0.12768315634080532
1.5155414754623766,-0.7394233805715682,-0.7239802724748935,-1.2852033022391898,0.7185015825392845,-0.2472616069049373,-0.3362631673047713,-0.8495169667338615,0.30700037870215874,-0.02774300342555849,-0.07876263366350426
1.3077269524342425,-1.1483193393036166,-0.7795869731454886,-0.880769828890603,-0.45619098699803456,-0.2235214437768777,-0.34715144552922145,-0.7008417125855495,0.37966218620047765,-0.6626841708216014,0.00543711209838886
1.6749298209117616,-0.6773818573830315,-0.8012247169285983,-1.4911363868479985,-0.44967009248038087,-0.22425137558608596,-0.34909987426412303,-0.9176125029849966,0.5625694947307287,0.3884962063118457,-0.1236064461176969
2.1335718983406577,-0.3137976294334595,-0.7100435985687583,-1.8892191371986429,-0.12067543812542728,-0.20287480117355794,-0.3424522938744587,-1.0640179059249375,-0.8029713703238852,0.5131328058377352,-0.14963467292677374
1.6606107767669391,0.26763010744730326,-0.2803297774487769,-1.7913227438340977,-0.05298234265645145,0.05618147378021677,-0.34073309204954555,-1.0208907329658852,-1.0222095826032958,0.7200765937297787,-0.15716090718482004
0.5912712251378119,-0.8347161298583138,-0.1966126034423147,0.031318699320127076,-0.37716395581980355,-0.07478914798629648,-0.3472660589842156,-0.21622847959830388,-0.648878226836071,-2.033686765606387,0.3243612887831014
0.3036519099966731,-0.2684552616600423,-0.47294468485132096,-0.002182809281260648,-0.6268210602099713,-0.052613124449397475,-0.3206757374255584,-0.2411968428903868,0.06897031965594162,0.2826726784125056,-0.11231709473062744
0.13266708332651322,-0.6092044271011272,-0.8170945932381984,-0.5364125276133114,-0.3798033655055206,-0.23718159620634682,-0.34474456297434297,-0.5487616816246809,-0.30060266675792174,0.5860334583906155,-0.13771813535153374
2.0959418940856476,-0.2684552616600423,-0.47294468485132096,-0.002182809281260648,0.8652217091864913,-0.052613124449397475,-0.3206757374255584,-0.2411968428903868,0.06897031965594162,0.2826726784125056,-0.11231709473062744
2.346976005002493,-0.6829553557819535,-0.8600989041989782,-1.880960082298539,1.06395373258165,-0.16881131674383848,-0.34497378988433136,-1.0606131291123806,0.1428849169387143,0.6048465300171649,-0.14320601449802584
2.3155540433314172,-0.13820979282183318,-0.3944624529266393,-1.7425670064051575,-0.3349334008483324,-0.18115064018521643,-0.34474456297434297,-1.00159699769473,0.7868188661479543,0.21917856167290112,-0.09067917123874428
2.3804983184374,-0.24444710013566287,-0.5501017047761247,-1.8728725081159898,0.6897785947829532,-0.07656183952294514,-0.345317630249314,-1.0560734266956382,0.04516731375131992,0.461396858864726,-0.12109770136501481
2.34622934678403,0.25029158783934174,-0.2924817471628286,-1.8836936899873395,0.5613790765424875,-0.12376409651841354,-0.337753142219696,-1.0606131291123806,-0.027494493746998985,0.5484073151375167,-0.13473900095772376
1.702870303616126,-0.5915904294213763,-0.6672016668885667,-1.4084422793106608,-0.4794798959896547,-0.12289513007887988,-0.34657837825425036,-0.8903742884845426,0.4798853689567796,0.007531505874220856,-0.09161995052100007
0.34543632585842454,-0.7519805572648467,-0.839926344322073,-0.6791183008769113,-0.3249967996785745,-0.16279806898226554,-0.34474456297434297,-0.6157222922716306,-0.6188112720091804,0.2450465351594068,-0.12219527719431321
2.292976098412611,-0.2313451929740959,-0.5094337856648917,-1.8205236582121462,0.470862850261724,-0.24100504854029495,-0.34256690732945294,-1.0333749146119267,-0.12771767650330093,0.14157464121338614,-0.10526125011370902
2.0186121918278377,-0.1001878637520027,-0.5932437142492566,-1.8675725964684786,-0.19054216510028768,-0.242013049610154,-0.3481829666241693,-1.0538035754872672,-0.7603765176524568,0.6542308430368569,-0.149948266020859
1.6830924122789197,-0.4724427070234931,-0.4288950712114348,-1.2822633826462775,-0.4024712369240308,-0.1449321189854535,-0.34371304187939505,-0.8483820411296759,-0.1189481480121245,-0.6626841708216014,-0.01478964247011061
-0.016360351899435882,-0.7704557806277584,-0.7765490503688202,-0.09717340281579759,-0.07844488315395608,-0.022373092353626084,-0.34256690732945294,-0.3024828255164085,0.4711158404656031,0.24974980306604572,-0.10479086047258113
1.6575194425796904,-0.30362460321123924,-0.6098236916982217,-1.556392328829447,2.4100526722972933,-0.2330453159541666,-0.34084770550453974,-0.9380411638603372,0.16794071262778978,0.46845176072468225,-0.12486081849403795
2.1060009071106576,-0.20682637093979164,-0.4650847276015657,-1.716711428181996,0.9319832482958023,-0.20843618638657335,-0.3433692015144124,-0.9925175928612454,0.17796303090341997,0.2003654900463517,-0.09648064347932163
0.7366936795367642,-0.2684552616600423,-0.47294468485132096,-0.002182809281260648,-0.5336654242434908,-0.052613124449397475,-0.3206757374255584,-0.2411968428903868,0.06897031965594162,0.2826726784125056,-0.11231709473062744
1.4413345123319332,-0.694335137907705,-0.6543273773118391,-1.144146061120343,0.46294462120457314,0.009604872621212594,-0.3398161844095918,-0.8007151657538812,0.4861493178790484,-0.2558514968974708,-0.07546990617560902
1.9736964331857483,-0.2997307705287518,-0.577042431908387,-1.7185024083348608,-0.2132100365187979,-0.2434381545709892,-0.33500241929983493,-0.993652518465431,-0.26301897322430856,0.16038771283993553,-0.11341467055992585
1.4215660950489135,-0.08630203886746834,-0.5284072346164517,-1.4891387542801091,0.49694642833233843,-0.2479567800565642,-0.33786775567469024,-0.916477577380811,-0.32440567266254344,0.37438640259193523,-0.13677735606927796
2.098641279865421,-1.185618837006415,-0.9022511383195833,-1.5611573729203299,1.3465258283466406,-0.05490719584976632,-0.338326209494667,-0.9403110150687084,0.4986772157235862,-0.3522684889835352,-0.06872765465277587
2.443192332972785,-0.42019984503421975,-0.6342025131071086,-1.8728725081159898,-0.4079053156887421,-0.168463730168025,-0.34680760516423875,-1.0560734266956382,-0.15152068240792263,0.16273934679325291,-0.11121951890132901
2.366003420453456,-0.5329577954536323,-0.40157382962029636,-1.6028656903149239,-0.12874892657585552,-0.21583978045140015,-0.34577608406929083,-0.9539301223189355,-0.20288506357052738,-1.2059116140382136,0.02017598752039624
1.1484650110332881,0.1829444557277181,5.889204685458511,-0.43564892347492645,-0.38306381276434737,24.812965818779027,-0.3484121935341577,-0.49769002943632945,-0.5686996806310295,-2.0195769618864747,0.30021462053853615
0.8428367859570438,0.2715795888356734,0.13427234038039373,-0.5807102769249524,-0.5703066410569732,-0.13895362988146193,-0.34692221861923295,-0.570325268104207,-0.39330911080750103,-1.0177808977727205,0.00026282604598203157
1.75223510480028,-0.12242647512416084,0.9132973553010152,-0.496641832793263,0.1525810940429155,-0.016394603249634505,-0.33591932693978865,-0.5283330207493403,-0.8355439047196833,-3.150712893432756,1.081218221357884
0.12178739476217176,-0.3856507157511671,0.7075473615059064,0.8857252554938816,-0.21119166440619086,0.08701240305487103,-0.3417646131444934,0.5736797409148647,-1.042254219154556,-3.609281514329898,0.750534303644974
2.329229259060431,-0.06188303637149149,0.38719714507039266,-1.3548104543692798,-0.09661023216741978,-0.2135457090510313,-0.3385554364046555,-0.8722154788175732,-0.5486550440797691,-1.9349181395670023,0.34741038119836826
2.009942349794271,-0.7144372338217735,-0.8012247169285983,-1.699240450896768,-0.2220598219356135,-0.21344143307828728,-0.3450884033393256,-0.9857080392361319,0.24937204861728512,0.317947187712287,-0.11639380495373586
1.8340501867039363,-0.2684552616600423,-0.47294468485132096,-0.002182809281260648,-0.3054341161256136,-0.052613124449397475,-0.3206757374255584,-0.2411968428903868,0.06897031965594162,0.2826726784125056,-0.11231709473062744
2.198399062795696,-0.5731545734309607,-0.5435234145022296,-1.6776400885196951,-0.27981631623483144,-0.08174087950256574,-0.3476098993491982,-0.9788984856110183,-0.32190009309363593,-0.5356959373423924,-0.04301302093778428
0.7904422823533648,-0.2684552616600423,-0.47294468485132096,-0.002182809281260648,-0.6578729388654648,-0.052613124449397475,-0.3206757374255584,-0.2411968428903868,0.06897031965594162,0.2826726784125056,-0.11231709473062744
1.8385365779825484,-0.18515489222777345,-0.4808927106814695,-1.5949426206264528,0.8860264678856721,-0.24552367402586997,-0.3374093018547134,-0.9516602711105643,0.20427161637694924,0.24974980306604572,-0.10667241903709271
2.3920246464092236,-0.026313122263846578,-0.4033628693684921,-1.8546299608535501,1.4008666159937544,-0.19606210428761406,-0.34073309204954555,-1.0469940218621536,0.22807462228157097,0.40260601003175833,-0.11341467055992585
0.19920832804753927,-0.26870014309390644,-0.6724175277720775,-0.7771570430451773,-0.6150213463208838,-0.14854701937391354,-0.34279613423944133,-0.6588494652306828,-0.959570093380607,0.6354177714103074,-0.14712592817409165
1.7723015878184936,-0.2684552616600423,-0.47294468485132096,-0.002182809281260648,-0.4777720426636025,-0.052613124449397475,-0.3206757374255584,-0.2411968428903868,0.06897031965594162,0.2826726784125056,-0.11231709473062744
-0.22177485037483713,-0.7712903734048996,-0.26690312011720235,0.6574220433408462,-0.5768275355746267,-0.13950976840276347,-0.3445153360643545,0.3194564055772932,-0.6175584822247266,-1.7914684684145634,0.2268338365225846
-1.1316976185372318,-0.8295470289298764,-0.36501007595507556,1.9126950262902667,-0.5580411489880532,-0.12247802618790372,-0.3450884033393256,2.318060394548112,0.9283841117912307,-1.3940423303037075,0.16583997972300096
0.14426625069186966,-0.11731648188114205,-0.5932437142492566,-0.6895941022145844,-0.5507439575040123,-0.06825452036100334,-0.34577608406929083,-0.6202619946883728,-0.6751868123096002,0.6918569862899556,-0.15324099350875428
1.385909600207379,0.003482929871026912,-0.44012518255471644,-1.6206060149703159,-0.6052400045444033,-0.005271832823603648,-0.34783912625918667,-0.9596047503398634,-1.126191134712959,0.44728705514481343,-0.1399132870101306
0.23651769320318108,-0.28715464942389696,1.3498481058475076,1.1660139034147652,-0.3642774261777738,0.0854830221212918,-0.3477245128041925,0.9425305622751805,-0.8468190127797673,-4.070201769180358,2.075778719249296
-0.756394850864455,-1.0696897997872752,-1.0506553886052021,-0.17168781673828837,-0.5418941720871966,-0.040447594295926224,-0.3405038651395571,-0.34787984968383195,-1.9643075005125339,0.6659890128034499,-0.161864803596099
2.39412777594214,-0.2766979102340524,-0.6074312648632773,-1.9033856982824908,-0.0818605898060604,-0.045835186221034906,-0.3488706473541346,-1.0719623851542366,-0.15527905176128395,0.567220386764066,-0.13411181476955322
1.1099196084861989,-0.5593127305591414,0.394214718057966,-0.012257425140138835,-0.29363440223652604,-0.21156446556889455,-0.345317630249314,-0.24573654530712913,-0.7716516257125409,-3.049592633440054,0.8783234894847187
-0.04030043760650613,-0.005007442716734601,-0.6620238783216298,-0.9889512387962919,-0.4474188312778576,-0.24309056799517573,-0.34096231895953394,-0.7439688855446018,-2.109631115509172,0.8188452197691646,-0.1772308652062769
2.219242916551622,-0.08557034163502024,-0.0023146130107781055,-1.4841890371488788,1.0246731060824505,0.08051253408715923,-0.3115066610260214,-0.9153426517766255,0.6840901038227447,-0.7449913591877532,-0.005695442741637973
0.7070354419057562,-0.5225086485539729,-0.656883610291266,-0.7170180571404886,0.13907352682777588,-0.2316202109933314,-0.34566147061429664,-0.6327461763344143,0.47612699960341826,0.2615079728326388,-0.099302981326089
2.266337896905883,-0.19814343007305826,-0.5032204272461408,-1.7682167128351434,-0.16104288037756878,-0.05407298806781402,-0.3477245128041925,-1.0118113281324004,0.7166626382185429,0.3649798667786595,-0.1181185669712048
1.1252128607831378,-0.41866625200618546,-0.6620238783216298,-1.1047100226482103,0.506727770108819,-0.2451760874500565,-0.3424522938744587,-0.7859611328994686,0.5913836597731654,0.42612234956494455,-0.12203848064727059
2.1857020438670456,-0.2861309608951256,0.12582755154707717,-1.3375561946868102,-0.24705658425328583,0.07988687825069503,-0.34715144552922145,-0.8665408507966452,0.04516731375131992,-1.4340201075101249,0.14043893910209465
2.3842921871483314,-0.11731648188114205,-0.5370055687912862,-1.9033856982824908,-0.19364735296583696,-0.05494195450734766,-0.34657837825425036,-1.0719623851542366,-0.1490151028390151,0.5531105830441535,-0.14022688010421586
0.38572199441650046,-0.9393414785049506,-0.970583984609802,-0.852365009949602,-0.7109716513663586,-0.1999203152791435,-0.34738067243920984,-0.6894924565436937,-0.6551421757583399,0.6236596016437144,-0.14320601449802584
2.1174684269676107,0.25622858759982875,-0.4808927106814695,-1.9658451728627888,0.1552205037286325,-0.23328862655723603,-0.3435984284244008,-1.115089558113289,-1.852809209696148,0.7624060048895164,-0.17299735843612582
1.3514411902698036,-0.5533805073130182,-0.8012247169285983,-1.4754350171287516,-0.5533833671897292,-0.16783807433156078,-0.34806835316917506,-0.9119378749640688,-0.18785158615708208,0.6024948960638454,-0.14320601449802584
1.9438937714356956,-0.4609250035145905,-0.5262738378680636,-1.3841127975975427,-0.14458538469015725,-0.10989539214345632,-0.34577608406929083,-0.8824298092552435,1.4670837191063537,-0.03009463737887795,-0.06715968918234956
-0.678085158722377,-0.7345572586764261,-0.7296325245651251,0.6805937109772259,-0.6187475717595431,-0.11747277949618984,-0.3481829666241693,0.3432898432651905,0.4448072549920739,-0.16884104062467797,-0.08722964720380638
1.7551143671980407,-0.4508670939862212,-0.3095380721088702,-1.3321924266762801,-0.06322946261276428,-0.009408113075783877,-0.3462345378892677,-0.8642709995882741,-0.6325919596381719,-0.9966161921928517,0.02095997025560938
1.186728949072931,-0.4128207502344293,0.5432481070847399,-0.09087855062905434,-0.28121365077432864,-0.23860670116718202,-0.3419938400544819,-0.29794312309966614,-0.9132168713558173,-3.0754606069265598,0.9435508530544534
1.3802607150053263,-0.8165914730157292,-0.7045447037127532,-1.0988134105712382,0.7293697400687073,-0.2382243559337872,-0.34016002477457447,-0.7836912816910974,0.23559136098829359,-0.3264005154970295,-0.049441679366532196
2.130517979308099,-0.4967825223035265,-0.8075301263050515,-1.8675725964684786,1.7005172450192667,-0.12960355099207974,-0.341535386234505,-1.0538035754872672,-0.25299665494867835,0.6965602541965925,-0.15465216243213795
2.3334947872157428,-0.45175970778424984,-0.1833532662870442,-1.5401592509783366,0.8153834439444243,-0.23891952908541414,-0.34119154586952233,-0.9323665358394093,-0.5411383053730464,-1.4551848130899936,0.12366170856853305
2.292557463910508,-0.4812643094253501,-0.40695454227800676,-1.588460981949068,-0.3144391609357067,-0.041420836708203936,-0.34749528589420403,-0.9482554942980075,0.410981930811822,-0.6579809029149625,-0.012751287358556415
2.141250737347936,-0.761657680018702,-0.3962336245937712,-1.3416280522894715,-0.3355544384214423,-0.18320140098251586,-0.34554685715930245,-0.8676757764008308,0.0802454277160256,-1.2999769721709606,0.11676266049865726
0.6477811980379998,-0.4016000124809109,-0.7100435985687583,-1.0809415837815726,-0.6258895038503065,-0.05428154001330208,-0.3479537397141809,-0.7780166536701695,-0.8969306041579183,0.461396858864726,-0.14336281104506848
1.6428957103594444,-0.5699054349411611,-0.5094337856648917,-1.2411629384258855,-0.5810195391931184,-0.0740592161770882,-0.34852680698915195,-0.8347629338794488,0.3658814985714861,-0.3757848285167214,-0.030939686815501657
2.3126707130405544,-0.18796115408295141,-0.4788973397900739,-1.7934928747786032,-0.12347010720442166,-0.074441561410483,-0.3476098993491982,-1.0208907329658852,0.5337553296882919,0.3202988216656044,-0.1110627223542864
1.2807001151772583,-0.5199374830805858,-0.8366193272174948,-1.5599606361970362,-0.4412860852433977,-0.21027839523838474,-0.34680760516423875,-0.9391760894645228,-0.7115177160587597,0.7036151560565488,-0.15669051754369218
1.758175707111017,-0.19883133252368396,-0.4178399817312639,-1.4405002414975687,-0.5672014531914238,-0.14420218717624522,-0.3494437146291057,-0.9005886189222129,0.6176922452466947,0.12746483749347357,-0.08581847828042272
1.3836774430673116,-0.2684552616600423,-0.47294468485132096,-0.002182809281260648,-0.49174538805857454,-0.052613124449397475,-0.3206757374255584,-0.2411968428903868,0.06897031965594162,0.2826726784125056,-0.11231709473062744
0.2562880612214705,-1.0327498327909315,-0.6776720250141622,-0.15589986935082376,-0.6567861231125225,-0.18657299076790648,-0.3439422687893835,-0.33880044485034727,-1.0397486395856486,-1.1823952745050272,0.0413435213711515
1.7559435361225904,-0.4953601395790368,-0.5885768955471313,-1.3841127975975427,-0.3721956552349246,-0.1862949215072557,-0.34715144552922145,-0.8824298092552435,0.34583686202022573,-0.3358070513103052,-0.0808009887750585
0.5831565754948044,-0.20458595072206312,-0.7211709464894518,-1.331527119090046,-0.5263682327594499,-0.2474701588504254,-0.34715144552922145,-0.8642709995882741,-1.7801474021978292,0.6848020844299993,-0.16484393798990898
1.9655786593109783,-0.2463755747126051,-0.5793343689076136,-1.7131539833929288,1.368262143405486,-0.07259935255867166,-0.3419938400544819,-0.9913826672570598,0.30073642977988985,0.5084295379310985,-0.1305054941875727
2.3881200891342496,-0.8492769646484948,-0.30640626179362807,-1.5064543826113153,-0.4518437239862655,-0.12098340391190582,-0.3510483029990246,-0.922152205401739,-0.687714710154138,-1.6879965744685417,0.23969115338008043
0.9568529827949654,-0.16267718129813724,-0.5567415712050109,-1.3375561946868102,-0.16818481246833233,0.015513844410041487,-0.341535386234505,-0.8665408507966452,-0.8668636493310277,0.5813301904839787,-0.1463419454388785
0.9226332944426554,-0.8263491531030441,-0.378717823942912,-0.29529346745929425,-0.013080678584142217,-0.03627655538616466,-0.34485917642933717,-0.42165001395589513,0.4059707716740069,-1.3117351419375547,0.14216370111956356
1.4120361426644805,-0.33811414167300746,0.7049235924965416,-0.24388863917840273,1.6536289082494715,-0.17270428639294927,-0.33442935202486385,-0.3921419482470699,-1.0848490718259844,-3.2353717157522284,1.1397033334047855
0.34749718681249564,-0.5360824926259892,-0.785702130707967,-0.710619778623382,-0.3956398236198222,-0.0003708621046338048,-0.34749528589420403,-0.6293413995218575,-0.2404687571041406,0.489616466304549,-0.15088904530311478
1.382921628920753,-0.5530534447702283,-0.3206095949416996,-0.9571778601667914,-0.40526590600302514,-0.20454321673746256,-0.3461199244342735,-0.7314847038985604,-0.7014953977831295,-1.2929220703110054,0.08116984431997991
2.3491084924526104,-0.10339311887815181,-0.5391715365326295,-1.8976571024370927,1.5964934515233633,-0.12087912793916179,-0.3400454113195802,-1.0685576083416797,-0.16530137003691414,0.567220386764066,-0.13975649046308797
1.9563205051398822,0.2953338261443401,-0.3286249783502758,-1.8623438267254746,-0.02022261067490576,-0.1546645431082305,-0.34749528589420403,-1.0503987986747103,-0.9395254568293466,0.6307145035036706,-0.1464987419859211
1.6998129474019283,-0.13172978432899315,-0.6170497699840005,-1.7350029338429225,1.0624011386488752,-0.18765050915292822,-0.34142077277951083,-0.9993271464863589,-0.47599323658145015,0.6942086202432751,-0.15261380732058374
1.738306700131123,-0.2684552616600423,-0.47294468485132096,-0.002182809281260648,-0.442062382209785,-0.052613124449397475,-0.3206757374255584,-0.2411968428903868,0.06897031965594162,0.2826726784125056,-0.11231709473062744
1.9414597579818273,-0.2684552616600423,-0.47294468485132096,-0.002182809281260648,-0.3318282129827831,-0.052613124449397475,-0.3206757374255584,-0.2411968428903868,0.06897031965594162,0.2826726784125056,-0.11231709473062744
1.6291983916784383,-0.5692246773053349,-0.5284072346164517,-1.2166492161751339,-0.2691034180986862,0.010508597718327616,-0.34382765533438925,-0.8256835290459641,0.810621872052576,-0.18765411225122736,-0.05289120340147009
0.9688560051623648,-0.5009355830732116,-0.636687117693356,-0.877026246983323,-0.13759871199267124,-0.2364864230547199,-0.343139974604424,-0.699706786981364,0.7041347403740051,0.2332883653928137,-0.09695103312044955
2.3016317759200233,-0.2684552616600423,-0.47294468485132096,-0.002182809281260648,0.6758052493879811,-0.052613124449397475,-0.3206757374255584,-0.2411968428903868,0.06897031965594162,0.2826726784125056,-0.11231709473062744
1.1807334024800462,-0.4820882704401534,-0.6882992482620429,-1.1217894142401565,-0.6442101122570477,-0.25105030058130406,-0.3484121935341577,-0.792770686524582,0.48113815874123333,0.24269490120608944,-0.12000012553571639
2.3881220382817476,-0.17024752668321105,-0.5032204272461408,-1.8396459020991527,-0.22314663768855586,-0.11493539749275156,-0.3489852608091288,-1.0413193938412257,0.4686102608966956,0.4167158137516709,-0.12000012553571639
2.0161802545018666,-0.4429199051805295,-0.2337024739656484,-1.4484955905337948,-0.4043343496433604,-0.14781708756470527,-0.3464637647992561,-0.9028584701305841,-0.8129936885995154,-1.24824102519795,0.08697131656055727
2.276097167037848,-0.21355072965882266,-0.532693373845061,-1.7913227438340977,1.424310784378652,-0.2223744080766933,-0.34325458805941816,-1.0197558073616995,0.5675806538685437,0.40025437607844094,-0.11843216006529007
-0.21072223272343601,-1.0290758546835648,-0.9907948641196017,-0.2876972110248516,-0.34145429536598604,-0.1836532635310734,-0.3429107476944355,-0.4171103115391528,-0.804224160108339,0.3837929384052089,-0.13552298369293692
1.8276009438435583,0.34949313905853124,-0.08535578708865875,-1.619212319397577,0.6882260008501786,-0.227762000001802,-0.3463491513442619,-0.9584698247356778,0.08149821750047938,0.2826726784125056,-0.1121602981835848
0.5151719627182483,-0.3640687186919979,-0.5567415712050109,-0.48892338140291824,0.28765676619431224,-0.17774429174224451,-0.34405688224437764,-0.5249282439367835,0.737960064554257,0.20977202585962745,-0.09742142276157742
2.2264839173945283,-0.3401504962213687,-0.28790032832576035,-1.3612139546836481,0.13953930500760828,-0.19213437598092192,-0.3429107476944355,-0.8744853300259444,1.8629652909937462,-0.483959990369381,0.006221094833602001
1.2892384647340678,-0.506442047624578,-0.07739182663013242,-0.6007571287266938,-0.45991721243669376,-0.21973275010051094,-0.3446299495193487,-0.5794046729376917,-0.3482086785671652,-1.7585455930681024,0.229656174369352
2.356496120513567,-0.12065916040666434,-0.46313327139378163,-1.842103560075148,0.0733988034714071,-0.10179662492700262,-0.34119154586952233,-1.0413193938412257,0.3032420093487974,0.42377071561162716,-0.11670739804782113
1.9496482104435615,-0.3424902216476079,0.25232063670380533,-0.9883998763588081,-0.44485705128877945,-0.13314893406537706,-0.34864142044414614,-0.7428339599404162,-0.5849859478289285,-2.2335756516384744,0.4229863168729167
1.5466415442743546,-0.2975347439708005,-0.48691272319865025,-1.3713890200452974,1.1047869530136238,-0.216326401657539,-0.34073309204954555,-0.8778901068385011,-0.1001563012453179,-0.09358875411848244,-0.08346653007478322
2.1232712371368456,-0.378863529268639,-0.5702107205077344,-1.6907902822938006,-0.20762069836080901,-0.024250059863018814,-0.34806835316917506,-0.9834381880277607,0.449818414129889,0.12040993563351728,-0.10682921558413533
0.24057202439396988,-0.7797311764261408,-0.1314416018112551,-0.6661365982178175,1.1524515867498062,0.0954587568471382,-0.34577608406929083,-0.6100476642507026,-0.8292799557974144,-1.1612305689251594,0.03005416998408202
2.1648939956436353,-0.14286762338574002,-0.4929842628403162,-1.7934928747786032,0.01828171885790621,-0.24482850087424304,-0.34119154586952233,-1.0220256585700707,0.12158749060300014,0.43788051933153765,-0.11796177042416217
2.0623070628664424,-0.328081497868462,0.07840258038175416,-1.2822633826462775,-0.3496830432096918,-0.017298328346749527,-0.34405688224437764,-0.8483820411296759,-0.7227928241188437,-1.8032266381811566,0.21679885751185618
2.268874413082207,-0.6566577345050424,-0.4929842628403162,-1.5334040961975062,-0.08496577767160969,-0.05751409516836732,-0.34657837825425036,-0.9300966846310381,0.710398689296274,-0.5991900540819969,0.0015171984223230851
-0.12907194274050957,0.00915747880577856,0.09899095216918549,0.26488848675402876,-0.2251650098011629,0.07773184148065151,-0.33729468839971916,-0.040315010949537884,-0.11017861952094808,-0.7426397252344358,0.003085163892749402
2.0796153905410097,0.12913369966666188,-0.5479021560861653,-1.9241264331996744,-0.3057446349121685,-0.1900140978684598,-0.3476098993491982,-1.0833116411960924,-1.1111576572995137,0.7341863974496913,-0.1701750205893585
1.0441111653427144,0.07430060233615923,-0.4690038198033705,-1.4754350171287516,-0.5359943151426528,-0.08400019224535325,-0.34405688224437764,-0.9119378749640688,-1.2677563803562355,0.5460556811841972,-0.14916428328564585
0.7363063137138273,-0.4251941374176048,-0.7239802724748935,-0.9486273071124017,0.01735016249824137,-0.06269313514798791,-0.34428610915436614,-0.7280799270860037,0.24811925883283134,0.6189563337370775,-0.14430359032732426
1.917280113063716,-0.2684552616600423,-0.47294468485132096,-0.002182809281260648,0.10910846392522469,-0.052613124449397475,-0.3206757374255584,-0.2411968428903868,0.06897031965594162,0.2826726784125056,-0.11231709473062744
1.4496497094690617,-0.8350413746654619,-0.7183727026865978,-1.0675493768857443,-0.03217758395727075,0.025941441684445416,-0.3430253611494298,-0.7723420256492415,1.1225665283815658,-0.11475345969834921,-0.07311795796996953
-0.7432146732939059,-0.04319385889629383,-0.7211709464894518,-0.4121117867174054,-0.5811747985863959,-0.2490690570991673,-0.345317630249314,-0.485205847790288,-2.2248877756789187,0.9811079625481529,-0.1863250649347495
0.2795742522684105,0.06304923598287604,-0.03565308939337426,-0.13286600228334713,-0.4335231155795242,-0.1826800211187957,-0.3417646131444934,-0.32404641199593465,-0.3131305646024595,-0.8225952796472702,-0.002089122159657461
0.9621187071858488,0.19811332829729045,-0.02191982278392704,-0.704059273889558,0.010363489800755346,-0.22456420350431808,-0.34680760516423875,-0.6270715483134864,0.27693342387526815,-0.5051246959492498,-0.040033886543974294
0.605281861151191,-0.08359086920537742,-0.4033628693684921,-0.8144441365365847,0.31981098654207585,0.06904217708531495,-0.3487560338991404,-0.6736034980850955,0.18297419004123508,0.5366491453709236,-0.13332783203434007
-0.10793439276446325,0.18752757613788537,0.6851228426103007,0.7696894062118464,-0.38011388429207543,-0.18782430244083498,-0.34485917642933717,0.43975851962096546,-0.6601533348961549,-2.3299926437245397,0.43992034395352086
-0.5408765198318806,0.34495458373636484,0.8885151570151609,1.4010658260281954,-0.5940613282284257,0.0857263327243612,-0.33248092328996226,1.306841681218754,1.6048905953962689,-1.6245024577289382,0.25772275628998303
1.2232031351499812,-0.36458432079037917,-0.572480654874035,-1.1392461537835732,-0.4797904147762096,-0.2322111081722143,-0.34738067243920984,-0.79844531454551,0.43729051628535126,0.2615079728326388,-0.10134133643764323
2.3401948465673836,-0.4009229118092611,-0.45153594684984727,-1.7425670064051575,-0.4333678561862468,-0.14187335711829502,-0.34520301679431975,-1.00159699769473,-0.3093721952490982,-0.5474541071089855,-0.04583535878455165
2.292414561023504,-0.027036718500714516,2.189726719712196,-1.7702615337881449,-0.7743174838235655,0.5559414524848153,-0.3487560338991404,-1.012946253736586,0.6389896715824089,0.31089228585233075,-0.10729960522526324
2.083842498823894,0.021564516727791815,-0.47492335805660857,-1.842103560075148,-0.16678747792883508,-0.16592634816458673,-0.3464637647992561,-1.0413193938412257,-0.3469558887827114,0.6024948960638454,-0.14038367665125848
2.071044964487894,-0.15450209065704323,-0.5094337856648917,-1.7621458757227353,0.5609132983626551,-0.1971396226726358,-0.34600531097927933,-1.0095414769240292,0.04892568310468124,0.4049576439850778,-0.12062731172388691
1.6002746979705578,-0.5465664396468769,-0.5501017047761247,-1.3375561946868102,-0.48258508385520404,0.0040434874081971646,-0.34543224370430825,-0.8665408507966452,0.01259477935552179,-0.2487965950375145,-0.06684609608826429
2.122135236742686,-0.6736347347681796,-0.7826379622968803,-1.7522334452728727,-0.24115672730874202,-0.13777183552369612,-0.34783912625918667,-1.0061367001114725,0.25187762818619264,0.3414635272454733,-0.11843216006529007
0.3814355602262066,-0.8884888552792386,-0.8843823374702707,-0.4983606131460164,-0.1337172271607345,-0.19418513677822136,-0.3450884033393256,-0.5294679463535259,0.5099523237836702,0.3979027421251215,-0.11780497387711954
0.9343608138219922,-0.8010276372395788,-0.6003020200885562,-0.5568842372282595,-0.5290076424451668,-0.13638148922044227,-0.3450884033393256,-0.5578410864581655,0.3746510270626625,-0.7732109666275783,-0.0025595118007853386
2.396021391563613,-0.21915551335818392,-0.5545213694421455,-1.880960082298539,1.2968428224978512,-0.06846307230649143,-0.34073309204954555,-1.059478203508195,0.0802454277160256,0.489616466304549,-0.12768315634080532
2.301812918218328,-0.2684552616600423,-0.47294468485132096,-0.002182809281260648,-0.4156682853526155,-0.052613124449397475,-0.3206757374255584,-0.2411968428903868,0.06897031965594162,0.2826726784125056,-0.11231709473062744
0.8662309578713719,-0.13050425993396655,-0.40515643261011886,-0.7960265193447293,-0.6333419547276249,-0.23064696858105374,-0.34497378988433136,-0.666793944459982,0.6101755065399721,0.1815524184198023,-0.09491267800889532
2.2212754596476527,-0.06694106854499726,-0.6724175277720775,-1.976141917659939,-0.03807744090181456,-0.07704846072908397,-0.3461199244342735,-1.1218991117384023,-1.7087383844839639,0.8023837820959326,-0.17613328937697847
2.0190631917571755,-0.17476691167357297,-0.3944624529266393,-1.6002067209664645,-0.40448960903663783,-0.10134476237844511,-0.34783912625918667,-0.9527951967147499,0.3896845044761078,-0.03714953923883424,-0.08456410590408166
2.098367763147283,-0.03517413089414449,-0.572480654874035,-1.8864466166186413,1.3046057921617245,-0.06964486666425719,-0.3395869574996034,-1.0640179059249375,-0.5561717827864917,0.7482962011696038,-0.15951285539045953
0.0023487849330724652,1.377498868755699,0.870607900704114,-0.4675847272813795,-0.513956796860849,0.08815943875505546,0.38259242241892705,-0.5147139134991132,-0.5235992483906936,0.5366491453709236,-0.14226523521577006
2.1774797740151683,-0.4986390343080326,-0.4215059014363407,-1.4594179181368512,-0.3316729535895056,-0.15202288513204817,-0.34669299170924456,-0.9062632469431408,1.0073098682118184,-0.49336652618265675,-0.0067930185709364115
0.5707610640358952,-0.6551868323391167,-0.8235433093252043,-0.9434383388915585,-0.18355549240280167,-0.1402049415543904,-0.3417646131444934,-0.7258100758776325,-0.7516069891612804,0.35792496491870324,-0.13317103548729745
2.46188693604656,-0.21512381727668106,0.5682703680917448,-1.2226345451509377,-0.1914737214599524,-0.21889854231855863,-0.3424522938744587,-0.8279533802543353,-0.742837460670104,-2.6944959064889336,0.7127463358076997
0.6348394764649126,-0.5173823550672471,-0.839926344322073,-1.185279255499732,-0.40588694357613503,-0.22675399893194295,-0.34577608406929083,-0.8154691986082938,-1.0222095826032958,0.7200765937297787,-0.15716090718482004
1.769320069903614,-0.6675367578557293,-0.6909811186934353,-1.4744743816306856,0.019058015824293534,-0.23394904105128161,-0.34692221861923295,-0.9119378749640688,0.14914886586098317,-0.07947895039856986,-0.07970341294576005
0.8875024574105532,-0.7485414698588893,-0.1086153752688281,-0.25454459140089647,-0.5068055492064889,-0.032105516476403084,-0.34600531097927933,-0.3978165762679978,-0.8568413310553975,-2.0807194446727606,0.3361210298112988
1.9511830998974569,-0.28400645756944704,-0.005374375702353671,-1.1848228553338158,-0.11679395329349053,-0.24552367402586997,-0.339357730589615,-0.8143342730041082,-0.7177816649810286,-1.993708988399969,0.16317443842327617
1.2625141173163177,-1.3119770108858888,-0.8704044687626401,-0.6952639508637296,-0.03419595606987782,-0.23276724669351587,-0.34577608406929083,-0.622531845896744,1.370618905703413,-0.5639155447822154,-0.006636222023893763
1.4298842159325273,-0.45303825380679275,-0.8235433093252043,-1.6744207520384407,2.6010217260285784,-0.131237207898403,-0.3463491513442619,-0.9777635600068327,-0.8919194450201032,0.6683406467567694,-0.16405995525469583
1.2044952623488443,-0.8197137885360751,-0.701811159350604,-0.8566628594329808,-0.38011388429207543,-0.19574927636938194,-0.34829758007916356,-0.6917623077520648,0.7204210075719042,-0.3804880964233603,-0.05022566210174534
2.1931252201635005,-0.7022580001407459,-0.5955886879026497,-1.4841890371488788,1.2702934662474041,-0.1998507979639808,-0.33786775567469024,-0.9153426517766255,1.309232206265178,-0.2934776401505696,-0.03141007645662957
1.3983235174769686,0.32288425699761475,-0.340000885817108,-1.5846231430524842,1.5850042564208309,-0.24969471293563156,-0.3206757374255584,-0.9471205686938219,-0.648878226836071,0.5413524132775605,-0.15355458660283952
2.1561394007865875,0.4100841645170586,0.0562623004370538,-1.6290745549505143,0.372894173103642,-0.04882443077303071,-0.3151742915858362,-0.9618746015482346,0.8870420489042562,0.12276156958683673,-0.0759402958167369
0.4607447949923254,-0.4358600747131766,-0.7826379622968803,-1.0897750121185679,-0.2821452071339935,-0.01576894741317026,-0.343139974604424,-0.7814214304827263,-1.1337078734196817,0.7412412993096475,-0.16155121050201374
1.706844728656083,-0.7567905437960201,-0.6170497699840005,-1.2364475648102493,-0.37250617402147956,-0.23429662762709508,-0.34566147061429664,-0.8324930826710777,0.438543306069805,-0.516882865715843,-0.02294306291632746
1.9437276962732903,0.029920864837641382,-0.5305470669605532,-1.8864466166186413,-0.44423601371566956,-0.03752786705909314,-0.3463491513442619,-1.0628829803207518,-1.0660572250591778,0.7294831295430545,-0.16045363467271534
2.1422434239585018,-0.3908984520549231,-0.7324756301112366,-1.8728725081159898,0.9445592591512774,-0.2317592456236568,-0.3434838149694066,-1.0560734266956382,-0.45219023067682845,0.6330661374569879,-0.14540116615662269
2.3231919844710776,-0.45819272021566204,0.14510238103756273,-1.2556615277807226,1.1369256474220595,-0.15883558201799206,-0.3385554364046555,-0.8393026362961912,-0.6112945333024578,-2.344102447444451,0.40730666216865347
2.111673342083393,0.012212394723994813,-0.35490034829068895,-1.7043999633728018,0.307840487320383,-0.1999898325943062,-0.3369508480347365,-0.9879778904445031,0.555052756024006,0.317947187712287,-0.10839718105456164
2.4525400142228815,-0.5736699592985871,-0.6990881084667224,-1.82286322979177,1.7303270485285405,-0.13992687229373962,-0.3429107476944355,-1.0333749146119267,0.7041347403740051,0.3085406518990113,-0.10729960522526324
0.5392822533840101,-0.5979248182625391,-0.7556402642876294,-0.6416293041376815,-0.4687669978535094,-0.17503311645089947,-0.3488706473541346,-0.5986984082088467,0.4635991017588805,0.36733150073197895,-0.12219527719431321
1.9041558368484874,-0.32404276976025415,-0.4690038198033705,-1.4422628576137917,0.11702669298237556,-0.20694156411057546,-0.3241141410753848,-0.9017235445263985,1.0473991413143393,0.04515764912731966,-0.07515631308152376
1.5614312761942406,-0.6649508735420224,-0.18995195465397052,-0.6352350245405205,-0.46612758816779243,-0.19651396683617153,-0.34566147061429664,-0.59529363139629,0.7680270193811476,-1.6080410200557074,0.2224435332053909
1.3851871505875863,-1.0714243647490524,-0.5479021560861653,-0.3786989554272911,0.32662687390695666,-0.007565904223972527,-0.3371800749447249,-0.4670470381233186,2.7273902422668503,-0.9331220754532482,0.12240733619219199
1.3198257514176877,-0.1708258049249175,-0.45153594684984727,-1.5470336205070068,-0.4352309689055764,0.08159005247218097,-0.34554685715930245,-0.9346363870477805,-0.687714710154138,0.6236596016437144,-0.1449307765154948
1.9502456946527162,-0.2684552616600423,-0.47294468485132096,-0.002182809281260648,-0.37530084310047396,-0.052613124449397475,-0.3206757374255584,-0.2411968428903868,0.06897031965594162,0.2826726784125056,-0.11231709473062744
-0.339391837250604,-1.1407010234680004,-0.7128091142905197,0.6097153369474684,-0.6297709886822432,-0.17357325283248293,-0.3435984284244008,0.27065460459731294,0.20301882659249545,-0.8860893963868747,0.04996733145849619
0.0623250758839914,-0.4768976238341402,-0.7675125729532782,-0.4652044333454225,-0.5286971236586119,-0.24587126060168343,-0.3441714956993719,-0.5124440622907421,-0.17031252917472925,0.616604699783758,-0.14383320068619637
1.9525853667555184,0.028737486605689852,-0.5932437142492566,-1.9333649096168515,0.7472245702956161,-0.12696189301589741,-0.34382765533438925,-1.090121194821206,-1.68744095814825,0.7200765937297787,-0.16907744476006006
-0.19831294732199883,0.7658984942170131,0.28835025753636845,0.20716999276560866,-0.15775138124008642,-0.24448091429842958,-0.0932826427170416,-0.08684696072114695,0.6289673533067787,-0.02774300342555849,-0.08142817496322903
2.044211125915067,0.5228080497732165,4.881957781299612,-1.8470658882913156,0.2829989843959883,27.029282102138417,-0.3441714956993719,-1.043589245049597,-0.5423910951575002,0.5813301904839787,-0.14273562485689795
1.9774947440093222,-0.36831593800924783,-0.830051188771293,-1.9558136099883205,1.9815367468514826,-0.1580361328936211,-0.34268152078444714,-1.1048752276756186,-1.907931960212114,0.7976805141892958,-0.17644688247106377
1.5000998650548145,-0.7461773643440718,-0.331856664505476,-0.8972030447526027,1.8619870140278327,-0.06929728008844373,-0.3399307978645861,-0.7076512662106631,-0.3632421559806105,-1.4434266433233995,0.14733798717197039
2.1046202727371983,-0.4770333805257172,-0.6672016668885667,-1.7913227438340977,-0.6830249605764146,-0.03606800344067656,-0.34967294153909406,-1.0208907329658852,-0.36950610490287933,0.18390405237312177,-0.1195297358945885
1.3299618366382246,-0.16060238416357256,-0.09341017563214528,-0.9536342847498498,-0.37530084310047396,-0.13231472628342475,-0.34485917642933717,-0.7303497782943749,-0.7866851031259862,-1.3140867758908732,0.04839936598806991
1.1269290566721,-0.9845590889806974,-0.6803139419754857,-0.6999650973944531,-0.368003651616433,-0.21351095039344994,-0.3477245128041925,-0.6248016971051152,0.2731750545219068,-0.8578697889470506,0.01437451527981885
-0.1560829961049141,0.15373183235658383,-0.3926956926505426,-0.2808729559724265,-0.4321257810400271,-0.24170022169192187,-0.3424522938744587,-0.41257060912241045,-0.2843163995600227,0.5930883602505718,-0.14069726974534374
1.317469507317043,-0.6553966381378555,-0.4650847276015657,-0.8016144166873396,-0.5602147804939378,-0.08076763709028804,-0.34909987426412303,-0.6690637956683531,0.8068635026992146,-0.639167831288413,0.017980835861799396
-0.3281398976159355,0.43999926328616945,0.04587902426085605,0.3676312898642619,-0.7399585800912619,-0.23509607675146604,-0.31483045122085357,0.04480440936438115,0.6665510468403919,-0.1476763350448112,-0.08174176805731428
2.0511125282687006,-0.5897984501286003,0.10601431532804428,-1.0423881063351261,0.7270408491695455,-0.11059056529508325,-0.3472660589842156,-0.7632626208157568,-0.6801979714474153,-2.358212251164364,0.4712796533620472
2.3663252333589986,0.19083851065400037,-0.378717823942912,-1.9005108697578306,1.2325654336809795,-0.24413332772261612,-0.3331686040199275,-1.0696925339458654,-0.04503355072935182,0.6189563337370775,-0.1444603868743669
1.9611649263809687,-0.7036721988286532,-0.7128091142905197,-1.5311781615859692,2.8339108159447797,-0.06523051715142622,-0.3463491513442619,-0.9300966846310381,0.9233729526534157,0.1556844449332987,-0.08895440922127534
1.9377053574752805,-0.4347564032424705,-0.11813704687849343,-1.2752968035764896,0.6827919220854671,-0.04291545898420182,-0.3430253611494298,-0.8461121899213047,-0.6964842386453144,-1.5751181447092453,0.13934136327279623
2.07504686401485,-0.36956740276999567,0.29239217094602116,-0.9672226893869375,-0.2745374968633975,-0.2214359243219969,-0.34268152078444714,-0.7348894807111171,-0.6664172838184238,-2.7086057102088463,0.4977782698122519
1.7968035020070814,-0.5181322103252873,-0.4788973397900739,-1.2422185962455414,-0.40091864299125607,-0.1770143599330362,-0.3458906975242851,-0.8347629338794488,1.037376823038709,-0.34756522107689836,-0.02890133170394746
2.379278303209629,-0.3323511512488628,-0.6963754708047661,-1.9151019949131873,-0.32561783725168436,-0.18413988473721224,-0.3472660589842156,-1.07877193877935,-0.2742940812843925,0.6142530658304386,-0.14508757306253742
2.1265409807309834,-0.2684552616600423,-0.47294468485132096,-0.002182809281260648,1.3185791375566964,-0.052613124449397475,-0.3206757374255584,-0.2411968428903868,0.06897031965594162,0.2826726784125056,-0.11231709473062744
2.390937846646986,-0.2684552616600423,-0.47294468485132096,-0.002182809281260648,1.7098328086159145,-0.052613124449397475,-0.3206757374255584,-0.2411968428903868,0.06897031965594162,0.2826726784125056,-0.11231709473062744
-0.22476597787729208,-0.9859676146540715,-0.898641187097735,0.009023792425367577,-0.3312071754096732,-0.11900216042976908,-0.34256690732945294,-0.2309825124527165,0.04767289332022747,0.2332883653928137,-0.10573163975483692
1.8654828231553082,-0.12934049263681632,0.742584304347948,-0.7273098999059514,-0.2220598219356135,0.020658125732080767,-0.34497378988433136,-0.6372858787511567,-1.0272207417411108,-3.0801638748331963,0.7389313591638192
2.3585171428869085,-0.21519546499231315,-0.577042431908387,-1.8836936899873395,0.043278481175578414,-0.1776052571119191,-0.33534625966481757,-1.0606131291123806,-0.030000073315906532,0.5319458774642847,-0.12987830799940217
2.1537125971927615,0.18185858149856,-0.48490037040464584,-1.9460339123098416,1.6259927362460822,-0.21298957052972975,-0.33844082294966127,-1.0992005996546905,-1.4018048872927893,0.7341863974496913,-0.16264878633131216
1.1394454489103725,-0.5115801201646932,-0.6672016668885667,-1.24011013373895,-0.7719885929244035,0.0031050036535007998,-0.34852680698915195,-0.8336280082752632,-0.33066962158481233,0.20271712399967118,-0.12219527719431321
0.9782232784964946,-0.7110576970446497,-0.7949748625417302,-1.0977176644280495,-0.29580803374241055,-0.13638148922044227,-0.3435984284244008,-0.7836912816910974,-0.20914901249279624,0.2709145086459125,-0.11435544984218164
2.0876577437434976,-0.8383081050001211,-0.6803139419754857,-1.4166261411795404,1.717595778279788,-0.19693107072714774,-0.34382765533438925,-0.8926441396929138,1.3881579626857659,-0.2487965950375145,-0.03485960049156743
1.0080772008665007,-1.0013011778458087,-0.7918704642208554,-0.6823696760689278,1.450549621842544,-0.12525871879441144,-0.3298448138250954,-0.6168572178758162,1.0248489251941713,-0.21352208573773307,-0.05163683102512904
1.5571510396017096,-0.6167731562745501,-0.7980929066133562,-1.5311781615859692,-0.4501358706602133,-0.1561591653842284,-0.34864142044414614,-0.9300966846310381,0.07899263793157182,0.5319458774642847,-0.13238705275208426
1.878693160855373,-0.19200374425667208,-0.5862549494995819,-1.7561682009208954,-0.2973606276751853,-0.2027010078856512,-0.3477245128041925,-1.007271625715658,-0.3619893661961567,0.5107811718844179,-0.13567978023997954
0.6760579499867503,-0.2684552616600423,-0.47294468485132096,-0.002182809281260648,-0.6252684662771967,-0.052613124449397475,-0.3206757374255584,-0.2411968428903868,0.06897031965594162,0.2826726784125056,-0.11231709473062744
2.3978590203997716,-0.04574441180394502,1.1964224533617243,-0.867417645224988,0.9867898141227486,-0.014656670370567183,-0.34038925168456285,-0.6963020101688072,-1.1662804078154798,-3.778599158968843,1.5873574752114987
-0.2620661059300396,-0.4648601520567413,-0.7705119595960706,-0.35953981442539035,-0.4701643323930066,-0.23996228881285456,-0.3435984284244008,-0.4568327076856483,-1.1362134529885892,0.4778582965379559,-0.14257882830985533
1.2484223674263206,-0.6311549891772057,-0.6620238783216298,-0.9646222959046681,-0.5128606655443102,-0.20186680010369892,-0.34852680698915195,-0.7337545551069315,0.9747373338160203,-0.03009463737887795,-0.08001700603984532
2.0903748958990938,-0.08897861446070206,-0.3944624529266393,-1.6602541909545931,-0.30155263129367693,-0.2017972827885362,-0.34738067243920984,-0.9732238575900904,0.6490119898580391,0.22153019562622056,-0.10024376060834479
2.0945851638842354,-0.47473161316666973,-0.5435234145022296,-1.5962519915972717,-0.3397464420399339,0.028756892948534472,-0.34806835316917506,-0.9516602711105643,0.977242913384928,0.1439262751667035,-0.08581847828042272
1.2356883729660524,-0.27420765446131995,-0.6074312648632773,-1.2887607470282572,-0.2596325951087607,-0.11622146782326137,-0.34783912625918667,-0.850651892338047,0.18297419004123508,0.48020993049127536,-0.13175986656391375
0.70845102612453,-0.34939175839330866,-0.6467134879256301,-0.8915762941847443,-0.265066673873472,-0.08146281024191497,-0.3416499996894992,-0.7053814150022919,0.19926045723913416,0.5272426095576478,-0.13238705275208426
1.3072416209405149,-0.2684552616600423,-0.47294468485132096,-0.002182809281260648,-0.6050847451511259,-0.052613124449397475,-0.3206757374255584,-0.2411968428903868,0.06897031965594162,0.2826726784125056,-0.11231709473062744
0.7749026709232314,-0.48664992102979415,-0.7128091142905197,-0.935661911016848,-0.3712640988752598,-0.23579124990309297,-0.34428610915436614,-0.7235402246692613,0.06395916051812653,0.42377071561162716,-0.12548800468220847
1.271119199086588,-0.49607071358735844,-0.7410739642860714,-1.419948442743084,-0.5282313454787795,-0.12616244389152645,-0.34829758007916356,-0.8937790652970994,-0.4446734919701058,0.43552888537822027,-0.13317103548729745
1.9615402161167905,-0.5046951545163866,-0.5220261971271113,-1.4612684560449036,1.25461226752638,-0.24587126060168343,-0.33706546148973077,-0.9073981725473264,0.655275938780308,-0.22057698759768934,-0.048971289725404286
1.6507956601862463,-0.7834435723948189,-0.24364353193703317,-0.698391736129069,-0.44765172036777384,-0.1987385209213777,-0.34806835316917506,-0.6236667715009296,0.5876252904198042,-1.7350292535349152,0.24909894620263826
2.1068735152980067,-0.39421275664761607,-0.5656925276265191,-1.6495812631276774,0.041881146636081154,-0.2194546808398602,-0.34749528589420403,-0.968684155173348,0.7517407521832485,0.20977202585962745,-0.09397189872663952
2.1062161906449286,-0.30665903051637816,0.3681369519617605,-1.116395139158406,-0.36225905406516673,-0.0677678991548645,-0.3446299495193487,-0.790500835316211,-0.7829267337726248,-2.268850160938254,0.5090676211993214
1.9639010713057894,0.06500631958734986,-0.4929842628403162,-1.8520922483144897,-0.4203260671509395,-0.13440024573830553,-0.34692221861923295,-1.045859096257968,-0.8568413310553975,0.5413524132775605,-0.15167302803832797
1.26018428960257,-0.8334177268281002,-0.6074312648632773,-0.9359025891196838,-0.4900375347325225,-0.09786889662031047,-0.34738067243920984,-0.7235402246692613,-0.24673270602640948,-0.8108371098806771,0.0041827397220478065
0.4968679375552431,-0.2684552616600423,-0.47294468485132096,-0.002182809281260648,-0.6547677509999155,-0.052613124449397475,-0.3206757374255584,-0.2411968428903868,0.06897031965594162,0.2826726784125056,-0.11231709473062744
0.35074598337704677,-0.2684552616600423,-0.47294468485132096,-0.002182809281260648,-0.5352180181762655,-0.052613124449397475,-0.3206757374255584,-0.2411968428903868,0.06897031965594162,0.2826726784125056,-0.11231709473062744
2.254540579111107,0.36639908602801247,-0.11813704687849343,-1.842103560075148,0.7236251425174411,0.04957732883976095,-0.30657828246127034,-1.0413193938412257,0.14413770672316809,0.522539341651011,-0.1316030700168711
1.9877750825459863,0.05549625754195865,-0.8879202694134994,-2.008773428237246,-0.3779402527861909,-0.20781053055010912,-0.34692221861923295,-1.1741056895309394,-2.9527586404465618,1.4725994587917548,-0.221447491472299
1.391660905560619,-0.2684552616600423,-0.47294468485132096,-0.002182809281260648,-0.45758832153753176,-0.052613124449397475,-0.3206757374255584,-0.2411968428903868,0.06897031965594162,0.2826726784125056,-0.11231709473062744
2.0876821320378487,0.09588310622559103,-0.43448790347551736,-1.8135880892965344,2.759386307171595,-0.25073747266307195,-0.3376385287647018,-1.0299701377993697,0.026375466984513308,0.6071981639704823,-0.14336281104506848
1.8351178632806797,-0.1065137235241264,0.3448169906691539,-1.0052899857754236,-0.09521289762792265,-0.20054597111560774,-0.3429107476944355,-0.7496435135655298,-0.8129936885995154,-2.125400489785815,0.34254968824004667
0.3120056119708093,0.6355089484921272,0.013784889591893525,-0.5958992326010354,-0.712058467119301,-0.2492080917294927,-0.35196521063897834,-0.5771348217293205,-0.35447262748943403,0.24034326725276997,-0.12580159777629374
2.1855959614173117,-0.2684552616600423,-0.47294468485132096,-0.002182809281260648,-0.18122660150363956,-0.052613124449397475,-0.3206757374255584,-0.2411968428903868,0.06897031965594162,0.2826726784125056,-0.11231709473062744
0.8609153974944055,-0.2684552616600423,-0.47294468485132096,-0.002182809281260648,-0.6811618478570849,-0.052613124449397475,-0.3206757374255584,-0.2411968428903868,0.06897031965594162,0.2826726784125056,-0.11231709473062744
2.0906772123577775,-0.42114645623091435,-0.3079704385777068,-1.1921902143618566,-0.3493725244231369,-0.19818238240007618,-0.34680760516423875,-0.817739049816665,2.1548653107714757,-0.5545090089689417,0.025193477025760417
2.351719553279683,-0.6440139812340355,-0.6856274790614769,-1.7444811994317515,-0.36039594134583713,-0.12960355099207974,-0.34692221861923295,-1.0027319232989158,0.69912358123619,0.06397072075386906,-0.0878568333919769
1.334984790377548,-0.6938738250063816,-0.7239802724748935,-1.1002792166171185,-0.5634752277527646,-0.1753459443691316,-0.3484121935341577,-0.784826207295283,0.9471759585580374,0.1744975165598481,-0.09177674706804272
0.45804370166956676,0.0020097607048433818,-0.37183083893143504,-0.8414453682964635,-0.20793121714736407,0.07912218778390538,-0.33924311713462074,-0.6849527541269513,-0.2742940812843925,0.6448243072235811,-0.14728272472113427
0.8128548830234839,-0.4890198370569514,1.541901993980527,-1.0519988939223839,-0.8333160532690032,0.3235450678959333,-0.34749528589420403,-0.7666673976283136,-0.2580078140864934,0.3861445723585284,-0.14179484557464217
1.4432562475903952,-0.32874275033340705,0.6196348373607193,-0.23614361864656086,-0.1824686766498593,-0.20624639095894853,-0.3424522938744587,-0.38760224583032754,-0.7465958300234654,-3.1906906706391744,0.9443348357896667
0.5133435831973981,-0.6856578118486067,-0.6317265808058178,-0.39836451596531225,-0.5909561403628764,-0.17426842598410985,-0.3450884033393256,-0.4783962941651745,0.19299650831686527,-0.3358070513103052,-0.050068865554702725
0.7563735908627885,-0.6012210473283824,-0.16009367810687503,-0.1793793427270046,1.251351820267553,0.08982785431896008,-0.3328247636549449,-0.3535544777047599,1.0223433456252637,-0.8978475661534678,0.08085625122589461
1.678057408617671,-0.2684552616600423,-0.47294468485132096,-0.002182809281260648,-0.3675378734366006,-0.052613124449397475,-0.3206757374255584,-0.2411968428903868,0.06897031965594162,0.2826726784125056,-0.11231709473062744
2.157715656257608,-0.5537078311922662,-0.8107039744819773,-1.842103560075148,-0.03217758395727075,-0.07482390664387781,-0.34829758007916356,-1.0424543194454112,0.07648705836266427,0.6542308430368569,-0.149948266020859
2.36806071697909,-0.5138020338370078,-0.6292592604603617,-1.7661825698470013,-0.3293440626903436,-0.10892214973117864,-0.34669299170924456,-1.0118113281324004,0.6089227167555183,0.0804321584271011,-0.09475588146185271
1.3601231103028522,-0.6705743996260154,-0.8879202694134994,-1.5540314882876625,-0.28198994774071595,-0.22032364727939382,-0.34669299170924456,-0.9380411638603372,-0.44592628175455956,0.6895053523366362,-0.15277060386762636
1.7136153653740087,-0.2684552616600423,-0.47294468485132096,-0.002182809281260648,-0.38306381276434737,-0.052613124449397475,-0.3206757374255584,-0.2411968428903868,0.06897031965594162,0.2826726784125056,-0.11231709473062744
1.6110721120515703,-0.32732708547645084,-0.5656925276265191,-1.4440334856489787,0.9021734447865288,-0.11903691908735042,-0.3416499996894992,-0.9017235445263985,0.18923813896350394,0.15098117702665978,-0.10902436724273216
2.11320047690682,0.16351316618761969,-0.2337024739656484,-1.8520922483144897,1.296221784924741,0.05572961123165928,-0.3376385287647018,-1.045859096257968,-0.5311159870974163,0.5201877076976915,-0.1300351045464448
1.1193194943779494,-0.923291020934825,-0.9095266265509921,-1.1894111003357852,-0.26413511751380725,-0.07982915333559171,-0.3470368320742272,-0.8166041242124794,0.1879853491790502,0.47080339467799964,-0.12501761504108058
1.2817115728519408,-0.2684552616600423,-0.47294468485132096,-0.002182809281260648,-0.5181394849157441,-0.052613124449397475,-0.3206757374255584,-0.2411968428903868,0.06897031965594162,0.2826726784125056,-0.11231709473062744
1.7694426061704847,-0.00543661594937243,-0.36331508378860905,-1.5322895389362805,-0.47792730205687994,-0.19133492685655096,-0.3488706473541346,-0.9300966846310381,0.4924132668013173,0.3485184291054296,-0.10745640177230585
1.873062318988332,-0.47123609109047837,-0.6646080483349691,-1.655644225943861,0.18363297269840903,0.026671373493653686,-0.3477245128041925,-0.9720889319859048,0.33080338460678044,0.4755066625846365,-0.1275263597937627
0.6186210285960134,-0.8840641950195763,-0.6963754708047661,-0.4685989597603702,-0.07192398863630248,-0.004819970275046156,-0.34600531097927933,-0.5147139134991132,-0.11644256844321695,-0.6438710991950519,-0.04301302093778428
0.30509851326155873,1.4398301032954437,0.9380543656678982,-1.179837432465537,-0.39056905183538015,0.16219537940332332,0.6768051613890694,-0.8131993473999226,-1.5320950248759817,0.9622948909216036,-0.18804982695221847
0.6114272060040004,-1.0622570828733895,-0.9432225916695757,-0.6982609090927266,-0.05096397054384439,-0.24934712635981807,-0.3445153360643545,-0.6236667715009296,0.4059707716740069,0.3767380365452526,-0.11137631544837166
0.7948374624266076,-0.20486533406662405,-0.6776720250141622,-1.3002452288533164,-0.26537719266002696,-0.22397330632543522,-0.34520301679431975,-0.8540566691506039,-1.0572876965680014,0.6824504504766798,-0.15527934862030848
2.2712995427572324,-0.2684552616600423,-0.47294468485132096,-0.002182809281260648,-0.24177776488185196,-0.052613124449397475,-0.3206757374255584,-0.2411968428903868,0.06897031965594162,0.2826726784125056,-0.11231709473062744
0.39399186525037727,-1.1232380660337555,-0.8267897858575726,-0.06000585292801421,-0.1244016635640865,-0.2413526351161084,-0.34554685715930245,-0.2775144622243256,1.4695892986752612,-0.22292862155100882,-0.03501639703861008
1.728698672189662,-0.5286228786727848,0.012789305029654394,-0.9975986847819768,1.2429678130305697,0.0134283249551607,-0.3374093018547134,-0.746238736752973,-0.6989898182142219,-1.8267429777143438,0.26979609041226565
1.93302732209354,-0.2177831642921617,0.692421972162304,-0.6623011211064203,-0.2625825235810325,-0.24176973900708454,-0.343139974604424,-0.6077778130423314,-0.7491014095923729,-3.131899821806207,0.9147002883986093
2.028062052844364,-0.3938801169110408,-0.3270146396696968,-1.4971914957689232,-0.49531635410395636,-0.23426186896951373,-0.34657837825425036,-0.9187474285891822,-0.5812275784755672,-1.048352139165863,0.015001701467989376
0.373563947265212,-0.8147294433866437,-0.8432488510246289,-0.5789729908573216,-0.19877091294399346,-0.21643067763028304,-0.34692221861923295,-0.5691903425000214,-0.13022325607220847,0.24974980306604572,-0.1126306878247127
1.9886946731431998,0.17027966518971355,-0.28790032832576035,-1.6907902822938006,-0.5923534749023736,-0.21364998502377533,-0.3405038651395571,-0.9834381880277607,0.2969780604265285,0.35557333096538585,-0.11921614280050323
0.4097133133228254,-0.9121435082235838,-0.12778826901069104,0.27500832758067134,-0.6145555681410514,-0.18511312714948994,-0.345317630249314,-0.03237053172023877,-0.8418078536419522,-2.3017730362847155,0.4952695250595698
1.2919319579175057,-0.9245035895944835,-0.534846194569248,-0.6752767992784913,-0.4723379638988911,-0.24931236770223675,-0.3461199244342735,-0.6134524410632594,0.3533536007269484,-1.203559980084895,0.08916646821915408
2.2897861673155164,-0.35590614102000845,-0.8600989041989782,-1.976141917659939,-0.02984869305810879,-0.1381194220995096,-0.34680760516423875,-1.1253038885509592,-1.4494108991020327,0.8917458723220428,-0.18303233744685427
2.232735079327885,0.0642825635455766,-0.47294468485132096,-1.8976571024370927,0.14311027105298998,-0.20391756090099836,-0.3430253611494298,-1.0685576083416797,-0.5073129811927946,0.6119014318771212,-0.14571475925070795
2.1901141491286227,-0.4989253997954605,-0.6441935780495014,-1.6526009487692042,0.7254882552367705,-0.10937401227973613,-0.3413061593245166,-0.9709540063817192,1.2165257622155987,0.2521014370193631,-0.10385008119032534
2.026265644091482,-0.2984117424069926,-0.558968743785474,-1.6792597893857053,0.29712758918423776,-0.1773619465088497,-0.34485917642933717,-0.9800334112152039,0.3896845044761078,0.28032104445918826,-0.11121951890132901
1.83225798724527,0.02516670146090824,-0.36162413213173394,-1.588460981949068,-0.3962608611929321,-0.213719502338938,-0.34715144552922145,-0.9493904199021931,0.3921900840450154,0.3532216970120664,-0.11200350163654219
2.106213315830354,0.04386100886631199,-0.37011948976807724,-1.842103560075148,-0.2737611998970102,0.020032469895616523,-0.3477245128041925,-1.0424543194454112,-0.6238224311469955,0.3391118932921538,-0.13270064584616953
1.845644759947993,-0.019191004833571747,-0.40875722147982313,-1.5975657786674127,0.8611849649612772,-0.09293316724375927,-0.3127674090309578,-0.9516602711105643,0.5400192786105608,0.4214190816583077,-0.12109770136501481
1.7842084490107335,0.17666100229049847,0.01577187656099387,-1.4861613831198293,-0.14318805015066,0.07008493681275535,-0.3360339403947828,-0.9153426517766255,-0.14400394370119998,-0.2558514968974708,-0.06778687537052008
2.1412354073309463,-0.2684552616600423,-0.47294468485132096,-0.002182809281260648,-0.1827791954364142,-0.052613124449397475,-0.3206757374255584,-0.2411968428903868,0.06897031965594162,0.2826726784125056,-0.11231709473062744
-0.47112852067920374,-1.1252154430658872,-1.0967335246341037,-0.3109937615820235,-0.5437572848065262,-0.23579124990309297,-0.3445153360643545,-0.4307294187893798,-1.2965705453986722,0.7059667900098682,-0.16719588619554848
0.8746120208681541,-0.2684552616600423,-0.47294468485132096,-0.002182809281260648,-0.6221632784116472,-0.052613124449397475,-0.3206757374255584,-0.2411968428903868,0.06897031965594162,0.2826726784125056,-0.11231709473062744
2.1019783715802793,-0.29500201474738763,-0.6543273773118391,-1.8755497523112565,0.160344063706789,-0.23113358978719256,-0.3470368320742272,-1.057208352299824,-0.9107112917869098,0.42377071561162716,-0.13567978023997954
0.711136919069673,-1.0861720269647988,-0.9280486679696784,-0.6946154781036021,-0.6053952639376808,-0.22418185827092327,-0.34715144552922145,-0.622531845896744,0.5801085517130815,0.2332883653928137,-0.10024376060834479
1.6407630679089495,-0.08322727053932251,0.9606683490286702,-0.2541679233647322,-0.18355549240280167,-0.14295087550331675,-0.35116291645401887,-0.3978165762679978,-0.7465958300234654,-3.581061906890074,1.1959932937930902
1.904719783693564,-0.3022043779513288,0.01775331327993597,-1.178488772732729,-0.25497481331043664,-0.17263476907778658,-0.34783912625918667,-0.8120644217957371,-0.5411383053730464,-1.6480187972621245,0.18685071702671358
-0.15047219768956893,-0.9289806375788909,-0.9355950570575985,-0.18712013847134512,-0.4333678561862468,-0.20363949164034753,-0.34096231895953394,-0.35809418012150224,-0.1189481480121245,0.42377071561162716,-0.13066229073461533
0.6804598238070453,-0.6021413932852336,-0.7645258153442714,-1.040179301324697,-0.7813041565210515,-0.001761208407887662,-0.34864142044414614,-0.7632626208157568,-0.6939786590764069,0.4049576439850778,-0.1389725077278748
1.3186708858889078,-0.08677310674251151,1.1694344695348713,0.08483634689531963,-0.17765563545825785,0.08186812173283174,-0.34016002477457447,-0.17764100905599392,-1.0272207417411108,-4.11958608220005,1.2104185761210124
2.0945692712905553,-0.26609559110138453,0.5764187473614495,-0.9164157830955076,4.537106360198599,-0.1119809115983371,-0.34096231895953394,-0.7155957454399622,-0.9645812525184221,-2.9625821771672634,0.770917854760516
0.4075039929783421,-0.7456538552465187,-0.62680049236896,-0.11863707502289111,-0.7111269107596362,-0.13015968951338128,-0.34669299170924456,-0.31496700716244996,1.0311128741164401,-0.36637829270344774,-0.03736834524424954
1.3874112110775407,0.12353055407768529,-0.507356613216787,-1.7113873704010787,-0.10825468666322986,-0.156923855851018,-0.3419938400544819,-0.9913826672570598,-1.3454293469923695,0.6377694053636269,-0.160610431219758
1.4759603953058988,-0.6105189002398018,-0.9826412814280311,-1.857184314249441,-0.4818087868888167,-0.16481407112198365,-0.34852680698915195,-1.0481289474663391,-1.720013492544048,0.9340752834817784,-0.18695225112292002
2.4345509752146124,-0.19281707175035465,-0.5909064670469452,-1.9033856982824908,1.3710568124844806,-0.22289578794041348,-0.3369508480347365,-1.0719623851542366,-0.14400394370119998,0.4190674477049903,-0.1374045422574485
0.8322876090957443,-0.2684552616600423,-0.47294468485132096,-0.002182809281260648,-0.5041661395207719,-0.052613124449397475,-0.3206757374255584,-0.2411968428903868,0.06897031965594162,0.2826726784125056,-0.11231709473062744
1.7824405544224535,-0.012365251531421673,6.848665336846751,-0.2318142763844077,-0.20591284503475685,29.70058921323763,-0.3441714956993719,-0.38419746901777074,-0.7916962622638013,-3.950268437561106,1.5691690757545536
1.9554068506079547,-0.35368965556140985,-0.5839405791459108,-1.716711428181996,1.1030790996875715,-0.06790693378518987,-0.33248092328996226,-0.9925175928612454,-0.3619893661961567,0.14157464121338614,-0.1110627223542864
1.698168252231857,-0.30962586271679143,-0.5545213694421455,-1.4763980275006754,-0.3943977484736025,-0.15077157345911968,-0.3488706473541346,-0.9119378749640688,0.34583686202022573,0.16273934679325291,-0.10808358796047637
1.8188483728711244,0.023569639737915815,-0.4196705734159828,-1.6391929809086399,-0.5567990738418335,-0.10721897550969266,-0.3479537397141809,-0.966414303964977,0.11031238254291617,0.34616679515211013,-0.13034869764053006
1.76622581570407,-0.10290255767020186,-0.6292592604603617,-1.7621458757227353,-0.0337301778900454,-0.19189106537785247,-0.3489852608091288,-1.0095414769240292,-0.3532198377049803,0.7318347634963718,-0.1609240243138432
1.2298772285164115,-0.0629687143817301,-0.701811159350604,-1.8755497523112565,0.24884191787494536,0.06511444877862278,-0.3462345378892677,-1.057208352299824,-2.3652002315377416,1.09163475835413,-0.19651684049252058
1.4863336932264257,-1.040735384163115,-0.7980929066133562,-0.9498730309020678,1.192819029001948,-0.15494261236888127,-0.33614855384977704,-0.7280799270860037,1.5447566857424877,-0.29112600619725015,-0.04426739331412533
0.9390177449723395,-0.2684552616600423,-0.47294468485132096,-0.002182809281260648,-0.508823921319096,-0.052613124449397475,-0.3206757374255584,-0.2411968428903868,0.06897031965594162,0.2826726784125056,-0.11231709473062744
1.7278200237070949,-0.7936090025256759,-0.6776720250141622,-1.2443385334345072,0.17897519090008496,-0.18490457520400186,-0.34325458805941816,-0.8358978594836344,0.9747373338160203,-0.2299835234109651,-0.04567856223750904
1.3696521810340176,-0.3664458803270541,-0.6317265808058178,-1.38108136208807,-0.4201708077576621,-0.19390706751757059,-0.34829758007916356,-0.8812948836510579,0.06020079116476521,0.4543419570047697,-0.12031371862980166
1.9500930426483993,-0.8990027988263697,-0.6391804555298438,-1.2567572739239112,1.5545734153384472,-0.2377377347276484,-0.3434838149694066,-0.8393026362961912,0.904581105886609,-0.737936457327799,0.00904343268036937
1.7027266867018969,-0.25957589147200344,-0.6391804555298438,-1.6924657149714868,-0.43383363436607925,-0.08952681880078735,-0.3479537397141809,-0.9845731136319463,-0.31563614417136704,0.6119014318771212,-0.14304921795098322
2.1191280083405903,-0.33073293633581147,-0.507356613216787,-1.6728210064756832,1.9070122380782981,-0.05285643505246688,-0.34485917642933717,-0.9766286344026472,0.6014059780487957,0.20977202585962745,-0.09271752635029848
1.9014284121700311,-0.3840244896651377,-0.5567415712050109,-1.57830959322409,-0.5285418642653343,-0.18984030458055304,-0.34864142044414614,-0.9448507174854508,0.05393684224249634,-0.09594038807179982,-0.09146315397395746
2.112315279882093,0.2737574026470251,-0.3997892906057805,-1.9302610087556586,1.0822743409883908,-0.12786561811301242,-0.337753142219696,-1.0878513436128348,-1.315362392165479,0.6260112355970316,-0.15904246574933162
0.7137879915777516,-0.4947925664877785,-0.7556402642876294,-0.9942284763299396,-0.43849141616440324,-0.11823746996297947,-0.34715144552922145,-0.7451038111487874,-0.1778292678814519,0.5648687528107467,-0.13928610082196008
2.168668056244065,-0.472174262837554,-0.7585897649369306,-1.857184314249441,0.876089866715914,-0.09008295732208887,-0.3484121935341577,-1.0492638730705248,-0.16530137003691414,0.616604699783758,-0.14508757306253742
0.024812443741419384,-0.8004291772162887,-0.8333276559551467,-0.2935308513430714,0.4927544247138469,-0.04600897950894166,-0.34084770550453974,-0.42051508835170953,-0.2066434329238887,0.21917856167290112,-0.11874575315937533
2.210906053646571,-0.15382300016260148,-0.61463288899464,-1.8675725964684786,0.3916805596902156,-0.14423694583382657,-0.34038925168456285,-1.0538035754872672,-0.21416017163061135,0.4966713681645053,-0.1513594349442427
0.6440008806463238,-0.599752781193493,-0.7324756301112366,-0.7031310138828575,0.3218138327153552,-0.1974524505908679,-0.34577608406929083,-0.6259366227093008,0.5099523237836702,0.3602765988720227,-0.11278748437175533
0.2100497367193036,-0.3505866425066596,-0.5702107205077344,-0.3456984278552127,-0.07099243227663764,-0.04218552717499355,-0.3387846633146439,-0.45002315406053484,0.43603772650089745,0.3720347686386158,-0.11027873961907322
0.5349566275857462,-0.2684552616600423,-0.47294468485132096,-0.002182809281260648,-0.2728296435373454,-0.052613124449397475,-0.3206757374255584,-0.2411968428903868,0.06897031965594162,0.2826726784125056,-0.11231709473062744
0.980883421957206,-1.2501721990042178,-0.7296325245651251,-0.21803866773940273,1.388445864531557,-0.22901331167473044,-0.3489852608091288,-0.37625298978847166,1.9631884737500482,-0.8390567173205012,0.0785043030202552
0.3075804212296707,-0.6285916135106798,-0.8235433093252043,-0.7637749684577082,-0.09738652913380709,-0.1621028958306386,-0.34474456297434297,-0.6531748372097549,-0.8568413310553975,0.39319947421848467,-0.1359933733340648
0.5451183279344112,-0.5028110558226595,-0.7735240825260703,-0.9105066995846322,-0.1517273167809208,-0.24698353764428652,-0.3446299495193487,-0.713325894231591,-0.5912498967511973,0.4049576439850778,-0.14022688010421586
1.9060912205131455,-0.18930425631262918,-0.3980092297365337,-1.5962519915972717,-0.23556738915075326,-0.13627721324769826,-0.34829758007916356,-0.9516602711105643,-0.1577846313301915,-0.11240182574503185,-0.07797865092829113
0.9810378362963555,-0.21548218123364768,-0.49501971297193736,-1.0503805388856446,-0.13169885504812742,-0.028282064142454977,-0.3445153360643545,-0.7666673976283136,0.13035701909417657,0.3532216970120664,-0.11372826365401112
0.12789039791250922,-0.6272179496167422,-0.9867063577916656,-1.2947629843811517,-0.6387760334923362,-0.2472616069049373,-0.3444007226093603,-0.8517868179422327,-2.5180405852411023,0.948185087201691,-0.18601147184066427
2.280711353460727,-0.8492769646484948,-0.8267897858575726,-1.7682167128351434,0.6020570375811839,-0.12591913328845702,-0.34577608406929083,-1.0118113281324004,0.36713428835593986,0.129816471446793,-0.10243891226694164
1.5127351123037422,-0.2684552616600423,-0.47294468485132096,-0.002182809281260648,-0.02907239609172147,-0.052613124449397475,-0.3206757374255584,-0.2411968428903868,0.06897031965594162,0.2826726784125056,-0.11231709473062744
0.8565376370485389,-0.2684552616600423,-0.47294468485132096,-0.002182809281260648,-0.6206106844788726,-0.052613124449397475,-0.3206757374255584,-0.2411968428903868,0.06897031965594162,0.2826726784125056,-0.11231709473062744
0.033348403137638996,-1.0332773870339453,-0.5816337352131818,0.1350672094656861,-0.1559193203994123,0.06139527241741874,-0.341535386234505,-0.14132338972205513,-0.516082509683971,-1.0530554070724998,0.03899157316551201
-0.04681884244558332,-1.137965481996411,-0.9745803550908556,-0.4408155459861337,-0.5476387696384629,0.07842701463227846,-0.34405688224437764,-0.49995988064470065,-0.443420702185652,0.6354177714103074,-0.14759631781521954
0.8503910688882657,-0.4280755969869188,-0.636687117693356,-0.9263896011644374,-0.6069478578704555,-0.03509476102839889,-0.34738067243920984,-0.719000522252519,0.18297419004123508,0.27796941050586876,-0.11874575315937533
0.5143915505520418,-0.9172814391274988,-0.17162814174561933,0.24402219716762472,0.9302753949697503,-0.18434843668270035,-0.338326209494667,-0.05733889501232169,-0.3444503092138039,-2.148916829319002,0.4403907335946488
0.23471257286290328,-0.5953792968079391,-0.37183083893143504,0.04004457690794051,-0.4707853699661165,0.03497869265559545,-0.3423376804194645,-0.20941892597319037,0.22807462228157097,-0.7943756722074461,0.022684732273078347
1.2605177228768558,-0.2684552616600423,-0.47294468485132096,-0.002182809281260648,-0.508823921319096,-0.052613124449397475,-0.3206757374255584,-0.2411968428903868,0.06897031965594162,0.2826726784125056,-0.11231709473062744
1.2292505549896962,-0.8499512788963667,-0.6750399111067725,-0.686662839427305,-0.5007504328686677,-0.24448091429842958,-0.35047523572405354,-0.6191270690841872,1.725158414703831,-0.33345541735698575,-0.029842110986203253
1.9445817322959766,-0.6036182612682449,-0.5220261971271113,-1.2454028441978333,-0.2579247417827085,-0.07666611549568916,-0.35081907608903623,-0.8358978594836344,1.725158414703831,-0.33345541735698575,-0.029842110986203253
-0.9547042304923641,0.046517359713525545,-0.49910821929987353,0.5129972196079413,-0.6182817935797107,-0.21076501644452358,-0.341535386234505,0.17645577944990926,-0.37451726404069446,0.6706922807100868,-0.1504186556619869
0.175444766765154,-0.8612407715271431,-0.7527029769265087,-0.37864136987067093,-0.6184370529729881,0.08398839984529388,-0.34405688224437764,-0.4670470381233186,0.1291042293097228,0.34381516119879274,-0.11435544984218164
1.1506744875019914,-0.4947925664877785,-0.5612029310943056,-1.0862175673295005,0.07184620953863247,-0.051570364721957085,-0.3446299495193487,-0.7802865048785407,-0.2730412914999387,-0.17589594248463425,-0.07437233034631058
1.6073408913287932,-0.2684552616600423,-0.47294468485132096,-0.002182809281260648,-0.39393197029377003,-0.052613124449397475,-0.3206757374255584,-0.2411968428903868,0.06897031965594162,0.2826726784125056,-0.11231709473062744
-0.41754673627831673,0.3342835682350308,1.4793298746138388,1.4285681262055852,-0.3652710862947495,0.0714752831160092,-0.10417092094149175,1.353373630990363,-0.9984065766986739,-3.3600083152781193,1.1687106946076724
1.9697070896312312,-0.09268105501818134,-0.43261872219857095,-1.6421329005015517,1.3511836101449648,-0.2303341406628216,-0.33087633492004326,-0.9675492295691625,0.4924132668013173,0.317947187712287,-0.11043553616611587
1.449258679693686,-0.9439846028590173,-0.7268007687719582,-0.8648012636701805,0.49974109741133294,-0.18730292257711476,-0.35081907608903623,-0.6951670845646216,1.725158414703831,-0.33345541735698575,-0.029842110986203253
1.404787269942406,-0.8046368747995042,-0.7239802724748935,-1.0702592138803382,-0.5276103079056697,-0.0965480676322193,-0.3489852608091288,-0.7734769512534271,0.810621872052576,-0.16413777271804114,-0.06841406155869062
0.8334000180823629,-0.2757830577689668,-0.49910821929987353,-0.8911468150926742,0.0071030425419285415,-0.11552629467163444,-0.33729468839971916,-0.7053814150022919,-0.20288506357052738,0.005179871920903486,-0.09538306765002323
-0.08758759607526713,-0.8219136562636439,-0.8235433093252043,0.0013933549712656637,-0.3263941342180717,-0.22744917208356982,-0.34520301679431975,-0.23665714047364445,0.69912358123619,0.29207921422578137,-0.10526125011370902
0.6608952766183337,-1.306798107356006,-1.0158334829407534,-0.7207417577993643,-0.41722087928539014,-0.08639853961846616,-0.34852680698915195,-0.6338811019385999,0.3921900840450154,0.3320569914321975,-0.10479086047258113
-1.392205630570808,-0.7921412624636193,-0.9131925462560689,1.4212067021769155,-0.7312485281283959,-0.19164775477478305,-0.3299594272800896,1.3363497469275791,-0.5073129811927946,0.45669359095808704,-0.14571475925070795
0.06869770289876732,-0.7834435723948189,-0.8012247169285983,-0.13969664398850218,-0.35247771228868624,-0.1217828530362768,-0.3458906975242851,-0.328586114412677,0.69912358123619,0.29207921422578137,-0.10526125011370902
0.7792343211300091,-0.5456021885627813,2.13151910931881,0.23357915622667855,4.50450188761033,0.14620639691590395,-0.3261771832652806,-0.0652833742416208,-0.9883842584230438,-3.0519442673933725,0.9617392525113987
-1.0036827160046347,0.006288303892964749,-0.6672016668885667,0.189697841297212,-0.6490231534486491,-0.1457663267674058,-0.3413061593245166,-0.10160099357555959,-1.4356302114730413,0.8658778988355371,-0.1813075754293853
0.01399366639864864,-0.6442181406267902,1.358120109610292,0.736830800053274,-0.4130288756668986,0.13230293388336536,-0.3450884033393256,0.40344090028702667,0.7367072747698032,-1.6997547442351348,0.284534965834273
0.13146723711697178,-0.6579227251543751,-0.8533107769514622,-0.6031065163209349,-0.11757025025987786,-0.14263804758508464,-0.3430253611494298,-0.5805395985418773,-0.5536662032175842,0.5836818244372961,-0.14336281104506848
-0.0260551108357107,-0.8626305805382313,-0.8235433093252043,-0.0788259893690488,-0.42995214953414257,-0.04600897950894166,-0.34669299170924456,-0.28999864387036706,0.39720124318283045,0.16273934679325291,-0.1027525053610269
-0.059009308033292254,-1.3290037033232844,-0.9168775097853047,0.19818494810771486,0.10041393790168651,-0.17774429174224451,-0.34382765533438925,-0.09365651434626047,0.5926364495576193,-0.2864227382906133,-0.029998907533245866
0.9309583163276982,-0.9343355610612443,-0.6829657352848589,-0.5187742201322221,-0.34983830260296933,0.001436588089596202,-0.34600531097927933,-0.5396822767911962,1.2478455068269432,-0.3264005154970295,-0.023570249104497985
1.430990661274073,-0.4606639994834074,2.014169097410783,-0.6689168621327396,-0.45867513729047404,0.21607129865441024,-0.3429107476944355,-0.6111825898548882,0.19926045723913416,-1.5374920014561464,0.20237357518393406
0.7118865995380145,-0.5818301584398087,-0.6594490882563784,-0.6566177984516751,0.12277129053364184,-0.17843946489387144,-0.3278963850901938,-0.6055079618339603,0.6615398877025769,0.207420391906308,-0.0887976126742327
0.8465376464420977,-0.2684552616600423,-0.47294468485132096,-0.002182809281260648,-0.561612115033435,-0.052613124449397475,-0.3206757374255584,-0.2411968428903868,0.06897031965594162,0.2826726784125056,-0.11231709473062744
0.6113165129987534,-0.7299999652988554,-0.839926344322073,-0.8743447497851607,-0.07347658256907712,-0.16175530925482515,-0.34497378988433136,-0.6985718613771784,-0.26301897322430856,0.43082561747158343,-0.12642878396446428
-0.1451129525884955,-1.0062130569954906,-0.8465869931104171,0.08226989020329258,-0.4293311119610327,-0.12282561276371719,-0.34382765533438925,-0.1799108602643651,0.15541281478325206,-0.09123712016516299,-0.07656748200490743
-0.09259300639030532,-1.481213158510309,-0.9432225916695757,0.31714117286110793,-0.21771255892384447,-0.09640903300189392,-0.34142077277951083,0.0016772364053288364,0.5249858011971155,-0.594486786175358,-0.007890594400234817
-1.2992034141643418,0.34775627584109403,1.553576038708374,1.7793245345336415,-0.5917013854506081,0.18687402628607924,-0.19391325620195984,2.0207098862514883,-0.38829795166968595,-1.0930331842789172,0.008886636133326757
0.24741119478667262,-0.45936146797874355,-0.7439633934712088,-0.7039265298102199,-0.24923021575917043,-0.1544559911627424,-0.34520301679431975,-0.6270715483134864,-0.7465958300234654,0.44728705514481343,-0.13818852499266165
0.2640655022560885,-1.1122097217304645,-0.9587282119633659,-0.31537446184698,0.19698528052027128,-0.16175530925482515,-0.34382765533438925,-0.432999269997751,0.7680270193811476,0.32500208957224336,-0.1101219430720306
0.2428890936261775,-0.43906526444430644,-0.6050468798143757,-0.3951072927687922,-0.2186441152835093,-0.23787676935797375,-0.343139974604424,-0.4761264429568033,-0.2154129614150651,0.00047660401426456874,-0.09475588146185271
2.280451457172815,-0.8416010955066204,-0.8635174837511633,-1.8347766199832838,-0.28897662043820205,-0.09481013475315199,-0.3487560338991404,-1.0390495426328545,-0.20539064313943492,0.16038771283993553,-0.11890254970641796
-0.09045059275904277,-0.460533559802928,-0.7439633934712088,-0.42956434310569475,-0.44485705128877945,-0.2086794969896428,-0.3410769324145282,-0.4942852526237727,-0.8969306041579183,0.4049576439850778,-0.13677735606927796
1.8142625230680713,-0.6883782146282524,-0.2924817471628286,-0.8849720001381676,-0.48600079050730827,-0.17357325283248293,-0.34749528589420403,-0.7031115637939207,1.415719337943749,-1.1024397200921918,0.1503171215657804
0.06612400144435975,-0.2494801429110777,-0.5545213694421455,-0.26395293867813685,-0.39067152303494324,-0.22710158550775641,-0.34371304187939505,-0.40349120428892576,0.2907141115042597,0.3837929384052089,-0.1181185669712048
1.1709478484420344,-0.20062530391703523,-0.11693982484889279,-0.8465796932585349,-0.33074139722984075,0.06556631132718031,-0.33901389022463235,-0.6872226053353225,-0.299349876973468,-0.9730998526596655,-0.006636222023893763
-0.8909016417152983,-1.3172222274010403,-1.0596346715934484,0.6621353217546563,-0.7033639410957628,-0.16279806898226554,-0.34497378988433136,0.32513103359822115,0.22682183249711718,0.4661001267713628,-0.12564480122925112
-0.42186571463595723,-1.3422548580286187,-1.0825931118666734,0.13384862640342116,0.42692444196420076,-0.2451760874500565,-0.3416499996894992,-0.14245831532624073,0.13536817823199165,0.395551108171802,-0.13128947692278586
1.626477962129013,-0.2684552616600423,-0.47294468485132096,-0.002182809281260648,-0.2402251709490772,-0.052613124449397475,-0.3206757374255584,-0.2411968428903868,0.06897031965594162,0.2826726784125056,-0.11231709473062744
2.380647781498096,-0.30273638557556265,-0.2894241825834439,-1.5191578180363214,2.5167158754789134,-0.039439593226067174,-0.31173588793600987,-0.9266919078184813,1.7113777270748396,-0.37108156061008457,-0.015103235564195874
-0.48266641856545284,-1.2108843884563358,-0.8333276559551467,0.8514727829957964,-0.38089018125846275,-0.15810565020878378,-0.3369508480347365,0.5328224191641836,1.7113777270748396,-0.37108156061008457,-0.015103235564195874
-1.0652072310748988,0.42556221013607454,3.2655400036112967,1.0153575439962483,-0.6602949854005934,2.311427453630715,-0.32663563708525745,0.7359741023134037,0.4986772157235862,0.3414635272454733,-0.11294428091879796
1.2406879149920964,-0.5023774916829626,-0.6750399111067725,-1.162228219773959,1.0991976148556348,-0.23718159620634682,-0.34187922659948766,-0.8063897937748091,0.5024355850769475,0.2967824821324182,-0.11090592580724375
-0.21408391483186753,-0.33407155149928675,-0.577042431908387,-0.007787127089867023,-0.5474835102451854,-0.01959239974711837,-0.34543224370430825,-0.24233176849457239,0.2907141115042597,0.3837929384052089,-0.1181185669712048
0.9030193757752865,-0.2684552616600423,-0.47294468485132096,-0.002182809281260648,-0.5290076424451668,-0.052613124449397475,-0.3206757374255584,-0.2411968428903868,0.06897031965594162,0.2826726784125056,-0.11231709473062744
1.5725297011570973,-0.5387573547600208,-0.22389880915642246,-0.8204835985535668,1.5250741306157283,-0.13857128464806712,-0.3510483029990246,-0.6770082748976523,0.41849866951854464,-1.3869874284437513,0.1264840464153004
1.2241971188268337,-0.20999783823682155,-0.6698048033297399,-1.5671968349373122,-0.5330443866703809,-0.11274560206512672,-0.34692221861923295,-0.9425808662770796,-0.9658340423028758,0.6965602541965925,-0.15590653480847902
2.2154979367240677,-0.2684552616600423,-0.47294468485132096,-0.002182809281260648,-0.22625182555410514,-0.052613124449397475,-0.3206757374255584,-0.2411968428903868,0.06897031965594162,0.2826726784125056,-0.11231709473062744
-0.13143803497378928,-0.8997642224899833,-0.4033628693684921,0.7715302827932773,-0.5406520969409769,-0.16940221392272137,-0.34428610915436614,0.4420283708293366,1.0298600843319865,-1.3117351419375547,0.17462058635738834
1.7480808908179046,-0.5006478093957052,-0.6829657352848589,-1.5234860569775375,0.7208304734384466,-0.2220268215008798,-0.34600531097927933,-0.9278268334226669,0.5112051135681239,0.34616679515211013,-0.11357146710696849
1.3866881199878358,-0.2684552616600423,-0.47294468485132096,-0.002182809281260648,-0.5321128303107161,-0.052613124449397475,-0.3206757374255584,-0.2411968428903868,0.06897031965594162,0.2826726784125056,-0.11231709473062744
0.49562832929894585,-0.2684552616600423,-0.47294468485132096,-0.002182809281260648,-0.45293053973920766,-0.052613124449397475,-0.3206757374255584,-0.2411968428903868,0.06897031965594162,0.2826726784125056,-0.11231709473062744
0.8312186025179241,-0.2684552616600423,-0.47294468485132096,-0.002182809281260648,-0.5817958361595057,-0.052613124449397475,-0.3206757374255584,-0.2411968428903868,0.06897031965594162,0.2826726784125056,-0.11231709473062744
0.45916695669259505,-0.6093919509373538,-0.7072888227409259,-0.6140157336684352,-0.12688581385652598,-0.028977237294081904,-0.3387846633146439,-0.5850793009586197,-0.05630865878943579,0.18625568632644124,-0.10871077414864691
-0.21607675529659642,-0.745392351367173,-0.1781181585100116,0.8673253195246775,0.8198859663494709,-0.24830436663237768,-0.3346585789348523,0.5521161544353386,-0.6776923918785078,-2.562804405103088,0.2967650965035983
-0.4815012890142038,-1.0177390206240167,-0.8499409184325841,0.3267589298404031,-0.18262393604313681,0.07842701463227846,-0.33924311713462074,0.009621715634627945,0.5400192786105608,0.3202988216656044,-0.11419865329513902
0.38608160058136387,-0.6906590992128998,-0.7826379622968803,-0.5564295418374844,-0.09397082248170291,-0.21041742986871012,-0.3461199244342735,-0.5578410864581655,0.06020079116476521,0.27796941050586876,-0.1126306878247127
1.5319551337812665,-0.36345085158680324,-0.340000885817108,-1.2059094069207499,0.5978650339626923,-0.22154020029474097,-0.3417646131444934,-0.8222787522334074,-0.4296400145566605,-0.7308815554678427,-0.0008347497833164077
-0.979204848599577,-0.3590498673550506,-0.8704044687626401,0.12205401423020482,-0.6994669303244984,-0.2472616069049373,-0.33133478874002015,-0.15153772015972541,-1.4844890130667383,0.9082073099952728,-0.18444350637023793
0.6351342096244541,0.760472990962537,0.4924186530311534,-0.3343825077442947,0.14116952863702176,-0.22779675865938334,-0.2582114044537128,-0.4432136004354213,0.6878484731761061,-0.43457567734968905,-0.01008574605883166
1.2481896067892488,-0.2684552616600423,-0.47294468485132096,-0.002182809281260648,-0.2246992316213305,-0.052613124449397475,-0.3206757374255584,-0.2411968428903868,0.06897031965594162,0.2826726784125056,-0.11231709473062744
-0.2625216422384588,-0.589440993026439,-0.9470673375813213,-0.560357377291374,-0.5120843685779228,-0.1554987508901828,-0.3441714956993719,-0.5601109376665367,-1.1750499363066562,0.8729328006954934,-0.18099398233530006
0.14271831701101972,-0.5914108783279546,-0.7439633934712088,-0.6606349025687938,-0.4519989833795429,0.04401594362674552,-0.3434838149694066,-0.6066428874381459,-0.9533061444583382,0.428473983518264,-0.13912930427491743
0.3470933428364119,-0.38251248125644943,-0.7765490503688202,-0.9523764938699939,-0.3444042238382579,-0.20902708356545627,-0.34016002477457447,-0.7292148526901893,-0.9933954175608589,0.7200765937297787,-0.15794488992003322
0.026569732916384634,-0.19773124240143758,-0.2337024739656484,0.19793602142157113,-0.12455692295736388,-0.2514326458146989,-0.33970157095459763,-0.09365651434626047,0.6878484731761061,-0.43457567734968905,-0.01008574605883166
1.5233674034333609,0.08717375936005868,-0.44012518255471644,-1.5401592509783366,-0.2833872822802132,-0.21403233025717014,-0.3444007226093603,-0.9323665358394093,0.06521195030258031,0.5930883602505718,-0.14367640413915375
0.056216375291397676,-0.6863362207473794,-0.7468646403955056,-0.1609380494798095,-0.2701902338516285,-0.025848958111760727,-0.3429107476944355,-0.342205221662904,0.5750973925752664,0.29913411608573764,-0.10886757069568956
-0.3454764972654026,-0.6419779640552787,-0.6909811186934353,0.3320611316792375,-0.3636563886046639,-0.24434187966810422,-0.3400454113195802,0.014161418051370294,0.7429712236920721,0.08278379238041847,-0.08817042648606217
1.2152119829935086,-0.3453353363244537,-0.4233459903648076,-1.0532984364022275,0.27275186443967536,0.07842701463227846,-0.3422230669644703,-0.7678023232324992,0.7642686500277863,0.21447529376626429,-0.09459908491481005
0.48896658489212697,-1.0696897997872752,-0.5157020492877086,-0.05573475963126932,1.0748218901110724,-0.2037437676130916,-0.3429107476944355,-0.2752446110159544,-0.6576477553272474,-1.617447555868982,0.1876346997619267
1.9153627477204949,0.23338689785783806,0.9037151547424337,-1.809032043241809,1.4460470994374972,0.17192780352610032,-0.3343147385698696,-1.0277002865909985,-0.5812275784755672,0.6189563337370775,-0.1408540662923864
1.28288066731688,0.1877955812590466,3.414520790536562,-0.2604512625265147,-0.7806831189479415,1.010063313785106,-0.350704462634042,-0.40122135308055457,2.0396086506017284,-1.3328998475174225,0.1943769512847599
1.0829804561042158,-0.2684552616600423,-0.47294468485132096,-0.002182809281260648,-0.2961185525289655,-0.052613124449397475,-0.3206757374255584,-0.2411968428903868,0.06897031965594162,0.2826726784125056,-0.11231709473062744
1.3724467523650494,0.44830995655971023,4.054124931126935,-0.7281564141768961,-0.7089532792537516,3.704867277409311,-0.3470368320742272,-0.6372858787511567,1.5685596916471094,-0.5451024731556661,0.023155121914206222
1.2130809105887677,-0.2684552616600423,-0.47294468485132096,-0.002182809281260648,-0.38927418849544604,-0.052613124449397475,-0.3206757374255584,-0.2411968428903868,0.06897031965594162,0.2826726784125056,-0.11231709473062744
0.8450912932000172,-0.2684552616600423,-0.47294468485132096,-0.002182809281260648,-0.19675254083138638,-0.052613124449397475,-0.3206757374255584,-0.2411968428903868,0.06897031965594162,0.2826726784125056,-0.11231709473062744
1.7224348947576749,-0.2684552616600423,-0.47294468485132096,-0.002182809281260648,0.11842402752187269,-0.052613124449397475,-0.3206757374255584,-0.2411968428903868,0.06897031965594162,0.2826726784125056,-0.11231709473062744
2.1699886828966,-0.38122090116468654,-0.656883610291266,-1.8067738485289653,-0.32949932208362104,-0.07617949428955033,-0.34715144552922145,-1.026565360986813,0.16543513305888224,0.4872648323512317,-0.13034869764053006
2.2876610089494793,-0.2684552616600423,-0.47294468485132096,-0.002182809281260648,0.10755586999244991,-0.052613124449397475,-0.3206757374255584,-0.2411968428903868,0.06897031965594162,0.2826726784125056,-0.11231709473062744
2.2974782519593546,0.2222096283117866,-0.2803297774487769,-1.9151019949131873,1.029486147274052,0.02385592222956463,-0.33706546148973077,-1.0776370131751645,-0.5812275784755672,0.6189563337370775,-0.1408540662923864
-0.24435871679447552,-0.5561711327403899,-0.4458076205588722,0.4731953730467262,-0.5192263006686864,0.05861457981091102,-0.3445153360643545,0.13900323451178487,0.9659678053248439,-0.4275207754897328,-0.03611397286790848
1.7688292546472726,-0.2684552616600423,-0.47294468485132096,-0.002182809281260648,-0.21072588622635843,-0.052613124449397475,-0.3206757374255584,-0.2411968428903868,0.06897031965594162,0.2826726784125056,-0.11231709473062744
-0.008396373080545966,-0.836671483514021,-0.6074312648632773,0.24827201299164778,-0.06555835351192625,0.005086247135637558,-0.33970157095459763,-0.05393411819976493,0.6076699269710646,-0.578025348502128,-0.011810508076300626
1.1431277935365765,-0.2684552616600423,-0.47294468485132096,-0.002182809281260648,-0.38927418849544604,-0.052613124449397475,-0.3206757374255584,-0.2411968428903868,0.06897031965594162,0.2826726784125056,-0.11231709473062744
1.1590737030013465,-0.9859676146540715,-0.7887795927329471,-0.7445999049845878,-0.1734636318397662,-0.17969077656679988,-0.34955832808409987,-0.6440954323762702,1.493392304579883,-0.12651162946494232,-0.05242081376034218
0.5489287524086989,-0.41843082337149634,-0.7268007687719582,-0.9654005928609806,-0.2849398762129879,-0.2375291827821603,-0.3413061593245166,-0.7348894807111171,-0.6563949655427936,0.5789785565306592,-0.13771813535153374
0.8679694281660009,-0.2684552616600423,-0.47294468485132096,-0.002182809281260648,-0.6144003087477738,-0.052613124449397475,-0.3206757374255584,-0.2411968428903868,0.06897031965594162,0.2826726784125056,-0.11231709473062744
2.2073385029638635,-0.4358600747131766,-0.7705119595960706,-1.8702135387675307,0.5461636560012957,-0.1836532635310734,-0.34428610915436614,-1.0549385010914527,-0.09138677275414146,0.6636373788501305,-0.1518298245853706
1.5294535054652714,-0.7065153275097387,-0.6829657352848589,-1.1376264529175635,-0.4447017918955019,-0.22122737237650886,-0.35036062226905934,-0.79844531454551,1.0185849762719024,-0.14297306713817437,-0.0713931959525006
1.3760809589521141,-0.6809401495764693,-0.656883610291266,-1.0196483900037785,-0.33322554752228023,-0.062901687093476,-0.3461199244342735,-0.7553181415864577,1.0185849762719024,-0.14297306713817437,-0.0713931959525006
-0.12160386541814712,-0.584292613850917,-0.7353301767567613,-0.05213207501902275,-0.5374382275001333,-0.15619392404180973,-0.3286986792751533,-0.27297475980758323,0.5099523237836702,0.3979027421251215,-0.11780497387711954
2.0513552747815984,-0.7394233805715682,-0.641682588226994,-1.4901362900289534,1.1555567746153557,-0.21006984329289666,-0.34680760516423875,-0.916477577380811,0.6076699269710646,-0.37108156061008457,-0.041915445108485876
1.5728109598907976,-0.5062961883340628,-0.7128091142905197,-1.4649961160418568,0.5601370013962677,-0.22056695788246328,-0.33970157095459763,-0.908533098151512,0.37840939641602384,0.44728705514481343,-0.12297925992952637
0.9620420962628031,-0.34632101007499344,-0.6467134879256301,-1.2131997787336142,-0.10235482971868606,-0.14055252813020386,-0.3424522938744587,-0.8245486034417785,-0.6989898182142219,0.29913411608573764,-0.12721276669967743
0.5354472778898746,-0.6407611934188492,-0.7045447037127532,-0.6123335178414581,-0.5066502898132115,0.018642123592362666,-0.34485917642933717,-0.5850793009586197,0.3746510270626625,0.27796941050586876,-0.10886757069568956
1.5557334984803202,-0.3644811484404864,-0.5413441381824646,-1.5180832311561023,-0.10080223578591142,0.058266993235097556,-0.3461199244342735,-0.9255569822142958,-0.18284042701926698,0.3320569914321975,-0.11937293934754586
1.2790340901564252,-0.05893663805627668,-0.5612029310943056,-1.6436112229477604,-0.23867257701630254,-0.051570364721957085,-0.3424522938744587,-0.9675492295691625,-1.3717379324658987,0.5789785565306592,-0.15355458660283952
2.226297099367132,-0.6204178866857452,-0.7675125729532782,-1.8045286694198799,1.6694653663637733,-0.25178023239051234,-0.3423376804194645,-1.0254304353826273,-0.05630865878943579,0.16273934679325291,-0.12000012553571639
0.6733829420561266,-0.8654244247049907,-0.558968743785474,-0.3892647169555183,0.39307789422971257,0.020380056471429986,-0.3424522938744587,-0.47272166614424654,-0.23420480818187173,-1.0013194600994895,0.019392004785183062
1.0573689586197506,-0.4052302400651907,-0.5839405791459108,-0.9756625590770585,-0.23867257701630254,-0.019939986322931834,-0.3441714956993719,-0.738294257523674,0.7291905360630806,0.3061890179456939,-0.10729960522526324
-0.3378870697998527,0.32353876642467144,1.8943574181089395,1.3728566982172228,-0.6098620766822735,0.18965471889258695,0.18476959909891694,1.260309731447145,4.007741401978608,-0.9919129242862148,0.1805788551450083
0.5621905213722431,-0.668185787534275,-0.6391804555298438,-0.48907626111329805,0.10817690756555985,-0.18643395613758112,-0.34428610915436614,-0.5249282439367835,0.038903364829051046,-0.30288417596384326,-0.05712471017162113
2.2401231120534932,-0.39677200813375263,-0.7183727026865978,-1.9033856982824908,-0.499508357722448,-0.16735145312542193,-0.3499021684490825,-1.0719623851542366,-0.6726812327406927,0.5601654849041098,-0.14069726974534374
1.405186501753019,-1.1750369914631302,-1.0373960514499319,-1.4744743816306856,-0.3358649572079972,-0.1647097951492396,-0.34692221861923295,-0.9119378749640688,-0.18910437594153587,0.48020993049127536,-0.13567978023997954
0.8345352165276132,-0.478121056738785,-0.7615515808647353,-1.1241243113230706,-0.17129000033388161,-0.20019838453979427,-0.34428610915436614,-0.7939056121287676,-0.29809708718901423,0.5954399942038892,-0.14116765938647166
-0.2534324584389261,-0.8327700653286305,-0.8465869931104171,-0.0259380503067613,-0.41644458231900283,-0.148894605949727,-0.34279613423944133,-0.2548159501406138,-0.24673270602640948,0.19331058818639751,-0.11090592580724375
0.8527730643762482,-0.938084252516332,-0.6646080483349691,-0.7387508837270358,-0.4079053156887421,0.08781185217924198,-0.33786775567469024,-0.641825581167899,0.2932196910731672,-0.10769855783839292,-0.06637570644713639
-0.49188461604469086,-0.786611323817305,-0.7468646403955056,0.40085448357089015,-0.25311170059110705,-0.17114014680178868,-0.3419938400544819,0.0743124750732064,0.08400379706938692,-0.08888548621184353,-0.07766505783420587
0.06342836055993367,-0.9228876276840255,-0.8808619635741995,-0.2326446362824514,-0.200634025663323,-0.24865195320819114,-0.343139974604424,-0.38533239462195634,0.1478960760765294,0.20977202585962745,-0.10871077414864691
1.4719616407236114,-0.752512219653666,-0.7045447037127532,-1.1511948297667725,-0.11291246846155392,-0.08142805158433364,-0.345317630249314,-0.8029850169622523,0.9120978445933317,0.016938041687496602,-0.07327475451701218
1.2571812634604493,-0.5023774916829626,-0.577042431908387,-1.128441647675708,-0.5406520969409769,-0.0734683189982053,-0.34669299170924456,-0.7950405377329532,0.11657633146518505,-0.02774300342555849,-0.07766505783420587
1.1288841575209962,-1.0456025203857973,-0.8566967207748036,-0.8834960782213007,0.5578081104971059,-0.161338205363849,-0.34692221861923295,-0.7019766381897351,0.9120978445933317,0.016938041687496602,-0.07327475451701218
0.607287347844414,-0.5790339304284644,-0.8267897858575726,-0.957432210484054,-0.6513520443478112,-0.17127918143211407,-0.34909987426412303,-0.7314847038985604,-0.26301897322430856,0.6307145035036706,-0.14728272472113427
1.3918270448838228,-0.7232576997497845,-0.23511412395223016,-0.5951958240571751,1.881394438187516,0.07842701463227846,-0.33064710801005487,-0.5771348217293205,1.0899939939857677,-1.187098542411664,0.12570006368008724
1.3420011624157417,-0.41039029754060985,-0.7296325245651251,-1.5936376361662672,0.07510665679745926,-0.17913463804549837,-0.3462345378892677,-0.9505253455063787,-1.1124104470839675,0.44728705514481343,-0.1399132870101306
2.3048579913155147,0.23720424231866888,-0.31901732966224905,-1.9333649096168515,0.7001809741325435,-0.08181039681772843,-0.3348878058448407,-1.0889862692170202,-1.124938344928505,0.42612234956494455,-0.13834532153970427
1.9277156953482077,-0.4659159408192218,-0.5634441774584933,-1.4982098950340772,0.5464741747878507,-0.11020822006168844,-0.3410769324145282,-0.9198823541933678,0.7041347403740051,-0.02774300342555849,-0.07970341294576005
2.0956550045459292,-0.19200374425667208,5.279843751547461,-1.4697064212833535,-0.19954720991038077,25.069206642468714,-0.34669299170924456,-0.9096680237556976,0.6903540527450136,-0.5098279638558867,-0.03031250062733113
0.27098842988987965,-1.06282406678824,-0.9826412814280311,-0.5815818341495532,-0.1827791954364142,-0.03578993418002582,-0.34852680698915195,-0.570325268104207,-0.027494493746998985,0.5484073151375167,-0.13473900095772376
-0.35975318611865903,1.6546587263172767,0.9530337373320733,0.2910914931978157,-0.007165295700270702,-0.19338568765385036,0.25686146229027634,-0.01988635007419732,0.5876252904198042,0.12511320354015618,-0.09742142276157742
1.7733986367495866,-0.8406104159111258,-0.7183727026865978,-1.268452630492942,0.3497605235052993,-0.2069763227681568,-0.34474456297434297,-0.8438423387129336,1.231559239629044,-0.11945672760498605,-0.054145575777811115
1.5251392118894855,-0.8347161298583138,-0.7353301767567613,-1.1256887210444062,1.8821707351539032,-0.21253770798117225,-0.3477245128041925,-0.7939056121287676,1.265384563809296,0.04045438122068283,-0.06355336860036902
1.115563181341632,-0.2684552616600423,-0.47294468485132096,-0.002182809281260648,-0.446720164008109,-0.052613124449397475,-0.3206757374255584,-0.2411968428903868,0.06897031965594162,0.2826726784125056,-0.11231709473062744
0.08035953590044448,-0.5651637190115731,-0.6909811186934353,-0.2171627459319827,-0.26630874901969176,-0.01889722659549144,-0.3423376804194645,-0.37625298978847166,0.5099523237836702,0.3602765988720227,-0.11278748437175533
0.6099260469600924,-0.9012913288739088,-0.6882992482620429,-0.38737576039662436,0.4357742273810162,0.016904190713295342,-0.3376385287647018,-0.47158674054006094,0.749235172614341,-0.21117045178441568,-0.038936310714675855
2.2440444792371745,-0.14172813499291387,-0.5747578763615526,-1.8755497523112565,0.21002706955557848,-0.19710486401505445,-0.34864142044414614,-1.0583432779040094,-0.22418248990624154,0.5836818244372961,-0.141010862839429
1.0672396631915597,-0.37166171107952195,-0.6194749138304192,-1.0823415403541599,-0.4687669978535094,-0.25139788715711753,-0.3446299495193487,-0.7780166536701695,0.37966218620047765,0.39319947421848467,-0.11608021185965059
0.46505976154419243,-1.3182793784731128,-0.7735240825260703,-0.13845141797151728,0.41233005899611863,0.07321321599507652,-0.34119154586952233,-0.3274511888084914,0.39845403296728427,-0.782617502440853,0.011395380886008864
2.0347454819580717,-0.37461184799828295,-0.5545213694421455,-1.6602541909545931,0.8108809215393777,-0.038605385444114876,-0.34268152078444714,-0.9732238575900904,0.22682183249711718,0.059267452847232234,-0.10087094679651532
1.525630692040522,-0.2684552616600423,-0.47294468485132096,-0.002182809281260648,-0.45137794580643303,-0.052613124449397475,-0.3206757374255584,-0.2411968428903868,0.06897031965594162,0.2826726784125056,-0.11231709473062744
2.099931494473758,-0.53545564351655,-0.6098236916982217,-1.6178235924470492,1.314387133938205,-0.2326629707207718,-0.34016002477457447,-0.9584698247356778,0.4648518915433343,-0.1029952899317561,-0.07829224402237639
1.8446719592814596,-0.190786772799575,-0.45538069276159304,-1.6109532644974731,0.6369904010686143,0.03115524032164734,-0.3413061593245166,-0.9561999735273067,0.3621231292181248,0.39084784026516517,-0.11576661876556534
1.2172786941187717,-0.5673584061362423,-0.7497778021249888,-1.2911505551192641,-0.1188123254060976,-0.021677919201999154,-0.34428610915436614,-0.850651892338047,0.14413770672316809,0.522539341651011,-0.1316030700168711
0.6911967892888194,0.4561771961399033,0.6050878667365429,-0.18253379041942644,-0.12191751327164702,-0.24552367402586997,-0.34577608406929083,-0.3546894033089455,-0.5273576177440549,-1.6903482084218602,0.18324439644473303
0.3471451186869877,-1.036457060020761,-0.25809115730526067,0.3893282336207106,0.8701900097713703,-0.24065746196448148,-0.34096231895953394,0.06409814463553612,-0.3444503092138039,-2.148916829319002,0.4403907335946488
-1.1424837209204168,-1.151125143513035,-0.5391715365326295,2.0168487097352292,0.09979290032857657,0.004391073984010629,-0.2905323987620806,2.5711488042814983,1.6800579824634954,-1.187098542411664,0.16772153828751254
-0.37137204850275385,-0.7438268240614669,-0.6317265808058178,0.434633192354052,-0.28959765801131193,-0.13082010400742686,-0.3422230669644703,0.10382054078203166,0.1328625986630841,-0.44868548106960165,-0.03501639703861008
-0.06292638143285567,-0.9556095941451821,-0.9867063577916656,-0.39092510155455235,-0.24705658425328583,-0.1798298111971253,-0.3446299495193487,-0.47385659174843214,-0.2905803484822916,0.6377694053636269,-0.14681233508000638
-0.15486762312049523,-0.9789729231478151,-0.9095266265509921,0.025588167816984402,-0.4048001278231928,-0.10767083805825015,-0.3477245128041925,-0.21963325641086065,0.6703094161937533,0.3626282328253421,-0.11435544984218164
1.044665227678162,-0.3433710754854562,-0.785702130707967,-1.6206060149703159,-0.2163152243843472,-0.12074009330883641,-0.34485917642933717,-0.9596047503398634,-1.7124967538373252,0.7106700579165051,-0.1676662758366764
1.1056977737190665,0.11047427728512949,0.4979703659837848,0.08474873359406906,-0.48739812504680546,-0.16818566090737425,-0.3488706473541346,-0.17764100905599392,2.4793378649450033,-1.6150959219156635,0.29974423089740826
2.1146364677874168,-0.2684552616600423,-0.47294468485132096,-0.002182809281260648,-0.15017472284814604,-0.052613124449397475,-0.3206757374255584,-0.2411968428903868,0.06897031965594162,0.2826726784125056,-0.11231709473062744
1.1356459606034421,-1.4523207775365417,-1.0330307830021928,-0.9247484536997043,0.9350884361613518,-0.23419235165435107,-0.3445153360643545,-0.719000522252519,0.5325025399038381,-0.16413777271804114,-0.0798602094928027
-0.8446420462975258,-0.9156936626703989,-0.994907072065869,0.29921927744736004,-0.5940613282284257,-0.1739208394082964,-0.34371304187939505,-0.011941870844898209,-0.5586773623553992,0.727131495589735,-0.15716090718482004
0.25449887642732183,-0.7921412624636193,-0.6317265808058178,-0.20385032074668052,-0.2246992316213305,0.05374836774952252,-0.34543224370430825,-0.3683085105591725,0.15541281478325206,-0.279367836430657,-0.05602713434232269
-0.7435977311235398,-1.0679625485434698,-0.994907072065869,0.2895614201150244,-0.3721956552349246,-0.1833056769552599,-0.3444007226093603,-0.01988635007419732,-0.726551193472205,0.34381516119879274,-0.13191666311095637
0.4381624760094535,-0.9998390258601237,-0.830051188771293,-0.401282868909523,0.48949397745502,-0.2184119211124198,-0.34210845350947605,-0.4795312197693601,-0.02373612439363766,-0.3287521494503489,-0.06637570644713639
1.4865860977470682,-0.6311549891772057,-0.6776720250141622,-1.2905517271811218,1.2870614807213707,-0.18723340526195206,-0.34073309204954555,-0.850651892338047,0.37339823727820876,0.12276156958683673,-0.0828393438866127
2.073821837688213,-0.4253137944399491,-0.6963754708047661,-1.7561682009208954,1.73156912367476,-0.23196779756914487,-0.34142077277951083,-1.007271625715658,0.3508480211580408,0.5131328058377352,-0.13128947692278586
0.02422990857448458,-0.5540354168259441,-0.5793343689076136,-0.021124884675844984,-0.24845391879278295,-0.1537608180111155,-0.34325458805941816,-0.25141117332805707,0.11031238254291617,-0.2511482289908319,-0.060731030753601645
-0.37004500436402904,-0.8855337779879034,-0.970583984609802,-0.14339342456072615,-0.3905162636416658,-0.18758099183776553,-0.3461199244342735,-0.3308559656210482,-0.5336215666663238,0.5366491453709236,-0.15167302803832797
0.04555566435705391,-0.2684552616600423,-0.47294468485132096,-0.002182809281260648,-0.45293053973920766,-0.052613124449397475,-0.3206757374255584,-0.2411968428903868,0.06897031965594162,0.2826726784125056,-0.11231709473062744
-0.32219618163958635,-0.8402807210739459,0.1484017073769268,-0.6125433979634792,-0.3349334008483324,0.1309125875801115,-0.3464637647992561,-0.5850793009586197,-1.7074855946995102,0.8306033895357577,-0.17284056188908323
-0.3948899931686842,-1.370116867331894,-0.9785993680183783,0.5037294632998515,-0.45820935911064165,-0.022164540408138027,-0.34520301679431975,0.16737637461642454,1.0235961354097176,-0.11005019179171238,-0.07343155106405479
-0.10198197786452548,-0.5209942445627394,-0.6543273773118391,0.019585677061456055,-0.30388152219283887,-0.12491113221859798,-0.34520301679431975,-0.224172958827603,0.6665510468403919,0.2709145086459125,-0.1018117260787711
1.094819075033162,-0.7091389777846999,-0.8499409184325841,-1.1973373312515962,-0.03450647485643286,-0.189631752635065,-0.34749528589420403,-0.8188739754208506,0.16543513305888224,0.489616466304549,-0.13583657678702218
-0.712626805775984,-0.9129297768202179,-0.898641187097735,0.41926616417194723,-0.43554148769213136,0.016209017561668416,-0.34554685715930245,0.09020143353180463,0.21805230400594075,0.5295942435109673,-0.13270064584616953
-0.7700166632986877,-1.417166645382685,-1.10151033651795,0.3546942103572862,-0.5363048339292078,-0.13151527715905378,-0.34566147061429664,0.034590078926710864,-0.6576477553272474,0.30148575003905503,-0.1279967494348906
0.16490861225130093,-1.0076981793946256,-0.8950495141882203,-0.31768189342989483,-0.25047229090539014,-0.0025258988746773145,-0.34692221861923295,-0.4341341956019366,0.09903727448283221,0.13922300726006667,-0.11027873961907322
-0.7905093651158801,-1.459728679462954,-1.0641672996937632,0.6102159225986762,-0.724013440401666,-0.039404834568485834,-0.34474456297434297,0.27065460459731294,0.1328625986630841,0.23799163329945053,-0.10698601213117798
0.08139130448464667,-0.7077058131284331,-0.7887795927329471,-0.2079525039228944,-0.32903354390378864,-0.21806433453660634,-0.34268152078444714,-0.3705783617675437,0.45482957326770407,0.27326614259923193,-0.1131010774658406
-0.606067515973511,-1.274167325723142,-1.041788349595853,0.30804133183338733,-0.6867511860150738,-0.18886706216827534,-0.3441714956993719,-0.005132317219784686,0.037650575044597276,0.43552888537822027,-0.12219527719431321
-0.43054657095313836,-1.3161677974415573,-0.5955886879026497,0.8821643756486577,0.3347003623573849,-0.24065746196448148,-0.34016002477457447,0.5691400384981223,-0.7014953977831295,-1.8972919963139037,0.2570955701018125
0.484336845264879,-0.8877480850718018,-0.3334780455180185,0.056478973799864475,0.7577822090384838,0.08954978505830931,-0.3366070076697539,-0.19806966993133449,0.56632786408409,-1.208263247991533,0.09888785413579727
-0.27118464208177717,-0.7570594284877111,-0.898641187097735,-0.2776161956306969,-0.43647304405179616,-0.21597881508172553,-0.34497378988433136,-0.41143568351822485,-0.8856554960978343,0.4425837872381766,-0.14132445593351428
-0.20254796671612474,-1.2249686449041977,-0.970583984609802,0.18940324434487396,-0.3374175511407719,-0.14646149991903273,-0.34554685715930245,-0.100466067971374,0.7404656441231646,0.06632235470718852,-0.09506947455593796
-1.0359718173187153,-0.6353300129766775,0.7432961497505386,2.4451428293074535,-0.6883037799478484,-0.19964224601849273,-0.3413061593245166,3.7866541263642617,-0.6801979714474153,-3.8209285701285784,1.8405838986853484
0.08569028223916507,-0.9070692217413707,-0.8773589743114121,-0.334331114183029,0.9226676846991545,-0.11622146782326137,-0.3429107476944355,-0.4432136004354213,-0.34069193986044255,0.0992452300536505,-0.11090592580724375
0.6825863401576704,-0.8263491531030441,-0.8075301263050515,-0.7620762888708843,0.022628981869675237,-0.14958977910135393,-0.345317630249314,-0.6520399116055693,-0.14149836413229244,0.028696211454089716,-0.09648064347932163
-0.5266555879110082,-0.5304750859567816,-0.6292592604603617,0.5488511393997265,-0.4549489118518148,-0.22084502714311405,-0.3419938400544819,0.21050354757547685,0.95469269726476,0.10159686400696787,-0.08895440922127534
0.5210898845938939,-0.4929533661715193,-0.7585897649369306,-0.8560739893328576,0.40565390508518767,-0.2017972827885362,-0.34738067243920984,-0.6917623077520648,-0.2580078140864934,0.5813301904839787,-0.13787493189857639
2.3752052130413457,0.08888275563552175,-0.43448790347551736,-1.8892191371986429,2.2936081273391924,-0.180003604485032,-0.34485917642933717,-1.0640179059249375,0.1428849169387143,0.6048465300171649,-0.14320601449802584
-1.295398136116754,0.12665286959803085,-0.7324756301112366,0.15209278927079975,-0.1257989981035836,-0.1020051768724907,-0.3194149894206221,-0.12883920807601368,-2.6721337287289164,1.2444909653198446,-0.20467026093873744
-1.0148420607230304,-0.7989368410919506,-0.8333276559551467,0.9925669918377517,-0.7350368573243662,-0.1836532635310734,-0.34382765533438925,0.707600962208764,0.826908139250475,0.36733150073197895,-0.11608021185965059
0.24782004211997247,1.684896905245966,0.9726123642542531,-0.3227370311288564,-0.44756477510753845,-0.020287572898745297,0.9626511181446344,-0.43640404681030776,0.5024355850769475,0.20977202585962745,-0.10902436724273216
0.5445159876806772,-0.7010832192579346,-0.7439633934712088,-0.5342601434375567,0.4599946927323012,-0.22432089290124868,-0.3434838149694066,-0.5476267560204953,0.6928596323139212,0.2615079728326388,-0.09648064347932163
0.09832214358365206,-0.6512208036794646,-0.8600989041989782,-0.6592123660016976,-0.5432915066266938,-0.06721176063356293,-0.34554685715930245,-0.6066428874381459,-0.8919194450201032,0.5531105830441535,-0.149948266020859
0.4898898567497169,-0.4848468385284115,-0.7949748625417302,-0.9422129918696749,-0.6327209171545151,-0.1940808608054773,-0.3470368320742272,-0.7258100758776325,-0.6401086983448946,0.600143262110528,-0.14979146947381639
-0.4887197440972545,-0.5384417570455791,-0.839926344322073,-0.11303549820856636,-0.515810594016582,-0.1332532100381211,-0.3464637647992561,-0.31269715595407876,-0.7578709380835493,0.6213079676903949,-0.15747450027890533
2.3008565393717997,-0.3142536528726089,-0.558968743785474,-1.8675725964684786,0.5857548012870499,0.08892412922184506,-0.34692221861923295,-1.0538035754872672,0.37966218620047765,0.6989118881499119,-0.15402497624396744
-0.17074568145048433,-0.9066814831292863,-0.9666100028763367,-0.24922148095699515,-0.30558937551889104,-0.22849193181101027,-0.3441714956993719,-0.394411799455441,-0.30686661568019064,0.44963868909813287,-0.14712592817409165
-0.04249859437382331,-1.410483857486159,-0.994907072065869,0.18896093075231535,-0.13620137745317398,-0.18295809037944646,-0.34497378988433136,-0.100466067971374,1.07746609614123,-0.09358875411848244,-0.06433735133558219
-0.9690417866193191,-1.26663339727083,-1.1562946931546974,0.021383784100514548,-0.5940613282284257,-0.10683663027629785,-0.3444007226093603,-0.224172958827603,-1.8966568521520302,0.8400099253490314,-0.18020999960008693
0.35794666916836276,-0.5813044097305295,-0.8235433093252043,-0.9602410803849469,-0.2532669599843845,0.005433833711451022,-0.34382765533438925,-0.732619629502746,-1.0397486395856486,0.6871537183833188,-0.15606333135552164
-0.5943201573385122,-1.6957565622674264,-0.9626581604317156,0.9476741255234014,-0.09397082248170291,-0.06992293592490798,-0.34405688224437764,0.649719756395299,0.6264617737378712,-0.8531665210404128,0.0524760762111783
-0.3778074794639043,-0.8190874186692609,-0.9058795548453891,-0.05337923462008018,-0.6937378587125598,-0.1527180582836751,-0.345317630249314,-0.27297475980758323,-0.2404687571041406,0.5836818244372961,-0.13850211808674692
-1.0235270648878176,-1.1252154430658872,-0.9548199162135099,0.9206891106721579,-0.6845775545091892,-0.1478518462222866,-0.3416499996894992,0.6168069138739171,0.15165444542989073,0.2332883653928137,-0.10463406392553848
-0.8767125122079789,-0.9906979883845779,-0.9470673375813213,0.6169250227299776,-0.5653383404720942,-0.12317319933953065,-0.34485917642933717,0.2774641582224265,0.15416002499879827,0.4966713681645053,-0.12831034252897586
0.12735096134925167,-0.3676916364206725,-0.7675125729532782,-0.7568721741800767,-0.5206236352081836,-0.17764001576950045,-0.3464637647992561,-0.6497700603971981,-1.0698155944125392,0.6024948960638454,-0.15778809337299057
-0.4697337280022983,-0.9024404062418899,-0.839926344322073,0.3012048923791944,-0.44780697976105127,-0.21076501644452358,-0.34405688224437764,-0.011941870844898209,-0.04002239159153673,0.01928967564081397,-0.09412869527368217
-0.2537716400234144,-0.8079735122349733,-0.7887795927329471,0.08926137320262759,-0.5050976958804368,-0.1044035242456036,-0.3444007226093603,-0.17423623224343715,-0.04002239159153673,0.01928967564081397,-0.09412869527368217
0.5115976289511017,-0.5781640090714241,-0.7410739642860714,-0.6904906215908617,-0.05624278991527826,-0.1314457598438911,-0.34577608406929083,-0.6202619946883728,0.20427161637694924,0.45669359095808704,-0.12078410827092954
-0.38545804985751364,-0.2997307705287518,-0.830051188771293,-0.7753991272545732,-0.6881485205545709,-0.11184187696801172,-0.345317630249314,-0.6577145396264973,-2.2812633159793387,0.9223171137151853,-0.1841299132761527
-0.0018908841765917683,-0.7247464202728788,-0.9318118273744446,-0.6334588459280256,0.754211242993102,-0.03332206949175023,-0.34520301679431975,-0.5941587057921044,-0.8643580697621202,0.6848020844299993,-0.1659415138192074
0.5359231443721942,-0.2684552616600423,-0.47294468485132096,-0.002182809281260648,1.1772930896742009,-0.052613124449397475,-0.3206757374255584,-0.2411968428903868,0.06897031965594162,0.2826726784125056,-0.11231709473062744
-0.25779789911262607,-0.5435207318390985,-0.7645258153442714,-0.3313108332890097,-0.5943718470149807,0.0036959008323837004,-0.34382765533438925,-0.4420786748312357,-0.9883842584230438,0.48020993049127536,-0.14461718342140953
0.1456769273868907,-0.7690685601585542,-0.9131925462560689,-0.6207109911942287,-0.6251132068839191,-0.14458453240964003,-0.34783912625918667,-0.5884840777711764,-0.6275808005003568,0.4919681002578685,-0.14885069019156058
0.025723713046998914,-0.677824957278136,-0.785702130707967,-0.23145894899206781,-0.3568249753004553,-0.040795180871739695,-0.34405688224437764,-0.38419746901777074,0.39720124318283045,0.44728705514481343,-0.12329285302361163
2.240598629466945,0.0577473685262529,-0.3962336245937712,-1.8275849542343539,1.1571093685481304,-0.13533872949300188,-0.33901389022463235,-1.0356447658202976,0.2105355652992181,0.4990230021178248,-0.129094325264189
-0.9302387158387816,-1.0790268607082234,-0.25809115730526067,2.5851102373636667,-0.07689228922118144,-0.021087022023116294,-0.3433692015144124,4.266727656934766,6.488265175197081,-1.5304370995961913,0.4174984377264246
2.170977891655414,-1.0042412321866847,-0.8267897858575726,-1.6975356888890187,2.7392025860455242,0.007727905111819902,-0.34566147061429664,-0.9857080392361319,0.1629295534899747,-0.0841822183052067,-0.08111458186914376
2.282887529168015,-0.309355261046872,-0.24650961213567552,-1.6082387064943284,4.215719416114241,-0.20826239309866665,-0.34497378988433136,-0.9561999735273067,-0.3682533151184256,-1.0248357996326758,0.02535027357280307
-0.2796632436177623,-0.15960019207206383,-0.6646080483349691,-0.6429889477416023,-0.4745115954047757,-0.08876212833399773,-0.34566147061429664,-0.5986984082088467,-1.8991624317209377,0.6848020844299993,-0.16170800704905636
-0.2419103303683055,-0.7800155539544535,-0.898641187097735,-0.2660174019245851,-0.5404968375476994,-0.16401462199761266,-0.3434838149694066,-0.4046261298931113,-0.5561717827864917,0.6119014318771212,-0.14022688010421586
-0.27340117078791126,-0.5109896396111622,-0.7887795927329471,-0.18041645062676018,-0.4948505759241239,-0.23440090359983912,-0.3458906975242851,-0.3535544777047599,-0.25675502430203967,0.6260112355970316,-0.14461718342140953
-1.2388653146581015,-0.5873027760113062,-0.7918704642208554,1.0539946190894056,-0.7291370003798223,-0.2147622620663784,-0.3430253611494298,0.7870457545017551,-0.3181417237402746,0.5507589490908341,-0.1344254078636385
-0.15450811374403522,-1.1109315746308845,-0.340000885817108,0.7921505005551384,-0.5277655672989471,-0.17774429174224451,-0.34371304187939505,0.46472688291304837,-0.3720116844717869,-2.047796569326299,0.39476293840524296
0.11718925512119326,-0.6335355042331553,-0.8465869931104171,-0.49796931477353684,-0.08620785281782943,-0.19338568765385036,-0.34325458805941816,-0.5294679463535259,-0.30436103611128307,0.42612234956494455,-0.14508757306253742
-0.28641231725072824,-0.8409403763100237,-0.8075301263050515,0.13717145278204285,-0.3107129354970475,-0.19964224601849273,-0.34268152078444714,-0.14018846411786953,0.02762825676896708,0.02164130959413343,-0.09256072980325586
-0.884700662842169,-0.6278060987674288,1.280618909421659,1.3126080138740577,0.9686244651092848,0.15107260897729244,-0.28686476820226586,1.1649759806955555,0.6339785124445938,-0.9001992001067862,0.07568196517348778
2.28154017954578,-0.3914489773535901,0.2747084162552739,-1.230247898186013,1.501785221624108,-0.19140444417171365,-0.343139974604424,-0.8302232314627065,-0.8468190127797673,-2.4052449302307375,0.5071860626348098
0.5363616746274554,-0.6495623163408901,-0.8138920871930067,-0.8708657997109909,-0.6617544236974015,-0.05563712765897459,-0.3481829666241693,-0.6974369357729928,-0.2742940812843925,0.5789785565306592,-0.13756133880449112
-0.9645401060367462,-1.3737367360684387,-0.7183727026865978,1.5324174146820386,0.5356060172584279,0.0016103813775029147,-0.32938636000511856,1.5338268020558714,0.8582278838618194,-1.0365939693992698,0.12491608094487411
-1.225475103986152,-0.5982897588773955,-0.7324756301112366,1.2189811052190649,-0.6674990212486679,-0.20138017889756005,-0.34428610915436614,1.0163007265472437,-0.12145372758103205,0.129816471446793,-0.11184670508949954
-0.6079308692682605,-0.9314434454764356,-0.9666100028763367,0.13208341788669972,-0.5940613282284257,-0.14541874019159234,-0.34279613423944133,-0.1435932409304263,-0.37451726404069446,0.6142530658304386,-0.1435196075921111
-1.159206974844668,0.6530462163401619,0.01775331327993597,0.9247181347146187,-0.6061870868433958,0.05844078652300427,-0.10256633257157277,0.6213466162906593,0.07648705836266427,0.6612857448968131,-0.15057545220902954
-0.14234914163826362,-0.5205410129327873,-0.8566967207748036,-0.7338473480772734,-0.6931168211394498,-0.13221045031068074,-0.34657837825425036,-0.6395557299595278,-1.775136243060014,0.6706922807100868,-0.16311917597244005
-0.27777903906785606,-0.8379802571930389,-0.8235433093252043,0.1890279802553895,-0.37545610249375144,-0.22397330632543522,-0.3434838149694066,-0.100466067971374,0.7003763710206439,0.27326614259923193,-0.10243891226694164
0.07664384185381094,-0.4378295295311058,-0.9095266265509921,-1.2059094069207499,-0.5364600933224852,-0.22233964941911194,-0.34680760516423875,-0.8222787522334074,-2.3150886401595905,0.9787563285948335,-0.1866386580288348
1.4671432964068714,-0.10339311887815181,-0.5032204272461408,-1.494152176082007,0.009431933441090504,-0.22571123920450253,-0.3439422687893835,-0.9176125029849966,-0.1239593071499396,0.4966713681645053,-0.12736956324672005
0.24056084236667055,-0.4328016327543975,-0.898641187097735,-1.3612139546836481,-0.41023420658790416,-0.0839654335877719,-0.34657837825425036,-0.8744853300259444,-2.4478843573116906,0.9552399890616473,-0.18648186148179216
-0.16149147956056317,-0.8605476312381088,-0.9826412814280311,-0.48762632067072187,-0.39750293633915185,-0.22640641235612946,-0.3430253611494298,-0.523793318332598,-1.0347374804478335,0.5930883602505718,-0.15684731409073482
-1.03544377232186,0.013157273416084457,0.5427763053485891,0.2543966910506811,-0.04816930146484987,0.1646284854340175,-0.2932831216819417,-0.04939441578302258,-1.3116040228121175,0.8988007741819991,-0.18303233744685427
-0.5885060409980372,-0.9902224853560468,-0.5032204272461408,1.1897653419215353,1.487811876229136,0.08211143233590118,-0.34852680698915195,0.9765783304007482,1.9882442694391238,-0.8296501815072265,0.055455210604988314
0.2741063631099666,-0.6175377777062194,-0.7296325245651251,-0.36190448779456835,-0.14194597500444026,-0.2382243559337872,-0.34600531097927933,-0.4579676332898339,0.555052756024006,0.32265045561892386,-0.10808358796047637
-0.6830761606553081,-0.5556772860101954,-1.0286922136110144,-0.7278740383058516,-0.5786906482939564,-0.2055512178073216,-0.3434838149694066,-0.6372858787511567,-2.6145053986440425,1.2327327955532494,-0.20467026093873744
0.3283887478395924,-0.9339211494800408,-0.507356613216787,0.047500905984442565,0.44446875340455455,-0.225155100683201,-0.3387846633146439,-0.204879223556448,-0.2692829221465774,-1.2764606326377743,0.12162335345697886
-1.1887244719769403,-0.6787125975237813,-0.7705119595960706,1.134025121112326,-0.7673308111260795,-0.23613883647890643,-0.339357730589615,0.8994033893161282,-0.012461016333553693,0.24974980306604572,-0.11388506020105375
0.15252178688045598,-0.7279906623711699,-0.9131925462560689,-0.5957986678665028,-0.384616406697122,-0.2462188471774969,-0.3462345378892677,-0.5771348217293205,-0.21791854098397268,0.6942086202432751,-0.15402497624396744
-1.0924637475646328,-1.054400620994853,-0.9826412814280311,0.9204676951788088,-0.6996377156571036,-0.16453600186133285,-0.34371304187939505,0.6168069138739171,0.2543832077551002,0.5319458774642847,-0.13332783203434007
-0.756388025684926,-0.7611140225890942,-0.30328821772200193,1.2681768269056461,-0.5988743694200273,-0.18261050380363297,-0.34600531097927933,1.0934756676318635,-0.6513838064049785,-2.137158659552409,0.19124102034390725
-0.7739293262894424,-0.7017876834265308,-0.8203116231700041,0.47946740726616977,-0.5880062118906044,-0.14924219252554047,-0.3434838149694066,0.1446778625327128,0.07899263793157182,0.5013746360711422,-0.126115190870379
-1.0224629448123839,-0.3068382281627543,-0.11933629295306361,1.4814068454652156,1.1308705310842382,0.08986261297654143,-0.30543214791132817,1.44416767932521,1.6662772948345037,-0.3851913643299971,-0.017455183769835333
-0.36018983277127176,-1.0264716131530827,-0.8879202694134994,0.3280560734209755,-0.5238840824670103,-0.19734817461812387,-0.34577608406929083,0.010756641238813532,0.732948905416442,0.12511320354015618,-0.09240393325621324
-0.9325618265330959,-0.3916693947993621,-0.7410739642860714,0.4365982562739152,-0.6063268202973456,-0.1370766623720692,-0.34256690732945294,0.10609039199040285,-0.5975138456734662,0.6589341109434936,-0.14916428328564585
0.3390647339737844,-0.3088145933752269,3.3402951674819663,-0.5579776765344301,-0.816703298188314,2.7740651860384355,-0.34864142044414614,-0.5589760120623511,0.1879853491790502,0.47080339467799964,-0.12501761504108058
0.2680453438984058,-0.15573969224213485,-0.6292592604603617,-0.8289895171675454,-0.6491784128419267,-0.20694156411057546,-0.34256690732945294,-0.6804130517102089,-0.9984065766986739,0.5366491453709236,-0.15104584185015743
1.7257422094526595,-1.1795386391060394,-0.8566967207748036,-1.264515033817748,1.5483630396073484,-0.19818238240007618,-0.34554685715930245,-0.8415724875045624,0.5613167049462748,-0.4087077038631834,-0.03595717632086587
-0.377761017870653,-0.5009355830732116,-0.7072888227409259,0.025261648521212616,-0.6268210602099713,-0.08876212833399773,-0.3445153360643545,-0.21963325641086065,-0.32565846244699725,0.3061890179456939,-0.1236064461176969
1.4653065668367693,-0.6466760228789565,-0.7439633934712088,-1.308302775423024,1.1550909964355234,-0.2503898860872585,-0.3423376804194645,-0.8574614459631605,0.5237330114126617,0.25680470492599994,-0.10714280867822058
-1.1643341358432533,-0.2684552616600423,-0.47294468485132096,-0.002182809281260648,-0.38151121883157263,-0.052613124449397475,-0.3206757374255584,-0.2411968428903868,0.06897031965594162,0.2826726784125056,-0.11231709473062744
-0.8203696757668606,-0.729748262794418,-0.8879202694134994,0.3675380270691941,-0.7153189143781278,-0.2472616069049373,-0.3429107476944355,0.04480440936438115,-0.3995730597297699,0.5954399942038892,-0.14524436960958007
2.217903605692881,-0.4241187941377798,-0.6467134879256301,-1.716711428181996,0.5860653200736048,-0.1522661957351176,-0.34325458805941816,-0.9925175928612454,1.0499047208832468,0.37908967049857206,-0.1181185669712048
0.3936966406420618,-0.9969302859720488,-0.5634441774584933,-0.054680530308378314,1.216728975566678,-0.16870704077109444,-0.341535386234505,-0.27410968541176883,-0.4584541795990973,-1.3117351419375547,0.10547330911158777
-1.1235811539296694,-0.5639868166253804,-0.6990881084667224,1.132742934308285,-0.6159529026805486,-0.18747671586502146,-0.34543224370430825,0.8937287612952003,0.555052756024006,0.317947187712287,-0.10839718105456164
0.1766918140421271,-1.032222957074462,-0.1846681024079853,0.6969849551946312,-0.33943592325337896,-0.17148773337760215,-0.34428610915436614,0.36144865293215994,-0.08261724426296504,-2.43581617162388,0.5140851107046855
1.9373001093006021,-0.36541063637683124,1.0620028995908082,-1.5234860569775375,4.083748931828393,0.1646284854340175,-0.3187273086906568,-0.9278268334226669,0.4473128345609814,-0.07712731644525041,-0.06935484084094641
0.5056675722295164,-0.6553966381378555,-0.7324756301112366,-0.63004037744761,-0.5328891272771035,0.03497869265559545,-0.34738067243920984,-0.5930237801879188,0.41348751038072956,0.41436417979835144,-0.11921614280050323
0.2078573269573233,-0.8668285248391494,-0.7949748625417302,-0.13870014493155094,-0.22004144982300644,-0.23579124990309297,-0.34279613423944133,-0.3274511888084914,0.9559454870492138,0.12511320354015618,-0.08268254733957008
-0.8078664077629465,-0.21098954568695508,1.2515087625967345,0.7770249935990143,0.0279078012411091,0.1757512558600484,-0.3269794774502401,0.44770299885026454,-0.338186360291535,-0.4181142396764591,-0.04536496914342377
-0.6142823714941065,-0.8608940547793322,-0.9355950570575985,0.1380741697486487,-0.5819510955527832,-0.11357980984707905,-0.345317630249314,-0.13905353851368396,-0.4684764978747275,0.5366491453709236,-0.14336281104506848
-0.17781125612986678,-1.1705842757416913,-0.34823969950234496,0.7006185950529389,-0.2574589636028761,0.06730424420624763,-0.3435984284244008,0.3648534297447167,-0.3908035312385935,-1.784413566554607,0.29551072412725726
-0.032510594790569905,-0.5589808991816742,-0.6672016668885667,-0.019976686305618656,-0.3756113618870289,-0.24065746196448148,-0.3446299495193487,-0.25141117332805707,0.7041347403740051,0.2332883653928137,-0.09695103312044955
-0.2524896855348051,-1.1455326223453854,-0.7795869731454886,0.460660563412095,-0.4068184999357999,-0.07117424759783646,-0.3450884033393256,0.12765397846992899,0.3596175496492172,-0.688552144308105,-0.003500291083041129
2.1483100056890714,-0.36956740276999567,-0.6243502174485063,-1.8372036527383782,0.6618319039930091,-0.18799809572874168,-0.34485917642933717,-1.0390495426328545,-0.7353207219633814,0.16509098074657236,-0.11404185674809639
-0.41675728381495775,-0.8022271865977036,-0.7887795927329471,0.3345977586098041,-0.2619614860079227,-0.12317319933953065,-0.3444007226093603,0.017566194863927055,0.6928596323139212,0.2615079728326388,-0.09648064347932163
-0.14029236836789813,-1.046692004573423,-0.8950495141882203,0.10806316936587797,-0.5224867479275132,-0.18747671586502146,-0.34577608406929083,-0.16061712499321013,0.4322793571475361,-0.0653691466786573,-0.0913063574269148
-0.3610330858926959,-0.8516419367360115,-0.8170945932381984,0.2939084301025564,-0.7091085386470292,-0.1652311750129598,-0.34554685715930245,-0.017616498865826145,0.6615398877025769,0.1697942486532092,-0.09898938823200375
2.3237304716403435,-0.5611426235284382,-0.7296325245651251,-1.818198054307266,1.9784315589859334,-0.13064631071952013,-0.3450884033393256,-1.032239989007741,0.2844501625819908,0.2685628746925951,-0.12047051517684429
-0.6399220449228209,-0.9318553568365154,-0.8773589743114121,0.5260891108854129,-0.40883687204840696,-0.1940808608054773,-0.3435984284244008,0.1878050354917651,0.5838669210664428,0.26621124073927566,-0.1076131983193485
-0.39464323982014693,-1.121925097560134,-0.9626581604317156,0.15291748807170064,-0.47389055783166584,-0.1989470728668658,-0.34382765533438925,-0.12770428247182808,-0.14400394370119998,0.14157464121338614,-0.10635882594300745
-0.6640732626199032,-1.3333733000934083,-0.8843823374702707,0.8604079206390006,-0.8096855736121726,-0.20138017889756005,-0.34371304187939505,0.5441716752060395,1.0261017149786251,-0.2699613006173813,-0.04364020712595481
-0.8077517604785688,-1.3773888774630367,-0.8075301263050515,1.317986594021775,-0.611264069003569,0.010647632348652987,-0.34680760516423875,1.1717855343206691,1.2954515186361866,-0.8860893963868747,0.04510663850017466
-0.5713832210010286,-0.8892309674624226,-0.9509330358902909,0.12128890227875681,-0.4224996986568241,-0.2211926137189275,-0.3435984284244008,-0.15153772015972541,-0.2730412914999387,0.6095497979238017,-0.1421084386687274
2.124201578163329,-0.23674719406531397,-0.5634441774584933,-1.7891646358373874,0.9878766298756908,-0.24030987538866802,-0.3391285036796266,-1.0197558073616995,0.04516731375131992,0.44728705514481343,-0.1215680910061427
-0.2531450082506267,-1.2292049371878262,-0.8533107769514622,0.30329045204274946,-0.16958214700782948,-0.07729177133215341,-0.343139974604424,-0.009672019636527035,-0.2316992286129642,-0.6415194652417325,-0.022002283634071668
-1.144656479948487,-1.0971290317777707,-1.0158334829407534,0.8728703976898242,-0.7018113471629882,-0.2316202109933314,-0.34084770550453974,0.558925708060452,-0.25926060387094724,0.5907367262972524,-0.13724774571040585
0.8841377717646285,-0.21248162297174325,-0.40695454227800676,-0.70180875362802,0.07075939378569024,-0.18052498434875222,-0.3444007226093603,-0.6259366227093008,1.0085626579962723,0.13451973935342984,-0.07844904056941901
1.4574889122039678,-0.6192634120472825,0.01577187656099387,-0.2502968665330851,-0.4459438670417217,0.030112480594206986,-0.34485917642933717,-0.3955467250596266,1.770258846944167,-1.8761272907340358,0.3285947955532525
-0.29723924623567355,-1.06282406678824,-0.873873198824525,0.3631721735518984,-0.3127313076096545,-0.2114601895961505,-0.34325458805941816,0.041399632551824384,0.9371536402824071,-0.011281565752328547,-0.0768810750989927
-1.1273696422067028,-0.7794469961767391,-0.9355950570575985,0.623045558818339,-0.678522438171368,-0.14333322073671156,-0.3423376804194645,0.28427371184754,-1.0297263213100183,0.6024948960638454,-0.15308419696171163
-0.6431566715072101,-1.0616908826269498,-0.8950495141882203,0.5070863345251685,-0.14116967803805294,-0.14124770128183078,-0.34382765533438925,0.17078115142898131,-0.07760608512514995,-0.07007241458529412,-0.08660246101563586
-0.2989323509020978,-1.3737367360684387,-0.920581716031163,0.4769271583271632,-0.21833359649695427,-0.2184119211124198,-0.3433692015144124,0.14240801132434164,0.42726819800972105,-0.5803769824554474,-0.018552759599133772
-0.9945783633300134,-1.1154226465386456,-0.9785993680183783,0.8933185165043653,-0.4221891798702691,-0.08528626257586308,-0.34325458805941816,0.5816242201441638,0.5913836597731654,0.42612234956494455,-0.12203848064727059
-0.7485534679335735,-0.7738044026509581,-0.9168775097853047,0.30736899931968054,-0.6982403811176063,-0.06686417405774947,-0.3446299495193487,-0.006267242823970273,-0.09890351146086411,0.6942086202432751,-0.1538681796969248
1.2922399139777276,-0.8289054535237396,-0.7556402642876294,-1.045565428168224,-0.14784583194898407,-0.004646176987139442,-0.34474456297434297,-0.7643975464199424,0.982254072522743,0.14157464121338614,-0.08566168173338007
-1.1107168192417,-1.1278668815332362,-0.898641187097735,1.0305523231930034,-0.589558805823379,0.08398839984529388,-0.34210845350947605,0.754132911980373,0.3571119700803097,0.3979027421251215,-0.12062731172388691
2.0162836838580787,-0.31884202760240976,-0.7045447037127532,-1.8520922483144897,0.2826884656094333,-0.017854466868051047,-0.34382765533438925,-1.0469940218621536,-0.43715675326338316,0.7224282276830981,-0.15684731409073482
0.10050549963116939,-0.5465664396468769,-0.6963754708047661,-0.26636254537128506,-0.5484150666048503,-0.1775357397967564,-0.34669299170924456,-0.4046261298931113,0.30950595827106625,0.34381516119879274,-0.10918116378977481
0.7930184252495376,-1.0749156854257014,-0.6990881084667224,-0.5205937191802188,0.42133510380621175,0.0325455866249012,-0.3435984284244008,-0.5408172023953818,0.04015615461350482,-0.705013581981337,0.002144384610493612
-0.00012889046291130471,-0.4818134325814148,-0.8012247169285983,-0.4981257869576243,-0.5420494314804741,-0.129429757704173,-0.3470368320742272,-0.5294679463535259,-0.4772460263659039,0.6024948960638454,-0.15496575552622321
0.2319161211926888,-1.1045999831582847,-1.0115985217998364,-0.5575217037596131,-0.4807219711358744,-0.031862205873333646,-0.34783912625918667,-0.5589760120623511,-0.10892582973649431,0.45904522491140654,-0.1419516421216848
0.698643673282135,-0.20788080089927446,-0.56794802677372,-0.9245145674740961,-0.6515073037410886,-0.14472356703996542,-0.34749528589420403,-0.719000522252519,-0.03751681202262918,0.5154844397910547,-0.1300351045464448
-1.2800304862384777,-0.9845590889806974,-0.9587282119633659,1.1234709314794742,-0.724013440401666,-0.1718353199534156,-0.3417646131444934,0.8812445796491588,-0.6200640617936342,0.38144130445189156,-0.13081908728165795
1.1901555349923707,-0.2684552616600423,-0.47294468485132096,-0.002182809281260648,0.404101311152413,-0.052613124449397475,-0.3206757374255584,-0.2411968428903868,0.06897031965594162,0.2826726784125056,-0.11231709473062744
-0.42392441149174814,-0.2684552616600423,-0.47294468485132096,-0.6847629616713392,-0.16414806824311823,-0.052613124449397475,-0.3206757374255584,-0.2411968428903868,0.06897031965594162,0.2826726784125056,-0.11231709473062744
0.40021478730913373,-0.2684552616600423,-0.47294468485132096,-0.002182809281260648,0.2829989843959883,-0.052613124449397475,-0.3206757374255584,-0.2411968428903868,0.06897031965594162,0.2826726784125056,-0.11231709473062744
-0.45847929369444285,-0.8334177268281002,-0.8203116231700041,0.30405968707563646,-0.6971535653646641,-0.02202550577781262,-0.3434838149694066,-0.008537094032341448,0.5475360173172834,0.34381516119879274,-0.11074912926020114
-0.16327171857984238,-0.6086423701004209,-0.7735240825260703,-0.2737700811712081,-0.5512097356838446,0.05131526171882827,-0.3439422687893835,-0.40916583230985365,-0.18910437594153587,0.6330661374569879,-0.14587155579775057
0.10327980272861653,-0.2684552616600423,-0.47294468485132096,-0.002182809281260648,-0.4793246365963772,-0.052613124449397475,-0.3206757374255584,-0.2411968428903868,0.06897031965594162,0.2826726784125056,-0.11231709473062744
0.6479368434954852,-0.37440041789651407,-0.8704044687626401,-1.4744743816306856,-0.2745374968633975,-0.009060526499970412,-0.34405688224437764,-0.9119378749640688,-1.6886937479327035,0.9905144983614266,-0.19040177515785797
0.7819475605420808,-0.2684552616600423,-0.47294468485132096,-0.002182809281260648,-0.22625182555410514,-0.052613124449397475,-0.3206757374255584,-0.2411968428903868,0.06897031965594162,0.2826726784125056,-0.11231709473062744
-0.47340616335636837,0.5411923071208228,5.35791426424132,0.8794625071080312,-0.48957175655269003,22.17308053413335,-0.3434838149694066,0.5668701872897511,1.0223433456252637,-0.8367050833671817,0.03224932164267886
-0.8835527423491336,-0.6152481817332213,-0.8267897858575726,0.49641636985066034,-0.616729199646936,-0.10753180342792477,-0.3441714956993719,0.1617017465954966,-0.15026789262346885,0.6189563337370775,-0.14414679378028164
-0.531000471968393,-0.41491553452519103,-0.5413441381824646,0.3572187202223889,-0.8132565396575543,-0.18678154271339453,-0.3423376804194645,0.03572500453089645,0.3483424415891333,0.2521014370193631,-0.11325787401288323
-0.5480618189184379,-0.5921295553773467,0.15982998031425208,0.9175116646232276,6.013623190267314,0.10254952299373289,-0.2860624740173064,0.6122672114571747,1.4082025992370262,-0.5262894015291166,-0.0024027152537427245
-1.1514829501646953,-0.3489942369520375,-0.8333276559551467,0.40467339531200536,-0.6754172503058188,-0.2316202109933314,-0.3446299495193487,0.07658232628157759,-1.5295894453070742,0.8799877025554497,-0.17629008592402112
-1.168142175828945,-2.8158787639330347,-0.9907948641196017,1.5474385619193536,-0.8640574131379417,0.09719668972620552,-0.35505977392382204,1.5633348677646965,0.17545745133451243,-0.749694627094391,0.012649753262349918
0.08901131530787894,-0.7399389826699494,-0.7296325245651251,-0.13072719192200882,-0.3184759051609209,-0.1005800719116555,-0.3435984284244008,-0.32291148639174905,0.41849866951854464,0.08278379238041847,-0.08456410590408166
-0.5957385017337172,-1.0301222047111669,-0.9470673375813213,0.3724253210184694,-0.3114892324634348,-0.18504360983432727,-0.34405688224437764,0.049344111781123495,0.33456175396014176,0.41201254584503405,-0.11843216006529007
-0.41372878447557004,-0.8952167662106411,-1.0032037033010937,-0.2703538320692227,-0.5265234921527273,-0.12824796334640723,-0.3472660589842156,-0.4068959811014825,-1.014692843896573,0.6471759411769006,-0.1624919897842695
-0.35975237353809,-0.4296448918396698,-0.8012247169285983,-0.31537446184698,-0.5876956931040496,-0.21531840058767995,-0.34566147061429664,-0.432999269997751,-0.9457894057516155,0.727131495589735,-0.15810168646707587
0.40813858504455125,-1.1810502489876216,-0.5199118769801083,0.17826080733723798,2.1305857643978516,-0.2163959189727017,-0.341535386234505,-0.10841054720067311,-0.881897126744473,-2.344102447444451,0.2522348771434909
0.5706488307301978,-0.41154585772319,-0.7072888227409259,-0.8965496409141094,-0.4793246365963772,-0.04371490810857278,-0.34864142044414614,-0.7076512662106631,-0.20539064313943492,0.5930883602505718,-0.1421084386687274
-1.2657107057182573,-1.3524823304969904,-0.970583984609802,1.6558643517822924,-0.5026135455879973,0.00897921678474835,-0.3244579814403674,1.768756402122288,0.9960347601517345,-0.14532470109149173,-0.07641068545786481
0.5136804253466168,-0.7448698438816852,-0.7765490503688202,-0.5139362014486287,-0.3647432043576062,-0.025292819590459207,-0.34738067243920984,-0.537412425582825,0.6865956833916523,0.20271712399967118,-0.10918116378977481
-0.32702861083340395,-0.7193140272886553,-1.0243800186647891,-0.8554860080936006,-0.5658041186519266,-0.19199534135059654,-0.34485917642933717,-0.6906273821478792,-2.256207520290263,1.0116792039412954,-0.1882066234992611
0.20712662774734789,-0.7299999652988554,-0.3079704385777068,0.4642294186946789,-0.2279596788801573,-0.03241834439463521,-0.34428610915436614,0.13105875528248576,1.3605965874277828,-1.1400658633452907,0.14451564932520305
-1.1296818590438966,-0.9184763232408498,-1.2385512852152338,-0.9238137501989215,-0.004541411953881549,0.09511117027132474,-0.3348878058448407,-0.7167306710441478,-2.9941007033335363,2.4602857191855976,-0.2518660215985695
0.7967671745313738,-0.21098954568695508,-0.6342025131071086,-1.1160126771767263,-0.14054864046494314,-0.1621028958306386,-0.3391285036796266,-0.790500835316211,-0.2930859280511991,0.6448243072235811,-0.146969131627049
-0.47450801657396185,-1.3445056648619973,-1.0462080142618737,0.3097466115027237,-0.4311942246803623,-0.1760063588631772,-0.34715144552922145,-0.003997391615599099,0.46735747111224185,0.32500208957224336,-0.11043553616611587
0.7569920321625867,-0.5693947606846036,-0.6317265808058178,-0.7122434176411291,-0.4068184999357999,-0.1815677440761926,-0.34497378988433136,-0.6304763251260431,0.2117883550836719,-0.02774300342555849,-0.07923302330463218
1.4623386375103575,-0.31663319288339525,-0.5979414392606726,-1.6436112229477604,0.25691540632537374,0.04957732883976095,-0.3413061593245166,-0.9675492295691625,-0.9783619401474136,0.46374849281804337,-0.1421084386687274
-0.444742575218667,-0.9306208632460516,-0.8600989041989782,0.36548910025514825,-0.5890930276435468,-0.19199534135059654,-0.34325458805941816,0.04253455815600997,0.63272572266014,0.1886073202797586,-0.0991461847790464
0.42855736257100224,-0.2684552616600423,-0.47294468485132096,-0.002182809281260648,-0.5538491453695616,-0.052613124449397475,-0.3206757374255584,-0.2411968428903868,0.06897031965594162,0.2826726784125056,-0.11231709473062744
1.9814765774876304,-0.5851756618606418,-0.8366193272174948,-1.8022963567373464,1.517311160951855,-0.21020887792322202,-0.34520301679431975,-1.0254304353826273,-0.13648720499447733,0.6565824769901762,-0.14979146947381639
0.140519386775164,-1.0147008424473,-0.8704044687626401,-0.26373851829673994,0.23890531670518744,-0.2291871049626372,-0.34474456297434297,-0.40349120428892576,-0.3231528828780897,-0.18530247829791,-0.08142817496322903
-0.5023092315913411,-0.7141949115354504,-0.9022511383195833,0.05084179419218258,-0.515500075230027,-0.2067330121650874,-0.34566147061429664,-0.20260937234807683,-0.07635329534069618,0.6800988165233626,-0.1533977900557969
-0.46255061815883713,-0.2268235882875168,-0.7268007687719582,-0.5135289484088701,-0.7364341918638634,-0.18539119641014068,-0.3419938400544819,-0.537412425582825,-1.9768353983570717,0.7224282276830981,-0.16750947928963375
0.02543287379607546,-0.6448312300099998,-0.7556402642876294,-0.17886182239441029,0.06625687138064355,-0.22849193181101027,-0.343139974604424,-0.3524195521005743,0.4535767834832503,0.3602765988720227,-0.11231709473062744
-0.45874461396333804,-0.6026945950075011,-0.9470673375813213,-0.7292879690671382,-0.5527623296166193,0.017946950440735736,-0.3446299495193487,-0.6372858787511567,-2.2950440036083304,0.9575916230149647,-0.18789303040517585
-0.131219359305778,-0.9355813171548627,-0.6517803229266033,0.2766072358202226,-0.1393065653187234,-0.007774456169460622,-0.34325458805941816,-0.031235606116053187,-0.1477623130545613,-0.8343534494138634,-0.0025595118007853386
-0.6930130298043948,-0.9435603192239016,-0.7155854539761506,0.7712596683160111,-0.24705658425328583,-0.24378574114680265,-0.34096231895953394,0.440893445225151,-0.19787390443271227,-0.6603325368682819,-0.015573625205323752
0.3845349644446761,-0.2054946441362368,0.3460636586247508,-1.5910407099010078,-0.3642774261777738,0.16532365858564443,-0.341535386234505,-0.9505253455063787,-2.601977500799505,1.2374360634598882,-0.2031022954683111
-0.10614671159903331,-0.6585566883653781,0.8101282019369185,0.0511475686254259,-0.22718338191376997,0.14446846403683658,-0.34405688224437764,-0.20147444674389126,0.16418234327442846,-0.09358875411848244,-0.07452912689335323
-0.7545247679491861,-0.7522463022064291,-0.830051188771293,0.4933773682263412,-0.515500075230027,-0.10092765848746896,-0.34382765533438925,0.15829696978293986,0.07899263793157182,0.38144130445189156,-0.12235207374135584
-0.7933200394169424,-0.8392932256666605,-0.8635174837511633,0.6572286124850725,-0.654612491606638,-0.21006984329289666,-0.3444007226093603,0.3194564055772932,0.6465064102891316,0.40025437607844094,-0.11921614280050323
0.05840397987279862,-0.5315594203738323,-0.6292592604603617,-0.15896736653953994,-0.6796092539243103,-0.18747671586502146,-0.34268152078444714,-0.34107029605871847,0.06521195030258031,-0.00422666389237226,-0.08722964720380638
-0.6866000072976776,-1.237811258209162,-0.9470673375813213,0.6211664165486531,-0.6108293427023922,-0.250042299511445,-0.3434838149694066,0.2820038606391688,0.06020079116476521,-0.14532470109149173,-0.07421553379926797
-0.3255904589499446,-0.9401817779033602,-0.8600989041989782,0.21883234202788682,-0.40262649631730824,-0.10197041821490935,-0.3450884033393256,-0.07776755588766225,0.6252089839534174,0.29207921422578137,-0.10024376060834479
-0.21604086318140414,-1.0439737078498785,-0.9432225916695757,-0.07305495793375669,-0.25311170059110705,-0.07485866530145915,-0.3441714956993719,-0.28659386705781026,-0.12145372758103205,0.3085406518990113,-0.11702099114190638
-0.7765165875870744,-1.3433787155595494,-1.0373960514499319,0.5931476604113074,-0.5119291091846454,-0.12247802618790372,-0.34279613423944133,0.2536307205345292,0.1328625986630841,0.24269490120608944,-0.10651562249005006
-0.17530926450033554,-0.9121435082235838,-0.8843823374702707,-0.007609377829630931,-0.12936996414896546,-0.031201791379288062,-0.34543224370430825,-0.24233176849457239,0.5400192786105608,0.4214190816583077,-0.12109770136501481
0.4077181323887298,-0.589440993026439,-0.7439633934712088,-0.52669276866066,-0.5310260145577739,-0.11910643640251313,-0.34600531097927933,-0.5442219792079386,0.5400192786105608,0.4214190816583077,-0.12109770136501481
-1.045740773960293,-0.7180893752163716,-0.8267897858575726,0.8643287172609689,-0.5670461937981464,-0.24170022169192187,-0.3398161844095918,0.5475764520185962,0.16794071262778978,0.46845176072468225,-0.12486081849403795
0.1974281443485452,-0.6606770130426507,-0.8170945932381984,-0.5070701476413938,-0.6971535653646641,-0.21083453375968628,-0.3476098993491982,-0.5340076487702683,-0.30436103611128307,0.28737594631914454,-0.13144627346982848
0.8809874529486349,-0.6227366427621912,-0.8203116231700041,-1.1545565550284556,-0.34021222021976627,-0.08354832969679576,-0.34554685715930245,-0.8041199425664379,-0.44843186132346713,0.43552888537822027,-0.14132445593351428
-0.3869201835055345,-0.7586764535337649,-0.873873198824525,0.018319966979385097,-0.45075690823332315,-0.19755672656361195,-0.34371304187939505,-0.22530788443178856,-0.019977755040276338,0.5531105830441535,-0.13520939059885165
-0.6711987359084899,-1.224126618270455,-0.9867063577916656,0.1623068398554238,-0.7879803104319826,0.06139527241741874,-0.3481829666241693,-0.12089472884671457,-0.8192576375217843,0.40025437607844094,-0.13709094916336323
-0.6027723659753065,-1.0946686891682256,-0.9548199162135099,0.35124360367891966,-0.3585328286265075,-0.23613883647890643,-0.34325458805941816,0.0311853021141541,-0.17031252917472925,0.16744261469989183,-0.1076131983193485
-0.6900458493811977,-0.5908726967575525,-0.8267897858575726,0.18268796259010844,-0.5375469090754276,-0.13777183552369612,-0.3434838149694066,-0.10614069599230193,-0.5060601914083407,0.6354177714103074,-0.14540116615662269
0.07155027633713477,-0.48637200662762603,-0.6672016668885667,-0.32338605242114615,-0.547328250851908,-0.15515116431436934,-0.34428610915436614,-0.43753897241449335,-0.2793052404222076,0.16744261469989183,-0.1096515534309027
0.6860029436376947,-0.754913276555478,-0.7497778021249888,-0.7199111871285198,-0.1377539713859486,-0.0011703112290047998,-0.34554685715930245,-0.6338811019385999,0.3596175496492172,0.24974980306604572,-0.09945977787313165
-0.5569070515182039,-1.0096867552078534,-1.10151033651795,-0.3410697884995962,-0.5364600933224852,-0.11413594836838058,-0.34382765533438925,-0.44661837724797804,-1.3078456534587561,0.948185087201691,-0.1861682683877069
-0.23049156908742907,-0.8040331225707105,-0.7826379622968803,0.18054234743200645,-0.20901803290030627,-0.15237047170786164,-0.34382765533438925,-0.10727562159648751,0.7592574908899712,0.2332883653928137,-0.09256072980325586
-1.1559717728497965,-0.8800498163959568,-0.7410739642860714,1.0583989835349092,-0.7056928319949248,0.08051253408715923,-0.3446299495193487,0.7938553081268686,-0.2930859280511991,0.12040993563351728,-0.10651562249005006
0.05497658307877821,-0.9693767653541283,-0.5862549494995819,0.22039426254683445,-0.3107129354970475,-0.054003470752651335,-0.3444007226093603,-0.07549770467929108,-0.11518977865876318,-1.0365939693992698,0.06172707248669358
-0.3669495906774341,-0.5038244935869666,-0.7705119595960706,-0.028695270423134314,-0.437404600411461,-0.11448353494419404,-0.34577608406929083,-0.257085801348985,-0.013713806118007469,0.6048465300171649,-0.14289242140394057
-1.2756802763400095,-1.3433787155595494,-1.1258891579268369,0.7779012572137725,-0.5839694676653903,-0.07173038611913797,-0.3446299495193487,0.44997285005863574,-1.492005751773461,0.6071981639704823,-0.15653372099664953
-0.020445903454439543,-1.0611254638855847,-0.9587282119633659,-0.17053863803935548,-0.48615604990058575,-0.21855095574274516,-0.34669299170924456,-0.34787984968383195,0.41348751038072956,0.41436417979835144,-0.11921614280050323
-0.2008251380373071,-0.9974136439196728,-0.9131925462560689,0.03645070417796731,-0.33213873176933795,-0.17565877228736373,-0.34543224370430825,-0.2128237027857471,0.3145171174088814,0.23563999934613314,-0.1096515534309027
-0.058564962964115584,-0.846925567711273,-0.830051188771293,-0.003235732540779443,-0.5213999321745709,-0.20589880438313507,-0.34600531097927933,-0.24006191728620122,0.621450614600056,0.1556844449332987,-0.10369328464328269
1.2189076704608952,-0.2684552616600423,-0.47294468485132096,-0.002182809281260648,1.0080603510017614,-0.052613124449397475,-0.3206757374255584,-0.2411968428903868,0.06897031965594162,0.2826726784125056,-0.11231709473062744
0.5216831863764048,-0.6383384412819428,0.38484244121803207,0.5535502209769051,-0.6367576613797292,-0.24409856906503477,-0.345317630249314,0.21504324999221922,-0.7804211542037173,-3.228316813892273,0.9717742315221272
-0.6757596816478668,-1.1910140621084657,-0.3206095949416996,1.3441480002341304,-0.3065209318785559,-0.2413526351161084,-0.3444007226093603,1.2126428560713503,-0.6589005451117012,-2.271201794891573,0.5040501316939572
-0.7616823594869778,-0.599936026919243,-0.6492423814566772,0.5453590888924531,-0.5653383404720942,0.030807653745833878,-0.34279613423944133,0.2070987707629201,-0.2517438651642246,0.06397072075386906,-0.10102774334355798
0.25727017452513895,-1.0819888823847983,-0.3997892906057805,0.36520770104624317,0.08954578037226374,-0.010207562200154872,-0.3439422687893835,0.04253455815600997,0.023869887415605757,-1.7091612800484095,0.26493539745394407
-0.5564838923099796,-1.4091602834329822,-1.0115985217998364,0.5406845936416091,-0.28664772953904005,-0.21910709426404673,-0.34485917642933717,0.20142414274199216,0.5913836597731654,0.05456418494059541,-0.0748427199874385
-0.4285762805636432,-1.277986894775906,-1.0330307830021928,0.18624243381806235,0.41264057778267366,-0.24309056799517573,-0.34806835316917506,-0.10273591917974517,0.17420466155005865,0.35557333096538585,-0.11545302567148007
-0.10024411743487852,-1.222447739637374,-0.9907948641196017,-0.1310015248472665,-0.6915642272066752,-0.05389919477990727,-0.3423376804194645,-0.32291148639174905,-0.04378076094489805,0.2262334635328574,-0.1096515534309027
-0.43949526031583586,-0.9521306279013702,-0.9168775097853047,0.19116749335860136,-0.3689352079760978,-0.12720520361896684,-0.3417646131444934,-0.09933114236718842,0.3032420093487974,0.4425837872381766,-0.12203848064727059
-0.08311240400082098,-0.2684552616600423,-0.47294468485132096,-0.002182809281260648,-0.5150342970501948,-0.052613124449397475,-0.3206757374255584,-0.2411968428903868,0.06897031965594162,0.2826726784125056,-0.11231709473062744
-0.18307975412452868,-1.2537735040716107,-0.9509330358902909,0.2791051007398167,-0.15669561736579976,-0.09328075381957274,-0.3429107476944355,-0.028965754907682013,0.9847596520916506,-0.08653385225852615,-0.0793898198516748
2.378660576535133,-0.33531857168018747,-0.6098236916982217,-1.8347766199832838,0.6230170556736422,-0.2514326458146989,-0.34566147061429664,-1.0390495426328545,0.5036883748614013,0.4190674477049903,-0.12047051517684429
-0.4629126813679843,-0.480168266462237,-0.7183727026865978,-0.3908062676619139,-0.5495018823577925,0.062090445569045666,-0.34279613423944133,-0.47385659174843214,-1.726277441466317,0.6189563337370775,-0.15700411063777744
2.4350211676365476,-0.5509338796156328,-0.6467134879256301,-1.7406621737730574,0.16624392065133264,-0.25073747266307195,-0.3433692015144124,-1.00159699769473,1.1413583751483722,0.06867398866050799,-0.09146315397395746
-0.01919238016260493,-0.2684552616600423,-0.47294468485132096,-0.002182809281260648,-0.6392418116721688,-0.052613124449397475,-0.3206757374255584,-0.2411968428903868,0.06897031965594162,0.2826726784125056,-0.11231709473062744
-0.7455876698771525,-1.2309117972117598,-1.0073886941074368,0.5839842513809647,0.1463707183118168,-0.036311314043746,-0.30715134973624136,0.24455131570104446,0.3470896518046795,0.24034326725276997,-0.11827536351824744
-0.5791677507650399,-0.7971531845160083,-0.839926344322073,0.39144726781542066,-0.5243498606468427,-0.19859948629105234,-0.3444007226093603,0.0663679958439073,0.48990768723240974,0.3979027421251215,-0.11749138078303428
-1.0443393449898943,-1.3823096070580667,-0.49501971297193736,1.876749550817154,-0.30512359733905864,-0.033495862779656944,-0.34325458805941816,2.2374806766509354,0.13912654758535298,-2.0054671581665633,0.3878638903353672
2.295988252488724,-0.24237449439265457,-0.572480654874035,-1.8623438267254746,0.5127828864466402,-0.2350613180938847,-0.34749528589420403,-1.051533724278896,-0.12145372758103205,0.461396858864726,-0.12282246338248375
-0.014154013750560104,-0.9141120166395911,-0.9509330358902909,-0.35849951407501096,-0.5414283939073642,-0.1760063588631772,-0.34852680698915195,-0.4568327076856483,-0.22794085925960286,0.4402321532848571,-0.14054047319830112
0.11374375099243685,-0.629181739633984,-0.8566967207748036,-0.5331455861763309,-0.3111787136768799,-0.24170022169192187,-0.34474456297434297,-0.5464918304163097,-0.2504910753797708,0.5883850923439329,-0.14963467292677374
-0.5284437649820483,-1.43506998388013,-1.0032037033010937,0.4611076289442166,-0.17144525972715915,-0.12595389194603837,-0.34187922659948766,0.12765397846992899,-0.19411553507935095,-0.340510319216942,-0.06261258931811323
1.0331948012728374,-0.5553483852995654,-0.6646080483349691,-0.9285098588776933,-0.7271186282672153,-0.13116769058324032,-0.3472660589842156,-0.7201354478567046,0.46735747111224185,0.02634457750077026,-0.10008696406130219
1.1887814360415585,-0.6634499450418708,-0.5634441774584933,-0.9431929609325482,0.2954197358581856,-0.014726187685729869,-0.34543224370430825,-0.7258100758776325,0.04266173418241237,-0.4580920168828753,-0.03689795560312166
-0.7921842700545255,-1.4493947235737679,-0.9666100028763367,0.9226395008794637,-0.6257342444570291,-0.21285053589940436,-0.34497378988433136,0.6190767650822881,0.2656583158151842,-0.47220182060278787,-0.02905812825099008
-1.221182256136949,1.289820422268076,0.38543185037878386,0.7136394926369942,-0.6466787366101595,0.03706421211047623,0.5793837246439891,0.3796074625991293,-1.0297263213100183,0.743592933262967,-0.17095900332457165
0.3052427753218755,-1.1071208884251083,-0.641682588226994,0.0916618290993609,-0.3204942772735279,-0.06929728008844373,-0.34485917642933717,-0.17310130663925158,0.20301882659249545,-1.0765717466056872,0.08132664086702253
-0.5405586273351591,-0.6419779640552787,-0.8566967207748036,0.00045887309416506577,-0.5279208266922245,-0.17322566625666946,-0.3422230669644703,-0.23779206607783004,-0.6664172838184238,0.5648687528107467,-0.1463419454388785
-0.8741598395137576,-1.0428914197352994,-0.8914759354255086,0.7652611394090143,-0.5372363902888726,-0.22883951838682368,-0.3446299495193487,0.4340838916000375,-0.10266188081422543,-0.05125934295874472,-0.08675925756267851
-0.10092120704357675,-0.5855294147436649,-0.7645258153442714,-0.15821457359575533,-0.267706083559189,-0.25073747266307195,-0.34520301679431975,-0.33993537045453287,0.2456136792639238,0.4731550286313191,-0.12564480122925112
-0.2958404943935727,-0.7565218354800004,-0.9470673375813213,-0.41255126818546367,-0.511152812218258,-0.10996490945861903,-0.3435984284244008,-0.485205847790288,-1.0347374804478335,0.7506478351229212,-0.16139441395497112
1.7574142348086859,-0.18488862909647308,-0.4251908649655766,-1.530069946053159,0.6573293815879625,-0.2514326458146989,-0.343139974604424,-0.9300966846310381,-0.22794085925960286,-0.10064365597843665,-0.08613207137450797
0.2591014795369036,-0.6936433632207907,-0.7468646403955056,-0.41255126818546367,-0.23525687036419823,-0.23440090359983912,-0.3439422687893835,-0.485205847790288,-0.1865987963726283,0.02634457750077026,-0.09663744002636428
-0.4426043951676645,-1.0691132397862797,-0.970583984609802,0.2109780926563592,-0.16476910581622803,-0.18337519427042262,-0.34405688224437764,-0.08344218390859019,0.24686646904837756,0.317947187712287,-0.12407683575882479
-0.22022280304220784,-1.064529742311856,-0.636687117693356,0.5583232108968101,-0.44703068279466396,0.021075229623056916,-0.3399307978645861,0.21958295240896156,0.5074467442147625,-0.9025508340601047,0.04463624885904675
-0.4347202841177552,-0.730756002080205,-0.8333276559551467,0.16928084321234027,-0.3878768539559488,-0.15237047170786164,-0.3445153360643545,-0.11522010082578663,0.30073642977988985,0.4755066625846365,-0.12627198741742163
0.2036819250588654,-0.5329577954536323,-0.7765490503688202,-0.6276324391998621,-0.4002976054181462,-0.01875819196516607,-0.34566147061429664,-0.5918888545837332,-0.4960378731327105,0.461396858864726,-0.14618514889183584
0.2681031566800274,-0.6464706351518744,-0.6963754708047661,-0.33862002296768406,-0.4433044573560047,-0.016116533988983727,-0.3450884033393256,-0.44548345164379244,0.27066947495299926,0.07808052447378164,-0.09851899859087586
1.1231390713981413,-0.9141120166395911,-0.5136064676036551,-0.2995471741223478,1.082584859774946,-0.012154047024710249,-0.34119154586952233,-0.42391986516426633,1.4407751336328243,-1.3540645530972903,0.07772032028504199
0.3052323527380837,-0.6122151586182888,-0.8499409184325841,-0.8917912114299464,-0.44159660402995254,0.028026961139326203,-0.34577608406929083,-0.7053814150022919,-0.7666404665747257,0.7812190765160658,-0.1632759725194827
0.10138303288086505,-0.7883495689137956,-0.9318118273744446,-0.56609141359511,-0.46410921605518535,-0.19640969086342752,-0.34692221861923295,-0.5623807888749079,-0.3419447296448963,0.6636373788501305,-0.1518298245853706
-0.46449793494962155,-0.6600397624919222,-0.7887795927329471,0.1690974218908199,-0.7235476622218336,-0.23996228881285456,-0.3416499996894992,-0.11522010082578663,-0.027494493746998985,0.3508700630587469,-0.12172488755318533
-0.7968398119449032,-1.0855718132118761,-0.7735240825260703,0.893615234984786,-0.5946823658015356,-0.050527604994516695,-0.3429107476944355,0.5827591457483494,-0.14650952327010752,-0.6415194652417325,-0.01902314924026165
-1.193439394780596,-0.7084217687078548,-0.9745803550908556,0.4466514852638406,-0.7589468038890962,-0.19616638026035807,-0.3399307978645861,0.11289994561551636,-1.7275302312507705,0.7953288802359763,-0.17644688247106377
2.2206507893687544,-0.13050425993396655,-0.5391715365326295,-1.857184314249441,1.4288133067836986,-0.14225570235168983,-0.34187922659948766,-1.0481289474663391,-0.13147604585666225,0.5484073151375167,-0.1344254078636385
0.3079673969101414,-0.6058435948335487,-0.7527029769265087,-0.4583615126909929,-0.6122266772418894,-0.16592634816458673,-0.34657837825425036,-0.5090392854781853,0.4322793571475361,0.4167158137516709,-0.1195297358945885
0.12587557568432436,-0.8933367913044489,-0.8012247169285983,-0.0468388940526364,-0.17144525972715915,-0.22710158550775641,-0.34577608406929083,-0.2684350573908409,1.0261017149786251,0.11100339982024361,-0.08095778532210111
-0.9156806611908672,-0.6341328007857567,-0.7615515808647353,0.692279609152085,-0.7341053009647013,-0.15584633746599627,-0.34268152078444714,0.355774024911232,0.11657633146518505,0.43552888537822027,-0.11796177042416217
-0.4303602374160038,-0.3480021177626026,0.7479058138073653,-0.7418106665951978,-0.35108037774918904,0.20216783562187166,-0.34371304187939505,-0.6429605067720846,-2.273746577272616,0.9622948909216036,-0.1852274891054511
0.4229740523711886,-1.036457060020761,-0.9168775097853047,-0.45240141311554594,0.17742259696731033,-0.1790303620727543,-0.34577608406929083,-0.5067694342698141,0.6201978248156023,0.24974980306604572,-0.10369328464328269
0.16560185923412704,-0.2818929155107983,-0.22250928102522263,-0.7367242998328422,-0.8376633162807722,0.08576109138194254,-0.34738067243920984,-0.6406906555637134,-0.6563949655427936,0.6989118881499119,-0.16703908964850586
0.17484833161118854,-0.5215993345000588,-0.7887795927329471,-0.6626590970823387,-0.5420494314804741,-0.2350613180938847,-0.3445153360643545,-0.6077778130423314,-0.8192576375217843,0.43788051933153765,-0.14132445593351428
0.38633294825859377,-0.9418675655214702,-0.9168775097853047,-0.6129634977583596,-0.12999100172207526,-0.10683663027629785,-0.3434838149694066,-0.5850793009586197,-0.1778292678814519,0.23563999934613314,-0.12219527719431321
-0.25025141364892517,-1.1318764973595707,-0.9548199162135099,0.027987832135129998,-0.4552594306383697,-0.1885194755924619,-0.3376385287647018,-0.21849833080667505,-0.1765764780969981,0.08513542633373793,-0.10196852262581375
-0.030880553491874588,-0.3561082356531569,-0.6543273773118391,-0.3922346726129992,-0.7640703638672527,-0.15960027248478167,-0.3434838149694066,-0.47499151735261774,-0.4258816452032992,0.5248909756043305,-0.1316030700168711
-0.1817885204675722,-0.648735583844172,-0.7155854539761506,-0.1400709893336065,-0.544688841166191,0.01968488331980306,-0.3444007226093603,-0.328586114412677,-0.49102671399489545,0.14157464121338614,-0.11294428091879796
-0.42476937176340474,-1.2317679016259266,-0.9509330358902909,0.33600704206719806,-0.6966877871848317,0.0016103813775029147,-0.3492144877191172,0.017566194863927055,0.6101755065399721,0.2450465351594068,-0.09303111944438373
-0.06667078619320671,-1.209258807699812,-0.6050468798143757,0.5910752294255794,0.1977615774866586,-0.24969471293563156,-0.34268152078444714,0.251360869326158,0.06646474008703408,-1.6103926540090256,0.1716414519635783
-0.5152666892208211,-0.9105754840580286,-0.9131925462560689,0.2370795167241025,-0.5341312024233232,-0.1902574084715292,-0.34371304187939505,-0.06301352303324963,0.13536817823199165,0.40260601003175833,-0.12486081849403795
-0.2896252333843319,-0.8602015004079817,-0.8773589743114121,0.014623880016004278,-0.5186052630955764,-0.05167464069470111,-0.3461199244342735,-0.22757773564015973,0.13536817823199165,0.40260601003175833,-0.12486081849403795
-0.6838175632220385,-0.38826618074502045,-0.7826379622968803,0.10627637287214427,-0.6274420977830811,-0.12803941140091915,-0.3439422687893835,-0.1617520505973957,-0.48601555485708037,0.77181254070279,-0.16217839669018427
0.12404163438669107,-0.2684552616600423,-0.47294468485132096,-0.002182809281260648,-0.47466685479805315,-0.052613124449397475,-0.3206757374255584,-0.2411968428903868,0.06897031965594162,0.2826726784125056,-0.11231709473062744
2.012399720002665,-0.2684552616600423,-0.47294468485132096,-0.002182809281260648,0.7285934431023201,-0.052613124449397475,-0.3206757374255584,-0.2411968428903868,0.06897031965594162,0.2826726784125056,-0.11231709473062744
-0.19503578208443703,-0.9145068560080706,-0.924305367018299,-0.11604623335505208,-0.3403674796130438,-0.09814696588096124,-0.34382765533438925,-0.31383208155826436,0.14413770672316809,0.522539341651011,-0.1316030700168711
2.134525948287101,-0.33772740969896103,-0.4363620231499504,-1.556392328829447,0.6432007767997129,-0.04576566890587222,-0.3464637647992561,-0.9380411638603372,1.2027450745866073,0.05456418494059541,-0.06621890990009377
-0.7697903177772742,0.39778659614998013,0.11899858054632372,0.9533015891475108,-0.7256747159097349,-0.1940808608054773,-0.3489852608091288,0.6576642356245982,0.7003763710206439,-0.4204658736297765,-0.04505137604933851
-0.42494918758303524,-1.0233682209386632,-0.8075301263050515,0.3952722063369437,-0.37716395581980355,-0.18400085010688683,-0.34520301679431975,0.06863784705227848,-0.23295201839741794,-0.4580920168828753,-0.047560120802020614
0.4628186524249537,-0.18019103215612906,-0.5115170584813656,-0.6650540477377218,0.000892666810829836,-0.10961732288280557,-0.34428610915436614,-0.608912738646517,0.05769521159585766,0.4096609118917146,-0.1190593462534606
-0.13335708501235014,-0.5802549322656119,-0.9280486679696784,-0.8435289679481788,-0.5921982155090961,-0.2211926137189275,-0.34680760516423875,-0.6860876797311369,-1.919207068272198,0.792977246282659,-0.17581969628289323
-0.7979890426348755,-0.7254928143082523,-0.8499409184325841,0.3686134315264701,-0.7745814247921371,-0.08945730148562464,-0.3413061593245166,0.04480440936438115,-0.3319224113692661,0.600143262110528,-0.13881571118083216
-1.2027199298638178,-0.6742935059845298,-0.6317265808058178,1.5207414323309092,-0.6648596115629508,-0.13499114291718842,-0.3387846633146439,1.5133981411805308,0.7279377462786268,-0.23703842527092137,-0.05728150671866375
-0.7950373676366258,-0.2684552616600423,-0.47294468485132096,-0.002182809281260648,0.09358252459747786,-0.052613124449397475,-0.3206757374255584,-0.2411968428903868,0.06897031965594162,0.2826726784125056,-0.11231709473062744
-1.1799274775454462,-0.8526596908324059,-0.9168775097853047,0.8786414291251168,-0.7139215798386306,-0.1718353199534156,-0.34279613423944133,0.5668701872897511,-0.7453430402390115,0.3767380365452526,-0.13520939059885165
-0.9280690886537284,-0.4043196627231381,-0.5284072346164517,1.046134264293943,-0.6617544236974015,-0.19651396683617153,-0.3430253611494298,0.7756964984598992,1.038629612823163,0.0733772565671448,-0.07970341294576005
0.02200405943290203,-1.0306463836861868,-0.9131925462560689,-0.2594747115292489,-0.2305990885658743,-0.1103124960344325,-0.34371304187939505,-0.40008642747636897,-0.38203400274741706,0.035751113314046006,-0.10337969154919743
-0.7872557779689954,-1.296632677225149,-0.839926344322073,1.188397753354942,0.09327200581092296,-0.03200124050365906,-0.34325458805941816,0.974308479192377,1.4608197701840848,-0.5098279638558867,-0.00020756359514588092
-0.9286934404372581,-0.5728113427338102,-0.701811159350604,0.25947653609285737,-0.8297606131629491,-0.23961470223704107,-0.34142077277951083,-0.04485471336628023,-1.2163919991936307,0.6777471825700431,-0.15527934862030848
0.12818269725873963,-0.8187745925272291,-0.8533107769514622,-0.27766062534241304,-0.284318838639878,-0.2038132849282543,-0.3444007226093603,-0.41143568351822485,0.5099523237836702,0.3979027421251215,-0.11780497387711954
-1.0436471653168218,1.3881501193870467,0.3812956644081377,0.4540552787602045,-0.5867951886230401,-0.09154282094050542,-0.30256681153647286,0.12311427605318664,-0.9019417632957334,0.7200765937297787,-0.16892064821301744
0.7058566886666796,-1.192568697041088,-0.898641187097735,-0.4916844384230231,-0.102975867291796,-0.18226291722781954,-0.34325458805941816,-0.5260631695409691,0.6903540527450136,-0.2558514968974708,-0.0585358790950048
-0.32340384138149025,-1.3547902003369503,-0.873873198824525,0.5982974195667222,-0.3341571038819451,-0.05191795129777055,-0.34382765533438925,0.2593053485554571,0.6753205753315683,-0.7026619480280175,-0.0014619359714869344
-0.7663318673951142,-1.210070791737884,-0.9745803550908556,0.7091886693619547,-0.535373277569543,-0.17218290652922907,-0.345317630249314,0.37393283457820137,0.5625694947307287,0.14157464121338614,-0.09804860894974796
-0.30335865122693034,-1.461226472038639,-1.0373960514499319,0.2280142401975644,-0.2007892850566005,-0.12039250673302294,-0.3434838149694066,-0.06982307665836315,0.294472480857621,0.012234773780859774,-0.08142817496322903
0.6019487102169863,-0.9001454657125528,-0.9867063577916656,-1.0638538662303725,-0.33027561905000835,-0.22845717315342887,-0.3461199244342735,-0.771207100045056,-0.6664172838184238,0.6824504504766798,-0.15308419696171163
0.15201365390716703,-0.3802548815062846,-0.6750399111067725,-0.6039270274132424,-0.5227972667140681,0.008909699469585666,-0.3441714956993719,-0.5805395985418773,-0.5261048279596011,0.5413524132775605,-0.1435196075921111
0.9337734639091168,-0.2684552616600423,-0.47294468485132096,-0.002182809281260648,0.21934263315222663,-0.052613124449397475,-0.3206757374255584,-0.2411968428903868,0.06897031965594162,0.2826726784125056,-0.11231709473062744
0.07573284467142417,-0.4808529495784809,-1.0286922136110144,-1.4557430088336003,-0.48553501232747587,-0.16676055594653902,-0.34566147061429664,-0.9051283213389553,-2.6771448878667314,1.352666127172502,-0.2101581400852295
-0.5572812644884043,-1.5990609149893988,-1.0462080142618737,0.5614077297005837,-0.3107129354970475,-0.07624901160471301,-0.3385554364046555,0.2229877292215183,0.09152053577610957,-0.3287521494503489,-0.05320479649555536
-0.6476941338048803,-0.9622133773454047,-0.8203116231700041,0.4000440669931369,-0.4689222572467869,0.07286562941926306,-0.34279613423944133,0.07317754946902082,-0.018724965255822564,0.27326614259923193,-0.11121951890132901
-0.5245121561627666,-0.5532169434006502,-0.28790032832576035,0.3183360149801748,-0.2116574425860233,0.09823944945364588,-0.3424522938744587,0.00394708761370001,0.39720124318283045,0.39319947421848467,-0.11639380495373586
-0.4479332636934844,-0.41949131938093714,-0.9907948641196017,-0.9903330688975165,-0.6209212032654275,-0.22779675865938334,-0.3439422687893835,-0.7439688855446018,-2.642066773902026,1.2727105727596677,-0.20702220914437688
-0.3797847124684802,-1.2510695614946794,-0.898641187097735,0.4656162151206729,-0.5960797003410327,0.04158283759605127,-0.3435984284244008,0.13219368088667136,0.4473128345609814,-0.43457567734968905,-0.06731648572939218
1.2511711608138043,-0.6566577345050424,-0.5391715365326295,-0.7576331384717878,0.7261092928098806,-0.1775357397967564,-0.3450884033393256,-0.6497700603971981,1.2403287681202204,-0.406356069909866,-0.016827997581664804
2.3477745884366574,0.029763278448668398,-0.33023898105831434,-1.7702615337881449,0.7534349460267149,-0.2375291827821603,-0.32537488908032114,-1.012946253736586,0.8244025596815675,0.2826726784125056,-0.10479086047258113
0.8047658098675433,-0.651013125189296,-0.12053756992796798,0.33764020995963123,-0.2579247417827085,-0.24065746196448148,-0.34749528589420403,0.01983604607229823,2.679784230457607,-1.5257338316895535,0.2738728006353741
2.2762294230220794,-0.4465589943840737,-0.6050468798143757,-1.7275829476507596,1.124504895959862,-0.18970126995022768,-0.34577608406929083,-0.9959223696738022,0.7517407521832485,0.16744261469989183,-0.09726462621453481
-0.06199760758035569,-0.7840177081763747,-0.9095266265509921,-0.3958287700493676,-0.5923534749023736,-0.17336470088699485,-0.3472660589842156,-0.4761264429568033,-0.5511606236486766,0.4402321532848571,-0.14414679378028164
-1.2257236798708473,-0.9808265272746491,-0.8432488510246289,1.4835837542029209,-0.2594773357154832,-0.03624179672858331,-0.3400454113195802,1.4487073817419522,1.0185849762719024,0.1556844449332987,-0.0878568333919769
0.021805417448080622,-0.2684552616600423,-0.47294468485132096,-0.002182809281260648,-0.699792975050381,-0.052613124449397475,-0.3206757374255584,-0.2411968428903868,0.06897031965594162,0.2826726784125056,-0.11231709473062744
2.4194338581229458,-0.22719233960693808,-0.7410739642860714,-1.9831608011939947,1.2440546287835121,-0.24893002246884194,-0.34210845350947605,-1.1321134421760726,-1.5396117635827045,0.7624060048895164,-0.1676662758366764
-0.2508399882462233,-0.7017876834265308,-0.7949748625417302,0.058452556983161756,-0.10095749517918894,-0.25073747266307195,-0.3445153360643545,-0.1969347443271489,0.45107120391434274,0.395551108171802,-0.11702099114190638
1.2472753567847215,-1.7436735198300493,-0.7045447037127532,0.26211967109741097,1.8185143839101416,-0.04534856501489607,-0.3450884033393256,-0.04258486215790906,4.179373602448774,-1.633908993542212,0.3946061418582004
2.105210380599149,-0.23939912295289545,-0.4769075660193285,-1.7444811994317515,0.9734375063008863,0.05757182008347063,-0.32182187197550055,-1.0027319232989158,0.28319737279753704,0.34381516119879274,-0.12078410827092954
2.181979945307599,-0.11478519176868943,0.09633915885981238,-1.380327175023733,2.1010864796751325,0.09069682075849372,-0.33328321747492173,-0.8812948836510579,1.6562549765588734,-0.4275207754897328,-0.005068256553467446
-0.40364817585128554,-1.0885817151665993,-1.0200938794361798,-0.10065545091748256,-0.4887954595863027,0.03185041347327427,-0.34268152078444714,-0.3036177511205941,-0.42713443498775294,0.5578138509507904,-0.15590653480847902
2.0378637508335005,-0.36150039797132416,-0.7887795927329471,-1.9091997987097056,1.2285286894557652,-0.2111473616779184,-0.34566147061429664,-1.0753671619667933,-1.0134400541121193,0.7765158086094269,-0.16421675180173845
2.1314982443287827,-0.02885132086140827,-0.7155854539761506,-1.9939321094980205,1.5654415728678697,-0.17607587617833986,-0.343139974604424,-1.144597623822114,-2.4478843573116906,0.9552399890616473,-0.18648186148179216
1.0630496970234435,-0.8311553773370506,-0.7100435985687583,-0.7463718754262493,0.5407295772365842,-0.07419825080741357,-0.3479537397141809,-0.6452303579804558,1.0148266069185412,-0.16413777271804114,-0.05587033779528008
2.0945340144085565,-0.2684552616600423,-0.47294468485132096,-0.002182809281260648,-0.061676868679989644,-0.052613124449397475,-0.3206757374255584,-0.2411968428903868,0.06897031965594162,0.2826726784125056,-0.11231709473062744
-1.230956005709322,-0.9302101907173376,-1.0286922136110144,0.6491029833405179,-0.6990166780839937,-0.19060499504734268,-0.3444007226093603,0.31151192634799413,-1.381760250741529,0.77181254070279,-0.16515753108399428
-0.23243611476738785,-1.43506998388013,-0.9432225916695757,0.3511905500405236,-0.07006087591697278,-0.14437598046415195,-0.3445153360643545,0.0311853021141541,-0.1239593071499396,-0.7943756722074461,-0.017768776863920595
-1.1148322303215752,-1.5226267595056773,-0.8566967207748036,1.6485940894296636,-0.5597490023141054,-0.07902970421122073,-0.34520301679431975,1.7562722204762464,0.3746510270626625,-1.1165495238121044,0.08320819943153411
2.1324844016218436,-0.48044200239830565,-0.5656925276265191,-1.5858982260143868,0.9444039997579997,-0.23718159620634682,-0.3430253611494298,-0.9482554942980075,0.7793021274412316,-0.13356653132489862,-0.07468592344039585
2.148468795889662,-0.08792689164144821,-0.5435234145022296,-1.8864466166186413,-0.3737482491676993,-0.003951003835512514,-0.3461199244342735,-1.0628829803207518,-0.5110713505461558,0.6753955486167257,-0.15088904530311478
1.894689288119978,-0.12362803504348689,0.9420978150590421,-0.6539236477536495,0.5739550873979624,0.059657339538351416,-0.3358047134847944,-0.6043730362297747,-1.0898602309637995,-3.3411952436515695,0.9534290355181393
1.22265720121049,-0.24645290285121768,-0.6317265808058178,-1.3362083127293336,0.04094959027641645,-0.20763673726220241,-0.34543224370430825,-0.8665408507966452,0.07398147879375673,0.5860334583906155,-0.14069726974534374
0.030317065142893694,-1.1102939934701388,-0.3416410111354186,0.5616653910036822,0.1980720962732135,-0.09779937930514777,-0.34084770550453974,0.2229877292215183,-0.7779155746348098,-2.20535604419865,0.3837871801122588
1.9330705555233472,-0.4501035414574525,-0.6391804555298438,-1.5808227470835066,0.6292274314047408,-0.021677919201999154,-0.3450884033393256,-0.9459856430896364,0.9346480607134996,0.36733150073197895,-0.11670739804782113
-0.4416642953691975,-1.083776430587425,-1.0158334829407534,-0.01652953033470496,-0.25000651272555774,-0.2055512178073216,-0.3462345378892677,-0.24800639651550033,-0.3319224113692661,0.600143262110528,-0.13881571118083216
1.4275243409616596,0.05475548733452147,-0.4033628693684921,-1.4258315372606567,1.622887548380533,-0.1718353199534156,-0.3410769324145282,-0.8960489165054705,-0.15402626197683017,0.23563999934613314,-0.12878073217010375
1.8056511584136337,-0.38154341461508134,-0.6750399111067725,-1.7131539833929288,2.1492168915911476,0.03219800004908773,-0.3417646131444934,-0.9913826672570598,-0.06507818728061221,0.6142530658304386,-0.1463419454388785
2.3888386951044183,-1.032222957074462,-0.6776720250141622,-1.552856411990704,2.003428321303606,-0.16835945419528098,-0.337753142219696,-0.9369062382561516,0.582614131281989,-0.8743312266202806,0.031622135454508336
1.7869761251882628,-0.7883495689137956,2.5404595869930233,1.186339916419115,-0.3751455837071965,0.07842701463227846,-0.34543224370430825,0.9720386279840058,-3.029178817298242,-9.59889319343256,23.43617232286699
1.9333325814430993,0.18494576624872705,-0.10625479444094424,-1.5897487103847516,0.4851467144432511,0.07217045626763613,-0.3375239153097076,-0.9493904199021931,0.4147403001651833,0.09219032819369422,-0.10463406392553848
1.0609027472673942,0.22902520529912024,0.2990779309397116,-1.9364937416756622,-0.38854446934704195,0.17783677531492917,-0.34829758007916356,-1.0912561204253914,-2.9114165775595873,1.4537863871652055,-0.22019311909595796
-1.1489225392685518,-0.2684552616600423,-0.47294468485132096,-0.002182809281260648,-0.3287230251172337,-0.052613124449397475,-0.3206757374255584,-0.2411968428903868,0.06897031965594162,0.2826726784125056,-0.11231709473062744
2.0936967631201493,0.005118244669833676,-0.5262738378680636,-1.857184314249441,2.0104149940010916,-0.19060499504734268,-0.3369508480347365,-1.0492638730705248,-0.49979624248607185,0.5201877076976915,-0.15088904530311478
-1.1490704559219034,-0.18542132853835866,-0.3206095949416996,1.2625533585239777,0.12882640687146305,0.08225046696622655,-0.26875584231318034,1.0855311884025645,0.8168858209748449,0.23799163329945053,-0.09851899859087586
1.9682993097763841,-0.9465395746326241,-0.7735240825260703,-1.4405002414975687,1.4924696580274601,-0.06512624117868215,-0.33970157095459763,-0.9005886189222129,0.8482055655861892,-0.24644496108419503,-0.05884947218909006
1.0567015702147355,-0.17737198126735562,-0.5545213694421455,-1.252392662469016,-0.27360594050373277,-0.061302788844734044,-0.34577608406929083,-0.8381677106920056,-0.3356807807226274,0.4425837872381766,-0.13426861131659584
0.657388880127975,-0.36150039797132416,-1.130867100349572,-1.8976571024370927,-0.5345659287245002,-0.17531118571155027,-0.34852680698915195,-1.0685576083416797,-2.9327140038953012,1.7594988010966326,-0.23477519797092267
0.9361227574947096,-0.319396102276263,-0.55230809499713,-0.8843387772996516,-0.548182177514934,-0.24865195320819114,-0.3540282528288742,-0.7031115637939207,0.660287097918123,0.29207921422578137,-0.10479086047258113
1.6972812834580469,0.019953321678935515,-0.3432849374428015,-1.5635619330065313,0.18813549510345556,-0.015421360837356797,-0.3422230669644703,-0.9403110150687084,-0.1778292678814519,0.15098117702665978,-0.1151394325773948
2.292736537708721,-0.14612358310938448,-0.4458076205588722,-1.880960082298539,-0.18464230815574387,0.07807942805646498,-0.3433692015144124,-1.059478203508195,-0.2504910753797708,0.44963868909813287,-0.14038367665125848
-0.21243294932554416,-1.057749243018053,-0.9131925462560689,0.11314687476309142,-0.08465525888505478,-0.095713859850267,-0.3445153360643545,-0.15721234818065336,0.32579222546896536,0.04045438122068283,-0.10087094679651532
1.8800217056082096,-0.3621153280038598,0.5399388860287483,-0.7102149240949438,0.4607709896986887,0.0012627948016894503,-0.34210845350947605,-0.6293413995218575,-0.6538893859738861,-2.823835773921461,0.750534303644974
2.286431081203188,-0.5228122023382106,0.1525044017757114,-1.2181369487170062,1.6896490874898438,-0.24656643375331036,-0.34405688224437764,-0.8268184546501497,-0.8493245923486749,-2.5063651902234407,0.48633212187813984
2.0439228341416467,-0.4936597740256261,-0.7705119595960706,-1.7956751633828543,-0.041493147553918884,-0.2514326458146989,-0.34738067243920984,-1.0220256585700707,0.058948001380311435,0.6071981639704823,-0.14336281104506848
2.1984809520407596,-0.7067531480174828,-0.7072888227409259,-1.6664869238745963,0.8465905819931954,-0.14646149991903273,-0.3463491513442619,-0.9754937087984616,0.4410488856387126,-0.15237960295144803,-0.08158497151027164
2.1524425262123015,-0.8301896107292195,-0.898641187097735,-1.8782455242953944,2.433496840682191,-0.09536627327445353,-0.3385554364046555,-1.0583432779040094,-0.820510427306238,0.41201254584503405,-0.13270064584616953
-1.2037249607881337,-0.9983820741888686,-1.0115985217998364,0.7874064904865553,-0.654612491606638,-0.09745179272933431,-0.3416499996894992,0.46245703170467717,-0.8230160068751456,0.6871537183833188,-0.15308419696171163
-0.4859584424948049,-1.198056857006686,-1.0286922136110144,0.19997514723295629,-0.2697244556717961,-0.11448353494419404,-0.3445153360643545,-0.0913866631378893,0.2644055260307304,0.5037262700244616,-0.12987830799940217
2.098487300621129,-0.0527209351073486,-0.5479021560861653,-1.8755497523112565,-0.004230893167326648,-0.11378836179256711,-0.34566147061429664,-1.0583432779040094,-0.6751868123096002,0.5860334583906155,-0.14885069019156058
0.5616418573273758,-0.9055204644595737,-0.7410739642860714,-0.24938673178015347,-0.2091732922935838,-0.21597881508172553,-0.3444007226093603,-0.394411799455441,1.4470390825550932,-0.1218083615583055,-0.04834410353723376
-0.6047518337782567,-0.5472105369699555,-0.994907072065869,-0.7297131510235383,-0.6350498080536771,-0.15132771198042125,-0.3481829666241693,-0.6384208043553422,-2.5192933750255557,1.1269092676539092,-0.19839839905703216
0.8024241065483619,-0.7477519177742783,-0.8465869931104171,-0.9304042698918897,-0.05546649294889094,-0.06999245324007065,-0.3439422687893835,-0.7212703734608901,0.36713428835593986,0.5154844397910547,-0.13175986656391375
2.0007404505486934,-0.841931855163737,-0.6098236916982217,-1.3171706786473092,0.8965841066285397,-0.19790431313942541,-0.3430253611494298,-0.8597312971715317,0.7316961156319882,-0.7708593326742589,0.0060642982865593865
2.160197621700417,-0.8742800616750307,-0.9058795548453891,-1.832364615391114,1.048427793253903,-0.22883951838682368,-0.34738067243920984,-1.0379146170286688,-0.21040180227725003,0.4778582965379559,-0.126115190870379
-1.0901988199212007,-0.2684552616600423,-0.47294468485132096,-0.002182809281260648,-0.3100918979239376,-0.052613124449397475,-0.3206757374255584,-0.2411968428903868,0.06897031965594162,0.2826726784125056,-0.11231709473062744
2.1244820141472185,-0.25734608760597105,-0.7675125729532782,-1.9210949976902019,1.584072700061166,-0.21458846877847168,-0.3433692015144124,-1.0821767155919069,-0.8568413310553975,0.7671092727961533,-0.17252696879499796
1.8493961894157198,-0.43500140672649845,-0.5747578763615526,-1.524575673064356,0.8372750183965472,-0.0543510573284648,-0.34485917642933717,-0.9278268334226669,0.4648518915433343,0.0992452300536505,-0.09397189872663952
2.3009182468491205,-0.7519805572648467,-0.8773589743114121,-1.8597555281858171,1.4319184946492478,-0.23440090359983912,-0.34577608406929083,-1.0503987986747103,-0.09765072167641034,0.33440862538551697,-0.13834532153970427
-0.028286673861185094,-0.846925567711273,-0.8075301263050515,0.01788327736002211,-0.4055764247895801,-0.24865195320819114,-0.34600531097927933,-0.22530788443178856,0.8406888268794666,0.19801385609303435,-0.09287432289734113
2.1353690711727316,0.09055068305849544,1.4222676220190729,-0.4943101967592805,1.4783410532392105,0.06139527241741874,-0.32915713309513006,-0.5271980951451547,-1.0723211739814467,-4.319474968232138,1.6162080398673426
1.9869045681236028,-0.1797965096732269,-0.6050468798143757,-1.8782455242953944,-0.09924964185313678,-0.08910971490981118,-0.3458906975242851,-1.0583432779040094,-1.1099048675150598,0.5789785565306592,-0.1444603868743669
-0.10185527954459306,-1.2258124058885653,-1.0733203800329099,-0.29978224593990216,-0.11322298724810884,-0.1958187936845446,-0.34600531097927933,-0.42391986516426633,-0.288074768913384,0.428473983518264,-0.14540116615662269
2.1635292389405554,-0.48553939289976206,-0.6672016668885667,-1.7294247359379173,1.560783791069546,-0.01959239974711837,-0.3423376804194645,-0.9970572952779878,0.7316961156319882,0.395551108171802,-0.12000012553571639
0.40397033777176183,-0.23000575043004806,-0.572480654874035,-0.6161287711093051,-0.7469918306067311,-0.20450845807988122,-0.34566147061429664,-0.5862142265628053,0.20677719594585678,0.4661001267713628,-0.12925112181123163
1.9295515228244131,-0.9707339586875093,-0.5262738378680636,-1.1392461537835732,1.4707333429686147,-0.24552367402586997,-0.34187922659948766,-0.79844531454551,0.34333128245131816,-1.30232860612428,0.1178602363279557
1.6962925047611912,-0.44429644655339356,-0.6342025131071086,-1.501281165848589,-0.6407944056049434,-0.07659659818052647,-0.3402746382295687,-0.9198823541933678,0.4535767834832503,0.3602765988720227,-0.11231709473062744
2.1277502431344297,-0.5460840303902431,-0.7795869731454886,-1.7743836621702485,0.6279853562585211,-0.1468090864948462,-0.34600531097927933,-1.0140811793407716,0.5525471764550984,0.5766269225773397,-0.13975649046308797
1.9358647821361799,-0.5320250152105619,0.07840258038175416,-1.0546023288231678,0.7472245702956161,-0.21006984329289666,-0.3422230669644703,-0.7678023232324992,-0.9570645138116994,-2.2782566967515283,0.41185376203288976
-0.20428157382068687,-0.9720956634751687,-0.6672016668885667,0.5444340511873841,-0.291616030123919,0.008214526317958737,-0.3446299495193487,0.2070987707629201,1.2816708310071951,-0.49101489222933725,-0.003657087630083778
-0.07574958588778558,-0.9273469532079364,-0.8235433093252043,-0.01634774768097229,0.05088619144617438,0.030807653745833878,-0.3445153360643545,-0.24800639651550033,0.6252089839534174,0.29207921422578137,-0.10024376060834479
0.8019396885607337,-0.480990023634665,0.12412646228065319,-0.07965362837738803,0.10056919729496389,-0.15723668376925012,-0.339357730589615,-0.28999864387036706,-0.6250752209314493,-2.1536200972256387,0.4057386966982272
2.103337727736533,-0.24314090399522456,-0.37526597341282847,-1.6290745549505143,1.0447015678152438,0.07008493681275535,-0.3400454113195802,-0.9618746015482346,0.8945587876109788,0.20271712399967118,-0.09397189872663952
-1.271536434212873,-0.2684552616600423,-0.47294468485132096,-0.002182809281260648,-0.7448181991008466,-0.052613124449397475,-0.3206757374255584,-0.2411968428903868,0.06897031965594162,0.2826726784125056,-0.11231709473062744
1.9406555293382288,-0.3590498673550506,-0.5612029310943056,-1.5758125494359978,1.108513178452283,-0.24100504854029495,-0.3444007226093603,-0.9448507174854508,0.7229265871408118,0.25445307097268255,-0.09993016751425954
-0.5112820409880623,-1.0656708177379208,-0.9393985722515464,0.3294143764571039,-0.544999359952746,-0.10127524506328242,-0.34577608406929083,0.013026492447184707,0.43603772650089745,0.35792496491870324,-0.11200350163654219
2.0827209360974757,-0.38673846416799823,-0.5435234145022296,-1.6015339368911121,1.5472762238544062,-0.2295346915384506,-0.33798236912968443,-0.9527951967147499,0.9208673730845081,0.16038771283993553,-0.0878568333919769
2.1134250934112,-0.2285966297414872,2.022071200948691,-1.473516109321963,1.8976966744816504,0.3234755505807706,-0.33706546148973077,-0.9108029493598832,0.3921900840450154,-0.7167717517479301,-0.013378473546726943
2.0558431799791883,-0.23456281294394832,-0.5793343689076136,-1.7682167128351434,1.7276876388428235,-0.18782430244083498,-0.3375239153097076,-1.0118113281324004,0.032639415906782175,0.4331772514249008,-0.1281535459819332
2.2082584536921335,-0.8855337779879034,-0.839926344322073,-1.7368802266187386,2.175610988448317,-0.002908244108072121,-0.3481829666241693,-1.0004620720905446,0.6865956833916523,0.33440862538551697,-0.11074912926020114
-1.127578823777976,-1.064529742311856,-1.0373960514499319,0.7884439743534268,-0.6771251036318707,-0.226058825780316,-0.34554685715930245,0.4590522548921204,-0.24297433667304816,0.6942086202432751,-0.1538681796969248
-1.1724136167312933,-0.7860335440133647,-0.8566967207748036,1.0464104246277015,-0.7100400950066938,-0.105446283973044,-0.34268152078444714,0.7768314240640848,0.1140707518962775,0.49431973421118586,-0.1279967494348906
2.209032503017151,-0.5397056093803985,-0.7497778021249888,-1.8495709612143658,2.3510541028518555,-0.11274560206512672,-0.34577608406929083,-1.045859096257968,-0.16905973939027547,0.5178360737443742,-0.1300351045464448
2.1153695007604716,-0.3056748422207744,-0.6646080483349691,-1.815886252287237,2.424026017692265,-0.16175530925482515,-0.34096231895953394,-1.0311050634035555,0.06771752987148785,0.5930883602505718,-0.14163804902759952
2.1682483526257146,-0.2335873759833609,-0.5747578763615526,-1.815886252287237,0.8012548391561749,-0.1527180582836751,-0.3433692015144124,-1.0311050634035555,-0.08136445447851127,0.3979027421251215,-0.12689917360559216
-0.10167151097062267,-0.6237066782926264,-0.7949748625417302,-0.16116861326105839,0.21452959196062504,-0.23509607675146604,-0.34428610915436614,-0.342205221662904,0.3170226969777889,0.5084295379310985,-0.13081908728165795
2.1441575398305264,0.32455695008451974,-0.2728391705245433,-1.8782455242953944,-0.3541855656147384,-0.051570364721957085,-0.34485917642933717,-1.059478203508195,-0.5336215666663238,0.6354177714103074,-0.14508757306253742
2.137749378657592,-0.23149429063291516,-0.35657532872455827,-1.6028656903149239,1.0020052346639403,0.05305319459789559,-0.33076172146504906,-0.9539301223189355,1.0473991413143393,0.11570666772688044,-0.08158497151027164
-1.2084364503006484,-1.331182675551699,-1.0551308222782216,1.1138642586717757,-0.7316211506722619,-0.13985735497857693,-0.3433692015144124,0.8710302492114885,-0.0801116646940575,0.37908967049857206,-0.1195297358945885
2.1068990303220216,0.316476736167911,1.1682629517059933,-1.6664869238745963,3.4782372980462695,0.17992229476980995,-0.3233118468904253,-0.9754937087984616,0.6928596323139212,0.2615079728326388,-0.09648064347932163
1.0563038483316327,-0.29274452892822556,-0.46313327139378163,-0.8278932570714537,0.11857928691515021,-0.10753180342792477,-0.34405688224437764,-0.6792781261060233,1.098763522476944,0.12040993563351728,-0.08236895424548482
1.9718172237658331,-1.0571892349840402,-1.0286922136110144,-1.8135880892965344,1.6399660816410542,-0.2337057304482122,-0.343139974604424,-1.0299701377993697,-0.4797516059348115,0.4849131983979122,-0.14947787637973112
1.7032969559917845,0.20843240826044407,-0.30640626179362807,-1.651088179889136,-0.3139733827558743,-0.22014985399148712,-0.3470368320742272,-0.9698190807775336,-0.3444503092138039,0.4214190816583077,-0.12768315634080532
1.0956698095699935,-0.8238087058101469,-0.7527029769265087,-0.879934807140952,0.2042824720043122,-0.0898048880614381,-0.3430253611494298,-0.7008417125855495,0.7818077070101391,-0.00657829784568963,-0.07703787164603534
1.1458133623661428,-0.453422597052892,-0.7918704642208554,-1.5106429982061162,-0.5131711843308652,-0.24274298141936226,-0.3458906975242851,-0.9232871310059246,-1.0961241798860684,0.5484073151375167,-0.15151623149128532
-1.191485788658306,0.4879461099351701,1.0528645589194918,0.738516061868801,-0.6480605452103289,0.21363819262371594,-0.2915639198570285,0.4057107514953978,-0.8681164391154814,0.6565824769901762,-0.16358956561356794
-0.1763884624629671,-1.052183317540334,-0.49501971297193736,0.8633112480843339,-0.12160699448509212,-0.030019997021522297,-0.3435984284244008,0.5475764520185962,1.34305753044543,-1.3070318740309168,0.16270404878214834
1.6867265227484611,-1.1705842757416913,-0.44012518255471644,-0.46606831282803274,0.48545723322980583,-0.11274560206512672,-0.3520798240939725,-0.5135789878949277,2.0671700258597117,-1.6221508237756188,0.3014689929148772
-0.3610930289809096,-1.297637943528608,-1.0462080142618737,0.15126634077611387,-0.2496959939390027,-0.18747671586502146,-0.3444007226093603,-0.12997413368019925,0.438543306069805,0.4167158137516709,-0.12047051517684429
-0.8797344828150527,-0.5804296585694265,-0.7949748625417302,0.518175164530339,-0.6198343875124853,-0.20798432383801588,-0.3424522938744587,0.179860556262466,-0.16780694960582168,0.567220386764066,-0.1364637629751927
-1.0329069788647227,-0.2684552616600423,-0.47294468485132096,-0.002182809281260648,-0.19985772869693566,-0.052613124449397475,-0.3206757374255584,-0.2411968428903868,0.06897031965594162,0.2826726784125056,-0.11231709473062744
-0.3667100268006856,-0.7805849019447609,-0.8170945932381984,0.16634990006853118,-0.36815891100971043,-0.03106275674896269,-0.3445153360643545,-0.11748995203415781,0.35585918029585595,0.3320569914321975,-0.11733458423599165
2.1891227103572986,-0.4949343860540502,-0.6750399111067725,-1.7464048453017413,2.470603835675506,-0.07798694448378034,-0.3434838149694066,-1.0038668489031013,0.33080338460678044,0.1439262751667035,-0.11608021185965059
1.5177922262155066,-0.08213840690541035,1.2809524091382638,0.02317362919106011,-0.40153968056436595,-0.11239801548931326,-0.3402746382295687,-0.22190310761923182,-0.975856360578506,-4.0184658222073475,2.068409281538292
1.8177732280277648,-0.36047756145220133,1.3171874512734796,-1.1148675391730567,0.30628789338760837,0.15663399419030788,-0.3433692015144124,-0.790500835316211,0.8820308897664411,-0.799078940114083,0.05357365204047674
-0.24777520002027675,-1.232625798930228,-0.6856274790614769,0.6816589694806136,-0.09816282610019442,0.019337296743989593,-0.3439422687893835,0.3444247688693761,0.7291905360630806,-1.0060227280061265,0.07897469266138303
2.1223610634489076,0.06788862391871071,-0.35156220620490064,-1.720301660942721,1.2999480103634005,-0.1457663267674058,-0.3398161844095918,-0.993652518465431,0.6465064102891316,0.40025437607844094,-0.11921614280050323
2.1083436986751134,0.12196042638663823,-0.27882531477634226,-1.8275849542343539,-0.2124337395524106,0.0617428589932322,-0.34279613423944133,-1.0356447658202976,-0.18158763723481322,0.5719236546707029,-0.13489579750476638
-0.9329241967563061,-1.2174519970750801,-0.994907072065869,0.8504014895461505,-0.3886531509223362,-0.23683400963053336,-0.3429107476944355,0.5305525679558124,0.5061939544303088,0.2967824821324182,-0.10729960522526324
2.047515410721513,-0.168901376958448,0.7559887049961468,-0.787545325264215,-0.37545610249375144,-0.17739670516643105,-0.33901389022463235,-0.6622542420432396,-0.909458502002456,-3.1177900180862954,0.9578193388353329
